ano_orcamento,tipo_entidade,entidade,qtd_processos,valor_alimentar,valor_desapropriacao,valor_outras,valor_total,status_pagamento,data_publicacao_moc,codigo_comunicado,codigo_filefetch,fonte,fonte_url
2023,autarquia_municipal,AMERIPREV - INST. DE PREV. SOC. DOS SERV. MUN. DE AMERICANA,1,40939.01,0.00,0.00,40939.01,PENDENTE,2022-04-28,32616,138020,TJSP DEPRE MOC,https://api.tjsp.jus.br/Handlers/Handler/FileFetch.ashx?codigo=138020
2023,autarquia_municipal,ARAPREV - SERVIÇO DE PREVIDÊNCIA SOCIAL DO MUN. DE ARARAS,155,3133348.72,0.00,0.00,3133348.72,PENDENTE,2022-04-28,32616,138020,TJSP DEPRE MOC,https://api.tjsp.jus.br/Handlers/Handler/FileFetch.ashx?codigo=138020
2023,autarquia_municipal,ASSISPREV - INSTITUTO DE PREV. DOS SERV. PÚBL. MUN. DE ASSIS,2,426325.78,0.00,0.00,426325.78,PENDENTE,2022-04-28,32616,138020,TJSP DEPRE MOC,https://api.tjsp.jus.br/Handlers/Handler/FileFetch.ashx?codigo=138020
2023,autarquia_municipal,BERTPREV - INST. DE PREV. SOC. DOS SERV. PÚBL. DO MUN DE BERTIOGA,1,76165.23,0.00,0.00,76165.23,PENDENTE,2022-04-28,32616,138020,TJSP DEPRE MOC,https://api.tjsp.jus.br/Handlers/Handler/FileFetch.ashx?codigo=138020
2023,autarquia_municipal,BIRIGUIPREV - INSTITUTO DE PREVIDÊNCIA DO MUNICÍPIO DE BIRIGUI,6,234920.66,0.00,0.00,234920.66,PENDENTE,2022-04-28,32616,138020,TJSP DEPRE MOC,https://api.tjsp.jus.br/Handlers/Handler/FileFetch.ashx?codigo=138020
2023,autarquia_municipal,BOTUPREV - INST. DE PREV. SOC. DOS SERV. DE BOTUCATU,1,131324.73,0.00,0.00,131324.73,PENDENTE,2022-04-28,32616,138020,TJSP DEPRE MOC,https://api.tjsp.jus.br/Handlers/Handler/FileFetch.ashx?codigo=138020
2023,autarquia_municipal,BURIPREV - INSTITUTO DE PREV. DOS SERV. PÚBL. DO MUN. DE BURI,2,114158.95,0.00,0.00,114158.95,PENDENTE,2022-04-28,32616,138020,TJSP DEPRE MOC,https://api.tjsp.jus.br/Handlers/Handler/FileFetch.ashx?codigo=138020
2023,autarquia_municipal,CAIXA DE PECÚLIOS E PENSÕES DOS SERV. MUNIC. DE SANTOS,3,167057.68,0.00,2034454.91,2201512.59,PENDENTE,2022-04-28,32616,138020,TJSP DEPRE MOC,https://api.tjsp.jus.br/Handlers/Handler/FileFetch.ashx?codigo=138020
2023,autarquia_municipal,CAIXA DE PREVIDÊNCIA DOS SERVIDORES MUNIC. DE CUBATÃO,25,2839850.60,0.00,43380.18,2883230.78,PENDENTE,2022-04-28,32616,138020,TJSP DEPRE MOC,https://api.tjsp.jus.br/Handlers/Handler/FileFetch.ashx?codigo=138020
2023,autarquia_municipal,CAMPREV - INSTITUTO DE PREVID. SOCIAL DO MUNIC. DE CAMPINAS,20,1394064.67,0.00,0.00,1394064.67,PENDENTE,2022-04-28,32616,138020,TJSP DEPRE MOC,https://api.tjsp.jus.br/Handlers/Handler/FileFetch.ashx?codigo=138020
2023,autarquia_municipal,CAPSMIT - CAIXA DE APOS. E PREV. DOS SERV. MUN. DE ITATINGA,1,9394.79,0.00,0.00,9394.79,PENDENTE,2022-04-28,32616,138020,TJSP DEPRE MOC,https://api.tjsp.jus.br/Handlers/Handler/FileFetch.ashx?codigo=138020
2023,autarquia_municipal,CAPSTUBA - CAIXA DE APOS. E PENS. DOS SERV. MUN. DE TAQUARITUBA,1,38831.45,0.00,0.00,38831.45,PENDENTE,2022-04-28,32616,138020,TJSP DEPRE MOC,https://api.tjsp.jus.br/Handlers/Handler/FileFetch.ashx?codigo=138020
2023,autarquia_municipal,CARAGUAPREV - INSTITUTO DE PREV. DO MUN. DE CARAGUATATUBA,9,531500.01,0.00,0.00,531500.01,PENDENTE,2022-04-28,32616,138020,TJSP DEPRE MOC,https://api.tjsp.jus.br/Handlers/Handler/FileFetch.ashx?codigo=138020
2023,autarquia_municipal,CEPROSOM - CENTRO DE PROMOÇÃO SOCIAL DE LIMEIRA,2,349376.05,0.00,0.00,349376.05,PENDENTE,2022-04-28,32616,138020,TJSP DEPRE MOC,https://api.tjsp.jus.br/Handlers/Handler/FileFetch.ashx?codigo=138020
2023,autarquia_municipal,CONSIRJ - CONS. PÚBL. INTERM. DE SAÚDE DA REGIÃO DE JALES,3,134640.74,0.00,36447.52,171088.26,PENDENTE,2022-04-28,32616,138020,TJSP DEPRE MOC,https://api.tjsp.jus.br/Handlers/Handler/FileFetch.ashx?codigo=138020
2023,autarquia_municipal,DAAE - DEPARTAMENTO AUT. DE ÁGUA E ESGOTOS DE ARARAQUARA,2,0.00,5985123.32,18398.48,6003521.80,PENDENTE,2022-04-28,32616,138020,TJSP DEPRE MOC,https://api.tjsp.jus.br/Handlers/Handler/FileFetch.ashx?codigo=138020
2023,autarquia_municipal,DAE - DEPARTAMENTO DE ÁGUA E ESGOTO DE SANTA BÁRBARA D'OESTE,7,0.00,0.00,146674.28,146674.28,PENDENTE,2022-04-28,32616,138020,TJSP DEPRE MOC,https://api.tjsp.jus.br/Handlers/Handler/FileFetch.ashx?codigo=138020
2023,autarquia_municipal,DAEA - DEPARTAMENTO DE ÁGUA E ESGOTO DE ARAÇATUBA,14,1232431.77,0.00,0.00,1232431.77,PENDENTE,2022-04-28,32616,138020,TJSP DEPRE MOC,https://api.tjsp.jus.br/Handlers/Handler/FileFetch.ashx?codigo=138020
2023,autarquia_municipal,DAEM - DEPARTAMENTO DE ÁGUA E ESGOTO DE MARÍLIA,2,0.00,0.00,196638.93,196638.93,PENDENTE,2022-04-28,32616,138020,TJSP DEPRE MOC,https://api.tjsp.jus.br/Handlers/Handler/FileFetch.ashx?codigo=138020
2023,autarquia_municipal,DAERP - DEPARTAMENTO DE ÁGUA E ESGOTOS DE RIBEIRÃO PRETO,75,2155854.56,0.00,186519.95,2342374.51,PENDENTE,2022-04-28,32616,138020,TJSP DEPRE MOC,https://api.tjsp.jus.br/Handlers/Handler/FileFetch.ashx?codigo=138020
2023,autarquia_municipal,DIVINOLANDIAPREV - INSTITUTO DE PREV. DO MUN. DE DIVINOLÂNDIA,3,182138.57,0.00,0.00,182138.57,PENDENTE,2022-04-28,32616,138020,TJSP DEPRE MOC,https://api.tjsp.jus.br/Handlers/Handler/FileFetch.ashx?codigo=138020
2023,autarquia_municipal,FAE - CENTRO UNIV. FAC. ASS. DE ENS. DE SÃO JOÃO DA BOA VISTA,2,51924.57,0.00,0.00,51924.57,PENDENTE,2022-04-28,32616,138020,TJSP DEPRE MOC,https://api.tjsp.jus.br/Handlers/Handler/FileFetch.ashx?codigo=138020
2023,autarquia_municipal,FAPEN - FUNDO DE APOS. E PREV. MUNICIPAL DE CRAVINHOS,1,133224.54,0.00,0.00,133224.54,PENDENTE,2022-04-28,32616,138020,TJSP DEPRE MOC,https://api.tjsp.jus.br/Handlers/Handler/FileFetch.ashx?codigo=138020
2023,estadual,FAZENDA DO ESTADO DE SÃO PAULO,39794,3290049557.39,146759966.69,505891953.23,3942701477.31,PENDENTE,2022-04-28,32616,138020,TJSP DEPRE MOC,https://api.tjsp.jus.br/Handlers/Handler/FileFetch.ashx?codigo=138020
2023,autarquia_municipal,FIEB - FUNDAÇÃO INSTITUTO DE EDUCAÇÃO DE BARUERI,2,74991.51,0.00,761989.92,836981.43,PENDENTE,2022-04-28,32616,138020,TJSP DEPRE MOC,https://api.tjsp.jus.br/Handlers/Handler/FileFetch.ashx?codigo=138020
2023,autarquia_municipal,FMSSG - FUNDO MUNICIPAL DE SEGURIDADE SOCIAL DE GUARACI,1,142752.32,0.00,0.00,142752.32,PENDENTE,2022-04-28,32616,138020,TJSP DEPRE MOC,https://api.tjsp.jus.br/Handlers/Handler/FileFetch.ashx?codigo=138020
2023,autarquia_municipal,FUMEC CAMPINAS - FUNDAÇÃO MUNICIPAL P EDUCAÇÃO COMUNITÁRIA,1,66222.01,0.00,0.00,66222.01,PENDENTE,2022-04-28,32616,138020,TJSP DEPRE MOC,https://api.tjsp.jus.br/Handlers/Handler/FileFetch.ashx?codigo=138020
2023,autarquia_municipal,FUNDAÇÃO DE SEG. SOCIAL DOS FUNC. PÚBL. DO MUN. DE VOTORANTIM,1,447643.93,0.00,0.00,447643.93,PENDENTE,2022-04-28,32616,138020,TJSP DEPRE MOC,https://api.tjsp.jus.br/Handlers/Handler/FileFetch.ashx?codigo=138020
2023,autarquia_municipal,FUNDAÇÃO MUNICIPAL DE ENSINO SUPERIOR DE MARÍLIA,1,214470.35,0.00,0.00,214470.35,PENDENTE,2022-04-28,32616,138020,TJSP DEPRE MOC,https://api.tjsp.jus.br/Handlers/Handler/FileFetch.ashx?codigo=138020
2023,autarquia_municipal,FUNDART - FUNDAÇÃO DE ARTE E CULTURA DO MUN. DE ARARAQUARA,1,22886.36,0.00,0.00,22886.36,PENDENTE,2022-04-28,32616,138020,TJSP DEPRE MOC,https://api.tjsp.jus.br/Handlers/Handler/FileFetch.ashx?codigo=138020
2023,autarquia_municipal,FUNDO DE PREV. MUN. DOS SERV. PÚBL. DE RIO GRANDE DA SERRA,1,54981.48,0.00,0.00,54981.48,PENDENTE,2022-04-28,32616,138020,TJSP DEPRE MOC,https://api.tjsp.jus.br/Handlers/Handler/FileFetch.ashx?codigo=138020
2023,autarquia_municipal,FUNDO DE PREVIDÊNCIA MUNICIPAL DE ONDA VERDE,2,103844.43,0.00,0.00,103844.43,PENDENTE,2022-04-28,32616,138020,TJSP DEPRE MOC,https://api.tjsp.jus.br/Handlers/Handler/FileFetch.ashx?codigo=138020
2023,autarquia_municipal,FUNDO DE PREVIDÊNCIA SOCIAL DO MUNICÍPIO DE MIRA ESTRELA,1,20423.31,0.00,0.00,20423.31,PENDENTE,2022-04-28,32616,138020,TJSP DEPRE MOC,https://api.tjsp.jus.br/Handlers/Handler/FileFetch.ashx?codigo=138020
2023,autarquia_municipal,FUNGOTA ARARAQUARA - FUND. MUN. IRENE SIQUEIRA ALVES VOVÓ MOCI,1,71375.68,0.00,0.00,71375.68,PENDENTE,2022-04-28,32616,138020,TJSP DEPRE MOC,https://api.tjsp.jus.br/Handlers/Handler/FileFetch.ashx?codigo=138020
2023,autarquia_municipal,FUNPREV - FUNDAÇÃO DE PREV. DOS SERV. PÚBL. MUN. EFET. DE BAURU,2,238572.18,0.00,0.00,238572.18,PENDENTE,2022-04-28,32616,138020,TJSP DEPRE MOC,https://api.tjsp.jus.br/Handlers/Handler/FileFetch.ashx?codigo=138020
2023,autarquia_municipal,FUNSERV - FUND. DA SEG. SOCIAL DOS SERV. PÚBL. MUN. DE SOROCABA,11,2785076.92,0.00,0.00,2785076.92,PENDENTE,2022-04-28,32616,138020,TJSP DEPRE MOC,https://api.tjsp.jus.br/Handlers/Handler/FileFetch.ashx?codigo=138020
2023,autarquia_municipal,FUPREBEN - FUNDO DE PREV. E BEN. DOS SERV. PÚBL. DO MUN. DE VARG,1,94917.24,0.00,0.00,94917.24,PENDENTE,2022-04-28,32616,138020,TJSP DEPRE MOC,https://api.tjsp.jus.br/Handlers/Handler/FileFetch.ashx?codigo=138020
2023,autarquia_municipal,FUSAM - FUNDAÇÃO DE SAÚDE E ASSISTÊNCIA DO MUN. DE CAÇAPAVA,3,23810.09,0.00,257923.80,281733.89,PENDENTE,2022-04-28,32616,138020,TJSP DEPRE MOC,https://api.tjsp.jus.br/Handlers/Handler/FileFetch.ashx?codigo=138020
2023,autarquia_municipal,FUST - FUNDAÇÃO UNIVERSITÁRIA DE SAÚDE DE TAUBATÉ,4,34673.01,0.00,220327.32,255000.33,PENDENTE,2022-04-28,32616,138020,TJSP DEPRE MOC,https://api.tjsp.jus.br/Handlers/Handler/FileFetch.ashx?codigo=138020
2023,autarquia_municipal,GUAIRAPREV - FUNDO MUN. DE PREV. DOS SERV. PÚBL. MUN. DE GUAÍRA,1,496392.67,0.00,0.00,496392.67,PENDENTE,2022-04-28,32616,138020,TJSP DEPRE MOC,https://api.tjsp.jus.br/Handlers/Handler/FileFetch.ashx?codigo=138020
2023,municipal,GUARDA CIVIL MUNICIPAL DE RIBEIRÃO PRETO,1,65215.34,0.00,0.00,65215.34,PENDENTE,2022-04-28,32616,138020,TJSP DEPRE MOC,https://api.tjsp.jus.br/Handlers/Handler/FileFetch.ashx?codigo=138020
2023,autarquia_municipal,GUARUJÁ PREVIDÊNCIA,2,32177.48,0.00,0.00,32177.48,PENDENTE,2022-04-28,32616,138020,TJSP DEPRE MOC,https://api.tjsp.jus.br/Handlers/Handler/FileFetch.ashx?codigo=138020
2023,autarquia_municipal,HORTOPREV - INST. DE PREV. DOS SERV. PÚBL. MUN. DE HORTOLÂNDIA,2,270867.40,0.00,0.00,270867.40,PENDENTE,2022-04-28,32616,138020,TJSP DEPRE MOC,https://api.tjsp.jus.br/Handlers/Handler/FileFetch.ashx?codigo=138020
2023,municipal,HOSPITAL DO SERVIDOR PÚBLICO MUNICIPAL DE SÃO PAULO,3,104336.65,0.00,0.00,104336.65,PENDENTE,2022-04-28,32616,138020,TJSP DEPRE MOC,https://api.tjsp.jus.br/Handlers/Handler/FileFetch.ashx?codigo=138020
2023,municipal,HOSPITAL MUNICIPAL DR. MARIO GATTI - CAMPINAS,1,0.00,0.00,192232.82,192232.82,PENDENTE,2022-04-28,32616,138020,TJSP DEPRE MOC,https://api.tjsp.jus.br/Handlers/Handler/FileFetch.ashx?codigo=138020
2023,autarquia_municipal,IMASF - INST. MUN. ASSIST. SAÚDE FUNC. DE SÃO BERNARDO DO CAMPO,3,56432.89,0.00,56357.19,112790.08,PENDENTE,2022-04-28,32616,138020,TJSP DEPRE MOC,https://api.tjsp.jus.br/Handlers/Handler/FileFetch.ashx?codigo=138020
2023,autarquia_municipal,IMPRAL - INSTITUTO DE PREVIDÊNCIA MUNICIPAL DE ALTINÓPOLIS,1,16966.85,0.00,0.00,16966.85,PENDENTE,2022-04-28,32616,138020,TJSP DEPRE MOC,https://api.tjsp.jus.br/Handlers/Handler/FileFetch.ashx?codigo=138020
2023,autarquia_municipal,IMPREV - INSTITUTO MUNICIPAL DE PREV. SOCIAL DE QUATÁ,1,119454.10,0.00,0.00,119454.10,PENDENTE,2022-04-28,32616,138020,TJSP DEPRE MOC,https://api.tjsp.jus.br/Handlers/Handler/FileFetch.ashx?codigo=138020
2023,autarquia_municipal,IMSS - INST. MUN. DE SEGURIDADE SOCIAL DE PARAGUAÇU PAULISTA,4,563851.65,0.00,0.00,563851.65,PENDENTE,2022-04-28,32616,138020,TJSP DEPRE MOC,https://api.tjsp.jus.br/Handlers/Handler/FileFetch.ashx?codigo=138020
2023,autarquia_municipal,IMSS - INSTITUTO MUNICIPAL DE SEGURIDADE SOCIAL DE ARAÇARIGUAMA,1,240147.99,0.00,0.00,240147.99,PENDENTE,2022-04-28,32616,138020,TJSP DEPRE MOC,https://api.tjsp.jus.br/Handlers/Handler/FileFetch.ashx?codigo=138020
2023,federal,INSS - INSTITUTO NACIONAL DO SEGURO SOCIAL,5353,730615348.93,0.00,0.00,730615348.93,PENDENTE,2022-04-28,32616,138020,TJSP DEPRE MOC,https://api.tjsp.jus.br/Handlers/Handler/FileFetch.ashx?codigo=138020
2023,autarquia_municipal,INSTITUTO DE PREV. DO SERV. PÚBL. DO MUNIC. DE CÂNDIDO MOTA,1,29031.17,0.00,0.00,29031.17,PENDENTE,2022-04-28,32616,138020,TJSP DEPRE MOC,https://api.tjsp.jus.br/Handlers/Handler/FileFetch.ashx?codigo=138020
2023,autarquia_municipal,INSTITUTO DE PREV. DOS SERV. PÚBL. DO MUN. DE ORLÂNDIA,1,11256.83,0.00,0.00,11256.83,PENDENTE,2022-04-28,32616,138020,TJSP DEPRE MOC,https://api.tjsp.jus.br/Handlers/Handler/FileFetch.ashx?codigo=138020
2023,autarquia_municipal,INSTITUTO DE PREVIDÊNCIA MUNICIPAL DE GENERAL SALGADO,5,139867.88,0.00,0.00,139867.88,PENDENTE,2022-04-28,32616,138020,TJSP DEPRE MOC,https://api.tjsp.jus.br/Handlers/Handler/FileFetch.ashx?codigo=138020
2023,autarquia_municipal,INSTITUTO DE PREVIDÊNCIA MUNICIPAL DE MOGI DAS CRUZES,1,85907.36,0.00,0.00,85907.36,PENDENTE,2022-04-28,32616,138020,TJSP DEPRE MOC,https://api.tjsp.jus.br/Handlers/Handler/FileFetch.ashx?codigo=138020
2023,autarquia_municipal,IPASP - INST. DE PREV. E ASSIST. AOS SERV. PÚBL. MUN. DE JABORANDI,2,184203.07,0.00,0.00,184203.07,PENDENTE,2022-04-28,32616,138020,TJSP DEPRE MOC,https://api.tjsp.jus.br/Handlers/Handler/FileFetch.ashx?codigo=138020
2023,autarquia_municipal,IPASP - INST. DE PREV. E ASSIST. SOCIAL DOS FUNC. MUN. DE PIRACICABA,5,750209.15,0.00,0.00,750209.15,PENDENTE,2022-04-28,32616,138020,TJSP DEPRE MOC,https://api.tjsp.jus.br/Handlers/Handler/FileFetch.ashx?codigo=138020
2023,autarquia_municipal,IPEM - INSTITUTO DE PREVIDÊNCIA MUNICIPAL DE MIRANDÓPOLIS,1,14138.12,0.00,0.00,14138.12,PENDENTE,2022-04-28,32616,138020,TJSP DEPRE MOC,https://api.tjsp.jus.br/Handlers/Handler/FileFetch.ashx?codigo=138020
2023,autarquia_municipal,IPM - INSTITUTO DE PREVID. DOS MUNICIPIÁRIOS DE RIBEIRÃO PRETO,250,22431769.35,0.00,0.00,22431769.35,PENDENTE,2022-04-28,32616,138020,TJSP DEPRE MOC,https://api.tjsp.jus.br/Handlers/Handler/FileFetch.ashx?codigo=138020
2023,autarquia_municipal,IPMB - INSTITUTO DE PREVIDÊNCIA MUNICIPAL DE BARRETOS,80,4455165.73,0.00,0.00,4455165.73,PENDENTE,2022-04-28,32616,138020,TJSP DEPRE MOC,https://api.tjsp.jus.br/Handlers/Handler/FileFetch.ashx?codigo=138020
2023,autarquia_municipal,IPMCR - INSTITUTO DE PREV. DO MUN. DE CÂNDIDO RODRIGUES,1,29245.90,0.00,0.00,29245.90,PENDENTE,2022-04-28,32616,138020,TJSP DEPRE MOC,https://api.tjsp.jus.br/Handlers/Handler/FileFetch.ashx?codigo=138020
2023,autarquia_municipal,IPMI - INSTITUTO DE PREVIDÊNCIA MUNICIPAL DE ITAPEVA,3,174716.98,0.00,0.00,174716.98,PENDENTE,2022-04-28,32616,138020,TJSP DEPRE MOC,https://api.tjsp.jus.br/Handlers/Handler/FileFetch.ashx?codigo=138020
2023,autarquia_municipal,IPMJ - INSTITUTO DE PREVIDÊNCIA DO MUNICÍPIO DE JACAREÍ,1,59885.28,0.00,0.00,59885.28,PENDENTE,2022-04-28,32616,138020,TJSP DEPRE MOC,https://api.tjsp.jus.br/Handlers/Handler/FileFetch.ashx?codigo=138020
2023,autarquia_municipal,IPML - INSTITUTO DE PREVIDÊNCIA MUNICIPAL DE LIMEIRA,9,2758178.06,0.00,0.00,2758178.06,PENDENTE,2022-04-28,32616,138020,TJSP DEPRE MOC,https://api.tjsp.jus.br/Handlers/Handler/FileFetch.ashx?codigo=138020
2023,autarquia_municipal,IPMO - INSTITUTO DE PREV. DOS SERV. PÚBL. DO MUN. DE OURINHOS,2,237698.52,0.00,0.00,237698.52,PENDENTE,2022-04-28,32616,138020,TJSP DEPRE MOC,https://api.tjsp.jus.br/Handlers/Handler/FileFetch.ashx?codigo=138020
2023,autarquia_municipal,IPMT - INSTITUTO DE PREVIDÊNCIA DO MUNICÍPIO DE TAUBATÉ,13,887117.79,0.00,0.00,887117.79,PENDENTE,2022-04-28,32616,138020,TJSP DEPRE MOC,https://api.tjsp.jus.br/Handlers/Handler/FileFetch.ashx?codigo=138020
2023,autarquia_municipal,IPRC - INSTITUTO DE PREVIDÊNCIA DO MUNICÍPIO DE RIO CLARO,3,366170.26,0.00,0.00,366170.26,PENDENTE,2022-04-28,32616,138020,TJSP DEPRE MOC,https://api.tjsp.jus.br/Handlers/Handler/FileFetch.ashx?codigo=138020
2023,autarquia_municipal,IPREF - INSTITUTO DE PREV. DOS FUNC. PÚBL. MUN. DE GUARULHOS,2,572703.94,0.00,0.00,572703.94,PENDENTE,2022-04-28,32616,138020,TJSP DEPRE MOC,https://api.tjsp.jus.br/Handlers/Handler/FileFetch.ashx?codigo=138020
2023,autarquia_municipal,IPREJAN - INSTITUTO DE PREVIDÊNCIA MUNICIPAL DE JANDIRA,12,741525.40,0.00,0.00,741525.40,PENDENTE,2022-04-28,32616,138020,TJSP DEPRE MOC,https://api.tjsp.jus.br/Handlers/Handler/FileFetch.ashx?codigo=138020
2023,autarquia_municipal,IPREJUN - INSTITUTO DE PREV. DO MUNICÍPIO DE JUNDIAÍ,5,687743.96,0.00,0.00,687743.96,PENDENTE,2022-04-28,32616,138020,TJSP DEPRE MOC,https://api.tjsp.jus.br/Handlers/Handler/FileFetch.ashx?codigo=138020
2023,autarquia_municipal,IPREM - INST. DE PREV. SOC. SERV. PÚBL. DO MUN. DE CERQUEIRA CÉSAR,1,98418.74,0.00,0.00,98418.74,PENDENTE,2022-04-28,32616,138020,TJSP DEPRE MOC,https://api.tjsp.jus.br/Handlers/Handler/FileFetch.ashx?codigo=138020
2023,autarquia_municipal,IPREM - INSTITUTO DE PREV. E ASSIST. SOCIAL DO MUN. DE GASTÃO VIDIG,1,61132.74,0.00,0.00,61132.74,PENDENTE,2022-04-28,32616,138020,TJSP DEPRE MOC,https://api.tjsp.jus.br/Handlers/Handler/FileFetch.ashx?codigo=138020
2023,autarquia_municipal,IPREM - INSTITUTO DE PREV. MUNICIPAL DE FERNANDÓPOLIS,12,137237.07,0.00,0.00,137237.07,PENDENTE,2022-04-28,32616,138020,TJSP DEPRE MOC,https://api.tjsp.jus.br/Handlers/Handler/FileFetch.ashx?codigo=138020
2023,autarquia_municipal,IPREM - INSTITUTO DE PREVIDÊNCIA MUNICIPAL DE SÃO MANUEL,1,31169.42,0.00,0.00,31169.42,PENDENTE,2022-04-28,32616,138020,TJSP DEPRE MOC,https://api.tjsp.jus.br/Handlers/Handler/FileFetch.ashx?codigo=138020
2023,autarquia_municipal,IPREM SEVERÍNIA - INST. DE PREV. MUN. DE SEVERÍNIA,1,7884.93,0.00,0.00,7884.93,PENDENTE,2022-04-28,32616,138020,TJSP DEPRE MOC,https://api.tjsp.jus.br/Handlers/Handler/FileFetch.ashx?codigo=138020
2023,autarquia_municipal,IPREMM - INSTITUTO DE PREVIDÊNCIA MUNICIPAL DE MARÍLIA,11,972431.95,0.00,0.00,972431.95,PENDENTE,2022-04-28,32616,138020,TJSP DEPRE MOC,https://api.tjsp.jus.br/Handlers/Handler/FileFetch.ashx?codigo=138020
2023,autarquia_municipal,IPREMU - INSTITUTO DE PREVIDÊNCIA MUNICIPAL DE URÂNIA,1,10706.35,0.00,0.00,10706.35,PENDENTE,2022-04-28,32616,138020,TJSP DEPRE MOC,https://api.tjsp.jus.br/Handlers/Handler/FileFetch.ashx?codigo=138020
2023,autarquia_municipal,IPRESB - INST. DE PREV. SOCIAL DOS SERV. MUN. DE BARUERI,4,1088153.89,0.00,0.00,1088153.89,PENDENTE,2022-04-28,32616,138020,TJSP DEPRE MOC,https://api.tjsp.jus.br/Handlers/Handler/FileFetch.ashx?codigo=138020
2023,autarquia_municipal,IPREVEN - INSTITUTO DE PREVID. MUNICIPAL DE PRESIDENTE VENCESLAU,2,69967.42,0.00,0.00,69967.42,PENDENTE,2022-04-28,32616,138020,TJSP DEPRE MOC,https://api.tjsp.jus.br/Handlers/Handler/FileFetch.ashx?codigo=138020
2023,autarquia_municipal,IPREVSANTOS - INST. DE PREV. SOC. DOS SERV. PÚBL. MUN. DE SANTOS,47,2304828.19,0.00,0.00,2304828.19,PENDENTE,2022-04-28,32616,138020,TJSP DEPRE MOC,https://api.tjsp.jus.br/Handlers/Handler/FileFetch.ashx?codigo=138020
2023,autarquia_municipal,IPSJBV - INST. DE PREV. SERV. PÚBL. MUN. DE SÃO JOÃO DA BOA VISTA,28,1335722.74,0.00,0.00,1335722.74,PENDENTE,2022-04-28,32616,138020,TJSP DEPRE MOC,https://api.tjsp.jus.br/Handlers/Handler/FileFetch.ashx?codigo=138020
2023,autarquia_municipal,IPSM - INSTITUTO DE PREV. DO SERV. MUN. DE SÃO JOSÉ DOS CAMPOS,67,4709793.22,0.00,0.00,4709793.22,PENDENTE,2022-04-28,32616,138020,TJSP DEPRE MOC,https://api.tjsp.jus.br/Handlers/Handler/FileFetch.ashx?codigo=138020
2023,autarquia_municipal,IPSPMO - INSTITUTO DE PREV. DOS SERV. PÚBL. MUN. DE OLÍMPIA,2,118088.35,0.00,0.00,118088.35,PENDENTE,2022-04-28,32616,138020,TJSP DEPRE MOC,https://api.tjsp.jus.br/Handlers/Handler/FileFetch.ashx?codigo=138020
2023,autarquia_municipal,PAULINIAPREV - INST. DE PREV. DOS FUNC. PÚBL. DO MUN. DE PAULÍNIA,1,104451.73,0.00,0.00,104451.73,PENDENTE,2022-04-28,32616,138020,TJSP DEPRE MOC,https://api.tjsp.jus.br/Handlers/Handler/FileFetch.ashx?codigo=138020
2023,autarquia_municipal,PERUIBEPREV - INST. DE PREV. MUN. DE PERUÍBE,1,43047.63,0.00,0.00,43047.63,PENDENTE,2022-04-28,32616,138020,TJSP DEPRE MOC,https://api.tjsp.jus.br/Handlers/Handler/FileFetch.ashx?codigo=138020
2023,autarquia_municipal,PREFEITURA MUNICIPAL DE ADAMANTINA,5,385262.67,0.00,70005.19,455267.86,PENDENTE,2022-04-28,32616,138020,TJSP DEPRE MOC,https://api.tjsp.jus.br/Handlers/Handler/FileFetch.ashx?codigo=138020
2023,autarquia_municipal,PREFEITURA MUNICIPAL DE AGUAÍ,3,11682.22,165770.90,72967.29,250420.41,PENDENTE,2022-04-28,32616,138020,TJSP DEPRE MOC,https://api.tjsp.jus.br/Handlers/Handler/FileFetch.ashx?codigo=138020
2023,autarquia_municipal,PREFEITURA MUNICIPAL DE ÁGUAS DA PRATA,5,127579.05,0.00,10289.52,137868.57,PENDENTE,2022-04-28,32616,138020,TJSP DEPRE MOC,https://api.tjsp.jus.br/Handlers/Handler/FileFetch.ashx?codigo=138020
2023,autarquia_municipal,PREFEITURA MUNICIPAL DE ÁGUAS DE LINDÓIA,6,136802.81,0.00,669970.44,806773.25,PENDENTE,2022-04-28,32616,138020,TJSP DEPRE MOC,https://api.tjsp.jus.br/Handlers/Handler/FileFetch.ashx?codigo=138020
2023,autarquia_municipal,PREFEITURA MUNICIPAL DE ÁGUAS DE SANTA BÁRBARA,3,18049.36,0.00,215666.68,233716.04,PENDENTE,2022-04-28,32616,138020,TJSP DEPRE MOC,https://api.tjsp.jus.br/Handlers/Handler/FileFetch.ashx?codigo=138020
2023,autarquia_municipal,PREFEITURA MUNICIPAL DE ÁGUAS DE SÃO PEDRO,3,57170.42,0.00,106096.33,163266.75,PENDENTE,2022-04-28,32616,138020,TJSP DEPRE MOC,https://api.tjsp.jus.br/Handlers/Handler/FileFetch.ashx?codigo=138020
2023,autarquia_municipal,PREFEITURA MUNICIPAL DE AGUDOS,3,0.00,0.00,14206007.98,14206007.98,PENDENTE,2022-04-28,32616,138020,TJSP DEPRE MOC,https://api.tjsp.jus.br/Handlers/Handler/FileFetch.ashx?codigo=138020
2023,autarquia_municipal,PREFEITURA MUNICIPAL DE ALAMBARI,3,32138.47,0.00,90427.24,122565.71,PENDENTE,2022-04-28,32616,138020,TJSP DEPRE MOC,https://api.tjsp.jus.br/Handlers/Handler/FileFetch.ashx?codigo=138020
2023,autarquia_municipal,PREFEITURA MUNICIPAL DE ALFREDO MARCONDES,1,12347.13,0.00,0.00,12347.13,PENDENTE,2022-04-28,32616,138020,TJSP DEPRE MOC,https://api.tjsp.jus.br/Handlers/Handler/FileFetch.ashx?codigo=138020
2023,autarquia_municipal,PREFEITURA MUNICIPAL DE ALTAIR,2,0.00,49597.57,101398.06,150995.63,PENDENTE,2022-04-28,32616,138020,TJSP DEPRE MOC,https://api.tjsp.jus.br/Handlers/Handler/FileFetch.ashx?codigo=138020
2023,autarquia_municipal,PREFEITURA MUNICIPAL DE ALTINÓPOLIS,9,10539.97,0.00,123335.26,133875.23,PENDENTE,2022-04-28,32616,138020,TJSP DEPRE MOC,https://api.tjsp.jus.br/Handlers/Handler/FileFetch.ashx?codigo=138020
2023,autarquia_municipal,PREFEITURA MUNICIPAL DE ÁLVARES FLORENCE,1,0.00,0.00,14514.18,14514.18,PENDENTE,2022-04-28,32616,138020,TJSP DEPRE MOC,https://api.tjsp.jus.br/Handlers/Handler/FileFetch.ashx?codigo=138020
2023,autarquia_municipal,PREFEITURA MUNICIPAL DE ÁLVARES MACHADO,3,15975.88,0.00,0.00,15975.88,PENDENTE,2022-04-28,32616,138020,TJSP DEPRE MOC,https://api.tjsp.jus.br/Handlers/Handler/FileFetch.ashx?codigo=138020
2023,autarquia_municipal,PREFEITURA MUNICIPAL DE ÁLVARO DE CARVALHO,1,0.00,0.00,45537.31,45537.31,PENDENTE,2022-04-28,32616,138020,TJSP DEPRE MOC,https://api.tjsp.jus.br/Handlers/Handler/FileFetch.ashx?codigo=138020
2023,autarquia_municipal,PREFEITURA MUNICIPAL DE ALVINLÂNDIA,1,48866.81,0.00,0.00,48866.81,PENDENTE,2022-04-28,32616,138020,TJSP DEPRE MOC,https://api.tjsp.jus.br/Handlers/Handler/FileFetch.ashx?codigo=138020
2023,autarquia_municipal,PREFEITURA MUNICIPAL DE AMERICANA,77,3578812.03,0.00,17218058.94,20796870.97,PENDENTE,2022-04-28,32616,138020,TJSP DEPRE MOC,https://api.tjsp.jus.br/Handlers/Handler/FileFetch.ashx?codigo=138020
2023,autarquia_municipal,PREFEITURA MUNICIPAL DE AMÉRICO BRASILIENSE,6,65922.55,0.00,708617.59,774540.14,PENDENTE,2022-04-28,32616,138020,TJSP DEPRE MOC,https://api.tjsp.jus.br/Handlers/Handler/FileFetch.ashx?codigo=138020
2023,autarquia_municipal,PREFEITURA MUNICIPAL DE AMÉRICO DE CAMPOS,22,370708.05,0.00,31214.16,401922.21,PENDENTE,2022-04-28,32616,138020,TJSP DEPRE MOC,https://api.tjsp.jus.br/Handlers/Handler/FileFetch.ashx?codigo=138020
2023,autarquia_municipal,PREFEITURA MUNICIPAL DE AMPARO,4,11804.36,132984.47,58379.23,203168.06,PENDENTE,2022-04-28,32616,138020,TJSP DEPRE MOC,https://api.tjsp.jus.br/Handlers/Handler/FileFetch.ashx?codigo=138020
2023,autarquia_municipal,PREFEITURA MUNICIPAL DE ANDRADINA,3,20823.14,0.00,110370.63,131193.77,PENDENTE,2022-04-28,32616,138020,TJSP DEPRE MOC,https://api.tjsp.jus.br/Handlers/Handler/FileFetch.ashx?codigo=138020
2023,autarquia_municipal,PREFEITURA MUNICIPAL DE ANGATUBA,2,0.00,40315.13,0.00,40315.13,PENDENTE,2022-04-28,32616,138020,TJSP DEPRE MOC,https://api.tjsp.jus.br/Handlers/Handler/FileFetch.ashx?codigo=138020
2023,autarquia_municipal,PREFEITURA MUNICIPAL DE ANHEMBI,1,0.00,0.00,74915.99,74915.99,PENDENTE,2022-04-28,32616,138020,TJSP DEPRE MOC,https://api.tjsp.jus.br/Handlers/Handler/FileFetch.ashx?codigo=138020
2023,autarquia_municipal,PREFEITURA MUNICIPAL DE APARECIDA,2,14300.94,0.00,25863.21,40164.15,PENDENTE,2022-04-28,32616,138020,TJSP DEPRE MOC,https://api.tjsp.jus.br/Handlers/Handler/FileFetch.ashx?codigo=138020
2023,autarquia_municipal,PREFEITURA MUNICIPAL DE APARECIDA D'OESTE,8,211925.25,0.00,0.00,211925.25,PENDENTE,2022-04-28,32616,138020,TJSP DEPRE MOC,https://api.tjsp.jus.br/Handlers/Handler/FileFetch.ashx?codigo=138020
2023,autarquia_municipal,PREFEITURA MUNICIPAL DE APIAÍ,3,68834.13,0.00,764606.50,833440.63,PENDENTE,2022-04-28,32616,138020,TJSP DEPRE MOC,https://api.tjsp.jus.br/Handlers/Handler/FileFetch.ashx?codigo=138020
2023,autarquia_municipal,PREFEITURA MUNICIPAL DE ARAÇARIGUAMA,4,39704.84,0.00,551188.39,590893.23,PENDENTE,2022-04-28,32616,138020,TJSP DEPRE MOC,https://api.tjsp.jus.br/Handlers/Handler/FileFetch.ashx?codigo=138020
2023,autarquia_municipal,PREFEITURA MUNICIPAL DE ARAÇATUBA,43,1517974.92,66957.71,268753.85,1853686.48,PENDENTE,2022-04-28,32616,138020,TJSP DEPRE MOC,https://api.tjsp.jus.br/Handlers/Handler/FileFetch.ashx?codigo=138020
2023,autarquia_municipal,PREFEITURA MUNICIPAL DE ARAÇOIABA DA SERRA,1,54206.06,0.00,0.00,54206.06,PENDENTE,2022-04-28,32616,138020,TJSP DEPRE MOC,https://api.tjsp.jus.br/Handlers/Handler/FileFetch.ashx?codigo=138020
2023,autarquia_municipal,PREFEITURA MUNICIPAL DE ARAMINA,1,0.00,0.00,88526.68,88526.68,PENDENTE,2022-04-28,32616,138020,TJSP DEPRE MOC,https://api.tjsp.jus.br/Handlers/Handler/FileFetch.ashx?codigo=138020
2023,autarquia_municipal,PREFEITURA MUNICIPAL DE ARANDU,6,160204.97,0.00,112781.10,272986.07,PENDENTE,2022-04-28,32616,138020,TJSP DEPRE MOC,https://api.tjsp.jus.br/Handlers/Handler/FileFetch.ashx?codigo=138020
2023,autarquia_municipal,PREFEITURA MUNICIPAL DE ARARAQUARA,17,412971.87,0.00,2777263.49,3190235.36,PENDENTE,2022-04-28,32616,138020,TJSP DEPRE MOC,https://api.tjsp.jus.br/Handlers/Handler/FileFetch.ashx?codigo=138020
2023,autarquia_municipal,PREFEITURA MUNICIPAL DE ARARAS,41,1812642.13,0.00,2009498.78,3822140.91,PENDENTE,2022-04-28,32616,138020,TJSP DEPRE MOC,https://api.tjsp.jus.br/Handlers/Handler/FileFetch.ashx?codigo=138020
2023,autarquia_municipal,PREFEITURA MUNICIPAL DE AREALVA,10,25463.70,0.00,259184.04,284647.74,PENDENTE,2022-04-28,32616,138020,TJSP DEPRE MOC,https://api.tjsp.jus.br/Handlers/Handler/FileFetch.ashx?codigo=138020
2023,autarquia_municipal,PREFEITURA MUNICIPAL DE ARIRANHA,1,0.00,0.00,20618.66,20618.66,PENDENTE,2022-04-28,32616,138020,TJSP DEPRE MOC,https://api.tjsp.jus.br/Handlers/Handler/FileFetch.ashx?codigo=138020
2023,autarquia_municipal,PREFEITURA MUNICIPAL DE ARTUR NOGUEIRA,127,1895496.25,0.00,0.00,1895496.25,PENDENTE,2022-04-28,32616,138020,TJSP DEPRE MOC,https://api.tjsp.jus.br/Handlers/Handler/FileFetch.ashx?codigo=138020
2023,autarquia_municipal,PREFEITURA MUNICIPAL DE ARUJÁ,2,114128.59,0.00,42535.56,156664.15,PENDENTE,2022-04-28,32616,138020,TJSP DEPRE MOC,https://api.tjsp.jus.br/Handlers/Handler/FileFetch.ashx?codigo=138020
2023,autarquia_municipal,PREFEITURA MUNICIPAL DE ASSIS,13,1095310.17,0.00,245870.05,1341180.22,PENDENTE,2022-04-28,32616,138020,TJSP DEPRE MOC,https://api.tjsp.jus.br/Handlers/Handler/FileFetch.ashx?codigo=138020
2023,autarquia_municipal,PREFEITURA MUNICIPAL DE ATIBAIA,16,78150.24,1001999.78,470315.13,1550465.15,PENDENTE,2022-04-28,32616,138020,TJSP DEPRE MOC,https://api.tjsp.jus.br/Handlers/Handler/FileFetch.ashx?codigo=138020
2023,autarquia_municipal,PREFEITURA MUNICIPAL DE AURIFLAMA,4,78060.64,0.00,76440.46,154501.10,PENDENTE,2022-04-28,32616,138020,TJSP DEPRE MOC,https://api.tjsp.jus.br/Handlers/Handler/FileFetch.ashx?codigo=138020
2023,autarquia_municipal,PREFEITURA MUNICIPAL DE AVARÉ,23,564812.38,0.00,1257418.01,1822230.39,PENDENTE,2022-04-28,32616,138020,TJSP DEPRE MOC,https://api.tjsp.jus.br/Handlers/Handler/FileFetch.ashx?codigo=138020
2023,autarquia_municipal,PREFEITURA MUNICIPAL DE BALBINOS,15,468091.25,0.00,0.00,468091.25,PENDENTE,2022-04-28,32616,138020,TJSP DEPRE MOC,https://api.tjsp.jus.br/Handlers/Handler/FileFetch.ashx?codigo=138020
2023,autarquia_municipal,PREFEITURA MUNICIPAL DE BÁLSAMO,4,97165.74,43439.67,6022.40,146627.81,PENDENTE,2022-04-28,32616,138020,TJSP DEPRE MOC,https://api.tjsp.jus.br/Handlers/Handler/FileFetch.ashx?codigo=138020
2023,autarquia_municipal,PREFEITURA MUNICIPAL DE BANANAL,1,0.00,0.00,26342.52,26342.52,PENDENTE,2022-04-28,32616,138020,TJSP DEPRE MOC,https://api.tjsp.jus.br/Handlers/Handler/FileFetch.ashx?codigo=138020
2023,autarquia_municipal,PREFEITURA MUNICIPAL DE BARBOSA,2,80667.22,0.00,768007.23,848674.45,PENDENTE,2022-04-28,32616,138020,TJSP DEPRE MOC,https://api.tjsp.jus.br/Handlers/Handler/FileFetch.ashx?codigo=138020
2023,autarquia_municipal,PREFEITURA MUNICIPAL DE BARIRI,5,268749.72,0.00,437997.27,706746.99,PENDENTE,2022-04-28,32616,138020,TJSP DEPRE MOC,https://api.tjsp.jus.br/Handlers/Handler/FileFetch.ashx?codigo=138020
2023,autarquia_municipal,PREFEITURA MUNICIPAL DE BARRA BONITA,3,41255.80,0.00,17761.16,59016.96,PENDENTE,2022-04-28,32616,138020,TJSP DEPRE MOC,https://api.tjsp.jus.br/Handlers/Handler/FileFetch.ashx?codigo=138020
2023,autarquia_municipal,PREFEITURA MUNICIPAL DE BARRA DO CHAPÉU,1,0.00,0.00,121901.77,121901.77,PENDENTE,2022-04-28,32616,138020,TJSP DEPRE MOC,https://api.tjsp.jus.br/Handlers/Handler/FileFetch.ashx?codigo=138020
2023,autarquia_municipal,PREFEITURA MUNICIPAL DE BARRETOS,119,3056736.27,1184444.19,489395.64,4730576.10,PENDENTE,2022-04-28,32616,138020,TJSP DEPRE MOC,https://api.tjsp.jus.br/Handlers/Handler/FileFetch.ashx?codigo=138020
2023,autarquia_municipal,PREFEITURA MUNICIPAL DE BARUERI,30,1185803.16,15985425.07,36093447.12,53264675.35,PENDENTE,2022-04-28,32616,138020,TJSP DEPRE MOC,https://api.tjsp.jus.br/Handlers/Handler/FileFetch.ashx?codigo=138020
2023,autarquia_municipal,PREFEITURA MUNICIPAL DE BASTOS,10,257364.43,0.00,0.00,257364.43,PENDENTE,2022-04-28,32616,138020,TJSP DEPRE MOC,https://api.tjsp.jus.br/Handlers/Handler/FileFetch.ashx?codigo=138020
2023,autarquia_municipal,PREFEITURA MUNICIPAL DE BATATAIS,4,77545.61,0.00,173745.96,251291.57,PENDENTE,2022-04-28,32616,138020,TJSP DEPRE MOC,https://api.tjsp.jus.br/Handlers/Handler/FileFetch.ashx?codigo=138020
2023,autarquia_municipal,PREFEITURA MUNICIPAL DE BAURU,11,697099.39,58939.87,1137221.02,1893260.28,PENDENTE,2022-04-28,32616,138020,TJSP DEPRE MOC,https://api.tjsp.jus.br/Handlers/Handler/FileFetch.ashx?codigo=138020
2023,autarquia_municipal,PREFEITURA MUNICIPAL DE BEBEDOURO,34,937943.68,0.00,312169.13,1250112.81,PENDENTE,2022-04-28,32616,138020,TJSP DEPRE MOC,https://api.tjsp.jus.br/Handlers/Handler/FileFetch.ashx?codigo=138020
2023,autarquia_municipal,PREFEITURA MUNICIPAL DE BERNARDINO DE CAMPOS,8,737440.50,0.00,0.00,737440.50,PENDENTE,2022-04-28,32616,138020,TJSP DEPRE MOC,https://api.tjsp.jus.br/Handlers/Handler/FileFetch.ashx?codigo=138020
2023,autarquia_municipal,PREFEITURA MUNICIPAL DE BERTIOGA,2,160838.41,0.00,0.00,160838.41,PENDENTE,2022-04-28,32616,138020,TJSP DEPRE MOC,https://api.tjsp.jus.br/Handlers/Handler/FileFetch.ashx?codigo=138020
2023,autarquia_municipal,PREFEITURA MUNICIPAL DE BIRIGUI,21,513049.79,0.00,621462.22,1134512.01,PENDENTE,2022-04-28,32616,138020,TJSP DEPRE MOC,https://api.tjsp.jus.br/Handlers/Handler/FileFetch.ashx?codigo=138020
2023,autarquia_municipal,PREFEITURA MUNICIPAL DE BIRITIBA-MIRIM,3,19700.23,0.00,73803.35,93503.58,PENDENTE,2022-04-28,32616,138020,TJSP DEPRE MOC,https://api.tjsp.jus.br/Handlers/Handler/FileFetch.ashx?codigo=138020
2023,autarquia_municipal,PREFEITURA MUNICIPAL DE BOA ESPERANÇA DO SUL,1,0.00,0.00,21366.80,21366.80,PENDENTE,2022-04-28,32616,138020,TJSP DEPRE MOC,https://api.tjsp.jus.br/Handlers/Handler/FileFetch.ashx?codigo=138020
2023,autarquia_municipal,PREFEITURA MUNICIPAL DE BOCAINA,1,45789.47,0.00,0.00,45789.47,PENDENTE,2022-04-28,32616,138020,TJSP DEPRE MOC,https://api.tjsp.jus.br/Handlers/Handler/FileFetch.ashx?codigo=138020
2023,autarquia_municipal,PREFEITURA MUNICIPAL DE BOITUVA,6,499132.19,0.00,1676543.10,2175675.29,PENDENTE,2022-04-28,32616,138020,TJSP DEPRE MOC,https://api.tjsp.jus.br/Handlers/Handler/FileFetch.ashx?codigo=138020
2023,autarquia_municipal,PREFEITURA MUNICIPAL DE BOM JESUS DOS PERDÕES,2,33627.65,0.00,45396.06,79023.71,PENDENTE,2022-04-28,32616,138020,TJSP DEPRE MOC,https://api.tjsp.jus.br/Handlers/Handler/FileFetch.ashx?codigo=138020
2023,autarquia_municipal,PREFEITURA MUNICIPAL DE BORBOREMA,4,0.00,0.00,95412.17,95412.17,PENDENTE,2022-04-28,32616,138020,TJSP DEPRE MOC,https://api.tjsp.jus.br/Handlers/Handler/FileFetch.ashx?codigo=138020
2023,autarquia_municipal,PREFEITURA MUNICIPAL DE BOTUCATU,19,477180.63,551542.56,245149.37,1273872.56,PENDENTE,2022-04-28,32616,138020,TJSP DEPRE MOC,https://api.tjsp.jus.br/Handlers/Handler/FileFetch.ashx?codigo=138020
2023,autarquia_municipal,PREFEITURA MUNICIPAL DE BRAGANÇA PAULISTA,4,21616.13,36989.38,63040.41,121645.92,PENDENTE,2022-04-28,32616,138020,TJSP DEPRE MOC,https://api.tjsp.jus.br/Handlers/Handler/FileFetch.ashx?codigo=138020
2023,autarquia_municipal,PREFEITURA MUNICIPAL DE BRAÚNA,1,0.00,124490.04,0.00,124490.04,PENDENTE,2022-04-28,32616,138020,TJSP DEPRE MOC,https://api.tjsp.jus.br/Handlers/Handler/FileFetch.ashx?codigo=138020
2023,autarquia_municipal,PREFEITURA MUNICIPAL DE BRODOWSKI,2,38734.34,0.00,0.00,38734.34,PENDENTE,2022-04-28,32616,138020,TJSP DEPRE MOC,https://api.tjsp.jus.br/Handlers/Handler/FileFetch.ashx?codigo=138020
2023,autarquia_municipal,PREFEITURA MUNICIPAL DE BROTAS,4,12127.94,0.00,66921.70,79049.64,PENDENTE,2022-04-28,32616,138020,TJSP DEPRE MOC,https://api.tjsp.jus.br/Handlers/Handler/FileFetch.ashx?codigo=138020
2023,autarquia_municipal,PREFEITURA MUNICIPAL DE BURI,7,291659.65,0.00,314265.67,605925.32,PENDENTE,2022-04-28,32616,138020,TJSP DEPRE MOC,https://api.tjsp.jus.br/Handlers/Handler/FileFetch.ashx?codigo=138020
2023,autarquia_municipal,PREFEITURA MUNICIPAL DE BURITAMA,1,60255.46,0.00,0.00,60255.46,PENDENTE,2022-04-28,32616,138020,TJSP DEPRE MOC,https://api.tjsp.jus.br/Handlers/Handler/FileFetch.ashx?codigo=138020
2023,autarquia_municipal,PREFEITURA MUNICIPAL DE BURITIZAL,1,88553.75,0.00,0.00,88553.75,PENDENTE,2022-04-28,32616,138020,TJSP DEPRE MOC,https://api.tjsp.jus.br/Handlers/Handler/FileFetch.ashx?codigo=138020
2023,autarquia_municipal,PREFEITURA MUNICIPAL DE CABRÁLIA PAULISTA,1,0.00,588822.44,0.00,588822.44,PENDENTE,2022-04-28,32616,138020,TJSP DEPRE MOC,https://api.tjsp.jus.br/Handlers/Handler/FileFetch.ashx?codigo=138020
2023,autarquia_municipal,PREFEITURA MUNICIPAL DE CABREÚVA,2,838971.52,0.00,384977.96,1223949.48,PENDENTE,2022-04-28,32616,138020,TJSP DEPRE MOC,https://api.tjsp.jus.br/Handlers/Handler/FileFetch.ashx?codigo=138020
2023,autarquia_municipal,PREFEITURA MUNICIPAL DE CAÇAPAVA,4,19328.18,0.00,81303.51,100631.69,PENDENTE,2022-04-28,32616,138020,TJSP DEPRE MOC,https://api.tjsp.jus.br/Handlers/Handler/FileFetch.ashx?codigo=138020
2023,autarquia_municipal,PREFEITURA MUNICIPAL DE CACHOEIRA PAULISTA,8,190955.19,0.00,30535.57,221490.76,PENDENTE,2022-04-28,32616,138020,TJSP DEPRE MOC,https://api.tjsp.jus.br/Handlers/Handler/FileFetch.ashx?codigo=138020
2023,autarquia_municipal,PREFEITURA MUNICIPAL DE CAFELÂNDIA,5,70381.79,0.00,510126.13,580507.92,PENDENTE,2022-04-28,32616,138020,TJSP DEPRE MOC,https://api.tjsp.jus.br/Handlers/Handler/FileFetch.ashx?codigo=138020
2023,autarquia_municipal,PREFEITURA MUNICIPAL DE CAIABU,5,112767.75,0.00,460811.27,573579.02,PENDENTE,2022-04-28,32616,138020,TJSP DEPRE MOC,https://api.tjsp.jus.br/Handlers/Handler/FileFetch.ashx?codigo=138020
2023,autarquia_municipal,PREFEITURA MUNICIPAL DE CAIEIRAS,4,157710.82,0.00,118986.66,276697.48,PENDENTE,2022-04-28,32616,138020,TJSP DEPRE MOC,https://api.tjsp.jus.br/Handlers/Handler/FileFetch.ashx?codigo=138020
2023,autarquia_municipal,PREFEITURA MUNICIPAL DE CAIUÁ,3,108630.96,0.00,0.00,108630.96,PENDENTE,2022-04-28,32616,138020,TJSP DEPRE MOC,https://api.tjsp.jus.br/Handlers/Handler/FileFetch.ashx?codigo=138020
2023,autarquia_municipal,PREFEITURA MUNICIPAL DE CAJAMAR,3,114343.32,0.00,388703.64,503046.96,PENDENTE,2022-04-28,32616,138020,TJSP DEPRE MOC,https://api.tjsp.jus.br/Handlers/Handler/FileFetch.ashx?codigo=138020
2023,autarquia_municipal,PREFEITURA MUNICIPAL DE CAJATI,1,0.00,175524.53,0.00,175524.53,PENDENTE,2022-04-28,32616,138020,TJSP DEPRE MOC,https://api.tjsp.jus.br/Handlers/Handler/FileFetch.ashx?codigo=138020
2023,autarquia_municipal,PREFEITURA MUNICIPAL DE CAJOBI,6,117714.93,0.00,39749.73,157464.66,PENDENTE,2022-04-28,32616,138020,TJSP DEPRE MOC,https://api.tjsp.jus.br/Handlers/Handler/FileFetch.ashx?codigo=138020
2023,autarquia_municipal,PREFEITURA MUNICIPAL DE CAJURU,1,0.00,0.00,30078.03,30078.03,PENDENTE,2022-04-28,32616,138020,TJSP DEPRE MOC,https://api.tjsp.jus.br/Handlers/Handler/FileFetch.ashx?codigo=138020
2023,autarquia_municipal,PREFEITURA MUNICIPAL DE CAMPINA DO MONTE ALEGRE,1,0.00,0.00,60435.01,60435.01,PENDENTE,2022-04-28,32616,138020,TJSP DEPRE MOC,https://api.tjsp.jus.br/Handlers/Handler/FileFetch.ashx?codigo=138020
2023,autarquia_municipal,PREFEITURA MUNICIPAL DE CAMPINAS,270,28606282.35,23411741.13,12235939.18,64253962.66,PENDENTE,2022-04-28,32616,138020,TJSP DEPRE MOC,https://api.tjsp.jus.br/Handlers/Handler/FileFetch.ashx?codigo=138020
2023,autarquia_municipal,PREFEITURA MUNICIPAL DE CAMPO LIMPO PAULISTA,9,109718.65,143865.45,680129.37,933713.47,PENDENTE,2022-04-28,32616,138020,TJSP DEPRE MOC,https://api.tjsp.jus.br/Handlers/Handler/FileFetch.ashx?codigo=138020
2023,autarquia_municipal,PREFEITURA MUNICIPAL DE CAMPOS DO JORDÃO,21,498692.87,0.00,2192813.83,2691506.70,PENDENTE,2022-04-28,32616,138020,TJSP DEPRE MOC,https://api.tjsp.jus.br/Handlers/Handler/FileFetch.ashx?codigo=138020
2023,autarquia_municipal,PREFEITURA MUNICIPAL DE CANANÉIA,3,26247.88,0.00,129180.98,155428.86,PENDENTE,2022-04-28,32616,138020,TJSP DEPRE MOC,https://api.tjsp.jus.br/Handlers/Handler/FileFetch.ashx?codigo=138020
2023,autarquia_municipal,PREFEITURA MUNICIPAL DE CANAS,1,175411.58,0.00,0.00,175411.58,PENDENTE,2022-04-28,32616,138020,TJSP DEPRE MOC,https://api.tjsp.jus.br/Handlers/Handler/FileFetch.ashx?codigo=138020
2023,autarquia_municipal,PREFEITURA MUNICIPAL DE CÂNDIDO MOTA,13,420950.69,0.00,65151.22,486101.91,PENDENTE,2022-04-28,32616,138020,TJSP DEPRE MOC,https://api.tjsp.jus.br/Handlers/Handler/FileFetch.ashx?codigo=138020
2023,autarquia_municipal,PREFEITURA MUNICIPAL DE CÂNDIDO RODRIGUES,14,455873.40,0.00,155824.96,611698.36,PENDENTE,2022-04-28,32616,138020,TJSP DEPRE MOC,https://api.tjsp.jus.br/Handlers/Handler/FileFetch.ashx?codigo=138020
2023,autarquia_municipal,PREFEITURA MUNICIPAL DE CANITAR,3,36427.99,0.00,141579.75,178007.74,PENDENTE,2022-04-28,32616,138020,TJSP DEPRE MOC,https://api.tjsp.jus.br/Handlers/Handler/FileFetch.ashx?codigo=138020
2023,autarquia_municipal,PREFEITURA MUNICIPAL DE CAPÃO BONITO,2,103015.56,0.00,703822.87,806838.43,PENDENTE,2022-04-28,32616,138020,TJSP DEPRE MOC,https://api.tjsp.jus.br/Handlers/Handler/FileFetch.ashx?codigo=138020
2023,autarquia_municipal,PREFEITURA MUNICIPAL DE CAPIVARI,7,229082.71,0.00,8208983.46,8438066.17,PENDENTE,2022-04-28,32616,138020,TJSP DEPRE MOC,https://api.tjsp.jus.br/Handlers/Handler/FileFetch.ashx?codigo=138020
2023,autarquia_municipal,PREFEITURA MUNICIPAL DE CARAGUATATUBA,15,405843.83,432242.16,401611.33,1239697.32,PENDENTE,2022-04-28,32616,138020,TJSP DEPRE MOC,https://api.tjsp.jus.br/Handlers/Handler/FileFetch.ashx?codigo=138020
2023,autarquia_municipal,PREFEITURA MUNICIPAL DE CARAPICUÍBA,10,22224.69,0.00,230237.81,252462.50,PENDENTE,2022-04-28,32616,138020,TJSP DEPRE MOC,https://api.tjsp.jus.br/Handlers/Handler/FileFetch.ashx?codigo=138020
2023,autarquia_municipal,PREFEITURA MUNICIPAL DE CARDOSO,134,9878815.90,0.00,11087.87,9889903.77,PENDENTE,2022-04-28,32616,138020,TJSP DEPRE MOC,https://api.tjsp.jus.br/Handlers/Handler/FileFetch.ashx?codigo=138020
2023,autarquia_municipal,PREFEITURA MUNICIPAL DE CASA BRANCA,3,0.00,0.00,707955.27,707955.27,PENDENTE,2022-04-28,32616,138020,TJSP DEPRE MOC,https://api.tjsp.jus.br/Handlers/Handler/FileFetch.ashx?codigo=138020
2023,autarquia_municipal,PREFEITURA MUNICIPAL DE CASTILHO,1,93070.80,0.00,0.00,93070.80,PENDENTE,2022-04-28,32616,138020,TJSP DEPRE MOC,https://api.tjsp.jus.br/Handlers/Handler/FileFetch.ashx?codigo=138020
2023,autarquia_municipal,PREFEITURA MUNICIPAL DE CATANDUVA,30,2900104.65,0.00,449342.90,3349447.55,PENDENTE,2022-04-28,32616,138020,TJSP DEPRE MOC,https://api.tjsp.jus.br/Handlers/Handler/FileFetch.ashx?codigo=138020
2023,autarquia_municipal,PREFEITURA MUNICIPAL DE CEDRAL,1,0.00,0.00,22359.41,22359.41,PENDENTE,2022-04-28,32616,138020,TJSP DEPRE MOC,https://api.tjsp.jus.br/Handlers/Handler/FileFetch.ashx?codigo=138020
2023,autarquia_municipal,PREFEITURA MUNICIPAL DE CERQUEIRA CÉSAR,11,614824.27,0.00,214422.91,829247.18,PENDENTE,2022-04-28,32616,138020,TJSP DEPRE MOC,https://api.tjsp.jus.br/Handlers/Handler/FileFetch.ashx?codigo=138020
2023,autarquia_municipal,PREFEITURA MUNICIPAL DE CERQUILHO,4,363605.22,0.00,0.00,363605.22,PENDENTE,2022-04-28,32616,138020,TJSP DEPRE MOC,https://api.tjsp.jus.br/Handlers/Handler/FileFetch.ashx?codigo=138020
2023,autarquia_municipal,PREFEITURA MUNICIPAL DE CHARQUEADA,1,49314.27,0.00,0.00,49314.27,PENDENTE,2022-04-28,32616,138020,TJSP DEPRE MOC,https://api.tjsp.jus.br/Handlers/Handler/FileFetch.ashx?codigo=138020
2023,autarquia_municipal,PREFEITURA MUNICIPAL DE CHAVANTES,4,184593.78,0.00,0.00,184593.78,PENDENTE,2022-04-28,32616,138020,TJSP DEPRE MOC,https://api.tjsp.jus.br/Handlers/Handler/FileFetch.ashx?codigo=138020
2023,autarquia_municipal,PREFEITURA MUNICIPAL DE COLINA,1,12218.02,0.00,0.00,12218.02,PENDENTE,2022-04-28,32616,138020,TJSP DEPRE MOC,https://api.tjsp.jus.br/Handlers/Handler/FileFetch.ashx?codigo=138020
2023,autarquia_municipal,PREFEITURA MUNICIPAL DE CONCHAL,1,0.00,0.00,73921.79,73921.79,PENDENTE,2022-04-28,32616,138020,TJSP DEPRE MOC,https://api.tjsp.jus.br/Handlers/Handler/FileFetch.ashx?codigo=138020
2023,autarquia_municipal,PREFEITURA MUNICIPAL DE CONCHAS,4,191473.76,0.00,0.00,191473.76,PENDENTE,2022-04-28,32616,138020,TJSP DEPRE MOC,https://api.tjsp.jus.br/Handlers/Handler/FileFetch.ashx?codigo=138020
2023,autarquia_municipal,PREFEITURA MUNICIPAL DE CORDEIRÓPOLIS,7,176246.67,0.00,40069.34,216316.01,PENDENTE,2022-04-28,32616,138020,TJSP DEPRE MOC,https://api.tjsp.jus.br/Handlers/Handler/FileFetch.ashx?codigo=138020
2023,autarquia_municipal,PREFEITURA MUNICIPAL DE COROADOS,1,0.00,0.00,35181.48,35181.48,PENDENTE,2022-04-28,32616,138020,TJSP DEPRE MOC,https://api.tjsp.jus.br/Handlers/Handler/FileFetch.ashx?codigo=138020
2023,autarquia_municipal,PREFEITURA MUNICIPAL DE CORONEL MACEDO,3,38096.62,0.00,60248.46,98345.08,PENDENTE,2022-04-28,32616,138020,TJSP DEPRE MOC,https://api.tjsp.jus.br/Handlers/Handler/FileFetch.ashx?codigo=138020
2023,autarquia_municipal,PREFEITURA MUNICIPAL DE COSMÓPOLIS,14,329570.74,0.00,1216380.10,1545950.84,PENDENTE,2022-04-28,32616,138020,TJSP DEPRE MOC,https://api.tjsp.jus.br/Handlers/Handler/FileFetch.ashx?codigo=138020
2023,autarquia_municipal,PREFEITURA MUNICIPAL DE COSMORAMA,1,84756.92,0.00,0.00,84756.92,PENDENTE,2022-04-28,32616,138020,TJSP DEPRE MOC,https://api.tjsp.jus.br/Handlers/Handler/FileFetch.ashx?codigo=138020
2023,autarquia_municipal,PREFEITURA MUNICIPAL DE COTIA,79,2984111.60,363741.81,2864397.01,6212250.42,PENDENTE,2022-04-28,32616,138020,TJSP DEPRE MOC,https://api.tjsp.jus.br/Handlers/Handler/FileFetch.ashx?codigo=138020
2023,autarquia_municipal,PREFEITURA MUNICIPAL DE CRAVINHOS,1,15297.77,0.00,0.00,15297.77,PENDENTE,2022-04-28,32616,138020,TJSP DEPRE MOC,https://api.tjsp.jus.br/Handlers/Handler/FileFetch.ashx?codigo=138020
2023,autarquia_municipal,PREFEITURA MUNICIPAL DE CRUZÁLIA,2,0.00,10218651.00,0.00,10218651.00,PENDENTE,2022-04-28,32616,138020,TJSP DEPRE MOC,https://api.tjsp.jus.br/Handlers/Handler/FileFetch.ashx?codigo=138020
2023,autarquia_municipal,PREFEITURA MUNICIPAL DE CRUZEIRO,14,463030.51,0.00,282286.81,745317.32,PENDENTE,2022-04-28,32616,138020,TJSP DEPRE MOC,https://api.tjsp.jus.br/Handlers/Handler/FileFetch.ashx?codigo=138020
2023,autarquia_municipal,PREFEITURA MUNICIPAL DE CUBATÃO,136,7646265.97,0.00,10666560.74,18312826.71,PENDENTE,2022-04-28,32616,138020,TJSP DEPRE MOC,https://api.tjsp.jus.br/Handlers/Handler/FileFetch.ashx?codigo=138020
2023,autarquia_municipal,PREFEITURA MUNICIPAL DE DESCALVADO,2,25934.81,0.00,122341.74,148276.55,PENDENTE,2022-04-28,32616,138020,TJSP DEPRE MOC,https://api.tjsp.jus.br/Handlers/Handler/FileFetch.ashx?codigo=138020
2023,autarquia_municipal,PREFEITURA MUNICIPAL DE DIADEMA,65,6251588.39,10665118.84,14750709.87,31667417.10,PENDENTE,2022-04-28,32616,138020,TJSP DEPRE MOC,https://api.tjsp.jus.br/Handlers/Handler/FileFetch.ashx?codigo=138020
2023,autarquia_municipal,PREFEITURA MUNICIPAL DE DIRCE REIS,5,99768.82,0.00,0.00,99768.82,PENDENTE,2022-04-28,32616,138020,TJSP DEPRE MOC,https://api.tjsp.jus.br/Handlers/Handler/FileFetch.ashx?codigo=138020
2023,autarquia_municipal,PREFEITURA MUNICIPAL DE DIVINOLÂNDIA,14,618047.65,0.00,0.00,618047.65,PENDENTE,2022-04-28,32616,138020,TJSP DEPRE MOC,https://api.tjsp.jus.br/Handlers/Handler/FileFetch.ashx?codigo=138020
2023,autarquia_municipal,PREFEITURA MUNICIPAL DE DOLCINÓPOLIS,12,603863.79,0.00,194214.70,798078.49,PENDENTE,2022-04-28,32616,138020,TJSP DEPRE MOC,https://api.tjsp.jus.br/Handlers/Handler/FileFetch.ashx?codigo=138020
2023,autarquia_municipal,PREFEITURA MUNICIPAL DE DOURADO,1,0.00,0.00,141437.30,141437.30,PENDENTE,2022-04-28,32616,138020,TJSP DEPRE MOC,https://api.tjsp.jus.br/Handlers/Handler/FileFetch.ashx?codigo=138020
2023,autarquia_municipal,PREFEITURA MUNICIPAL DE DRACENA,17,393985.58,422827.83,143050.59,959864.00,PENDENTE,2022-04-28,32616,138020,TJSP DEPRE MOC,https://api.tjsp.jus.br/Handlers/Handler/FileFetch.ashx?codigo=138020
2023,autarquia_municipal,PREFEITURA MUNICIPAL DE ELDORADO,3,118515.02,0.00,0.00,118515.02,PENDENTE,2022-04-28,32616,138020,TJSP DEPRE MOC,https://api.tjsp.jus.br/Handlers/Handler/FileFetch.ashx?codigo=138020
2023,autarquia_municipal,PREFEITURA MUNICIPAL DE ELIAS FAUSTO,7,344441.35,1478868.95,232480.72,2055791.02,PENDENTE,2022-04-28,32616,138020,TJSP DEPRE MOC,https://api.tjsp.jus.br/Handlers/Handler/FileFetch.ashx?codigo=138020
2023,autarquia_municipal,PREFEITURA MUNICIPAL DE ELISIÁRIO,1,0.00,0.00,16211.92,16211.92,PENDENTE,2022-04-28,32616,138020,TJSP DEPRE MOC,https://api.tjsp.jus.br/Handlers/Handler/FileFetch.ashx?codigo=138020
2023,autarquia_municipal,PREFEITURA MUNICIPAL DE EMBU DAS ARTES,3,756572.50,0.00,38182.90,794755.40,PENDENTE,2022-04-28,32616,138020,TJSP DEPRE MOC,https://api.tjsp.jus.br/Handlers/Handler/FileFetch.ashx?codigo=138020
2023,autarquia_municipal,PREFEITURA MUNICIPAL DE EMBU-GUAÇU,5,94147.78,0.00,403747.58,497895.36,PENDENTE,2022-04-28,32616,138020,TJSP DEPRE MOC,https://api.tjsp.jus.br/Handlers/Handler/FileFetch.ashx?codigo=138020
2023,autarquia_municipal,PREFEITURA MUNICIPAL DE EMILIANÓPOLIS,1,0.00,0.00,56713.98,56713.98,PENDENTE,2022-04-28,32616,138020,TJSP DEPRE MOC,https://api.tjsp.jus.br/Handlers/Handler/FileFetch.ashx?codigo=138020
2023,autarquia_municipal,PREFEITURA MUNICIPAL DE ENGENHEIRO COELHO,2,198056.18,0.00,0.00,198056.18,PENDENTE,2022-04-28,32616,138020,TJSP DEPRE MOC,https://api.tjsp.jus.br/Handlers/Handler/FileFetch.ashx?codigo=138020
2023,autarquia_municipal,PREFEITURA MUNICIPAL DE ESPÍRITO SANTO DO PINHAL,4,0.00,0.00,121431.53,121431.53,PENDENTE,2022-04-28,32616,138020,TJSP DEPRE MOC,https://api.tjsp.jus.br/Handlers/Handler/FileFetch.ashx?codigo=138020
2023,autarquia_municipal,PREFEITURA MUNICIPAL DE ESTRELA D'OESTE,10,92887.02,0.00,584964.21,677851.23,PENDENTE,2022-04-28,32616,138020,TJSP DEPRE MOC,https://api.tjsp.jus.br/Handlers/Handler/FileFetch.ashx?codigo=138020
2023,autarquia_municipal,PREFEITURA MUNICIPAL DE ESTRELA DO NORTE,1,0.00,0.00,24336.66,24336.66,PENDENTE,2022-04-28,32616,138020,TJSP DEPRE MOC,https://api.tjsp.jus.br/Handlers/Handler/FileFetch.ashx?codigo=138020
2023,autarquia_municipal,PREFEITURA MUNICIPAL DE EUCLIDES DA CUNHA PAULISTA,5,203113.64,0.00,50966.64,254080.28,PENDENTE,2022-04-28,32616,138020,TJSP DEPRE MOC,https://api.tjsp.jus.br/Handlers/Handler/FileFetch.ashx?codigo=138020
2023,autarquia_municipal,PREFEITURA MUNICIPAL DE FARTURA,3,116589.58,0.00,0.00,116589.58,PENDENTE,2022-04-28,32616,138020,TJSP DEPRE MOC,https://api.tjsp.jus.br/Handlers/Handler/FileFetch.ashx?codigo=138020
2023,autarquia_municipal,PREFEITURA MUNICIPAL DE FERNANDO PRESTES,2,0.00,439108.38,0.00,439108.38,PENDENTE,2022-04-28,32616,138020,TJSP DEPRE MOC,https://api.tjsp.jus.br/Handlers/Handler/FileFetch.ashx?codigo=138020
2023,autarquia_municipal,PREFEITURA MUNICIPAL DE FERNANDÓPOLIS,123,1789866.71,0.00,176883.40,1966750.11,PENDENTE,2022-04-28,32616,138020,TJSP DEPRE MOC,https://api.tjsp.jus.br/Handlers/Handler/FileFetch.ashx?codigo=138020
2023,autarquia_municipal,PREFEITURA MUNICIPAL DE FERRAZ DE VASCONCELOS,21,840950.77,389483.30,842659.40,2073093.47,PENDENTE,2022-04-28,32616,138020,TJSP DEPRE MOC,https://api.tjsp.jus.br/Handlers/Handler/FileFetch.ashx?codigo=138020
2023,autarquia_municipal,PREFEITURA MUNICIPAL DE FLORA RICA,4,78804.22,0.00,47191.11,125995.33,PENDENTE,2022-04-28,32616,138020,TJSP DEPRE MOC,https://api.tjsp.jus.br/Handlers/Handler/FileFetch.ashx?codigo=138020
2023,autarquia_municipal,PREFEITURA MUNICIPAL DE FLOREAL,7,317877.70,0.00,27511.74,345389.44,PENDENTE,2022-04-28,32616,138020,TJSP DEPRE MOC,https://api.tjsp.jus.br/Handlers/Handler/FileFetch.ashx?codigo=138020
2023,autarquia_municipal,PREFEITURA MUNICIPAL DE FLÓRIDA PAULISTA,4,0.00,0.00,151244.86,151244.86,PENDENTE,2022-04-28,32616,138020,TJSP DEPRE MOC,https://api.tjsp.jus.br/Handlers/Handler/FileFetch.ashx?codigo=138020
2023,autarquia_municipal,PREFEITURA MUNICIPAL DE FLORÍNEA,1,0.00,0.00,51256.75,51256.75,PENDENTE,2022-04-28,32616,138020,TJSP DEPRE MOC,https://api.tjsp.jus.br/Handlers/Handler/FileFetch.ashx?codigo=138020
2023,autarquia_municipal,PREFEITURA MUNICIPAL DE FRANCA,17,2556826.76,0.00,134189.43,2691016.19,PENDENTE,2022-04-28,32616,138020,TJSP DEPRE MOC,https://api.tjsp.jus.br/Handlers/Handler/FileFetch.ashx?codigo=138020
2023,autarquia_municipal,PREFEITURA MUNICIPAL DE FRANCISCO MORATO,5,207493.92,0.00,118479.81,325973.73,PENDENTE,2022-04-28,32616,138020,TJSP DEPRE MOC,https://api.tjsp.jus.br/Handlers/Handler/FileFetch.ashx?codigo=138020
2023,autarquia_municipal,PREFEITURA MUNICIPAL DE FRANCO DA ROCHA,12,1197451.21,1555340.58,152467.49,2905259.28,PENDENTE,2022-04-28,32616,138020,TJSP DEPRE MOC,https://api.tjsp.jus.br/Handlers/Handler/FileFetch.ashx?codigo=138020
2023,autarquia_municipal,PREFEITURA MUNICIPAL DE GABRIEL MONTEIRO,2,125582.49,0.00,0.00,125582.49,PENDENTE,2022-04-28,32616,138020,TJSP DEPRE MOC,https://api.tjsp.jus.br/Handlers/Handler/FileFetch.ashx?codigo=138020
2023,autarquia_municipal,PREFEITURA MUNICIPAL DE GARÇA,7,117822.21,0.00,223899.65,341721.86,PENDENTE,2022-04-28,32616,138020,TJSP DEPRE MOC,https://api.tjsp.jus.br/Handlers/Handler/FileFetch.ashx?codigo=138020
2023,autarquia_municipal,PREFEITURA MUNICIPAL DE GASTÃO VIDIGAL,1,0.00,0.00,22119.01,22119.01,PENDENTE,2022-04-28,32616,138020,TJSP DEPRE MOC,https://api.tjsp.jus.br/Handlers/Handler/FileFetch.ashx?codigo=138020
2023,autarquia_municipal,PREFEITURA MUNICIPAL DE GENERAL SALGADO,10,129142.05,224081.81,161924.73,515148.59,PENDENTE,2022-04-28,32616,138020,TJSP DEPRE MOC,https://api.tjsp.jus.br/Handlers/Handler/FileFetch.ashx?codigo=138020
2023,autarquia_municipal,PREFEITURA MUNICIPAL DE GETULINA,1,418333.29,0.00,0.00,418333.29,PENDENTE,2022-04-28,32616,138020,TJSP DEPRE MOC,https://api.tjsp.jus.br/Handlers/Handler/FileFetch.ashx?codigo=138020
2023,autarquia_municipal,PREFEITURA MUNICIPAL DE GUAIÇARA,2,20276.59,0.00,32264.51,52541.10,PENDENTE,2022-04-28,32616,138020,TJSP DEPRE MOC,https://api.tjsp.jus.br/Handlers/Handler/FileFetch.ashx?codigo=138020
2023,autarquia_municipal,PREFEITURA MUNICIPAL DE GUAIMBÊ,2,147347.76,0.00,0.00,147347.76,PENDENTE,2022-04-28,32616,138020,TJSP DEPRE MOC,https://api.tjsp.jus.br/Handlers/Handler/FileFetch.ashx?codigo=138020
2023,autarquia_municipal,PREFEITURA MUNICIPAL DE GUAÍRA,1,0.00,0.00,126727.74,126727.74,PENDENTE,2022-04-28,32616,138020,TJSP DEPRE MOC,https://api.tjsp.jus.br/Handlers/Handler/FileFetch.ashx?codigo=138020
2023,autarquia_municipal,PREFEITURA MUNICIPAL DE GUAPIAÇU,1,43577.40,0.00,0.00,43577.40,PENDENTE,2022-04-28,32616,138020,TJSP DEPRE MOC,https://api.tjsp.jus.br/Handlers/Handler/FileFetch.ashx?codigo=138020
2023,autarquia_municipal,PREFEITURA MUNICIPAL DE GUAPIARA,1,0.00,0.00,29622.52,29622.52,PENDENTE,2022-04-28,32616,138020,TJSP DEPRE MOC,https://api.tjsp.jus.br/Handlers/Handler/FileFetch.ashx?codigo=138020
2023,autarquia_municipal,PREFEITURA MUNICIPAL DE GUARAÇAÍ,2,7895.43,0.00,14068.80,21964.23,PENDENTE,2022-04-28,32616,138020,TJSP DEPRE MOC,https://api.tjsp.jus.br/Handlers/Handler/FileFetch.ashx?codigo=138020
2023,autarquia_municipal,PREFEITURA MUNICIPAL DE GUARANI D'OESTE,2,133540.50,0.00,0.00,133540.50,PENDENTE,2022-04-28,32616,138020,TJSP DEPRE MOC,https://api.tjsp.jus.br/Handlers/Handler/FileFetch.ashx?codigo=138020
2023,autarquia_municipal,PREFEITURA MUNICIPAL DE GUARANTÃ,1,55753.06,0.00,0.00,55753.06,PENDENTE,2022-04-28,32616,138020,TJSP DEPRE MOC,https://api.tjsp.jus.br/Handlers/Handler/FileFetch.ashx?codigo=138020
2023,autarquia_municipal,PREFEITURA MUNICIPAL DE GUARARAPES,2,0.00,0.00,55893.21,55893.21,PENDENTE,2022-04-28,32616,138020,TJSP DEPRE MOC,https://api.tjsp.jus.br/Handlers/Handler/FileFetch.ashx?codigo=138020
2023,autarquia_municipal,PREFEITURA MUNICIPAL DE GUARAREMA,7,0.00,709165.41,76674.70,785840.11,PENDENTE,2022-04-28,32616,138020,TJSP DEPRE MOC,https://api.tjsp.jus.br/Handlers/Handler/FileFetch.ashx?codigo=138020
2023,autarquia_municipal,PREFEITURA MUNICIPAL DE GUARATINGUETÁ,11,329877.89,0.00,1716714.12,2046592.01,PENDENTE,2022-04-28,32616,138020,TJSP DEPRE MOC,https://api.tjsp.jus.br/Handlers/Handler/FileFetch.ashx?codigo=138020
2023,autarquia_municipal,PREFEITURA MUNICIPAL DE GUAREÍ,2,279542.79,0.00,0.00,279542.79,PENDENTE,2022-04-28,32616,138020,TJSP DEPRE MOC,https://api.tjsp.jus.br/Handlers/Handler/FileFetch.ashx?codigo=138020
2023,autarquia_municipal,PREFEITURA MUNICIPAL DE GUARIBA,2,0.00,0.00,121655.67,121655.67,PENDENTE,2022-04-28,32616,138020,TJSP DEPRE MOC,https://api.tjsp.jus.br/Handlers/Handler/FileFetch.ashx?codigo=138020
2023,autarquia_municipal,PREFEITURA MUNICIPAL DE GUARUJÁ,62,2870429.31,0.00,22406754.16,25277183.47,PENDENTE,2022-04-28,32616,138020,TJSP DEPRE MOC,https://api.tjsp.jus.br/Handlers/Handler/FileFetch.ashx?codigo=138020
2023,autarquia_municipal,PREFEITURA MUNICIPAL DE GUARULHOS,139,11984403.96,4787032.33,135997654.96,152769091.25,PENDENTE,2022-04-28,32616,138020,TJSP DEPRE MOC,https://api.tjsp.jus.br/Handlers/Handler/FileFetch.ashx?codigo=138020
2023,autarquia_municipal,PREFEITURA MUNICIPAL DE GUATAPARÁ,1,0.00,0.00,219060.68,219060.68,PENDENTE,2022-04-28,32616,138020,TJSP DEPRE MOC,https://api.tjsp.jus.br/Handlers/Handler/FileFetch.ashx?codigo=138020
2023,autarquia_municipal,PREFEITURA MUNICIPAL DE HERCULÂNDIA,1,21321.81,0.00,0.00,21321.81,PENDENTE,2022-04-28,32616,138020,TJSP DEPRE MOC,https://api.tjsp.jus.br/Handlers/Handler/FileFetch.ashx?codigo=138020
2023,autarquia_municipal,PREFEITURA MUNICIPAL DE HOLAMBRA,2,30312.20,0.00,309214.92,339527.12,PENDENTE,2022-04-28,32616,138020,TJSP DEPRE MOC,https://api.tjsp.jus.br/Handlers/Handler/FileFetch.ashx?codigo=138020
2023,autarquia_municipal,PREFEITURA MUNICIPAL DE HORTOLÂNDIA,51,2965353.87,0.00,88831.72,3054185.59,PENDENTE,2022-04-28,32616,138020,TJSP DEPRE MOC,https://api.tjsp.jus.br/Handlers/Handler/FileFetch.ashx?codigo=138020
2023,autarquia_municipal,PREFEITURA MUNICIPAL DE IACANGA,1,13642.27,0.00,0.00,13642.27,PENDENTE,2022-04-28,32616,138020,TJSP DEPRE MOC,https://api.tjsp.jus.br/Handlers/Handler/FileFetch.ashx?codigo=138020
2023,autarquia_municipal,PREFEITURA MUNICIPAL DE IACRI,2,0.00,0.00,169293.15,169293.15,PENDENTE,2022-04-28,32616,138020,TJSP DEPRE MOC,https://api.tjsp.jus.br/Handlers/Handler/FileFetch.ashx?codigo=138020
2023,autarquia_municipal,PREFEITURA MUNICIPAL DE IBATÉ,2,34297.80,0.00,304355.83,338653.63,PENDENTE,2022-04-28,32616,138020,TJSP DEPRE MOC,https://api.tjsp.jus.br/Handlers/Handler/FileFetch.ashx?codigo=138020
2023,autarquia_municipal,PREFEITURA MUNICIPAL DE IBIRÁ,1,234703.70,0.00,0.00,234703.70,PENDENTE,2022-04-28,32616,138020,TJSP DEPRE MOC,https://api.tjsp.jus.br/Handlers/Handler/FileFetch.ashx?codigo=138020
2023,autarquia_municipal,PREFEITURA MUNICIPAL DE IBIÚNA,6,368183.56,0.00,6356494.27,6724677.83,PENDENTE,2022-04-28,32616,138020,TJSP DEPRE MOC,https://api.tjsp.jus.br/Handlers/Handler/FileFetch.ashx?codigo=138020
2023,autarquia_municipal,PREFEITURA MUNICIPAL DE ICÉM,1,0.00,0.00,53456.61,53456.61,PENDENTE,2022-04-28,32616,138020,TJSP DEPRE MOC,https://api.tjsp.jus.br/Handlers/Handler/FileFetch.ashx?codigo=138020
2023,autarquia_municipal,PREFEITURA MUNICIPAL DE IEPÊ,7,261489.18,0.00,0.00,261489.18,PENDENTE,2022-04-28,32616,138020,TJSP DEPRE MOC,https://api.tjsp.jus.br/Handlers/Handler/FileFetch.ashx?codigo=138020
2023,autarquia_municipal,PREFEITURA MUNICIPAL DE IGARAPAVA,9,118695.42,0.00,1619483.86,1738179.28,PENDENTE,2022-04-28,32616,138020,TJSP DEPRE MOC,https://api.tjsp.jus.br/Handlers/Handler/FileFetch.ashx?codigo=138020
2023,autarquia_municipal,PREFEITURA MUNICIPAL DE IGARATÁ,2,0.00,0.00,139279.88,139279.88,PENDENTE,2022-04-28,32616,138020,TJSP DEPRE MOC,https://api.tjsp.jus.br/Handlers/Handler/FileFetch.ashx?codigo=138020
2023,autarquia_municipal,PREFEITURA MUNICIPAL DE IGUAPE,2,277324.52,0.00,0.00,277324.52,PENDENTE,2022-04-28,32616,138020,TJSP DEPRE MOC,https://api.tjsp.jus.br/Handlers/Handler/FileFetch.ashx?codigo=138020
2023,autarquia_municipal,PREFEITURA MUNICIPAL DE ILHA COMPRIDA,3,442963.12,0.00,30695.05,473658.17,PENDENTE,2022-04-28,32616,138020,TJSP DEPRE MOC,https://api.tjsp.jus.br/Handlers/Handler/FileFetch.ashx?codigo=138020
2023,autarquia_municipal,PREFEITURA MUNICIPAL DE ILHA SOLTEIRA,5,156898.58,0.00,78868.32,235766.90,PENDENTE,2022-04-28,32616,138020,TJSP DEPRE MOC,https://api.tjsp.jus.br/Handlers/Handler/FileFetch.ashx?codigo=138020
2023,autarquia_municipal,PREFEITURA MUNICIPAL DE ILHABELA,11,203249.57,0.00,209324.58,412574.15,PENDENTE,2022-04-28,32616,138020,TJSP DEPRE MOC,https://api.tjsp.jus.br/Handlers/Handler/FileFetch.ashx?codigo=138020
2023,autarquia_municipal,PREFEITURA MUNICIPAL DE INDAIATUBA,9,904843.69,2838507.39,195751.21,3939102.29,PENDENTE,2022-04-28,32616,138020,TJSP DEPRE MOC,https://api.tjsp.jus.br/Handlers/Handler/FileFetch.ashx?codigo=138020
2023,autarquia_municipal,PREFEITURA MUNICIPAL DE INDIANA,1,0.00,0.00,19541.65,19541.65,PENDENTE,2022-04-28,32616,138020,TJSP DEPRE MOC,https://api.tjsp.jus.br/Handlers/Handler/FileFetch.ashx?codigo=138020
2023,autarquia_municipal,PREFEITURA MUNICIPAL DE INDIAPORÃ,1,9898.51,0.00,0.00,9898.51,PENDENTE,2022-04-28,32616,138020,TJSP DEPRE MOC,https://api.tjsp.jus.br/Handlers/Handler/FileFetch.ashx?codigo=138020
2023,autarquia_municipal,PREFEITURA MUNICIPAL DE IPAUSSU,10,446671.53,0.00,120802.80,567474.33,PENDENTE,2022-04-28,32616,138020,TJSP DEPRE MOC,https://api.tjsp.jus.br/Handlers/Handler/FileFetch.ashx?codigo=138020
2023,autarquia_municipal,PREFEITURA MUNICIPAL DE IPERÓ,1,83312.43,0.00,0.00,83312.43,PENDENTE,2022-04-28,32616,138020,TJSP DEPRE MOC,https://api.tjsp.jus.br/Handlers/Handler/FileFetch.ashx?codigo=138020
2023,autarquia_municipal,PREFEITURA MUNICIPAL DE IPORANGA,1,0.00,0.00,475764.26,475764.26,PENDENTE,2022-04-28,32616,138020,TJSP DEPRE MOC,https://api.tjsp.jus.br/Handlers/Handler/FileFetch.ashx?codigo=138020
2023,autarquia_municipal,PREFEITURA MUNICIPAL DE IRACEMÁPOLIS,3,0.00,0.00,120417.77,120417.77,PENDENTE,2022-04-28,32616,138020,TJSP DEPRE MOC,https://api.tjsp.jus.br/Handlers/Handler/FileFetch.ashx?codigo=138020
2023,autarquia_municipal,PREFEITURA MUNICIPAL DE IRAPUÃ,2,0.00,0.00,90397.72,90397.72,PENDENTE,2022-04-28,32616,138020,TJSP DEPRE MOC,https://api.tjsp.jus.br/Handlers/Handler/FileFetch.ashx?codigo=138020
2023,autarquia_municipal,PREFEITURA MUNICIPAL DE IRAPURU,2,54988.26,0.00,0.00,54988.26,PENDENTE,2022-04-28,32616,138020,TJSP DEPRE MOC,https://api.tjsp.jus.br/Handlers/Handler/FileFetch.ashx?codigo=138020
2023,autarquia_municipal,PREFEITURA MUNICIPAL DE ITABERÁ,28,473740.44,0.00,24090.76,497831.20,PENDENTE,2022-04-28,32616,138020,TJSP DEPRE MOC,https://api.tjsp.jus.br/Handlers/Handler/FileFetch.ashx?codigo=138020
2023,autarquia_municipal,PREFEITURA MUNICIPAL DE ITAÍ,8,217887.48,0.00,62147.36,280034.84,PENDENTE,2022-04-28,32616,138020,TJSP DEPRE MOC,https://api.tjsp.jus.br/Handlers/Handler/FileFetch.ashx?codigo=138020
2023,autarquia_municipal,PREFEITURA MUNICIPAL DE ITAJOBI,2,54223.50,0.00,0.00,54223.50,PENDENTE,2022-04-28,32616,138020,TJSP DEPRE MOC,https://api.tjsp.jus.br/Handlers/Handler/FileFetch.ashx?codigo=138020
2023,autarquia_municipal,PREFEITURA MUNICIPAL DE ITANHAÉM,67,3688769.26,0.00,1068091.94,4756861.20,PENDENTE,2022-04-28,32616,138020,TJSP DEPRE MOC,https://api.tjsp.jus.br/Handlers/Handler/FileFetch.ashx?codigo=138020
2023,autarquia_municipal,PREFEITURA MUNICIPAL DE ITAPECERICA DA SERRA,20,2357901.72,6808017.17,352998.16,9518917.05,PENDENTE,2022-04-28,32616,138020,TJSP DEPRE MOC,https://api.tjsp.jus.br/Handlers/Handler/FileFetch.ashx?codigo=138020
2023,autarquia_municipal,PREFEITURA MUNICIPAL DE ITAPETININGA,40,1406850.76,1486871.22,323144.16,3216866.14,PENDENTE,2022-04-28,32616,138020,TJSP DEPRE MOC,https://api.tjsp.jus.br/Handlers/Handler/FileFetch.ashx?codigo=138020
2023,autarquia_municipal,PREFEITURA MUNICIPAL DE ITAPEVA,54,1973524.77,0.00,2012454.55,3985979.32,PENDENTE,2022-04-28,32616,138020,TJSP DEPRE MOC,https://api.tjsp.jus.br/Handlers/Handler/FileFetch.ashx?codigo=138020
2023,autarquia_municipal,PREFEITURA MUNICIPAL DE ITAPEVI,16,779273.98,1515995.88,154543.42,2449813.28,PENDENTE,2022-04-28,32616,138020,TJSP DEPRE MOC,https://api.tjsp.jus.br/Handlers/Handler/FileFetch.ashx?codigo=138020
2023,autarquia_municipal,PREFEITURA MUNICIPAL DE ITAPIRA,43,3759621.27,0.00,0.00,3759621.27,PENDENTE,2022-04-28,32616,138020,TJSP DEPRE MOC,https://api.tjsp.jus.br/Handlers/Handler/FileFetch.ashx?codigo=138020
2023,autarquia_municipal,PREFEITURA MUNICIPAL DE ITAPIRAPUÃ PAULISTA,1,0.00,0.00,71153.22,71153.22,PENDENTE,2022-04-28,32616,138020,TJSP DEPRE MOC,https://api.tjsp.jus.br/Handlers/Handler/FileFetch.ashx?codigo=138020
2023,autarquia_municipal,PREFEITURA MUNICIPAL DE ITÁPOLIS,25,442774.78,0.00,923360.58,1366135.36,PENDENTE,2022-04-28,32616,138020,TJSP DEPRE MOC,https://api.tjsp.jus.br/Handlers/Handler/FileFetch.ashx?codigo=138020
2023,autarquia_municipal,PREFEITURA MUNICIPAL DE ITAPUÍ,1,19571.03,0.00,0.00,19571.03,PENDENTE,2022-04-28,32616,138020,TJSP DEPRE MOC,https://api.tjsp.jus.br/Handlers/Handler/FileFetch.ashx?codigo=138020
2023,autarquia_municipal,PREFEITURA MUNICIPAL DE ITAPURA,2,196912.09,0.00,0.00,196912.09,PENDENTE,2022-04-28,32616,138020,TJSP DEPRE MOC,https://api.tjsp.jus.br/Handlers/Handler/FileFetch.ashx?codigo=138020
2023,autarquia_municipal,PREFEITURA MUNICIPAL DE ITAQUAQUECETUBA,19,3616106.69,46436.30,2282039.42,5944582.41,PENDENTE,2022-04-28,32616,138020,TJSP DEPRE MOC,https://api.tjsp.jus.br/Handlers/Handler/FileFetch.ashx?codigo=138020
2023,autarquia_municipal,PREFEITURA MUNICIPAL DE ITARARÉ,12,249118.63,0.00,0.00,249118.63,PENDENTE,2022-04-28,32616,138020,TJSP DEPRE MOC,https://api.tjsp.jus.br/Handlers/Handler/FileFetch.ashx?codigo=138020
2023,autarquia_municipal,PREFEITURA MUNICIPAL DE ITARIRI,2,0.00,101490.82,0.00,101490.82,PENDENTE,2022-04-28,32616,138020,TJSP DEPRE MOC,https://api.tjsp.jus.br/Handlers/Handler/FileFetch.ashx?codigo=138020
2023,autarquia_municipal,PREFEITURA MUNICIPAL DE ITATIBA,10,159678.01,86373.34,92205.39,338256.74,PENDENTE,2022-04-28,32616,138020,TJSP DEPRE MOC,https://api.tjsp.jus.br/Handlers/Handler/FileFetch.ashx?codigo=138020
2023,autarquia_municipal,PREFEITURA MUNICIPAL DE ITATINGA,13,1000287.68,0.00,124560.98,1124848.66,PENDENTE,2022-04-28,32616,138020,TJSP DEPRE MOC,https://api.tjsp.jus.br/Handlers/Handler/FileFetch.ashx?codigo=138020
2023,autarquia_municipal,PREFEITURA MUNICIPAL DE ITOBI,1,40822.41,0.00,0.00,40822.41,PENDENTE,2022-04-28,32616,138020,TJSP DEPRE MOC,https://api.tjsp.jus.br/Handlers/Handler/FileFetch.ashx?codigo=138020
2023,autarquia_municipal,PREFEITURA MUNICIPAL DE ITU,45,1989599.30,0.00,504257.58,2493856.88,PENDENTE,2022-04-28,32616,138020,TJSP DEPRE MOC,https://api.tjsp.jus.br/Handlers/Handler/FileFetch.ashx?codigo=138020
2023,autarquia_municipal,PREFEITURA MUNICIPAL DE ITUPEVA,15,1019860.57,0.00,5692221.50,6712082.07,PENDENTE,2022-04-28,32616,138020,TJSP DEPRE MOC,https://api.tjsp.jus.br/Handlers/Handler/FileFetch.ashx?codigo=138020
2023,autarquia_municipal,PREFEITURA MUNICIPAL DE ITUVERAVA,35,633743.96,0.00,411331.42,1045075.38,PENDENTE,2022-04-28,32616,138020,TJSP DEPRE MOC,https://api.tjsp.jus.br/Handlers/Handler/FileFetch.ashx?codigo=138020
2023,autarquia_municipal,PREFEITURA MUNICIPAL DE JABOTICABAL,15,842750.05,0.00,30689.80,873439.85,PENDENTE,2022-04-28,32616,138020,TJSP DEPRE MOC,https://api.tjsp.jus.br/Handlers/Handler/FileFetch.ashx?codigo=138020
2023,autarquia_municipal,PREFEITURA MUNICIPAL DE JACAREÍ,33,1510666.77,66985.50,1235351.75,2813004.02,PENDENTE,2022-04-28,32616,138020,TJSP DEPRE MOC,https://api.tjsp.jus.br/Handlers/Handler/FileFetch.ashx?codigo=138020
2023,autarquia_municipal,PREFEITURA MUNICIPAL DE JACI,1,57858.58,0.00,0.00,57858.58,PENDENTE,2022-04-28,32616,138020,TJSP DEPRE MOC,https://api.tjsp.jus.br/Handlers/Handler/FileFetch.ashx?codigo=138020
2023,autarquia_municipal,PREFEITURA MUNICIPAL DE JACUPIRANGA,6,0.00,123838.31,0.00,123838.31,PENDENTE,2022-04-28,32616,138020,TJSP DEPRE MOC,https://api.tjsp.jus.br/Handlers/Handler/FileFetch.ashx?codigo=138020
2023,autarquia_municipal,PREFEITURA MUNICIPAL DE JAGUARIÚNA,14,1054774.10,0.00,0.00,1054774.10,PENDENTE,2022-04-28,32616,138020,TJSP DEPRE MOC,https://api.tjsp.jus.br/Handlers/Handler/FileFetch.ashx?codigo=138020
2023,autarquia_municipal,PREFEITURA MUNICIPAL DE JAHU,34,842281.47,4987401.32,579764.09,6409446.88,PENDENTE,2022-04-28,32616,138020,TJSP DEPRE MOC,https://api.tjsp.jus.br/Handlers/Handler/FileFetch.ashx?codigo=138020
2023,autarquia_municipal,PREFEITURA MUNICIPAL DE JALES,216,9028725.55,0.00,481203.71,9509929.26,PENDENTE,2022-04-28,32616,138020,TJSP DEPRE MOC,https://api.tjsp.jus.br/Handlers/Handler/FileFetch.ashx?codigo=138020
2023,autarquia_municipal,PREFEITURA MUNICIPAL DE JAMBEIRO,1,0.00,0.00,1118745.92,1118745.92,PENDENTE,2022-04-28,32616,138020,TJSP DEPRE MOC,https://api.tjsp.jus.br/Handlers/Handler/FileFetch.ashx?codigo=138020
2023,autarquia_municipal,PREFEITURA MUNICIPAL DE JANDIRA,72,2026710.60,1118745.39,276202.05,3421658.04,PENDENTE,2022-04-28,32616,138020,TJSP DEPRE MOC,https://api.tjsp.jus.br/Handlers/Handler/FileFetch.ashx?codigo=138020
2023,autarquia_municipal,PREFEITURA MUNICIPAL DE JARDINÓPOLIS,4,195221.51,0.00,516864.36,712085.87,PENDENTE,2022-04-28,32616,138020,TJSP DEPRE MOC,https://api.tjsp.jus.br/Handlers/Handler/FileFetch.ashx?codigo=138020
2023,autarquia_municipal,PREFEITURA MUNICIPAL DE JARINU,2,0.00,0.00,90381.27,90381.27,PENDENTE,2022-04-28,32616,138020,TJSP DEPRE MOC,https://api.tjsp.jus.br/Handlers/Handler/FileFetch.ashx?codigo=138020
2023,autarquia_municipal,PREFEITURA MUNICIPAL DE JERIQUARA,1,14316.68,0.00,0.00,14316.68,PENDENTE,2022-04-28,32616,138020,TJSP DEPRE MOC,https://api.tjsp.jus.br/Handlers/Handler/FileFetch.ashx?codigo=138020
2023,autarquia_municipal,PREFEITURA MUNICIPAL DE JOÃO RAMALHO,9,120121.13,66870.38,225104.22,412095.73,PENDENTE,2022-04-28,32616,138020,TJSP DEPRE MOC,https://api.tjsp.jus.br/Handlers/Handler/FileFetch.ashx?codigo=138020
2023,autarquia_municipal,PREFEITURA MUNICIPAL DE JOSÉ BONIFÁCIO,3,0.00,0.00,118288.41,118288.41,PENDENTE,2022-04-28,32616,138020,TJSP DEPRE MOC,https://api.tjsp.jus.br/Handlers/Handler/FileFetch.ashx?codigo=138020
2023,autarquia_municipal,PREFEITURA MUNICIPAL DE JUMIRIM,1,26503.07,0.00,0.00,26503.07,PENDENTE,2022-04-28,32616,138020,TJSP DEPRE MOC,https://api.tjsp.jus.br/Handlers/Handler/FileFetch.ashx?codigo=138020
2023,autarquia_municipal,PREFEITURA MUNICIPAL DE JUNDIAÍ,17,898943.40,21454590.18,1081432.49,23434966.07,PENDENTE,2022-04-28,32616,138020,TJSP DEPRE MOC,https://api.tjsp.jus.br/Handlers/Handler/FileFetch.ashx?codigo=138020
2023,autarquia_municipal,PREFEITURA MUNICIPAL DE JUNQUEIRÓPOLIS,2,0.00,67279.58,0.00,67279.58,PENDENTE,2022-04-28,32616,138020,TJSP DEPRE MOC,https://api.tjsp.jus.br/Handlers/Handler/FileFetch.ashx?codigo=138020
2023,autarquia_municipal,PREFEITURA MUNICIPAL DE JUQUIÁ,4,451845.08,0.00,1298961.37,1750806.45,PENDENTE,2022-04-28,32616,138020,TJSP DEPRE MOC,https://api.tjsp.jus.br/Handlers/Handler/FileFetch.ashx?codigo=138020
2023,autarquia_municipal,PREFEITURA MUNICIPAL DE JUQUITIBA,10,80915.49,0.00,1151146.69,1232062.18,PENDENTE,2022-04-28,32616,138020,TJSP DEPRE MOC,https://api.tjsp.jus.br/Handlers/Handler/FileFetch.ashx?codigo=138020
2023,autarquia_municipal,PREFEITURA MUNICIPAL DE LARANJAL PAULISTA,3,22652.80,0.00,11415.04,34067.84,PENDENTE,2022-04-28,32616,138020,TJSP DEPRE MOC,https://api.tjsp.jus.br/Handlers/Handler/FileFetch.ashx?codigo=138020
2023,autarquia_municipal,PREFEITURA MUNICIPAL DE LAVÍNIA,2,84220.62,0.00,0.00,84220.62,PENDENTE,2022-04-28,32616,138020,TJSP DEPRE MOC,https://api.tjsp.jus.br/Handlers/Handler/FileFetch.ashx?codigo=138020
2023,autarquia_municipal,PREFEITURA MUNICIPAL DE LEME,41,2660687.33,0.00,501337.13,3162024.46,PENDENTE,2022-04-28,32616,138020,TJSP DEPRE MOC,https://api.tjsp.jus.br/Handlers/Handler/FileFetch.ashx?codigo=138020
2023,autarquia_municipal,PREFEITURA MUNICIPAL DE LENÇÓIS PAULISTA,6,343810.54,0.00,0.00,343810.54,PENDENTE,2022-04-28,32616,138020,TJSP DEPRE MOC,https://api.tjsp.jus.br/Handlers/Handler/FileFetch.ashx?codigo=138020
2023,autarquia_municipal,PREFEITURA MUNICIPAL DE LIMEIRA,24,3016211.85,0.00,3561771.61,6577983.46,PENDENTE,2022-04-28,32616,138020,TJSP DEPRE MOC,https://api.tjsp.jus.br/Handlers/Handler/FileFetch.ashx?codigo=138020
2023,autarquia_municipal,PREFEITURA MUNICIPAL DE LINS,2,320047.63,0.00,0.00,320047.63,PENDENTE,2022-04-28,32616,138020,TJSP DEPRE MOC,https://api.tjsp.jus.br/Handlers/Handler/FileFetch.ashx?codigo=138020
2023,autarquia_municipal,PREFEITURA MUNICIPAL DE LORENA,12,232808.51,0.00,1904003.73,2136812.24,PENDENTE,2022-04-28,32616,138020,TJSP DEPRE MOC,https://api.tjsp.jus.br/Handlers/Handler/FileFetch.ashx?codigo=138020
2023,autarquia_municipal,PREFEITURA MUNICIPAL DE LOUVEIRA,15,258816.67,0.00,184199.81,443016.48,PENDENTE,2022-04-28,32616,138020,TJSP DEPRE MOC,https://api.tjsp.jus.br/Handlers/Handler/FileFetch.ashx?codigo=138020
2023,autarquia_municipal,PREFEITURA MUNICIPAL DE LUCÉLIA,11,314919.89,0.00,110994.85,425914.74,PENDENTE,2022-04-28,32616,138020,TJSP DEPRE MOC,https://api.tjsp.jus.br/Handlers/Handler/FileFetch.ashx?codigo=138020
2023,autarquia_municipal,PREFEITURA MUNICIPAL DE LUCIANÓPOLIS,1,0.00,0.00,59929.43,59929.43,PENDENTE,2022-04-28,32616,138020,TJSP DEPRE MOC,https://api.tjsp.jus.br/Handlers/Handler/FileFetch.ashx?codigo=138020
2023,autarquia_municipal,PREFEITURA MUNICIPAL DE LUIZ ANTÔNIO,6,179791.02,0.00,148316.06,328107.08,PENDENTE,2022-04-28,32616,138020,TJSP DEPRE MOC,https://api.tjsp.jus.br/Handlers/Handler/FileFetch.ashx?codigo=138020
2023,autarquia_municipal,PREFEITURA MUNICIPAL DE MACAUBAL,20,475717.80,0.00,241054.26,716772.06,PENDENTE,2022-04-28,32616,138020,TJSP DEPRE MOC,https://api.tjsp.jus.br/Handlers/Handler/FileFetch.ashx?codigo=138020
2023,autarquia_municipal,PREFEITURA MUNICIPAL DE MAGDA,8,425447.91,0.00,0.00,425447.91,PENDENTE,2022-04-28,32616,138020,TJSP DEPRE MOC,https://api.tjsp.jus.br/Handlers/Handler/FileFetch.ashx?codigo=138020
2023,autarquia_municipal,PREFEITURA MUNICIPAL DE MAIRINQUE,6,33495.84,0.00,462287.82,495783.66,PENDENTE,2022-04-28,32616,138020,TJSP DEPRE MOC,https://api.tjsp.jus.br/Handlers/Handler/FileFetch.ashx?codigo=138020
2023,autarquia_municipal,PREFEITURA MUNICIPAL DE MAIRIPORÃ,4,138675.98,141230.32,174296.31,454202.61,PENDENTE,2022-04-28,32616,138020,TJSP DEPRE MOC,https://api.tjsp.jus.br/Handlers/Handler/FileFetch.ashx?codigo=138020
2023,autarquia_municipal,PREFEITURA MUNICIPAL DE MANDURI,3,16983.89,0.00,253073.16,270057.05,PENDENTE,2022-04-28,32616,138020,TJSP DEPRE MOC,https://api.tjsp.jus.br/Handlers/Handler/FileFetch.ashx?codigo=138020
2023,autarquia_municipal,PREFEITURA MUNICIPAL DE MARABÁ PAULISTA,2,56497.36,0.00,90650.14,147147.50,PENDENTE,2022-04-28,32616,138020,TJSP DEPRE MOC,https://api.tjsp.jus.br/Handlers/Handler/FileFetch.ashx?codigo=138020
2023,autarquia_municipal,PREFEITURA MUNICIPAL DE MARACAÍ,1,0.00,0.00,34516.63,34516.63,PENDENTE,2022-04-28,32616,138020,TJSP DEPRE MOC,https://api.tjsp.jus.br/Handlers/Handler/FileFetch.ashx?codigo=138020
2023,autarquia_municipal,PREFEITURA MUNICIPAL DE MARÍLIA,35,2589675.26,2568525.55,4482717.57,9640918.38,PENDENTE,2022-04-28,32616,138020,TJSP DEPRE MOC,https://api.tjsp.jus.br/Handlers/Handler/FileFetch.ashx?codigo=138020
2023,autarquia_municipal,PREFEITURA MUNICIPAL DE MARINÓPOLIS,4,74208.44,0.00,0.00,74208.44,PENDENTE,2022-04-28,32616,138020,TJSP DEPRE MOC,https://api.tjsp.jus.br/Handlers/Handler/FileFetch.ashx?codigo=138020
2023,autarquia_municipal,PREFEITURA MUNICIPAL DE MARTINÓPOLIS,14,481648.28,0.00,209503.57,691151.85,PENDENTE,2022-04-28,32616,138020,TJSP DEPRE MOC,https://api.tjsp.jus.br/Handlers/Handler/FileFetch.ashx?codigo=138020
2023,autarquia_municipal,PREFEITURA MUNICIPAL DE MATÃO,18,319944.21,0.00,2052901.04,2372845.25,PENDENTE,2022-04-28,32616,138020,TJSP DEPRE MOC,https://api.tjsp.jus.br/Handlers/Handler/FileFetch.ashx?codigo=138020
2023,autarquia_municipal,PREFEITURA MUNICIPAL DE MAUÁ,50,2608008.10,457284.95,12822502.29,15887795.34,PENDENTE,2022-04-28,32616,138020,TJSP DEPRE MOC,https://api.tjsp.jus.br/Handlers/Handler/FileFetch.ashx?codigo=138020
2023,autarquia_municipal,PREFEITURA MUNICIPAL DE MERIDIANO,19,1344416.95,0.00,0.00,1344416.95,PENDENTE,2022-04-28,32616,138020,TJSP DEPRE MOC,https://api.tjsp.jus.br/Handlers/Handler/FileFetch.ashx?codigo=138020
2023,autarquia_municipal,PREFEITURA MUNICIPAL DE MESÓPOLIS,2,15554.42,0.00,315218.54,330772.96,PENDENTE,2022-04-28,32616,138020,TJSP DEPRE MOC,https://api.tjsp.jus.br/Handlers/Handler/FileFetch.ashx?codigo=138020
2023,autarquia_municipal,PREFEITURA MUNICIPAL DE MIGUELÓPOLIS,8,165885.27,0.00,515336.36,681221.63,PENDENTE,2022-04-28,32616,138020,TJSP DEPRE MOC,https://api.tjsp.jus.br/Handlers/Handler/FileFetch.ashx?codigo=138020
2023,autarquia_municipal,PREFEITURA MUNICIPAL DE MINEIROS DO TIETÊ,1,51365.11,0.00,0.00,51365.11,PENDENTE,2022-04-28,32616,138020,TJSP DEPRE MOC,https://api.tjsp.jus.br/Handlers/Handler/FileFetch.ashx?codigo=138020
2023,autarquia_municipal,PREFEITURA MUNICIPAL DE MIRACATU,4,56275.54,0.00,233057.64,289333.18,PENDENTE,2022-04-28,32616,138020,TJSP DEPRE MOC,https://api.tjsp.jus.br/Handlers/Handler/FileFetch.ashx?codigo=138020
2023,autarquia_municipal,PREFEITURA MUNICIPAL DE MIRANDÓPOLIS,27,787663.73,400411.56,0.00,1188075.29,PENDENTE,2022-04-28,32616,138020,TJSP DEPRE MOC,https://api.tjsp.jus.br/Handlers/Handler/FileFetch.ashx?codigo=138020
2023,autarquia_municipal,PREFEITURA MUNICIPAL DE MIRANTE DO PARANAPANEMA,101,13339282.93,0.00,434252.40,13773535.33,PENDENTE,2022-04-28,32616,138020,TJSP DEPRE MOC,https://api.tjsp.jus.br/Handlers/Handler/FileFetch.ashx?codigo=138020
2023,autarquia_municipal,PREFEITURA MUNICIPAL DE MIRASSOL,2,0.00,0.00,92453.93,92453.93,PENDENTE,2022-04-28,32616,138020,TJSP DEPRE MOC,https://api.tjsp.jus.br/Handlers/Handler/FileFetch.ashx?codigo=138020
2023,autarquia_municipal,PREFEITURA MUNICIPAL DE MOCOCA,4,38813.81,0.00,259981.84,298795.65,PENDENTE,2022-04-28,32616,138020,TJSP DEPRE MOC,https://api.tjsp.jus.br/Handlers/Handler/FileFetch.ashx?codigo=138020
2023,autarquia_municipal,PREFEITURA MUNICIPAL DE MOGI DAS CRUZES,124,10246956.37,729406.63,536030.90,11512393.90,PENDENTE,2022-04-28,32616,138020,TJSP DEPRE MOC,https://api.tjsp.jus.br/Handlers/Handler/FileFetch.ashx?codigo=138020
2023,autarquia_municipal,PREFEITURA MUNICIPAL DE MOGI GUAÇU,20,1002518.44,0.00,2128768.52,3131286.96,PENDENTE,2022-04-28,32616,138020,TJSP DEPRE MOC,https://api.tjsp.jus.br/Handlers/Handler/FileFetch.ashx?codigo=138020
2023,autarquia_municipal,PREFEITURA MUNICIPAL DE MOGI MIRIM,5,340867.79,0.00,123301.78,464169.57,PENDENTE,2022-04-28,32616,138020,TJSP DEPRE MOC,https://api.tjsp.jus.br/Handlers/Handler/FileFetch.ashx?codigo=138020
2023,autarquia_municipal,PREFEITURA MUNICIPAL DE MONÇÕES,1,67824.35,0.00,0.00,67824.35,PENDENTE,2022-04-28,32616,138020,TJSP DEPRE MOC,https://api.tjsp.jus.br/Handlers/Handler/FileFetch.ashx?codigo=138020
2023,autarquia_municipal,PREFEITURA MUNICIPAL DE MONGAGUÁ,33,2675710.72,306498.66,4560567.37,7542776.75,PENDENTE,2022-04-28,32616,138020,TJSP DEPRE MOC,https://api.tjsp.jus.br/Handlers/Handler/FileFetch.ashx?codigo=138020
2023,autarquia_municipal,PREFEITURA MUNICIPAL DE MONTE ALEGRE DO SUL,2,0.00,0.00,21094.83,21094.83,PENDENTE,2022-04-28,32616,138020,TJSP DEPRE MOC,https://api.tjsp.jus.br/Handlers/Handler/FileFetch.ashx?codigo=138020
2023,autarquia_municipal,PREFEITURA MUNICIPAL DE MONTE ALTO,6,1764150.55,0.00,0.00,1764150.55,PENDENTE,2022-04-28,32616,138020,TJSP DEPRE MOC,https://api.tjsp.jus.br/Handlers/Handler/FileFetch.ashx?codigo=138020
2023,autarquia_municipal,PREFEITURA MUNICIPAL DE MONTE APRAZÍVEL,2,42116.90,0.00,0.00,42116.90,PENDENTE,2022-04-28,32616,138020,TJSP DEPRE MOC,https://api.tjsp.jus.br/Handlers/Handler/FileFetch.ashx?codigo=138020
2023,autarquia_municipal,PREFEITURA MUNICIPAL DE MONTE AZUL PAULISTA,4,193167.28,2147437.16,409989.86,2750594.30,PENDENTE,2022-04-28,32616,138020,TJSP DEPRE MOC,https://api.tjsp.jus.br/Handlers/Handler/FileFetch.ashx?codigo=138020
2023,autarquia_municipal,PREFEITURA MUNICIPAL DE MONTE CASTELO,1,304157.62,0.00,0.00,304157.62,PENDENTE,2022-04-28,32616,138020,TJSP DEPRE MOC,https://api.tjsp.jus.br/Handlers/Handler/FileFetch.ashx?codigo=138020
2023,autarquia_municipal,PREFEITURA MUNICIPAL DE MONTE MOR,10,1836188.27,0.00,3126827.47,4963015.74,PENDENTE,2022-04-28,32616,138020,TJSP DEPRE MOC,https://api.tjsp.jus.br/Handlers/Handler/FileFetch.ashx?codigo=138020
2023,autarquia_municipal,PREFEITURA MUNICIPAL DE MONTEIRO LOBATO,5,150421.41,0.00,246522.58,396943.99,PENDENTE,2022-04-28,32616,138020,TJSP DEPRE MOC,https://api.tjsp.jus.br/Handlers/Handler/FileFetch.ashx?codigo=138020
2023,autarquia_municipal,PREFEITURA MUNICIPAL DE MORRO AGUDO,5,534906.25,0.00,2412247.25,2947153.50,PENDENTE,2022-04-28,32616,138020,TJSP DEPRE MOC,https://api.tjsp.jus.br/Handlers/Handler/FileFetch.ashx?codigo=138020
2023,autarquia_municipal,PREFEITURA MUNICIPAL DE MORUNGABA,6,66095.81,0.00,704872.54,770968.35,PENDENTE,2022-04-28,32616,138020,TJSP DEPRE MOC,https://api.tjsp.jus.br/Handlers/Handler/FileFetch.ashx?codigo=138020
2023,autarquia_municipal,PREFEITURA MUNICIPAL DE MOTUCA,1,33224.00,0.00,0.00,33224.00,PENDENTE,2022-04-28,32616,138020,TJSP DEPRE MOC,https://api.tjsp.jus.br/Handlers/Handler/FileFetch.ashx?codigo=138020
2023,autarquia_municipal,PREFEITURA MUNICIPAL DE MURUTINGA DO SUL,6,267135.91,0.00,0.00,267135.91,PENDENTE,2022-04-28,32616,138020,TJSP DEPRE MOC,https://api.tjsp.jus.br/Handlers/Handler/FileFetch.ashx?codigo=138020
2023,autarquia_municipal,PREFEITURA MUNICIPAL DE NEVES PAULISTA,19,311111.75,0.00,44438.32,355550.07,PENDENTE,2022-04-28,32616,138020,TJSP DEPRE MOC,https://api.tjsp.jus.br/Handlers/Handler/FileFetch.ashx?codigo=138020
2023,autarquia_municipal,PREFEITURA MUNICIPAL DE NIPOÃ,8,106431.75,0.00,225096.97,331528.72,PENDENTE,2022-04-28,32616,138020,TJSP DEPRE MOC,https://api.tjsp.jus.br/Handlers/Handler/FileFetch.ashx?codigo=138020
2023,autarquia_municipal,PREFEITURA MUNICIPAL DE NOVA ALIANÇA,2,0.00,4767591.42,8797.27,4776388.69,PENDENTE,2022-04-28,32616,138020,TJSP DEPRE MOC,https://api.tjsp.jus.br/Handlers/Handler/FileFetch.ashx?codigo=138020
2023,autarquia_municipal,PREFEITURA MUNICIPAL DE NOVA CAMPINA,96,3371032.06,0.00,40436.01,3411468.07,PENDENTE,2022-04-28,32616,138020,TJSP DEPRE MOC,https://api.tjsp.jus.br/Handlers/Handler/FileFetch.ashx?codigo=138020
2023,autarquia_municipal,PREFEITURA MUNICIPAL DE NOVA CANAÃ PAULISTA,1,26313.24,0.00,0.00,26313.24,PENDENTE,2022-04-28,32616,138020,TJSP DEPRE MOC,https://api.tjsp.jus.br/Handlers/Handler/FileFetch.ashx?codigo=138020
2023,autarquia_municipal,PREFEITURA MUNICIPAL DE NOVA GUATAPORANGA,4,95012.13,0.00,0.00,95012.13,PENDENTE,2022-04-28,32616,138020,TJSP DEPRE MOC,https://api.tjsp.jus.br/Handlers/Handler/FileFetch.ashx?codigo=138020
2023,autarquia_municipal,PREFEITURA MUNICIPAL DE NOVA LUZITÂNIA,1,60845.04,0.00,0.00,60845.04,PENDENTE,2022-04-28,32616,138020,TJSP DEPRE MOC,https://api.tjsp.jus.br/Handlers/Handler/FileFetch.ashx?codigo=138020
2023,autarquia_municipal,PREFEITURA MUNICIPAL DE NOVA ODESSA,5,29693.19,0.00,215758.31,245451.50,PENDENTE,2022-04-28,32616,138020,TJSP DEPRE MOC,https://api.tjsp.jus.br/Handlers/Handler/FileFetch.ashx?codigo=138020
2023,autarquia_municipal,PREFEITURA MUNICIPAL DE NOVAIS,3,36548.43,0.00,43887.43,80435.86,PENDENTE,2022-04-28,32616,138020,TJSP DEPRE MOC,https://api.tjsp.jus.br/Handlers/Handler/FileFetch.ashx?codigo=138020
2023,autarquia_municipal,PREFEITURA MUNICIPAL DE NOVO HORIZONTE,1,198871.39,0.00,0.00,198871.39,PENDENTE,2022-04-28,32616,138020,TJSP DEPRE MOC,https://api.tjsp.jus.br/Handlers/Handler/FileFetch.ashx?codigo=138020
2023,autarquia_municipal,PREFEITURA MUNICIPAL DE ÓLEO,3,101700.31,0.00,0.00,101700.31,PENDENTE,2022-04-28,32616,138020,TJSP DEPRE MOC,https://api.tjsp.jus.br/Handlers/Handler/FileFetch.ashx?codigo=138020
2023,autarquia_municipal,PREFEITURA MUNICIPAL DE OLÍMPIA,6,307918.76,0.00,35047.09,342965.85,PENDENTE,2022-04-28,32616,138020,TJSP DEPRE MOC,https://api.tjsp.jus.br/Handlers/Handler/FileFetch.ashx?codigo=138020
2023,autarquia_municipal,PREFEITURA MUNICIPAL DE ONDA VERDE,2,0.00,642973.02,9249.16,652222.18,PENDENTE,2022-04-28,32616,138020,TJSP DEPRE MOC,https://api.tjsp.jus.br/Handlers/Handler/FileFetch.ashx?codigo=138020
2023,autarquia_municipal,PREFEITURA MUNICIPAL DE ORLÂNDIA,5,51890.46,0.00,39458.45,91348.91,PENDENTE,2022-04-28,32616,138020,TJSP DEPRE MOC,https://api.tjsp.jus.br/Handlers/Handler/FileFetch.ashx?codigo=138020
2023,autarquia_municipal,PREFEITURA MUNICIPAL DE OSASCO,30,4551259.62,1048407.67,1137556.81,6737224.10,PENDENTE,2022-04-28,32616,138020,TJSP DEPRE MOC,https://api.tjsp.jus.br/Handlers/Handler/FileFetch.ashx?codigo=138020
2023,autarquia_municipal,PREFEITURA MUNICIPAL DE OSVALDO CRUZ,9,318169.92,0.00,2033688.29,2351858.21,PENDENTE,2022-04-28,32616,138020,TJSP DEPRE MOC,https://api.tjsp.jus.br/Handlers/Handler/FileFetch.ashx?codigo=138020
2023,autarquia_municipal,PREFEITURA MUNICIPAL DE OURINHOS,9,339838.69,0.00,244887.31,584726.00,PENDENTE,2022-04-28,32616,138020,TJSP DEPRE MOC,https://api.tjsp.jus.br/Handlers/Handler/FileFetch.ashx?codigo=138020
2023,autarquia_municipal,PREFEITURA MUNICIPAL DE OURO VERDE,6,122381.39,0.00,0.00,122381.39,PENDENTE,2022-04-28,32616,138020,TJSP DEPRE MOC,https://api.tjsp.jus.br/Handlers/Handler/FileFetch.ashx?codigo=138020
2023,autarquia_municipal,PREFEITURA MUNICIPAL DE OUROESTE,3,36389.08,0.00,40880.63,77269.71,PENDENTE,2022-04-28,32616,138020,TJSP DEPRE MOC,https://api.tjsp.jus.br/Handlers/Handler/FileFetch.ashx?codigo=138020
2023,autarquia_municipal,PREFEITURA MUNICIPAL DE PACAEMBU,1,0.00,0.00,34284.48,34284.48,PENDENTE,2022-04-28,32616,138020,TJSP DEPRE MOC,https://api.tjsp.jus.br/Handlers/Handler/FileFetch.ashx?codigo=138020
2023,autarquia_municipal,PREFEITURA MUNICIPAL DE PALMEIRA D'OESTE,9,156741.71,0.00,17613.13,174354.84,PENDENTE,2022-04-28,32616,138020,TJSP DEPRE MOC,https://api.tjsp.jus.br/Handlers/Handler/FileFetch.ashx?codigo=138020
2023,autarquia_municipal,PREFEITURA MUNICIPAL DE PALMITAL,9,433038.96,0.00,21422.19,454461.15,PENDENTE,2022-04-28,32616,138020,TJSP DEPRE MOC,https://api.tjsp.jus.br/Handlers/Handler/FileFetch.ashx?codigo=138020
2023,autarquia_municipal,PREFEITURA MUNICIPAL DE PANORAMA,5,0.00,0.00,445497.80,445497.80,PENDENTE,2022-04-28,32616,138020,TJSP DEPRE MOC,https://api.tjsp.jus.br/Handlers/Handler/FileFetch.ashx?codigo=138020
2023,autarquia_municipal,PREFEITURA MUNICIPAL DE PARAGUAÇU PAULISTA,68,5108559.17,6936976.37,13252031.55,25297567.09,PENDENTE,2022-04-28,32616,138020,TJSP DEPRE MOC,https://api.tjsp.jus.br/Handlers/Handler/FileFetch.ashx?codigo=138020
2023,autarquia_municipal,PREFEITURA MUNICIPAL DE PARAIBUNA,2,81097.19,0.00,361141.53,442238.72,PENDENTE,2022-04-28,32616,138020,TJSP DEPRE MOC,https://api.tjsp.jus.br/Handlers/Handler/FileFetch.ashx?codigo=138020
2023,autarquia_municipal,PREFEITURA MUNICIPAL DE PARAÍSO,2,102157.98,0.00,30025.35,132183.33,PENDENTE,2022-04-28,32616,138020,TJSP DEPRE MOC,https://api.tjsp.jus.br/Handlers/Handler/FileFetch.ashx?codigo=138020
2023,autarquia_municipal,PREFEITURA MUNICIPAL DE PARANAPANEMA,34,1148340.71,0.00,1652157.99,2800498.70,PENDENTE,2022-04-28,32616,138020,TJSP DEPRE MOC,https://api.tjsp.jus.br/Handlers/Handler/FileFetch.ashx?codigo=138020
2023,autarquia_municipal,PREFEITURA MUNICIPAL DE PARANAPUÃ,2,21648.95,0.00,0.00,21648.95,PENDENTE,2022-04-28,32616,138020,TJSP DEPRE MOC,https://api.tjsp.jus.br/Handlers/Handler/FileFetch.ashx?codigo=138020
2023,autarquia_municipal,PREFEITURA MUNICIPAL DE PARAPUÃ,1,0.00,0.00,30563.18,30563.18,PENDENTE,2022-04-28,32616,138020,TJSP DEPRE MOC,https://api.tjsp.jus.br/Handlers/Handler/FileFetch.ashx?codigo=138020
2023,autarquia_municipal,PREFEITURA MUNICIPAL DE PARISI,9,106224.56,0.00,57461.66,163686.22,PENDENTE,2022-04-28,32616,138020,TJSP DEPRE MOC,https://api.tjsp.jus.br/Handlers/Handler/FileFetch.ashx?codigo=138020
2023,autarquia_municipal,PREFEITURA MUNICIPAL DE PAULICÉIA,4,73527.37,0.00,213753.61,287280.98,PENDENTE,2022-04-28,32616,138020,TJSP DEPRE MOC,https://api.tjsp.jus.br/Handlers/Handler/FileFetch.ashx?codigo=138020
2023,autarquia_municipal,PREFEITURA MUNICIPAL DE PAULÍNIA,22,549492.89,8453496.66,1457797.83,10460787.38,PENDENTE,2022-04-28,32616,138020,TJSP DEPRE MOC,https://api.tjsp.jus.br/Handlers/Handler/FileFetch.ashx?codigo=138020
2023,autarquia_municipal,PREFEITURA MUNICIPAL DE PAULO DE FARIA,12,98762.63,393833.01,0.00,492595.64,PENDENTE,2022-04-28,32616,138020,TJSP DEPRE MOC,https://api.tjsp.jus.br/Handlers/Handler/FileFetch.ashx?codigo=138020
2023,autarquia_municipal,PREFEITURA MUNICIPAL DE PEDERNEIRAS,1,54337.47,0.00,0.00,54337.47,PENDENTE,2022-04-28,32616,138020,TJSP DEPRE MOC,https://api.tjsp.jus.br/Handlers/Handler/FileFetch.ashx?codigo=138020
2023,autarquia_municipal,PREFEITURA MUNICIPAL DE PEDRANÓPOLIS,3,105950.60,0.00,0.00,105950.60,PENDENTE,2022-04-28,32616,138020,TJSP DEPRE MOC,https://api.tjsp.jus.br/Handlers/Handler/FileFetch.ashx?codigo=138020
2023,autarquia_municipal,PREFEITURA MUNICIPAL DE PEDREGULHO,5,169908.14,0.00,609533.37,779441.51,PENDENTE,2022-04-28,32616,138020,TJSP DEPRE MOC,https://api.tjsp.jus.br/Handlers/Handler/FileFetch.ashx?codigo=138020
2023,autarquia_municipal,PREFEITURA MUNICIPAL DE PEDREIRA,5,0.00,0.00,186343.18,186343.18,PENDENTE,2022-04-28,32616,138020,TJSP DEPRE MOC,https://api.tjsp.jus.br/Handlers/Handler/FileFetch.ashx?codigo=138020
2023,autarquia_municipal,PREFEITURA MUNICIPAL DE PEDRO DE TOLEDO,2,30224.82,0.00,10733.02,40957.84,PENDENTE,2022-04-28,32616,138020,TJSP DEPRE MOC,https://api.tjsp.jus.br/Handlers/Handler/FileFetch.ashx?codigo=138020
2023,autarquia_municipal,PREFEITURA MUNICIPAL DE PENÁPOLIS,1,0.00,0.00,83578.79,83578.79,PENDENTE,2022-04-28,32616,138020,TJSP DEPRE MOC,https://api.tjsp.jus.br/Handlers/Handler/FileFetch.ashx?codigo=138020
2023,autarquia_municipal,PREFEITURA MUNICIPAL DE PEREIRA BARRETO,27,500197.52,0.00,28876.91,529074.43,PENDENTE,2022-04-28,32616,138020,TJSP DEPRE MOC,https://api.tjsp.jus.br/Handlers/Handler/FileFetch.ashx?codigo=138020
2023,autarquia_municipal,PREFEITURA MUNICIPAL DE PEREIRAS,1,0.00,0.00,99563.78,99563.78,PENDENTE,2022-04-28,32616,138020,TJSP DEPRE MOC,https://api.tjsp.jus.br/Handlers/Handler/FileFetch.ashx?codigo=138020
2023,autarquia_municipal,PREFEITURA MUNICIPAL DE PERUÍBE,102,4869935.26,0.00,387774.95,5257710.21,PENDENTE,2022-04-28,32616,138020,TJSP DEPRE MOC,https://api.tjsp.jus.br/Handlers/Handler/FileFetch.ashx?codigo=138020
2023,autarquia_municipal,PREFEITURA MUNICIPAL DE PIEDADE,1,128247.31,0.00,0.00,128247.31,PENDENTE,2022-04-28,32616,138020,TJSP DEPRE MOC,https://api.tjsp.jus.br/Handlers/Handler/FileFetch.ashx?codigo=138020
2023,autarquia_municipal,PREFEITURA MUNICIPAL DE PILAR DO SUL,4,116426.76,127303.26,0.00,243730.02,PENDENTE,2022-04-28,32616,138020,TJSP DEPRE MOC,https://api.tjsp.jus.br/Handlers/Handler/FileFetch.ashx?codigo=138020
2023,autarquia_municipal,PREFEITURA MUNICIPAL DE PINDAMONHANGABA,14,457642.36,0.00,1274528.06,1732170.42,PENDENTE,2022-04-28,32616,138020,TJSP DEPRE MOC,https://api.tjsp.jus.br/Handlers/Handler/FileFetch.ashx?codigo=138020
2023,autarquia_municipal,PREFEITURA MUNICIPAL DE PINHALZINHO,1,0.00,0.00,19271.36,19271.36,PENDENTE,2022-04-28,32616,138020,TJSP DEPRE MOC,https://api.tjsp.jus.br/Handlers/Handler/FileFetch.ashx?codigo=138020
2023,autarquia_municipal,PREFEITURA MUNICIPAL DE PIQUEROBI,7,417052.08,0.00,0.00,417052.08,PENDENTE,2022-04-28,32616,138020,TJSP DEPRE MOC,https://api.tjsp.jus.br/Handlers/Handler/FileFetch.ashx?codigo=138020
2023,autarquia_municipal,PREFEITURA MUNICIPAL DE PIQUETE,1,58303.22,0.00,0.00,58303.22,PENDENTE,2022-04-28,32616,138020,TJSP DEPRE MOC,https://api.tjsp.jus.br/Handlers/Handler/FileFetch.ashx?codigo=138020
2023,autarquia_municipal,PREFEITURA MUNICIPAL DE PIRACICABA,53,8124633.25,180745.95,46757.32,8352136.52,PENDENTE,2022-04-28,32616,138020,TJSP DEPRE MOC,https://api.tjsp.jus.br/Handlers/Handler/FileFetch.ashx?codigo=138020
2023,autarquia_municipal,PREFEITURA MUNICIPAL DE PIRAJU,18,763593.13,249869.46,13947.76,1027410.35,PENDENTE,2022-04-28,32616,138020,TJSP DEPRE MOC,https://api.tjsp.jus.br/Handlers/Handler/FileFetch.ashx?codigo=138020
2023,autarquia_municipal,PREFEITURA MUNICIPAL DE PIRAJUÍ,2,62399.10,381197.32,0.00,443596.42,PENDENTE,2022-04-28,32616,138020,TJSP DEPRE MOC,https://api.tjsp.jus.br/Handlers/Handler/FileFetch.ashx?codigo=138020
2023,autarquia_municipal,PREFEITURA MUNICIPAL DE PIRANGI,2,54166.71,0.00,386811.65,440978.36,PENDENTE,2022-04-28,32616,138020,TJSP DEPRE MOC,https://api.tjsp.jus.br/Handlers/Handler/FileFetch.ashx?codigo=138020
2023,autarquia_municipal,PREFEITURA MUNICIPAL DE PIRAPORA DO BOM JESUS,4,136367.56,0.00,1304582.52,1440950.08,PENDENTE,2022-04-28,32616,138020,TJSP DEPRE MOC,https://api.tjsp.jus.br/Handlers/Handler/FileFetch.ashx?codigo=138020
2023,autarquia_municipal,PREFEITURA MUNICIPAL DE PIRAPOZINHO,30,1091388.44,0.00,130546.30,1221934.74,PENDENTE,2022-04-28,32616,138020,TJSP DEPRE MOC,https://api.tjsp.jus.br/Handlers/Handler/FileFetch.ashx?codigo=138020
2023,autarquia_municipal,PREFEITURA MUNICIPAL DE PIRASSUNUNGA,3,116058.92,0.00,700642.15,816701.07,PENDENTE,2022-04-28,32616,138020,TJSP DEPRE MOC,https://api.tjsp.jus.br/Handlers/Handler/FileFetch.ashx?codigo=138020
2023,autarquia_municipal,PREFEITURA MUNICIPAL DE PIRATININGA,2,64629.59,0.00,657949.85,722579.44,PENDENTE,2022-04-28,32616,138020,TJSP DEPRE MOC,https://api.tjsp.jus.br/Handlers/Handler/FileFetch.ashx?codigo=138020
2023,autarquia_municipal,PREFEITURA MUNICIPAL DE PITANGUEIRAS,18,1632342.07,0.00,12034.14,1644376.21,PENDENTE,2022-04-28,32616,138020,TJSP DEPRE MOC,https://api.tjsp.jus.br/Handlers/Handler/FileFetch.ashx?codigo=138020
2023,autarquia_municipal,PREFEITURA MUNICIPAL DE PLANALTO,2,0.00,146194.64,0.00,146194.64,PENDENTE,2022-04-28,32616,138020,TJSP DEPRE MOC,https://api.tjsp.jus.br/Handlers/Handler/FileFetch.ashx?codigo=138020
2023,autarquia_municipal,PREFEITURA MUNICIPAL DE PLATINA,2,126928.81,0.00,0.00,126928.81,PENDENTE,2022-04-28,32616,138020,TJSP DEPRE MOC,https://api.tjsp.jus.br/Handlers/Handler/FileFetch.ashx?codigo=138020
2023,autarquia_municipal,PREFEITURA MUNICIPAL DE POÁ,30,1507245.86,9550018.71,392376.19,11449640.76,PENDENTE,2022-04-28,32616,138020,TJSP DEPRE MOC,https://api.tjsp.jus.br/Handlers/Handler/FileFetch.ashx?codigo=138020
2023,autarquia_municipal,PREFEITURA MUNICIPAL DE PONGAÍ,1,36351.65,0.00,0.00,36351.65,PENDENTE,2022-04-28,32616,138020,TJSP DEPRE MOC,https://api.tjsp.jus.br/Handlers/Handler/FileFetch.ashx?codigo=138020
2023,autarquia_municipal,PREFEITURA MUNICIPAL DE PONTAL,7,121298.88,0.00,264233.19,385532.07,PENDENTE,2022-04-28,32616,138020,TJSP DEPRE MOC,https://api.tjsp.jus.br/Handlers/Handler/FileFetch.ashx?codigo=138020
2023,autarquia_municipal,PREFEITURA MUNICIPAL DE PONTALINDA,2,86997.50,0.00,0.00,86997.50,PENDENTE,2022-04-28,32616,138020,TJSP DEPRE MOC,https://api.tjsp.jus.br/Handlers/Handler/FileFetch.ashx?codigo=138020
2023,autarquia_municipal,PREFEITURA MUNICIPAL DE PONTES GESTAL,4,237551.76,0.00,0.00,237551.76,PENDENTE,2022-04-28,32616,138020,TJSP DEPRE MOC,https://api.tjsp.jus.br/Handlers/Handler/FileFetch.ashx?codigo=138020
2023,autarquia_municipal,PREFEITURA MUNICIPAL DE PORANGABA,1,1495.04,0.00,0.00,1495.04,PENDENTE,2022-04-28,32616,138020,TJSP DEPRE MOC,https://api.tjsp.jus.br/Handlers/Handler/FileFetch.ashx?codigo=138020
2023,autarquia_municipal,PREFEITURA MUNICIPAL DE PORTO FELIZ,7,81190.63,0.00,70623.58,151814.21,PENDENTE,2022-04-28,32616,138020,TJSP DEPRE MOC,https://api.tjsp.jus.br/Handlers/Handler/FileFetch.ashx?codigo=138020
2023,autarquia_municipal,PREFEITURA MUNICIPAL DE PORTO FERREIRA,17,425483.08,0.00,3187737.71,3613220.79,PENDENTE,2022-04-28,32616,138020,TJSP DEPRE MOC,https://api.tjsp.jus.br/Handlers/Handler/FileFetch.ashx?codigo=138020
2023,autarquia_municipal,PREFEITURA MUNICIPAL DE POTIM,3,22557.31,0.00,407604.80,430162.11,PENDENTE,2022-04-28,32616,138020,TJSP DEPRE MOC,https://api.tjsp.jus.br/Handlers/Handler/FileFetch.ashx?codigo=138020
2023,autarquia_municipal,PREFEITURA MUNICIPAL DE POTIRENDABA,1,0.00,0.00,152947.39,152947.39,PENDENTE,2022-04-28,32616,138020,TJSP DEPRE MOC,https://api.tjsp.jus.br/Handlers/Handler/FileFetch.ashx?codigo=138020
2023,autarquia_municipal,PREFEITURA MUNICIPAL DE PRADÓPOLIS,2,90649.65,0.00,0.00,90649.65,PENDENTE,2022-04-28,32616,138020,TJSP DEPRE MOC,https://api.tjsp.jus.br/Handlers/Handler/FileFetch.ashx?codigo=138020
2023,autarquia_municipal,PREFEITURA MUNICIPAL DE PRAIA GRANDE,23,801887.15,0.00,1835220.21,2637107.36,PENDENTE,2022-04-28,32616,138020,TJSP DEPRE MOC,https://api.tjsp.jus.br/Handlers/Handler/FileFetch.ashx?codigo=138020
2023,autarquia_municipal,PREFEITURA MUNICIPAL DE PRESIDENTE ALVES,1,16211.39,0.00,0.00,16211.39,PENDENTE,2022-04-28,32616,138020,TJSP DEPRE MOC,https://api.tjsp.jus.br/Handlers/Handler/FileFetch.ashx?codigo=138020
2023,autarquia_municipal,PREFEITURA MUNICIPAL DE PRESIDENTE BERNARDES,4,103972.72,0.00,800767.85,904740.57,PENDENTE,2022-04-28,32616,138020,TJSP DEPRE MOC,https://api.tjsp.jus.br/Handlers/Handler/FileFetch.ashx?codigo=138020
2023,autarquia_municipal,PREFEITURA MUNICIPAL DE PRESIDENTE EPITÁCIO,32,867852.72,39371.66,34353.31,941577.69,PENDENTE,2022-04-28,32616,138020,TJSP DEPRE MOC,https://api.tjsp.jus.br/Handlers/Handler/FileFetch.ashx?codigo=138020
2023,autarquia_municipal,PREFEITURA MUNICIPAL DE PRESIDENTE PRUDENTE,66,8442298.19,1592672.20,6410629.29,16445599.68,PENDENTE,2022-04-28,32616,138020,TJSP DEPRE MOC,https://api.tjsp.jus.br/Handlers/Handler/FileFetch.ashx?codigo=138020
2023,autarquia_municipal,PREFEITURA MUNICIPAL DE PRESIDENTE VENCESLAU,22,685024.04,0.00,280539.78,965563.82,PENDENTE,2022-04-28,32616,138020,TJSP DEPRE MOC,https://api.tjsp.jus.br/Handlers/Handler/FileFetch.ashx?codigo=138020
2023,autarquia_municipal,PREFEITURA MUNICIPAL DE PROMISSÃO,6,2356211.83,0.00,1546991.97,3903203.80,PENDENTE,2022-04-28,32616,138020,TJSP DEPRE MOC,https://api.tjsp.jus.br/Handlers/Handler/FileFetch.ashx?codigo=138020
2023,autarquia_municipal,PREFEITURA MUNICIPAL DE QUATÁ,3,110116.85,0.00,232328.77,342445.62,PENDENTE,2022-04-28,32616,138020,TJSP DEPRE MOC,https://api.tjsp.jus.br/Handlers/Handler/FileFetch.ashx?codigo=138020
2023,autarquia_municipal,PREFEITURA MUNICIPAL DE QUEIROZ,1,20229.15,0.00,0.00,20229.15,PENDENTE,2022-04-28,32616,138020,TJSP DEPRE MOC,https://api.tjsp.jus.br/Handlers/Handler/FileFetch.ashx?codigo=138020
2023,autarquia_municipal,PREFEITURA MUNICIPAL DE RANCHARIA,33,1228290.49,0.00,92914.77,1321205.26,PENDENTE,2022-04-28,32616,138020,TJSP DEPRE MOC,https://api.tjsp.jus.br/Handlers/Handler/FileFetch.ashx?codigo=138020
2023,autarquia_municipal,PREFEITURA MUNICIPAL DE REDENÇÃO DA SERRA,3,35404.33,358489.06,77641.95,471535.34,PENDENTE,2022-04-28,32616,138020,TJSP DEPRE MOC,https://api.tjsp.jus.br/Handlers/Handler/FileFetch.ashx?codigo=138020
2023,autarquia_municipal,PREFEITURA MUNICIPAL DE REGENTE FEIJÓ,1,0.00,0.00,141664.93,141664.93,PENDENTE,2022-04-28,32616,138020,TJSP DEPRE MOC,https://api.tjsp.jus.br/Handlers/Handler/FileFetch.ashx?codigo=138020
2023,autarquia_municipal,PREFEITURA MUNICIPAL DE REGINÓPOLIS,1,18930.03,0.00,0.00,18930.03,PENDENTE,2022-04-28,32616,138020,TJSP DEPRE MOC,https://api.tjsp.jus.br/Handlers/Handler/FileFetch.ashx?codigo=138020
2023,autarquia_municipal,PREFEITURA MUNICIPAL DE REGISTRO,23,846227.25,1333552.38,74719.15,2254498.78,PENDENTE,2022-04-28,32616,138020,TJSP DEPRE MOC,https://api.tjsp.jus.br/Handlers/Handler/FileFetch.ashx?codigo=138020
2023,autarquia_municipal,PREFEITURA MUNICIPAL DE RESTINGA,2,47958.09,0.00,0.00,47958.09,PENDENTE,2022-04-28,32616,138020,TJSP DEPRE MOC,https://api.tjsp.jus.br/Handlers/Handler/FileFetch.ashx?codigo=138020
2023,autarquia_municipal,PREFEITURA MUNICIPAL DE RIBEIRÃO BONITO,8,148126.49,0.00,23898.75,172025.24,PENDENTE,2022-04-28,32616,138020,TJSP DEPRE MOC,https://api.tjsp.jus.br/Handlers/Handler/FileFetch.ashx?codigo=138020
2023,autarquia_municipal,PREFEITURA MUNICIPAL DE RIBEIRÃO BRANCO,5,35474.74,0.00,180300.23,215774.97,PENDENTE,2022-04-28,32616,138020,TJSP DEPRE MOC,https://api.tjsp.jus.br/Handlers/Handler/FileFetch.ashx?codigo=138020
2023,autarquia_municipal,PREFEITURA MUNICIPAL DE RIBEIRÃO DOS ÍNDIOS,5,180239.20,0.00,0.00,180239.20,PENDENTE,2022-04-28,32616,138020,TJSP DEPRE MOC,https://api.tjsp.jus.br/Handlers/Handler/FileFetch.ashx?codigo=138020
2023,autarquia_municipal,PREFEITURA MUNICIPAL DE RIBEIRÃO GRANDE,25,601461.14,0.00,0.00,601461.14,PENDENTE,2022-04-28,32616,138020,TJSP DEPRE MOC,https://api.tjsp.jus.br/Handlers/Handler/FileFetch.ashx?codigo=138020
2023,autarquia_municipal,PREFEITURA MUNICIPAL DE RIBEIRÃO PIRES,45,2082541.58,0.00,2610630.64,4693172.22,PENDENTE,2022-04-28,32616,138020,TJSP DEPRE MOC,https://api.tjsp.jus.br/Handlers/Handler/FileFetch.ashx?codigo=138020
2023,autarquia_municipal,PREFEITURA MUNICIPAL DE RIBEIRÃO PRETO,766,30834367.74,3307913.29,8589337.91,42731618.94,PENDENTE,2022-04-28,32616,138020,TJSP DEPRE MOC,https://api.tjsp.jus.br/Handlers/Handler/FileFetch.ashx?codigo=138020
2023,autarquia_municipal,PREFEITURA MUNICIPAL DE RINCÃO,2,160079.19,0.00,0.00,160079.19,PENDENTE,2022-04-28,32616,138020,TJSP DEPRE MOC,https://api.tjsp.jus.br/Handlers/Handler/FileFetch.ashx?codigo=138020
2023,autarquia_municipal,PREFEITURA MUNICIPAL DE RINÓPOLIS,1,25007.04,0.00,0.00,25007.04,PENDENTE,2022-04-28,32616,138020,TJSP DEPRE MOC,https://api.tjsp.jus.br/Handlers/Handler/FileFetch.ashx?codigo=138020
2023,autarquia_municipal,PREFEITURA MUNICIPAL DE RIO CLARO,93,5978451.24,0.00,58741713.53,64720164.77,PENDENTE,2022-04-28,32616,138020,TJSP DEPRE MOC,https://api.tjsp.jus.br/Handlers/Handler/FileFetch.ashx?codigo=138020
2023,autarquia_municipal,PREFEITURA MUNICIPAL DE RIO DAS PEDRAS,1,0.00,0.00,14724.35,14724.35,PENDENTE,2022-04-28,32616,138020,TJSP DEPRE MOC,https://api.tjsp.jus.br/Handlers/Handler/FileFetch.ashx?codigo=138020
2023,autarquia_municipal,PREFEITURA MUNICIPAL DE RIO GRANDE DA SERRA,2,17849.29,0.00,124069.77,141919.06,PENDENTE,2022-04-28,32616,138020,TJSP DEPRE MOC,https://api.tjsp.jus.br/Handlers/Handler/FileFetch.ashx?codigo=138020
2023,autarquia_municipal,PREFEITURA MUNICIPAL DE RIOLÂNDIA,2,90258.32,0.00,0.00,90258.32,PENDENTE,2022-04-28,32616,138020,TJSP DEPRE MOC,https://api.tjsp.jus.br/Handlers/Handler/FileFetch.ashx?codigo=138020
2023,autarquia_municipal,PREFEITURA MUNICIPAL DE ROSANA,81,2372852.72,0.00,3047197.85,5420050.57,PENDENTE,2022-04-28,32616,138020,TJSP DEPRE MOC,https://api.tjsp.jus.br/Handlers/Handler/FileFetch.ashx?codigo=138020
2023,autarquia_municipal,PREFEITURA MUNICIPAL DE RUBIÁCEA,3,46867.67,0.00,253200.91,300068.58,PENDENTE,2022-04-28,32616,138020,TJSP DEPRE MOC,https://api.tjsp.jus.br/Handlers/Handler/FileFetch.ashx?codigo=138020
2023,autarquia_municipal,PREFEITURA MUNICIPAL DE RUBINÉIA,8,107338.54,0.00,397627.52,504966.06,PENDENTE,2022-04-28,32616,138020,TJSP DEPRE MOC,https://api.tjsp.jus.br/Handlers/Handler/FileFetch.ashx?codigo=138020
2023,autarquia_municipal,PREFEITURA MUNICIPAL DE SABINO,3,67995.16,0.00,0.00,67995.16,PENDENTE,2022-04-28,32616,138020,TJSP DEPRE MOC,https://api.tjsp.jus.br/Handlers/Handler/FileFetch.ashx?codigo=138020
2023,autarquia_municipal,PREFEITURA MUNICIPAL DE SALES,1,15830.95,0.00,0.00,15830.95,PENDENTE,2022-04-28,32616,138020,TJSP DEPRE MOC,https://api.tjsp.jus.br/Handlers/Handler/FileFetch.ashx?codigo=138020
2023,autarquia_municipal,PREFEITURA MUNICIPAL DE SALES OLIVEIRA,29,868029.45,0.00,0.00,868029.45,PENDENTE,2022-04-28,32616,138020,TJSP DEPRE MOC,https://api.tjsp.jus.br/Handlers/Handler/FileFetch.ashx?codigo=138020
2023,autarquia_municipal,PREFEITURA MUNICIPAL DE SALMOURÃO,4,86601.94,0.00,178683.17,265285.11,PENDENTE,2022-04-28,32616,138020,TJSP DEPRE MOC,https://api.tjsp.jus.br/Handlers/Handler/FileFetch.ashx?codigo=138020
2023,autarquia_municipal,PREFEITURA MUNICIPAL DE SALTO,5,18268.87,0.00,220489.69,238758.56,PENDENTE,2022-04-28,32616,138020,TJSP DEPRE MOC,https://api.tjsp.jus.br/Handlers/Handler/FileFetch.ashx?codigo=138020
2023,autarquia_municipal,PREFEITURA MUNICIPAL DE SALTO DE PIRAPORA,3,235807.87,3767041.65,0.00,4002849.52,PENDENTE,2022-04-28,32616,138020,TJSP DEPRE MOC,https://api.tjsp.jus.br/Handlers/Handler/FileFetch.ashx?codigo=138020
2023,autarquia_municipal,PREFEITURA MUNICIPAL DE SANDOVALINA,1,0.00,0.00,188145.33,188145.33,PENDENTE,2022-04-28,32616,138020,TJSP DEPRE MOC,https://api.tjsp.jus.br/Handlers/Handler/FileFetch.ashx?codigo=138020
2023,autarquia_municipal,PREFEITURA MUNICIPAL DE SANTA ADÉLIA,2,43396.40,0.00,0.00,43396.40,PENDENTE,2022-04-28,32616,138020,TJSP DEPRE MOC,https://api.tjsp.jus.br/Handlers/Handler/FileFetch.ashx?codigo=138020
2023,autarquia_municipal,PREFEITURA MUNICIPAL DE SANTA BÁRBARA D'OESTE,12,866061.88,0.00,0.00,866061.88,PENDENTE,2022-04-28,32616,138020,TJSP DEPRE MOC,https://api.tjsp.jus.br/Handlers/Handler/FileFetch.ashx?codigo=138020
2023,autarquia_municipal,PREFEITURA MUNICIPAL DE SANTA BRANCA,1,64154.40,0.00,0.00,64154.40,PENDENTE,2022-04-28,32616,138020,TJSP DEPRE MOC,https://api.tjsp.jus.br/Handlers/Handler/FileFetch.ashx?codigo=138020
2023,autarquia_municipal,PREFEITURA MUNICIPAL DE SANTA CLARA D'OESTE,2,297724.32,0.00,0.00,297724.32,PENDENTE,2022-04-28,32616,138020,TJSP DEPRE MOC,https://api.tjsp.jus.br/Handlers/Handler/FileFetch.ashx?codigo=138020
2023,autarquia_municipal,PREFEITURA MUNICIPAL DE SANTA CRUZ DAS PALMEIRAS,3,0.00,0.00,42512.57,42512.57,PENDENTE,2022-04-28,32616,138020,TJSP DEPRE MOC,https://api.tjsp.jus.br/Handlers/Handler/FileFetch.ashx?codigo=138020
2023,autarquia_municipal,PREFEITURA MUNICIPAL DE SANTA CRUZ DO RIO PARDO,1,12529.59,0.00,0.00,12529.59,PENDENTE,2022-04-28,32616,138020,TJSP DEPRE MOC,https://api.tjsp.jus.br/Handlers/Handler/FileFetch.ashx?codigo=138020
2023,autarquia_municipal,PREFEITURA MUNICIPAL DE SANTA FÉ DO SUL,3,17362.30,0.00,50846.78,68209.08,PENDENTE,2022-04-28,32616,138020,TJSP DEPRE MOC,https://api.tjsp.jus.br/Handlers/Handler/FileFetch.ashx?codigo=138020
2023,autarquia_municipal,PREFEITURA MUNICIPAL DE SANTA GERTRUDES,1,0.00,0.00,1000680.95,1000680.95,PENDENTE,2022-04-28,32616,138020,TJSP DEPRE MOC,https://api.tjsp.jus.br/Handlers/Handler/FileFetch.ashx?codigo=138020
2023,autarquia_municipal,PREFEITURA MUNICIPAL DE SANTA ISABEL,5,150185.93,969614.30,94893.06,1214693.29,PENDENTE,2022-04-28,32616,138020,TJSP DEPRE MOC,https://api.tjsp.jus.br/Handlers/Handler/FileFetch.ashx?codigo=138020
2023,autarquia_municipal,PREFEITURA MUNICIPAL DE SANTA LÚCIA,4,69378.32,0.00,215954.01,285332.33,PENDENTE,2022-04-28,32616,138020,TJSP DEPRE MOC,https://api.tjsp.jus.br/Handlers/Handler/FileFetch.ashx?codigo=138020
2023,autarquia_municipal,PREFEITURA MUNICIPAL DE SANTA MARIA DA SERRA,1,19969.26,0.00,0.00,19969.26,PENDENTE,2022-04-28,32616,138020,TJSP DEPRE MOC,https://api.tjsp.jus.br/Handlers/Handler/FileFetch.ashx?codigo=138020
2023,autarquia_municipal,PREFEITURA MUNICIPAL DE SANTA MERCEDES,1,0.00,3619349.37,0.00,3619349.37,PENDENTE,2022-04-28,32616,138020,TJSP DEPRE MOC,https://api.tjsp.jus.br/Handlers/Handler/FileFetch.ashx?codigo=138020
2023,autarquia_municipal,PREFEITURA MUNICIPAL DE SANTA RITA DO PASSA QUATRO,15,295626.69,0.00,88249.51,383876.20,PENDENTE,2022-04-28,32616,138020,TJSP DEPRE MOC,https://api.tjsp.jus.br/Handlers/Handler/FileFetch.ashx?codigo=138020
2023,autarquia_municipal,PREFEITURA MUNICIPAL DE SANTA SALETE,1,0.00,0.00,28610.81,28610.81,PENDENTE,2022-04-28,32616,138020,TJSP DEPRE MOC,https://api.tjsp.jus.br/Handlers/Handler/FileFetch.ashx?codigo=138020
2023,autarquia_municipal,PREFEITURA MUNICIPAL DE SANTANA DA PONTE PENSA,1,27433.38,0.00,0.00,27433.38,PENDENTE,2022-04-28,32616,138020,TJSP DEPRE MOC,https://api.tjsp.jus.br/Handlers/Handler/FileFetch.ashx?codigo=138020
2023,autarquia_municipal,PREFEITURA MUNICIPAL DE SANTANA DE PARNAÍBA,12,677529.00,1569151.64,3204505.71,5451186.35,PENDENTE,2022-04-28,32616,138020,TJSP DEPRE MOC,https://api.tjsp.jus.br/Handlers/Handler/FileFetch.ashx?codigo=138020
2023,autarquia_municipal,PREFEITURA MUNICIPAL DE SANTO ANASTÁCIO,6,339246.62,0.00,0.00,339246.62,PENDENTE,2022-04-28,32616,138020,TJSP DEPRE MOC,https://api.tjsp.jus.br/Handlers/Handler/FileFetch.ashx?codigo=138020
2023,autarquia_municipal,PREFEITURA MUNICIPAL DE SANTO ANDRÉ,53,2960021.62,1988690.40,12064808.95,17013520.97,PENDENTE,2022-04-28,32616,138020,TJSP DEPRE MOC,https://api.tjsp.jus.br/Handlers/Handler/FileFetch.ashx?codigo=138020
2023,autarquia_municipal,PREFEITURA MUNICIPAL DE SANTO ANTÔNIO DA ALEGRIA,1,10180.45,0.00,0.00,10180.45,PENDENTE,2022-04-28,32616,138020,TJSP DEPRE MOC,https://api.tjsp.jus.br/Handlers/Handler/FileFetch.ashx?codigo=138020
2023,autarquia_municipal,PREFEITURA MUNICIPAL DE SANTO ANTÔNIO DE POSSE,4,61232.26,0.00,211721.21,272953.47,PENDENTE,2022-04-28,32616,138020,TJSP DEPRE MOC,https://api.tjsp.jus.br/Handlers/Handler/FileFetch.ashx?codigo=138020
2023,autarquia_municipal,PREFEITURA MUNICIPAL DE SANTO ANTÔNIO DO ARACANGUÁ,2,57622.30,0.00,206516.43,264138.73,PENDENTE,2022-04-28,32616,138020,TJSP DEPRE MOC,https://api.tjsp.jus.br/Handlers/Handler/FileFetch.ashx?codigo=138020
2023,autarquia_municipal,PREFEITURA MUNICIPAL DE SANTO ANTÔNIO DO JARDIM,5,394579.85,0.00,0.00,394579.85,PENDENTE,2022-04-28,32616,138020,TJSP DEPRE MOC,https://api.tjsp.jus.br/Handlers/Handler/FileFetch.ashx?codigo=138020
2023,autarquia_municipal,PREFEITURA MUNICIPAL DE SANTO EXPEDITO,3,56443.38,0.00,0.00,56443.38,PENDENTE,2022-04-28,32616,138020,TJSP DEPRE MOC,https://api.tjsp.jus.br/Handlers/Handler/FileFetch.ashx?codigo=138020
2023,autarquia_municipal,PREFEITURA MUNICIPAL DE SANTOS,250,17368210.91,0.00,23486160.23,40854371.14,PENDENTE,2022-04-28,32616,138020,TJSP DEPRE MOC,https://api.tjsp.jus.br/Handlers/Handler/FileFetch.ashx?codigo=138020
2023,autarquia_municipal,PREFEITURA MUNICIPAL DE SÃO BERNARDO DO CAMPO,124,18896349.45,6004435.36,711092.79,25611877.60,PENDENTE,2022-04-28,32616,138020,TJSP DEPRE MOC,https://api.tjsp.jus.br/Handlers/Handler/FileFetch.ashx?codigo=138020
2023,autarquia_municipal,PREFEITURA MUNICIPAL DE SÃO CAETANO DO SUL,11,504787.28,0.00,1581828.08,2086615.36,PENDENTE,2022-04-28,32616,138020,TJSP DEPRE MOC,https://api.tjsp.jus.br/Handlers/Handler/FileFetch.ashx?codigo=138020
2023,autarquia_municipal,PREFEITURA MUNICIPAL DE SÃO CARLOS,3,42279.63,0.00,7956038.07,7998317.70,PENDENTE,2022-04-28,32616,138020,TJSP DEPRE MOC,https://api.tjsp.jus.br/Handlers/Handler/FileFetch.ashx?codigo=138020
2023,autarquia_municipal,PREFEITURA MUNICIPAL DE SÃO FRANCISCO,2,28187.86,0.00,0.00,28187.86,PENDENTE,2022-04-28,32616,138020,TJSP DEPRE MOC,https://api.tjsp.jus.br/Handlers/Handler/FileFetch.ashx?codigo=138020
2023,autarquia_municipal,PREFEITURA MUNICIPAL DE SÃO JOÃO DA BOA VISTA,92,1850956.49,0.00,22409.49,1873365.98,PENDENTE,2022-04-28,32616,138020,TJSP DEPRE MOC,https://api.tjsp.jus.br/Handlers/Handler/FileFetch.ashx?codigo=138020
2023,autarquia_municipal,PREFEITURA MUNICIPAL DE SÃO JOÃO DAS DUAS PONTES,5,387479.09,0.00,0.00,387479.09,PENDENTE,2022-04-28,32616,138020,TJSP DEPRE MOC,https://api.tjsp.jus.br/Handlers/Handler/FileFetch.ashx?codigo=138020
2023,autarquia_municipal,PREFEITURA MUNICIPAL DE SÃO JOÃO DE IRACEMA,5,65077.92,0.00,79281.61,144359.53,PENDENTE,2022-04-28,32616,138020,TJSP DEPRE MOC,https://api.tjsp.jus.br/Handlers/Handler/FileFetch.ashx?codigo=138020
2023,autarquia_municipal,PREFEITURA MUNICIPAL DE SÃO JOAQUIM DA BARRA,11,562557.32,0.00,818547.32,1381104.64,PENDENTE,2022-04-28,32616,138020,TJSP DEPRE MOC,https://api.tjsp.jus.br/Handlers/Handler/FileFetch.ashx?codigo=138020
2023,autarquia_municipal,PREFEITURA MUNICIPAL DE SÃO JOSÉ DA BELA VISTA,4,11064.39,0.00,209598.95,220663.34,PENDENTE,2022-04-28,32616,138020,TJSP DEPRE MOC,https://api.tjsp.jus.br/Handlers/Handler/FileFetch.ashx?codigo=138020
2023,autarquia_municipal,PREFEITURA MUNICIPAL DE SÃO JOSÉ DO RIO PARDO,35,778937.81,0.00,959859.44,1738797.25,PENDENTE,2022-04-28,32616,138020,TJSP DEPRE MOC,https://api.tjsp.jus.br/Handlers/Handler/FileFetch.ashx?codigo=138020
2023,autarquia_municipal,PREFEITURA MUNICIPAL DE SÃO JOSÉ DO RIO PRETO,390,21709152.84,0.00,2989717.17,24698870.01,PENDENTE,2022-04-28,32616,138020,TJSP DEPRE MOC,https://api.tjsp.jus.br/Handlers/Handler/FileFetch.ashx?codigo=138020
2023,autarquia_municipal,PREFEITURA MUNICIPAL DE SÃO JOSÉ DOS CAMPOS,255,12462803.89,177601.07,10292847.50,22933252.46,PENDENTE,2022-04-28,32616,138020,TJSP DEPRE MOC,https://api.tjsp.jus.br/Handlers/Handler/FileFetch.ashx?codigo=138020
2023,autarquia_municipal,PREFEITURA MUNICIPAL DE SÃO LOURENÇO DA SERRA,4,62171.17,0.00,97936.36,160107.53,PENDENTE,2022-04-28,32616,138020,TJSP DEPRE MOC,https://api.tjsp.jus.br/Handlers/Handler/FileFetch.ashx?codigo=138020
2023,autarquia_municipal,PREFEITURA MUNICIPAL DE SÃO LUIZ DO PARAITINGA,1,17051.27,0.00,0.00,17051.27,PENDENTE,2022-04-28,32616,138020,TJSP DEPRE MOC,https://api.tjsp.jus.br/Handlers/Handler/FileFetch.ashx?codigo=138020
2023,autarquia_municipal,PREFEITURA MUNICIPAL DE SÃO MANUEL,5,235490.76,0.00,382583.31,618074.07,PENDENTE,2022-04-28,32616,138020,TJSP DEPRE MOC,https://api.tjsp.jus.br/Handlers/Handler/FileFetch.ashx?codigo=138020
2023,autarquia_municipal,PREFEITURA MUNICIPAL DE SÃO PAULO,6392,2254246578.43,52990038.52,402689644.94,2709926261.89,PENDENTE,2022-04-28,32616,138020,TJSP DEPRE MOC,https://api.tjsp.jus.br/Handlers/Handler/FileFetch.ashx?codigo=138020
2023,autarquia_municipal,PREFEITURA MUNICIPAL DE SÃO PEDRO,1,0.00,0.00,115834.58,115834.58,PENDENTE,2022-04-28,32616,138020,TJSP DEPRE MOC,https://api.tjsp.jus.br/Handlers/Handler/FileFetch.ashx?codigo=138020
2023,autarquia_municipal,PREFEITURA MUNICIPAL DE SÃO ROQUE,5,18268.81,0.00,108085.53,126354.34,PENDENTE,2022-04-28,32616,138020,TJSP DEPRE MOC,https://api.tjsp.jus.br/Handlers/Handler/FileFetch.ashx?codigo=138020
2023,autarquia_municipal,PREFEITURA MUNICIPAL DE SÃO SEBASTIÃO,76,3044384.05,540315.76,6926001.67,10510701.48,PENDENTE,2022-04-28,32616,138020,TJSP DEPRE MOC,https://api.tjsp.jus.br/Handlers/Handler/FileFetch.ashx?codigo=138020
2023,autarquia_municipal,PREFEITURA MUNICIPAL DE SÃO SEBASTIÃO DA GRAMA,1,60930.27,0.00,0.00,60930.27,PENDENTE,2022-04-28,32616,138020,TJSP DEPRE MOC,https://api.tjsp.jus.br/Handlers/Handler/FileFetch.ashx?codigo=138020
2023,autarquia_municipal,PREFEITURA MUNICIPAL DE SÃO VICENTE,106,3677623.56,211236.32,6991922.13,10880782.01,PENDENTE,2022-04-28,32616,138020,TJSP DEPRE MOC,https://api.tjsp.jus.br/Handlers/Handler/FileFetch.ashx?codigo=138020
2023,autarquia_municipal,PREFEITURA MUNICIPAL DE SARAPUÍ,1,73366.16,0.00,0.00,73366.16,PENDENTE,2022-04-28,32616,138020,TJSP DEPRE MOC,https://api.tjsp.jus.br/Handlers/Handler/FileFetch.ashx?codigo=138020
2023,autarquia_municipal,PREFEITURA MUNICIPAL DE SEBASTIANÓPOLIS DO SUL,3,44584.21,0.00,8199.80,52784.01,PENDENTE,2022-04-28,32616,138020,TJSP DEPRE MOC,https://api.tjsp.jus.br/Handlers/Handler/FileFetch.ashx?codigo=138020
2023,autarquia_municipal,PREFEITURA MUNICIPAL DE SERRA AZUL,1,36830.30,0.00,0.00,36830.30,PENDENTE,2022-04-28,32616,138020,TJSP DEPRE MOC,https://api.tjsp.jus.br/Handlers/Handler/FileFetch.ashx?codigo=138020
2023,autarquia_municipal,PREFEITURA MUNICIPAL DE SERRA NEGRA,9,468777.02,496087.95,164860.68,1129725.65,PENDENTE,2022-04-28,32616,138020,TJSP DEPRE MOC,https://api.tjsp.jus.br/Handlers/Handler/FileFetch.ashx?codigo=138020
2023,autarquia_municipal,PREFEITURA MUNICIPAL DE SERRANA,7,621529.43,0.00,1846029.53,2467558.96,PENDENTE,2022-04-28,32616,138020,TJSP DEPRE MOC,https://api.tjsp.jus.br/Handlers/Handler/FileFetch.ashx?codigo=138020
2023,autarquia_municipal,PREFEITURA MUNICIPAL DE SERTÃOZINHO,44,1437493.66,0.00,304066.47,1741560.13,PENDENTE,2022-04-28,32616,138020,TJSP DEPRE MOC,https://api.tjsp.jus.br/Handlers/Handler/FileFetch.ashx?codigo=138020
2023,autarquia_municipal,PREFEITURA MUNICIPAL DE SETE BARRAS,1,29144.49,0.00,0.00,29144.49,PENDENTE,2022-04-28,32616,138020,TJSP DEPRE MOC,https://api.tjsp.jus.br/Handlers/Handler/FileFetch.ashx?codigo=138020
2023,autarquia_municipal,PREFEITURA MUNICIPAL DE SEVERÍNIA,2,57678.01,0.00,0.00,57678.01,PENDENTE,2022-04-28,32616,138020,TJSP DEPRE MOC,https://api.tjsp.jus.br/Handlers/Handler/FileFetch.ashx?codigo=138020
2023,autarquia_municipal,PREFEITURA MUNICIPAL DE SOROCABA,92,7807975.66,920274.46,2157369.12,10885619.24,PENDENTE,2022-04-28,32616,138020,TJSP DEPRE MOC,https://api.tjsp.jus.br/Handlers/Handler/FileFetch.ashx?codigo=138020
2023,autarquia_municipal,PREFEITURA MUNICIPAL DE SUD MENNUCCI,2,111960.41,0.00,0.00,111960.41,PENDENTE,2022-04-28,32616,138020,TJSP DEPRE MOC,https://api.tjsp.jus.br/Handlers/Handler/FileFetch.ashx?codigo=138020
2023,autarquia_municipal,PREFEITURA MUNICIPAL DE SUMARÉ,31,411252.68,0.00,2716874.46,3128127.14,PENDENTE,2022-04-28,32616,138020,TJSP DEPRE MOC,https://api.tjsp.jus.br/Handlers/Handler/FileFetch.ashx?codigo=138020
2023,autarquia_municipal,PREFEITURA MUNICIPAL DE SUZANÁPOLIS,1,13630.69,0.00,0.00,13630.69,PENDENTE,2022-04-28,32616,138020,TJSP DEPRE MOC,https://api.tjsp.jus.br/Handlers/Handler/FileFetch.ashx?codigo=138020
2023,autarquia_municipal,PREFEITURA MUNICIPAL DE SUZANO,8,219741.88,0.00,1434971.16,1654713.04,PENDENTE,2022-04-28,32616,138020,TJSP DEPRE MOC,https://api.tjsp.jus.br/Handlers/Handler/FileFetch.ashx?codigo=138020
2023,autarquia_municipal,PREFEITURA MUNICIPAL DE TABAPUÃ,6,8054.94,0.00,109253.57,117308.51,PENDENTE,2022-04-28,32616,138020,TJSP DEPRE MOC,https://api.tjsp.jus.br/Handlers/Handler/FileFetch.ashx?codigo=138020
2023,autarquia_municipal,PREFEITURA MUNICIPAL DE TABOÃO DA SERRA,23,822279.52,2923807.92,2386381.98,6132469.42,PENDENTE,2022-04-28,32616,138020,TJSP DEPRE MOC,https://api.tjsp.jus.br/Handlers/Handler/FileFetch.ashx?codigo=138020
2023,autarquia_municipal,PREFEITURA MUNICIPAL DE TACIBA,1,0.00,0.00,39860.96,39860.96,PENDENTE,2022-04-28,32616,138020,TJSP DEPRE MOC,https://api.tjsp.jus.br/Handlers/Handler/FileFetch.ashx?codigo=138020
2023,autarquia_municipal,PREFEITURA MUNICIPAL DE TAGUAÍ,1,0.00,0.00,23681.67,23681.67,PENDENTE,2022-04-28,32616,138020,TJSP DEPRE MOC,https://api.tjsp.jus.br/Handlers/Handler/FileFetch.ashx?codigo=138020
2023,autarquia_municipal,PREFEITURA MUNICIPAL DE TAMBAÚ,10,1228947.66,0.00,42010.63,1270958.29,PENDENTE,2022-04-28,32616,138020,TJSP DEPRE MOC,https://api.tjsp.jus.br/Handlers/Handler/FileFetch.ashx?codigo=138020
2023,autarquia_municipal,PREFEITURA MUNICIPAL DE TANABI,7,90319.02,0.00,150730.26,241049.28,PENDENTE,2022-04-28,32616,138020,TJSP DEPRE MOC,https://api.tjsp.jus.br/Handlers/Handler/FileFetch.ashx?codigo=138020
2023,autarquia_municipal,PREFEITURA MUNICIPAL DE TAPIRATIBA,9,161082.55,0.00,105318.87,266401.42,PENDENTE,2022-04-28,32616,138020,TJSP DEPRE MOC,https://api.tjsp.jus.br/Handlers/Handler/FileFetch.ashx?codigo=138020
2023,autarquia_municipal,PREFEITURA MUNICIPAL DE TAQUARAL,1,0.00,0.00,21538.09,21538.09,PENDENTE,2022-04-28,32616,138020,TJSP DEPRE MOC,https://api.tjsp.jus.br/Handlers/Handler/FileFetch.ashx?codigo=138020
2023,autarquia_municipal,PREFEITURA MUNICIPAL DE TAQUARITINGA,35,1638691.15,21305.30,144094.73,1804091.18,PENDENTE,2022-04-28,32616,138020,TJSP DEPRE MOC,https://api.tjsp.jus.br/Handlers/Handler/FileFetch.ashx?codigo=138020
2023,autarquia_municipal,PREFEITURA MUNICIPAL DE TAQUARIVAÍ,1,0.00,0.00,40911.24,40911.24,PENDENTE,2022-04-28,32616,138020,TJSP DEPRE MOC,https://api.tjsp.jus.br/Handlers/Handler/FileFetch.ashx?codigo=138020
2023,autarquia_municipal,PREFEITURA MUNICIPAL DE TARUMÃ,47,2673320.45,0.00,0.00,2673320.45,PENDENTE,2022-04-28,32616,138020,TJSP DEPRE MOC,https://api.tjsp.jus.br/Handlers/Handler/FileFetch.ashx?codigo=138020
2023,autarquia_municipal,PREFEITURA MUNICIPAL DE TATUÍ,19,920423.03,0.00,23667050.86,24587473.89,PENDENTE,2022-04-28,32616,138020,TJSP DEPRE MOC,https://api.tjsp.jus.br/Handlers/Handler/FileFetch.ashx?codigo=138020
2023,autarquia_municipal,PREFEITURA MUNICIPAL DE TAUBATÉ,36,5021132.31,3764896.18,616786.59,9402815.08,PENDENTE,2022-04-28,32616,138020,TJSP DEPRE MOC,https://api.tjsp.jus.br/Handlers/Handler/FileFetch.ashx?codigo=138020
2023,autarquia_municipal,PREFEITURA MUNICIPAL DE TEJUPÁ,1,0.00,0.00,20107.56,20107.56,PENDENTE,2022-04-28,32616,138020,TJSP DEPRE MOC,https://api.tjsp.jus.br/Handlers/Handler/FileFetch.ashx?codigo=138020
2023,autarquia_municipal,PREFEITURA MUNICIPAL DE TEODORO SAMPAIO,2,80414.17,0.00,19249.37,99663.54,PENDENTE,2022-04-28,32616,138020,TJSP DEPRE MOC,https://api.tjsp.jus.br/Handlers/Handler/FileFetch.ashx?codigo=138020
2023,autarquia_municipal,PREFEITURA MUNICIPAL DE TERRA ROXA,1,0.00,0.00,647671.95,647671.95,PENDENTE,2022-04-28,32616,138020,TJSP DEPRE MOC,https://api.tjsp.jus.br/Handlers/Handler/FileFetch.ashx?codigo=138020
2023,autarquia_municipal,PREFEITURA MUNICIPAL DE TIMBURI,5,225959.66,0.00,3177484.81,3403444.47,PENDENTE,2022-04-28,32616,138020,TJSP DEPRE MOC,https://api.tjsp.jus.br/Handlers/Handler/FileFetch.ashx?codigo=138020
2023,autarquia_municipal,PREFEITURA MUNICIPAL DE TORRINHA,4,145777.68,0.00,62829.00,208606.68,PENDENTE,2022-04-28,32616,138020,TJSP DEPRE MOC,https://api.tjsp.jus.br/Handlers/Handler/FileFetch.ashx?codigo=138020
2023,autarquia_municipal,PREFEITURA MUNICIPAL DE TREMEMBÉ,6,126637.07,0.00,79389.74,206026.81,PENDENTE,2022-04-28,32616,138020,TJSP DEPRE MOC,https://api.tjsp.jus.br/Handlers/Handler/FileFetch.ashx?codigo=138020
2023,autarquia_municipal,PREFEITURA MUNICIPAL DE TRÊS FRONTEIRAS,10,200835.08,0.00,0.00,200835.08,PENDENTE,2022-04-28,32616,138020,TJSP DEPRE MOC,https://api.tjsp.jus.br/Handlers/Handler/FileFetch.ashx?codigo=138020
2023,autarquia_municipal,PREFEITURA MUNICIPAL DE TUIUTI,10,2894903.51,0.00,254541.69,3149445.20,PENDENTE,2022-04-28,32616,138020,TJSP DEPRE MOC,https://api.tjsp.jus.br/Handlers/Handler/FileFetch.ashx?codigo=138020
2023,autarquia_municipal,PREFEITURA MUNICIPAL DE TUPÃ,11,912070.83,0.00,236397.12,1148467.95,PENDENTE,2022-04-28,32616,138020,TJSP DEPRE MOC,https://api.tjsp.jus.br/Handlers/Handler/FileFetch.ashx?codigo=138020
2023,autarquia_municipal,PREFEITURA MUNICIPAL DE TUPI PAULISTA,1,0.00,0.00,45244.82,45244.82,PENDENTE,2022-04-28,32616,138020,TJSP DEPRE MOC,https://api.tjsp.jus.br/Handlers/Handler/FileFetch.ashx?codigo=138020
2023,autarquia_municipal,PREFEITURA MUNICIPAL DE TURIÚBA,1,80972.10,0.00,0.00,80972.10,PENDENTE,2022-04-28,32616,138020,TJSP DEPRE MOC,https://api.tjsp.jus.br/Handlers/Handler/FileFetch.ashx?codigo=138020
2023,autarquia_municipal,PREFEITURA MUNICIPAL DE UBARANA,1,13647.20,0.00,0.00,13647.20,PENDENTE,2022-04-28,32616,138020,TJSP DEPRE MOC,https://api.tjsp.jus.br/Handlers/Handler/FileFetch.ashx?codigo=138020
2023,autarquia_municipal,PREFEITURA MUNICIPAL DE UBATUBA,18,1124142.24,0.00,223295.14,1347437.38,PENDENTE,2022-04-28,32616,138020,TJSP DEPRE MOC,https://api.tjsp.jus.br/Handlers/Handler/FileFetch.ashx?codigo=138020
2023,autarquia_municipal,PREFEITURA MUNICIPAL DE URÂNIA,9,183538.15,0.00,0.00,183538.15,PENDENTE,2022-04-28,32616,138020,TJSP DEPRE MOC,https://api.tjsp.jus.br/Handlers/Handler/FileFetch.ashx?codigo=138020
2023,autarquia_municipal,PREFEITURA MUNICIPAL DE URUPÊS,2,462473.02,0.00,0.00,462473.02,PENDENTE,2022-04-28,32616,138020,TJSP DEPRE MOC,https://api.tjsp.jus.br/Handlers/Handler/FileFetch.ashx?codigo=138020
2023,autarquia_municipal,PREFEITURA MUNICIPAL DE VALENTIM GENTIL,13,65676.12,91662.95,851472.79,1008811.86,PENDENTE,2022-04-28,32616,138020,TJSP DEPRE MOC,https://api.tjsp.jus.br/Handlers/Handler/FileFetch.ashx?codigo=138020
2023,autarquia_municipal,PREFEITURA MUNICIPAL DE VALINHOS,25,1457190.75,0.00,1162415.98,2619606.73,PENDENTE,2022-04-28,32616,138020,TJSP DEPRE MOC,https://api.tjsp.jus.br/Handlers/Handler/FileFetch.ashx?codigo=138020
2023,autarquia_municipal,PREFEITURA MUNICIPAL DE VALPARAISO,4,52822.82,0.00,34080.92,86903.74,PENDENTE,2022-04-28,32616,138020,TJSP DEPRE MOC,https://api.tjsp.jus.br/Handlers/Handler/FileFetch.ashx?codigo=138020
2023,autarquia_municipal,PREFEITURA MUNICIPAL DE VARGEM,1,0.00,0.00,20078.36,20078.36,PENDENTE,2022-04-28,32616,138020,TJSP DEPRE MOC,https://api.tjsp.jus.br/Handlers/Handler/FileFetch.ashx?codigo=138020
2023,autarquia_municipal,PREFEITURA MUNICIPAL DE VARGEM GRANDE DO SUL,8,160307.29,0.00,0.00,160307.29,PENDENTE,2022-04-28,32616,138020,TJSP DEPRE MOC,https://api.tjsp.jus.br/Handlers/Handler/FileFetch.ashx?codigo=138020
2023,autarquia_municipal,PREFEITURA MUNICIPAL DE VARGEM GRANDE PAULISTA,1,89306.13,0.00,0.00,89306.13,PENDENTE,2022-04-28,32616,138020,TJSP DEPRE MOC,https://api.tjsp.jus.br/Handlers/Handler/FileFetch.ashx?codigo=138020
2023,autarquia_municipal,PREFEITURA MUNICIPAL DE VÁRZEA PAULISTA,24,751292.90,0.00,1878151.34,2629444.24,PENDENTE,2022-04-28,32616,138020,TJSP DEPRE MOC,https://api.tjsp.jus.br/Handlers/Handler/FileFetch.ashx?codigo=138020
2023,autarquia_municipal,PREFEITURA MUNICIPAL DE VERA CRUZ,15,991227.29,0.00,0.00,991227.29,PENDENTE,2022-04-28,32616,138020,TJSP DEPRE MOC,https://api.tjsp.jus.br/Handlers/Handler/FileFetch.ashx?codigo=138020
2023,autarquia_municipal,PREFEITURA MUNICIPAL DE VINHEDO,6,105884.03,0.00,39917.54,145801.57,PENDENTE,2022-04-28,32616,138020,TJSP DEPRE MOC,https://api.tjsp.jus.br/Handlers/Handler/FileFetch.ashx?codigo=138020
2023,autarquia_municipal,PREFEITURA MUNICIPAL DE VIRADOURO,36,458816.52,405408.50,533939.34,1398164.36,PENDENTE,2022-04-28,32616,138020,TJSP DEPRE MOC,https://api.tjsp.jus.br/Handlers/Handler/FileFetch.ashx?codigo=138020
2023,autarquia_municipal,PREFEITURA MUNICIPAL DE VISTA ALEGRE DO ALTO,1,43211.68,0.00,0.00,43211.68,PENDENTE,2022-04-28,32616,138020,TJSP DEPRE MOC,https://api.tjsp.jus.br/Handlers/Handler/FileFetch.ashx?codigo=138020
2023,autarquia_municipal,PREFEITURA MUNICIPAL DE VITÓRIA BRASIL,3,36562.99,0.00,57564.44,94127.43,PENDENTE,2022-04-28,32616,138020,TJSP DEPRE MOC,https://api.tjsp.jus.br/Handlers/Handler/FileFetch.ashx?codigo=138020
2023,autarquia_municipal,PREFEITURA MUNICIPAL DE VOTORANTIM,3,0.00,0.00,569668.14,569668.14,PENDENTE,2022-04-28,32616,138020,TJSP DEPRE MOC,https://api.tjsp.jus.br/Handlers/Handler/FileFetch.ashx?codigo=138020
2023,autarquia_municipal,PREFEITURA MUNICIPAL DE VOTUPORANGA,32,629654.05,628951.71,14796.57,1273402.33,PENDENTE,2022-04-28,32616,138020,TJSP DEPRE MOC,https://api.tjsp.jus.br/Handlers/Handler/FileFetch.ashx?codigo=138020
2023,autarquia_municipal,PRUDENPREV - SIST. DE PREV. SERV. PÚBL. MUN. DE PRES. PRUDENTE,19,697362.04,0.00,0.00,697362.04,PENDENTE,2022-04-28,32616,138020,TJSP DEPRE MOC,https://api.tjsp.jus.br/Handlers/Handler/FileFetch.ashx?codigo=138020
2023,autarquia_municipal,RIOPRETOPREV - REG. PR. PREV. SOC. MUN. DE SÃO JOSÉ DO RIO PRETO,27,1711298.57,0.00,0.00,1711298.57,PENDENTE,2022-04-28,32616,138020,TJSP DEPRE MOC,https://api.tjsp.jus.br/Handlers/Handler/FileFetch.ashx?codigo=138020
2023,autarquia_municipal,SAAE AMPARO - SERVIÇO AUTÔNOMO DE ÁGUA E ESGOTOS DE AMPARO,1,0.00,48298.90,0.00,48298.90,PENDENTE,2022-04-28,32616,138020,TJSP DEPRE MOC,https://api.tjsp.jus.br/Handlers/Handler/FileFetch.ashx?codigo=138020
2023,autarquia_municipal,SAAE APARECIDA - SERVIÇO AUTÔNOMO DE ÁGUAS E ESGOTOS DE APAR,1,91019.25,0.00,0.00,91019.25,PENDENTE,2022-04-28,32616,138020,TJSP DEPRE MOC,https://api.tjsp.jus.br/Handlers/Handler/FileFetch.ashx?codigo=138020
2023,autarquia_municipal,SAAE GARÇA - SERVIÇO AUTÔNOMO DE ÁGUAS E ESGOTOS DE GARÇA,1,0.00,0.00,159228.66,159228.66,PENDENTE,2022-04-28,32616,138020,TJSP DEPRE MOC,https://api.tjsp.jus.br/Handlers/Handler/FileFetch.ashx?codigo=138020
2023,autarquia_municipal,SAAE INDAIATUBA - SERV. AUT. DE ÁGUA E ESGOTOS DE INDAIATUBA,2,0.00,0.00,77256.77,77256.77,PENDENTE,2022-04-28,32616,138020,TJSP DEPRE MOC,https://api.tjsp.jus.br/Handlers/Handler/FileFetch.ashx?codigo=138020
2023,autarquia_municipal,SAAE JACAREÍ - SERVIÇO AUTÔNOMO DE ÁGUAS E ESGOTOS DE JACAREÍ,26,543259.15,2810798.62,0.00,3354057.77,PENDENTE,2022-04-28,32616,138020,TJSP DEPRE MOC,https://api.tjsp.jus.br/Handlers/Handler/FileFetch.ashx?codigo=138020
2023,autarquia_municipal,SAAE PORTO FELIZ - SERV. AUT. DE ÁGUA E ESG. DE PORTO FELIZ,1,0.00,0.00,220863.16,220863.16,PENDENTE,2022-04-28,32616,138020,TJSP DEPRE MOC,https://api.tjsp.jus.br/Handlers/Handler/FileFetch.ashx?codigo=138020
2023,autarquia_municipal,SAAE RIO DAS PEDRAS - SERVIÇO AUTÔNOMO DE ÁGUA E ESGOTO DE RIO,4,10206.68,0.00,152618.73,162825.41,PENDENTE,2022-04-28,32616,138020,TJSP DEPRE MOC,https://api.tjsp.jus.br/Handlers/Handler/FileFetch.ashx?codigo=138020
2023,autarquia_municipal,SAAE SALTO - SERV. AUT. DE ÁGUA E ESGOTO DE SALTO,1,0.00,0.00,14896.74,14896.74,PENDENTE,2022-04-28,32616,138020,TJSP DEPRE MOC,https://api.tjsp.jus.br/Handlers/Handler/FileFetch.ashx?codigo=138020
2023,autarquia_municipal,SAAE SÃO CARLOS - SERV. AUT. DE ÁGUAS E ESG. DE SÃO CARLOS,1,0.00,0.00,69158.51,69158.51,PENDENTE,2022-04-28,32616,138020,TJSP DEPRE MOC,https://api.tjsp.jus.br/Handlers/Handler/FileFetch.ashx?codigo=138020
2023,autarquia_municipal,SAAE SOROCABA - SERVIÇO AUT. DE ÁGUA E ESGOTO DE SOROCABA,9,502601.68,0.00,149228.84,651830.52,PENDENTE,2022-04-28,32616,138020,TJSP DEPRE MOC,https://api.tjsp.jus.br/Handlers/Handler/FileFetch.ashx?codigo=138020
2023,autarquia_municipal,SAAEB - SERVIÇO AUTÔNOMO DE ÁGUA E ESGOTO DE BARRETOS,14,467471.54,0.00,35397.80,502869.34,PENDENTE,2022-04-28,32616,138020,TJSP DEPRE MOC,https://api.tjsp.jus.br/Handlers/Handler/FileFetch.ashx?codigo=138020
2023,autarquia_municipal,SAAEI - SERVIÇO AUTÔNOMO DE ÁGUA E ESGOTO DE IBIRAREMA,1,87608.71,0.00,0.00,87608.71,PENDENTE,2022-04-28,32616,138020,TJSP DEPRE MOC,https://api.tjsp.jus.br/Handlers/Handler/FileFetch.ashx?codigo=138020
2023,autarquia_municipal,SAAEM - SERVIÇO AUT. DE ÁGUA E ESG. DE MIRANDÓPOLIS,1,0.00,0.00,7622.77,7622.77,PENDENTE,2022-04-28,32616,138020,TJSP DEPRE MOC,https://api.tjsp.jus.br/Handlers/Handler/FileFetch.ashx?codigo=138020
2023,autarquia_municipal,SAE OURINHOS - SUPERINTENDÊNCIA DE ÁGUA E ESGOTO DE OURINHOS,1,0.00,0.00,61208.30,61208.30,PENDENTE,2022-04-28,32616,138020,TJSP DEPRE MOC,https://api.tjsp.jus.br/Handlers/Handler/FileFetch.ashx?codigo=138020
2023,autarquia_municipal,SAEAN - SERVIÇO DE ÁGUA E ESGOTO DE ARTUR NOGUEIRA,26,536899.03,0.00,0.00,536899.03,PENDENTE,2022-04-28,32616,138020,TJSP DEPRE MOC,https://api.tjsp.jus.br/Handlers/Handler/FileFetch.ashx?codigo=138020
2023,autarquia_municipal,SAECIL - SUPERINTENDÊNCIA DE ÁGUA E ESGOTOS DA CIDADE DE LEME,7,873858.76,0.00,0.00,873858.76,PENDENTE,2022-04-28,32616,138020,TJSP DEPRE MOC,https://api.tjsp.jus.br/Handlers/Handler/FileFetch.ashx?codigo=138020
2023,autarquia_municipal,SAEMA - SERV. DE ÁGUA ESG. E MEIO AMBIENTE DO MUN. DE ARARAS,13,572568.42,0.00,0.00,572568.42,PENDENTE,2022-04-28,32616,138020,TJSP DEPRE MOC,https://api.tjsp.jus.br/Handlers/Handler/FileFetch.ashx?codigo=138020
2023,autarquia_municipal,SAEP - SERVIÇO AUTÔNOMO DE ÁGUA E ESGOTO DE PIRASSUNUNGA,1,0.00,0.00,41875.90,41875.90,PENDENTE,2022-04-28,32616,138020,TJSP DEPRE MOC,https://api.tjsp.jus.br/Handlers/Handler/FileFetch.ashx?codigo=138020
2023,autarquia_municipal,SAERP - SUPERINT. AUT. DE ÁGUA E ESG. DE SÃO JOSÉ DO RIO PARDO,2,38271.35,0.00,0.00,38271.35,PENDENTE,2022-04-28,32616,138020,TJSP DEPRE MOC,https://api.tjsp.jus.br/Handlers/Handler/FileFetch.ashx?codigo=138020
2023,autarquia_municipal,"SAESA - SIST. DE ÁGUA, ESG. E SAN. AMBIENTAL SÃO CAETANO DO SUL",6,19159.47,0.00,787228.94,806388.41,PENDENTE,2022-04-28,32616,138020,TJSP DEPRE MOC,https://api.tjsp.jus.br/Handlers/Handler/FileFetch.ashx?codigo=138020
2023,autarquia_municipal,"SAEV AMBIENTAL - SUP. DE ÁGUA, ESG. E MEIO AMB. DE VOTUPORANGA",1,46014.65,0.00,0.00,46014.65,PENDENTE,2022-04-28,32616,138020,TJSP DEPRE MOC,https://api.tjsp.jus.br/Handlers/Handler/FileFetch.ashx?codigo=138020
2023,autarquia_municipal,SANEBAVI - SANEAMENTO BÁSICO DE VINHEDO,1,0.00,0.00,29596.65,29596.65,PENDENTE,2022-04-28,32616,138020,TJSP DEPRE MOC,https://api.tjsp.jus.br/Handlers/Handler/FileFetch.ashx?codigo=138020
2023,autarquia_municipal,SANTAFEPREV - INST. MUN. DE PREV. SOC. DE SANTA FÉ DO SUL,9,191048.59,0.00,0.00,191048.59,PENDENTE,2022-04-28,32616,138020,TJSP DEPRE MOC,https://api.tjsp.jus.br/Handlers/Handler/FileFetch.ashx?codigo=138020
2023,autarquia_municipal,SÃO SEBASTIÃO PREV - INST. PREV. DO MUN. DE SÃO SEBASTIÃO,12,641962.00,0.00,0.00,641962.00,PENDENTE,2022-04-28,32616,138020,TJSP DEPRE MOC,https://api.tjsp.jus.br/Handlers/Handler/FileFetch.ashx?codigo=138020
2023,autarquia_municipal,SASEMB - SERVIÇO ASSIST. DOS FUNC. E SERV. MUN. DE BEBEDOURO,2,123355.99,0.00,0.00,123355.99,PENDENTE,2022-04-28,32616,138020,TJSP DEPRE MOC,https://api.tjsp.jus.br/Handlers/Handler/FileFetch.ashx?codigo=138020
2023,autarquia_municipal,SASSOM - SERV. DE ASSIST. À SAÚDE DOS MUN. PRESIDENTE PRUDENTE,1,0.00,0.00,130421.74,130421.74,PENDENTE,2022-04-28,32616,138020,TJSP DEPRE MOC,https://api.tjsp.jus.br/Handlers/Handler/FileFetch.ashx?codigo=138020
2023,autarquia_municipal,SASSOM - SERV. DE ASSIST. À SAÚDE DOS MUNIC. DE RIBEIRÃO PRETO,4,62437.28,0.00,42036.38,104473.66,PENDENTE,2022-04-28,32616,138020,TJSP DEPRE MOC,https://api.tjsp.jus.br/Handlers/Handler/FileFetch.ashx?codigo=138020
2023,autarquia_municipal,SBCPREV - INSTITUTO DE PREV. DO MUN. DE SÃO BERNARDO DO CAMPO,37,1950340.62,0.00,0.00,1950340.62,PENDENTE,2022-04-28,32616,138020,TJSP DEPRE MOC,https://api.tjsp.jus.br/Handlers/Handler/FileFetch.ashx?codigo=138020
2023,autarquia_municipal,SEMAE - SERV. MUN. AUT. DE ÁGUA E ESG. DE SÃO JOSÉ DO RIO PRETO,2,0.00,0.00,88684.72,88684.72,PENDENTE,2022-04-28,32616,138020,TJSP DEPRE MOC,https://api.tjsp.jus.br/Handlers/Handler/FileFetch.ashx?codigo=138020
2023,autarquia_municipal,SEPREM - SERVIÇO DE PREVIDÊNCIA MUNICIPAL DE ITAPETININGA,1,12528.69,0.00,0.00,12528.69,PENDENTE,2022-04-28,32616,138020,TJSP DEPRE MOC,https://api.tjsp.jus.br/Handlers/Handler/FileFetch.ashx?codigo=138020
2023,autarquia_municipal,SERVIÇO AUTÔNOMO DE ÁGUA E ESGOTO DE BROTAS,1,0.00,83431.60,0.00,83431.60,PENDENTE,2022-04-28,32616,138020,TJSP DEPRE MOC,https://api.tjsp.jus.br/Handlers/Handler/FileFetch.ashx?codigo=138020
2023,autarquia_municipal,SERVIÇO AUTÔNOMO DE ÁGUA E ESGOTO DE PEREIRA BARRETO,1,64122.01,0.00,0.00,64122.01,PENDENTE,2022-04-28,32616,138020,TJSP DEPRE MOC,https://api.tjsp.jus.br/Handlers/Handler/FileFetch.ashx?codigo=138020
2023,autarquia_municipal,TCA - SERVIÇO MUNICIPAL DE TRANSPORTES COLETIVOS DE ARARAS,6,305258.30,0.00,0.00,305258.30,PENDENTE,2022-04-28,32616,138020,TJSP DEPRE MOC,https://api.tjsp.jus.br/Handlers/Handler/FileFetch.ashx?codigo=138020
2023,estadual,UNESP - UNIVERSIDADE ESTADUAL PAULISTA (JÚLIO DE MESQUITA FILHO),142,8194443.99,0.00,53946.21,8248390.20,PENDENTE,2022-04-28,32616,138020,TJSP DEPRE MOC,https://api.tjsp.jus.br/Handlers/Handler/FileFetch.ashx?codigo=138020
2023,estadual,UNICAMP - UNIVERSIDADE ESTADUAL DE CAMPINAS,30,4000983.48,0.00,351582.48,4352565.96,PENDENTE,2022-04-28,32616,138020,TJSP DEPRE MOC,https://api.tjsp.jus.br/Handlers/Handler/FileFetch.ashx?codigo=138020
2023,estadual,UNITAU - UNIVERSIDADE DE TAUBATÉ,14,2027915.76,9685806.55,82461.81,11796184.12,PENDENTE,2022-04-28,32616,138020,TJSP DEPRE MOC,https://api.tjsp.jus.br/Handlers/Handler/FileFetch.ashx?codigo=138020
2023,estadual,USP - UNIVERSIDADE DE SÃO PAULO,44,5843147.36,0.00,250754.03,6093901.39,PENDENTE,2022-04-28,32616,138020,TJSP DEPRE MOC,https://api.tjsp.jus.br/Handlers/Handler/FileFetch.ashx?codigo=138020
2024,autarquia_municipal,AMERIPREV - INST. DE PREV. SOC. DOS SERV. MUN. DE AMERICANA,2,86201.00,0.00,0.00,86201.00,PENDENTE,2023-05-29,37264,146918,TJSP DEPRE MOC,https://api.tjsp.jus.br/Handlers/Handler/FileFetch.ashx?codigo=146918
2024,autarquia_municipal,ARAPREV - SERVIÇO DE PREVIDÊNCIA SOCIAL DO MUN. DE ARARAS,176,3549848.55,0.00,0.00,3549848.55,PENDENTE,2023-05-29,37264,146918,TJSP DEPRE MOC,https://api.tjsp.jus.br/Handlers/Handler/FileFetch.ashx?codigo=146918
2024,autarquia_municipal,ASSISPREV - INSTITUTO DE PREV. DOS SERV. PÚBL. MUN. DE ASSIS,4,829357.18,0.00,0.00,829357.18,PENDENTE,2023-05-29,37264,146918,TJSP DEPRE MOC,https://api.tjsp.jus.br/Handlers/Handler/FileFetch.ashx?codigo=146918
2024,autarquia_municipal,AUTARQUIA MUNICIPAL DE ITAPECERICA DA SERRA (SAÚDE-IS),2,0.00,0.00,432147.24,432147.24,PENDENTE,2023-05-29,37264,146918,TJSP DEPRE MOC,https://api.tjsp.jus.br/Handlers/Handler/FileFetch.ashx?codigo=146918
2024,autarquia_municipal,AVAREPREV - INSTITUTO DE PREV. DOS SERV. PÚBL. DO MUN. DE AVARÉ,2,42603.65,0.00,0.00,42603.65,PENDENTE,2023-05-29,37264,146918,TJSP DEPRE MOC,https://api.tjsp.jus.br/Handlers/Handler/FileFetch.ashx?codigo=146918
2024,autarquia_municipal,BERTPREV - INST. DE PREV. SOC. DOS SERV. PÚBL. DO MUN DE BERTIOGA,1,183033.75,0.00,0.00,183033.75,PENDENTE,2023-05-29,37264,146918,TJSP DEPRE MOC,https://api.tjsp.jus.br/Handlers/Handler/FileFetch.ashx?codigo=146918
2024,autarquia_municipal,BIRIGUIPREV - INSTITUTO DE PREVIDÊNCIA DO MUNICÍPIO DE BIRIGUI,5,298060.58,0.00,0.00,298060.58,PENDENTE,2023-05-29,37264,146918,TJSP DEPRE MOC,https://api.tjsp.jus.br/Handlers/Handler/FileFetch.ashx?codigo=146918
2024,autarquia_municipal,BIRITIBAPREV - INST. DE PREV DOS SERV PÚBL DO MUN. DE BIRITIBA MIRI,1,202124.70,0.00,0.00,202124.70,PENDENTE,2023-05-29,37264,146918,TJSP DEPRE MOC,https://api.tjsp.jus.br/Handlers/Handler/FileFetch.ashx?codigo=146918
2024,autarquia_municipal,BOTUPREV - INST. DE PREV. SOC. DOS SERV. DE BOTUCATU,3,152996.97,0.00,0.00,152996.97,PENDENTE,2023-05-29,37264,146918,TJSP DEPRE MOC,https://api.tjsp.jus.br/Handlers/Handler/FileFetch.ashx?codigo=146918
2024,autarquia_municipal,CAIXA DE PECÚLIOS E PENSÕES DOS SERV. MUNIC. DE SANTOS,1,195488.91,0.00,0.00,195488.91,PENDENTE,2023-05-29,37264,146918,TJSP DEPRE MOC,https://api.tjsp.jus.br/Handlers/Handler/FileFetch.ashx?codigo=146918
2024,autarquia_municipal,CAIXA DE PREVIDÊNCIA DOS SERVIDORES MUNIC. DE CUBATÃO,23,1009500.17,0.00,343963.24,1353463.41,PENDENTE,2023-05-29,37264,146918,TJSP DEPRE MOC,https://api.tjsp.jus.br/Handlers/Handler/FileFetch.ashx?codigo=146918
2024,autarquia_municipal,CAMPREV - INSTITUTO DE PREVID. SOCIAL DO MUNIC. DE CAMPINAS,22,4599785.43,0.00,0.00,4599785.43,PENDENTE,2023-05-29,37264,146918,TJSP DEPRE MOC,https://api.tjsp.jus.br/Handlers/Handler/FileFetch.ashx?codigo=146918
2024,autarquia_municipal,CAPSTUBA - CAIXA DE APOS. E PENS. DOS SERV. MUN. DE TAQUARITUBA,1,22246.06,0.00,0.00,22246.06,PENDENTE,2023-05-29,37264,146918,TJSP DEPRE MOC,https://api.tjsp.jus.br/Handlers/Handler/FileFetch.ashx?codigo=146918
2024,autarquia_municipal,CARAGUAPREV - INSTITUTO DE PREV. DO MUN. DE CARAGUATATUBA,11,920555.82,0.00,0.00,920555.82,PENDENTE,2023-05-29,37264,146918,TJSP DEPRE MOC,https://api.tjsp.jus.br/Handlers/Handler/FileFetch.ashx?codigo=146918
2024,autarquia_municipal,CEPROSOM - CENTRO DE PROMOÇÃO SOCIAL DE LIMEIRA,2,265099.50,0.00,0.00,265099.50,PENDENTE,2023-05-29,37264,146918,TJSP DEPRE MOC,https://api.tjsp.jus.br/Handlers/Handler/FileFetch.ashx?codigo=146918
2024,autarquia_municipal,CONSAÚDE - CONSÓRCIO INTERMUN. DE SAÚDE DO VALE DO RIBEIRA,10,151729.93,0.00,19774.22,171504.15,PENDENTE,2023-05-29,37264,146918,TJSP DEPRE MOC,https://api.tjsp.jus.br/Handlers/Handler/FileFetch.ashx?codigo=146918
2024,autarquia_municipal,CRAISA - CIA. REGIONAL DE ABAST.INTEGRADO DE SANTO ANDRÉ,1,0.00,0.00,401591.34,401591.34,PENDENTE,2023-05-29,37264,146918,TJSP DEPRE MOC,https://api.tjsp.jus.br/Handlers/Handler/FileFetch.ashx?codigo=146918
2024,autarquia_municipal,DAAE - DEPARTAMENTO AUT. DE ÁGUA E ESGOTOS DE ARARAQUARA,6,16050.61,0.00,379463.54,395514.15,PENDENTE,2023-05-29,37264,146918,TJSP DEPRE MOC,https://api.tjsp.jus.br/Handlers/Handler/FileFetch.ashx?codigo=146918
2024,autarquia_municipal,DAE - DEPARTAMENTO DE ÁGUA E ESGOTO DE SANTA BÁRBARA D'OESTE,6,63740.40,1088010.57,0.00,1151750.97,PENDENTE,2023-05-29,37264,146918,TJSP DEPRE MOC,https://api.tjsp.jus.br/Handlers/Handler/FileFetch.ashx?codigo=146918
2024,autarquia_municipal,DAE BAURU - DEPARTAMENTO DE ÁGUA E ESGOTO DE BAURU,5,85498.48,234914.63,66751.34,387164.45,PENDENTE,2023-05-29,37264,146918,TJSP DEPRE MOC,https://api.tjsp.jus.br/Handlers/Handler/FileFetch.ashx?codigo=146918
2024,autarquia_municipal,DAE/SA - ÁGUAS E ESGOTO DE JUNDIAÍ,4,0.00,0.00,139697.05,139697.05,PENDENTE,2023-05-29,37264,146918,TJSP DEPRE MOC,https://api.tjsp.jus.br/Handlers/Handler/FileFetch.ashx?codigo=146918
2024,autarquia_municipal,DAEA - DEPARTAMENTO DE ÁGUA E ESGOTO DE ARAÇATUBA,3,56302.87,0.00,13655.44,69958.31,PENDENTE,2023-05-29,37264,146918,TJSP DEPRE MOC,https://api.tjsp.jus.br/Handlers/Handler/FileFetch.ashx?codigo=146918
2024,autarquia_municipal,DAEM - DEPARTAMENTO DE ÁGUA E ESGOTO DE MARÍLIA,9,0.00,0.00,1247541.40,1247541.40,PENDENTE,2023-05-29,37264,146918,TJSP DEPRE MOC,https://api.tjsp.jus.br/Handlers/Handler/FileFetch.ashx?codigo=146918
2024,autarquia_municipal,"DAEMO AMBIENTAL - SUPERINT. DE ÁGUA, ESG. E MEIO AMB. DE OLÍMPIA",4,122967.30,0.00,558942.27,681909.57,PENDENTE,2023-05-29,37264,146918,TJSP DEPRE MOC,https://api.tjsp.jus.br/Handlers/Handler/FileFetch.ashx?codigo=146918
2024,autarquia_municipal,DIVINOLANDIAPREV - INSTITUTO DE PREV. DO MUN. DE DIVINOLÂNDIA,6,297074.65,0.00,11729.40,308804.05,PENDENTE,2023-05-29,37264,146918,TJSP DEPRE MOC,https://api.tjsp.jus.br/Handlers/Handler/FileFetch.ashx?codigo=146918
2024,autarquia_municipal,FAE - CENTRO UNIV. FAC. ASS. DE ENS. DE SÃO JOÃO DA BOA VISTA,1,25404.36,0.00,0.00,25404.36,PENDENTE,2023-05-29,37264,146918,TJSP DEPRE MOC,https://api.tjsp.jus.br/Handlers/Handler/FileFetch.ashx?codigo=146918
2024,autarquia_municipal,FAP - FUNDO DE APOS. E PENS. FUNC. PÚBL. MUN. DE IGARAÇU DO TIETÊ,2,84839.90,0.00,0.00,84839.90,PENDENTE,2023-05-29,37264,146918,TJSP DEPRE MOC,https://api.tjsp.jus.br/Handlers/Handler/FileFetch.ashx?codigo=146918
2024,autarquia_municipal,FAPEN - FUNDO DE APOS. E PREV. MUNICIPAL DE CRAVINHOS,1,71344.12,0.00,0.00,71344.12,PENDENTE,2023-05-29,37264,146918,TJSP DEPRE MOC,https://api.tjsp.jus.br/Handlers/Handler/FileFetch.ashx?codigo=146918
2024,estadual,FAZENDA DO ESTADO DE SÃO PAULO,54619,5035175099.92,243154067.32,549887040.11,5828216207.35,PENDENTE,2023-05-29,37264,146918,TJSP DEPRE MOC,https://api.tjsp.jus.br/Handlers/Handler/FileFetch.ashx?codigo=146918
2024,autarquia_municipal,FIEB - FUNDAÇÃO INSTITUTO DE EDUCAÇÃO DE BARUERI,2,135389.92,0.00,116064.39,251454.31,PENDENTE,2023-05-29,37264,146918,TJSP DEPRE MOC,https://api.tjsp.jus.br/Handlers/Handler/FileFetch.ashx?codigo=146918
2024,autarquia_municipal,FUMAS - FUNDAÇÃO MUNICIPAL DE AÇÃO SOCIAL DE JUNDIAÍ,1,0.00,0.00,334805.80,334805.80,PENDENTE,2023-05-29,37264,146918,TJSP DEPRE MOC,https://api.tjsp.jus.br/Handlers/Handler/FileFetch.ashx?codigo=146918
2024,autarquia_municipal,FUMEC CAMPINAS - FUNDAÇÃO MUNICIPAL P EDUCAÇÃO COMUNITÁRIA,2,77302.28,0.00,0.00,77302.28,PENDENTE,2023-05-29,37264,146918,TJSP DEPRE MOC,https://api.tjsp.jus.br/Handlers/Handler/FileFetch.ashx?codigo=146918
2024,autarquia_municipal,FUNDAÇÃO DE SEG. SOCIAL DOS FUNC. PÚBL. DO MUN. DE VOTORANTIM,4,1344152.58,0.00,0.00,1344152.58,PENDENTE,2023-05-29,37264,146918,TJSP DEPRE MOC,https://api.tjsp.jus.br/Handlers/Handler/FileFetch.ashx?codigo=146918
2024,autarquia_municipal,FUNDO DE PREV. E BEN. DOS SERV. PÚBL. DO MUN. DE ARTUR NOGUEIRA,5,89524.69,0.00,0.00,89524.69,PENDENTE,2023-05-29,37264,146918,TJSP DEPRE MOC,https://api.tjsp.jus.br/Handlers/Handler/FileFetch.ashx?codigo=146918
2024,autarquia_municipal,FUNPREV - FUNDAÇÃO DE PREV. DOS SERV. PÚBL. MUN. EFET. DE BAURU,8,1170675.99,0.00,0.00,1170675.99,PENDENTE,2023-05-29,37264,146918,TJSP DEPRE MOC,https://api.tjsp.jus.br/Handlers/Handler/FileFetch.ashx?codigo=146918
2024,autarquia_municipal,FUNSERV - FUND. DA SEG. SOCIAL DOS SERV. PÚBL. MUN. DE SOROCABA,10,2156864.64,0.00,0.00,2156864.64,PENDENTE,2023-05-29,37264,146918,TJSP DEPRE MOC,https://api.tjsp.jus.br/Handlers/Handler/FileFetch.ashx?codigo=146918
2024,autarquia_municipal,FUPREBEN - FUNDO DE PREV. E BEN. DOS SERV. PÚBL. DO MUN. DE VARG,1,25230.36,0.00,0.00,25230.36,PENDENTE,2023-05-29,37264,146918,TJSP DEPRE MOC,https://api.tjsp.jus.br/Handlers/Handler/FileFetch.ashx?codigo=146918
2024,autarquia_municipal,FUSAM - FUNDAÇÃO DE SAÚDE E ASSISTÊNCIA DO MUN. DE CAÇAPAVA,1,0.00,0.00,37419.86,37419.86,PENDENTE,2023-05-29,37264,146918,TJSP DEPRE MOC,https://api.tjsp.jus.br/Handlers/Handler/FileFetch.ashx?codigo=146918
2024,autarquia_municipal,FUST - FUNDAÇÃO UNIVERSITÁRIA DE SAÚDE DE TAUBATÉ,4,67627.60,0.00,950298.43,1017926.03,PENDENTE,2023-05-29,37264,146918,TJSP DEPRE MOC,https://api.tjsp.jus.br/Handlers/Handler/FileFetch.ashx?codigo=146918
2024,autarquia_municipal,GUAIRAPREV - FUNDO MUN. DE PREV. DOS SERV. PÚBL. MUN. DE GUAÍRA,4,1786106.50,0.00,0.00,1786106.50,PENDENTE,2023-05-29,37264,146918,TJSP DEPRE MOC,https://api.tjsp.jus.br/Handlers/Handler/FileFetch.ashx?codigo=146918
2024,municipal,GUARDA CIVIL MUNICIPAL DE RIBEIRÃO PRETO,30,2133312.56,0.00,0.00,2133312.56,PENDENTE,2023-05-29,37264,146918,TJSP DEPRE MOC,https://api.tjsp.jus.br/Handlers/Handler/FileFetch.ashx?codigo=146918
2024,municipal,HOSPITAL DO SERVIDOR PÚBLICO MUNICIPAL DE SÃO PAULO,29,962567.46,0.00,0.00,962567.46,PENDENTE,2023-05-29,37264,146918,TJSP DEPRE MOC,https://api.tjsp.jus.br/Handlers/Handler/FileFetch.ashx?codigo=146918
2024,municipal,HOSPITAL MUNICIPAL DR. TABAJARA RAMOS - MOGI-GUAÇU,1,0.00,0.00,31012.66,31012.66,PENDENTE,2023-05-29,37264,146918,TJSP DEPRE MOC,https://api.tjsp.jus.br/Handlers/Handler/FileFetch.ashx?codigo=146918
2024,autarquia_municipal,IAPEN - INST. DE APOS. E PENS. DOS SERV. PÚBL. DO MUN. DE GARÇA,3,269792.00,0.00,0.00,269792.00,PENDENTE,2023-05-29,37264,146918,TJSP DEPRE MOC,https://api.tjsp.jus.br/Handlers/Handler/FileFetch.ashx?codigo=146918
2024,autarquia_municipal,IMES CATANDUVA - INSTITUTO MUN. DE ENS. SUPERIOR DE CATANDUVA (F,1,92034.71,0.00,0.00,92034.71,PENDENTE,2023-05-29,37264,146918,TJSP DEPRE MOC,https://api.tjsp.jus.br/Handlers/Handler/FileFetch.ashx?codigo=146918
2024,autarquia_municipal,IMESB - INSTITUTO MUNICIPAL DE ENSINO SUPERIOR DE BEBEDOURO,5,256684.21,0.00,0.00,256684.21,PENDENTE,2023-05-29,37264,146918,TJSP DEPRE MOC,https://api.tjsp.jus.br/Handlers/Handler/FileFetch.ashx?codigo=146918
2024,autarquia_municipal,IMPRAL - INSTITUTO DE PREVIDÊNCIA MUNICIPAL DE ALTINÓPOLIS,1,56029.11,0.00,0.00,56029.11,PENDENTE,2023-05-29,37264,146918,TJSP DEPRE MOC,https://api.tjsp.jus.br/Handlers/Handler/FileFetch.ashx?codigo=146918
2024,autarquia_municipal,IMPREV - INSTITUTO MUNICIPAL DE PREV. SOCIAL DE QUATÁ,5,312227.38,0.00,0.00,312227.38,PENDENTE,2023-05-29,37264,146918,TJSP DEPRE MOC,https://api.tjsp.jus.br/Handlers/Handler/FileFetch.ashx?codigo=146918
2024,autarquia_municipal,IMSS - INST. MUN. DE SEGURIDADE SOCIAL DE PARAGUAÇU PAULISTA,18,1936208.38,0.00,0.00,1936208.38,PENDENTE,2023-05-29,37264,146918,TJSP DEPRE MOC,https://api.tjsp.jus.br/Handlers/Handler/FileFetch.ashx?codigo=146918
2024,federal,INSS - INSTITUTO NACIONAL DO SEGURO SOCIAL,8304,1434642184.14,0.00,0.00,1434642184.14,PENDENTE,2023-05-29,37264,146918,TJSP DEPRE MOC,https://api.tjsp.jus.br/Handlers/Handler/FileFetch.ashx?codigo=146918
2024,autarquia_municipal,INSTITUTO DE PREV. DO SERV. PÚBL. DO MUNIC. DE CÂNDIDO MOTA,6,235589.40,0.00,0.00,235589.40,PENDENTE,2023-05-29,37264,146918,TJSP DEPRE MOC,https://api.tjsp.jus.br/Handlers/Handler/FileFetch.ashx?codigo=146918
2024,autarquia_municipal,INSTITUTO DE PREV. DOS SERV. PÚBL. DO MUN. DE ORLÂNDIA,2,188145.47,0.00,0.00,188145.47,PENDENTE,2023-05-29,37264,146918,TJSP DEPRE MOC,https://api.tjsp.jus.br/Handlers/Handler/FileFetch.ashx?codigo=146918
2024,autarquia_municipal,INSTITUTO DE PREVIDÊNCIA MUNICIPAL DE ESTRELA D'OESTE,1,10575.23,0.00,0.00,10575.23,PENDENTE,2023-05-29,37264,146918,TJSP DEPRE MOC,https://api.tjsp.jus.br/Handlers/Handler/FileFetch.ashx?codigo=146918
2024,autarquia_municipal,INSTITUTO DE PREVIDÊNCIA MUNICIPAL DE GENERAL SALGADO,1,9774.22,0.00,0.00,9774.22,PENDENTE,2023-05-29,37264,146918,TJSP DEPRE MOC,https://api.tjsp.jus.br/Handlers/Handler/FileFetch.ashx?codigo=146918
2024,autarquia_municipal,INSTITUTO DE PREVIDÊNCIA MUNICIPAL DE MOGI DAS CRUZES,5,397193.23,0.00,0.00,397193.23,PENDENTE,2023-05-29,37264,146918,TJSP DEPRE MOC,https://api.tjsp.jus.br/Handlers/Handler/FileFetch.ashx?codigo=146918
2024,autarquia_municipal,INSTITUTO DE PREVIDÊNCIA MUNICIPAL DE RUBINEIA,1,55236.53,0.00,0.00,55236.53,PENDENTE,2023-05-29,37264,146918,TJSP DEPRE MOC,https://api.tjsp.jus.br/Handlers/Handler/FileFetch.ashx?codigo=146918
2024,autarquia_municipal,INSTITUTO MUNICIPAL DE PREV. DE RIBEIRÃO DOS ÍNDIOS,1,41504.20,0.00,0.00,41504.20,PENDENTE,2023-05-29,37264,146918,TJSP DEPRE MOC,https://api.tjsp.jus.br/Handlers/Handler/FileFetch.ashx?codigo=146918
2024,autarquia_municipal,IPASP - INST. DE PREV. E ASSIST. AOS SERV. PÚBL. MUN. DE JABORANDI,1,131446.07,0.00,0.00,131446.07,PENDENTE,2023-05-29,37264,146918,TJSP DEPRE MOC,https://api.tjsp.jus.br/Handlers/Handler/FileFetch.ashx?codigo=146918
2024,autarquia_municipal,IPASP - INST. DE PREV. E ASSIST. SOCIAL DOS FUNC. MUN. DE PIRACICABA,11,1587062.90,0.00,0.00,1587062.90,PENDENTE,2023-05-29,37264,146918,TJSP DEPRE MOC,https://api.tjsp.jus.br/Handlers/Handler/FileFetch.ashx?codigo=146918
2024,autarquia_municipal,IPM - INSTITUTO DE PREVID. DOS MUNICIPIÁRIOS DE RIBEIRÃO PRETO,407,43941230.20,0.00,0.00,43941230.20,PENDENTE,2023-05-29,37264,146918,TJSP DEPRE MOC,https://api.tjsp.jus.br/Handlers/Handler/FileFetch.ashx?codigo=146918
2024,autarquia_municipal,IPMB - INSTITUTO DE PREVIDÊNCIA MUNICIPAL DE BARRETOS,134,8445096.68,0.00,0.00,8445096.68,PENDENTE,2023-05-29,37264,146918,TJSP DEPRE MOC,https://api.tjsp.jus.br/Handlers/Handler/FileFetch.ashx?codigo=146918
2024,autarquia_municipal,IPMI - INSTITUTO DE PREVIDÊNCIA MUNICIPAL DE ITAPEVA,3,284209.26,0.00,0.00,284209.26,PENDENTE,2023-05-29,37264,146918,TJSP DEPRE MOC,https://api.tjsp.jus.br/Handlers/Handler/FileFetch.ashx?codigo=146918
2024,autarquia_municipal,IPMJ - INSTITUTO DE PREVIDÊNCIA DO MUNICÍPIO DE JACAREÍ,3,151968.23,0.00,0.00,151968.23,PENDENTE,2023-05-29,37264,146918,TJSP DEPRE MOC,https://api.tjsp.jus.br/Handlers/Handler/FileFetch.ashx?codigo=146918
2024,autarquia_municipal,IPML - INSTITUTO DE PREVIDÊNCIA MUNICIPAL DE LIMEIRA,22,4139942.98,0.00,0.00,4139942.98,PENDENTE,2023-05-29,37264,146918,TJSP DEPRE MOC,https://api.tjsp.jus.br/Handlers/Handler/FileFetch.ashx?codigo=146918
2024,autarquia_municipal,IPMO - INSTITUTO DE PREV. DOS SERV. PÚBL. DO MUN. DE OURINHOS,4,446946.85,0.00,0.00,446946.85,PENDENTE,2023-05-29,37264,146918,TJSP DEPRE MOC,https://api.tjsp.jus.br/Handlers/Handler/FileFetch.ashx?codigo=146918
2024,autarquia_municipal,IPMS - INSTITUTO DE PREVIDÊNCIA DO MUNICÍPIO DE SUZANO,1,82013.99,0.00,0.00,82013.99,PENDENTE,2023-05-29,37264,146918,TJSP DEPRE MOC,https://api.tjsp.jus.br/Handlers/Handler/FileFetch.ashx?codigo=146918
2024,autarquia_municipal,IPMT - INSTITUTO DE PREVIDÊNCIA DO MUNICÍPIO DE TAUBATÉ,10,714874.01,0.00,0.00,714874.01,PENDENTE,2023-05-29,37264,146918,TJSP DEPRE MOC,https://api.tjsp.jus.br/Handlers/Handler/FileFetch.ashx?codigo=146918
2024,autarquia_municipal,IPMU - INSTITUTO DE PREVIDÊNCIA MUNICIPAL DE UBATUBA,2,179771.84,0.00,0.00,179771.84,PENDENTE,2023-05-29,37264,146918,TJSP DEPRE MOC,https://api.tjsp.jus.br/Handlers/Handler/FileFetch.ashx?codigo=146918
2024,autarquia_municipal,IPRC - INSTITUTO DE PREVIDÊNCIA DO MUNICÍPIO DE RIO CLARO,2,100719.02,0.00,0.00,100719.02,PENDENTE,2023-05-29,37264,146918,TJSP DEPRE MOC,https://api.tjsp.jus.br/Handlers/Handler/FileFetch.ashx?codigo=146918
2024,autarquia_municipal,IPREF - INSTITUTO DE PREV. DOS FUNC. PÚBL. MUN. DE GUARULHOS,10,1640643.45,0.00,0.00,1640643.45,PENDENTE,2023-05-29,37264,146918,TJSP DEPRE MOC,https://api.tjsp.jus.br/Handlers/Handler/FileFetch.ashx?codigo=146918
2024,autarquia_municipal,IPREJAN - INSTITUTO DE PREVIDÊNCIA MUNICIPAL DE JANDIRA,14,297759.54,0.00,0.00,297759.54,PENDENTE,2023-05-29,37264,146918,TJSP DEPRE MOC,https://api.tjsp.jus.br/Handlers/Handler/FileFetch.ashx?codigo=146918
2024,autarquia_municipal,IPREJUN - INSTITUTO DE PREV. DO MUNICÍPIO DE JUNDIAÍ,9,3748775.74,0.00,0.00,3748775.74,PENDENTE,2023-05-29,37264,146918,TJSP DEPRE MOC,https://api.tjsp.jus.br/Handlers/Handler/FileFetch.ashx?codigo=146918
2024,autarquia_municipal,IPREM - INST. DE PREV. SOC. SERV. PÚBL. DO MUN. DE CERQUEIRA CÉSAR,4,768516.68,0.00,0.00,768516.68,PENDENTE,2023-05-29,37264,146918,TJSP DEPRE MOC,https://api.tjsp.jus.br/Handlers/Handler/FileFetch.ashx?codigo=146918
2024,autarquia_municipal,IPREM - INSTITUTO DE PREV. DOS SERV. PÚBL. DO MUN. DE NOVA LUZITÂN,4,442957.37,0.00,0.00,442957.37,PENDENTE,2023-05-29,37264,146918,TJSP DEPRE MOC,https://api.tjsp.jus.br/Handlers/Handler/FileFetch.ashx?codigo=146918
2024,autarquia_municipal,IPREM - INSTITUTO DE PREV. MUNICIPAL DE FERNANDÓPOLIS,5,60844.02,0.00,0.00,60844.02,PENDENTE,2023-05-29,37264,146918,TJSP DEPRE MOC,https://api.tjsp.jus.br/Handlers/Handler/FileFetch.ashx?codigo=146918
2024,autarquia_municipal,IPREM - INSTITUTO DE PREVIDÊNCIA MUNICIPAL DE ILHA SOLTEIRA,1,20207.29,0.00,0.00,20207.29,PENDENTE,2023-05-29,37264,146918,TJSP DEPRE MOC,https://api.tjsp.jus.br/Handlers/Handler/FileFetch.ashx?codigo=146918
2024,autarquia_municipal,IPREM - INSTITUTO DE PREVIDÊNCIA MUNICIPAL DE SÃO MANUEL,3,372226.57,0.00,0.00,372226.57,PENDENTE,2023-05-29,37264,146918,TJSP DEPRE MOC,https://api.tjsp.jus.br/Handlers/Handler/FileFetch.ashx?codigo=146918
2024,autarquia_municipal,IPREM POSSE - INST. DE PREV. MUN. DE SANTO ANTÔNIO DE POSSE,1,41672.11,0.00,0.00,41672.11,PENDENTE,2023-05-29,37264,146918,TJSP DEPRE MOC,https://api.tjsp.jus.br/Handlers/Handler/FileFetch.ashx?codigo=146918
2024,autarquia_municipal,IPREM SEVERÍNIA - INST. DE PREV. MUN. DE SEVERÍNIA,3,181831.01,0.00,0.00,181831.01,PENDENTE,2023-05-29,37264,146918,TJSP DEPRE MOC,https://api.tjsp.jus.br/Handlers/Handler/FileFetch.ashx?codigo=146918
2024,autarquia_municipal,IPREMA - INSTITUTO DE PREVIDÊNCIA MUNICIPAL DE ASPÁSIA,3,133113.45,0.00,0.00,133113.45,PENDENTE,2023-05-29,37264,146918,TJSP DEPRE MOC,https://api.tjsp.jus.br/Handlers/Handler/FileFetch.ashx?codigo=146918
2024,autarquia_municipal,IPREMCAR - INSTITUTO DE PREVIDÊNCIA MUNICIPAL DE CARDOSO,2,43285.00,0.00,0.00,43285.00,PENDENTE,2023-05-29,37264,146918,TJSP DEPRE MOC,https://api.tjsp.jus.br/Handlers/Handler/FileFetch.ashx?codigo=146918
2024,autarquia_municipal,IPREMM - INSTITUTO DE PREVIDÊNCIA MUNICIPAL DE MARÍLIA,1,117258.54,0.00,0.00,117258.54,PENDENTE,2023-05-29,37264,146918,TJSP DEPRE MOC,https://api.tjsp.jus.br/Handlers/Handler/FileFetch.ashx?codigo=146918
2024,autarquia_municipal,IPREMO - INSTITUTO DE PREVIDÊNCIA MUNICIPAL DE OUROESTE,3,562026.64,0.00,0.00,562026.64,PENDENTE,2023-05-29,37264,146918,TJSP DEPRE MOC,https://api.tjsp.jus.br/Handlers/Handler/FileFetch.ashx?codigo=146918
2024,autarquia_municipal,IPREMU - INSTITUTO DE PREVIDÊNCIA MUNICIPAL DE URÂNIA,1,17515.01,0.00,0.00,17515.01,PENDENTE,2023-05-29,37264,146918,TJSP DEPRE MOC,https://api.tjsp.jus.br/Handlers/Handler/FileFetch.ashx?codigo=146918
2024,autarquia_municipal,IPREMUS - INSTITUTO DE PREV. DOS SERV. PÚBL. DO MUN. DE SERRANA,13,567813.49,0.00,0.00,567813.49,PENDENTE,2023-05-29,37264,146918,TJSP DEPRE MOC,https://api.tjsp.jus.br/Handlers/Handler/FileFetch.ashx?codigo=146918
2024,autarquia_municipal,IPREVEN - INSTITUTO DE PREVID. MUNICIPAL DE PRESIDENTE VENCESLAU,4,283099.45,0.00,0.00,283099.45,PENDENTE,2023-05-29,37264,146918,TJSP DEPRE MOC,https://api.tjsp.jus.br/Handlers/Handler/FileFetch.ashx?codigo=146918
2024,autarquia_municipal,IPREVSANTOS - INST. DE PREV. SOC. DOS SERV. PÚBL. MUN. DE SANTOS,50,3814708.66,0.00,0.00,3814708.66,PENDENTE,2023-05-29,37264,146918,TJSP DEPRE MOC,https://api.tjsp.jus.br/Handlers/Handler/FileFetch.ashx?codigo=146918
2024,autarquia_municipal,IPSJBV - INST. DE PREV. SERV. PÚBL. MUN. DE SÃO JOÃO DA BOA VISTA,34,683347.78,0.00,0.00,683347.78,PENDENTE,2023-05-29,37264,146918,TJSP DEPRE MOC,https://api.tjsp.jus.br/Handlers/Handler/FileFetch.ashx?codigo=146918
2024,autarquia_municipal,IPSM - INSTITUTO DE PREV. DO SERV. MUN. DE SÃO JOSÉ DOS CAMPOS,67,5237951.66,0.00,0.00,5237951.66,PENDENTE,2023-05-29,37264,146918,TJSP DEPRE MOC,https://api.tjsp.jus.br/Handlers/Handler/FileFetch.ashx?codigo=146918
2024,autarquia_municipal,IPSPMO - INSTITUTO DE PREV. DOS SERV. PÚBL. MUN. DE OLÍMPIA,6,921807.07,0.00,0.00,921807.07,PENDENTE,2023-05-29,37264,146918,TJSP DEPRE MOC,https://api.tjsp.jus.br/Handlers/Handler/FileFetch.ashx?codigo=146918
2024,autarquia_municipal,LEMEPREV - FUNDO ESP. DE PREV. SOC. SERV. PÚBL. DO MUN. DE LEME,1,19170.49,0.00,0.00,19170.49,PENDENTE,2023-05-29,37264,146918,TJSP DEPRE MOC,https://api.tjsp.jus.br/Handlers/Handler/FileFetch.ashx?codigo=146918
2024,autarquia_municipal,PAULINIAPREV - INST. DE PREV. DOS FUNC. PÚBL. DO MUN. DE PAULÍNIA,4,519805.51,0.00,0.00,519805.51,PENDENTE,2023-05-29,37264,146918,TJSP DEPRE MOC,https://api.tjsp.jus.br/Handlers/Handler/FileFetch.ashx?codigo=146918
2024,autarquia_municipal,PREFEITURA MUNICIPAL DE ABADIA DOS DOURADOS - MG,1,0.00,0.00,34638.60,34638.60,PENDENTE,2023-05-29,37264,146918,TJSP DEPRE MOC,https://api.tjsp.jus.br/Handlers/Handler/FileFetch.ashx?codigo=146918
2024,autarquia_municipal,PREFEITURA MUNICIPAL DE ADAMANTINA,8,518031.08,747876.60,240302.31,1506209.99,PENDENTE,2023-05-29,37264,146918,TJSP DEPRE MOC,https://api.tjsp.jus.br/Handlers/Handler/FileFetch.ashx?codigo=146918
2024,autarquia_municipal,PREFEITURA MUNICIPAL DE ÁGUA CLARA - MS,1,0.00,0.00,95270.43,95270.43,PENDENTE,2023-05-29,37264,146918,TJSP DEPRE MOC,https://api.tjsp.jus.br/Handlers/Handler/FileFetch.ashx?codigo=146918
2024,autarquia_municipal,PREFEITURA MUNICIPAL DE AGUAÍ,5,44568.62,0.00,165618.68,210187.30,PENDENTE,2023-05-29,37264,146918,TJSP DEPRE MOC,https://api.tjsp.jus.br/Handlers/Handler/FileFetch.ashx?codigo=146918
2024,autarquia_municipal,PREFEITURA MUNICIPAL DE ÁGUAS DA PRATA,6,123561.17,0.00,977670.28,1101231.45,PENDENTE,2023-05-29,37264,146918,TJSP DEPRE MOC,https://api.tjsp.jus.br/Handlers/Handler/FileFetch.ashx?codigo=146918
2024,autarquia_municipal,PREFEITURA MUNICIPAL DE ÁGUAS DE LINDÓIA,3,175609.81,0.00,13067.91,188677.72,PENDENTE,2023-05-29,37264,146918,TJSP DEPRE MOC,https://api.tjsp.jus.br/Handlers/Handler/FileFetch.ashx?codigo=146918
2024,autarquia_municipal,PREFEITURA MUNICIPAL DE ÁGUAS DE SANTA BÁRBARA,12,452920.08,0.00,472267.78,925187.86,PENDENTE,2023-05-29,37264,146918,TJSP DEPRE MOC,https://api.tjsp.jus.br/Handlers/Handler/FileFetch.ashx?codigo=146918
2024,autarquia_municipal,PREFEITURA MUNICIPAL DE ÁGUAS DE SÃO PEDRO,4,346564.18,0.00,27671.63,374235.81,PENDENTE,2023-05-29,37264,146918,TJSP DEPRE MOC,https://api.tjsp.jus.br/Handlers/Handler/FileFetch.ashx?codigo=146918
2024,autarquia_municipal,PREFEITURA MUNICIPAL DE AGUDOS,6,411107.33,0.00,4920345.24,5331452.57,PENDENTE,2023-05-29,37264,146918,TJSP DEPRE MOC,https://api.tjsp.jus.br/Handlers/Handler/FileFetch.ashx?codigo=146918
2024,autarquia_municipal,PREFEITURA MUNICIPAL DE ALAMBARI,14,255591.38,0.00,212772.14,468363.52,PENDENTE,2023-05-29,37264,146918,TJSP DEPRE MOC,https://api.tjsp.jus.br/Handlers/Handler/FileFetch.ashx?codigo=146918
2024,autarquia_municipal,PREFEITURA MUNICIPAL DE ALTAIR,4,496407.26,516091.87,0.00,1012499.13,PENDENTE,2023-05-29,37264,146918,TJSP DEPRE MOC,https://api.tjsp.jus.br/Handlers/Handler/FileFetch.ashx?codigo=146918
2024,autarquia_municipal,PREFEITURA MUNICIPAL DE ALTINÓPOLIS,8,69921.86,0.00,181855.79,251777.65,PENDENTE,2023-05-29,37264,146918,TJSP DEPRE MOC,https://api.tjsp.jus.br/Handlers/Handler/FileFetch.ashx?codigo=146918
2024,autarquia_municipal,PREFEITURA MUNICIPAL DE ALTO ALEGRE,2,7990.74,0.00,40789.44,48780.18,PENDENTE,2023-05-29,37264,146918,TJSP DEPRE MOC,https://api.tjsp.jus.br/Handlers/Handler/FileFetch.ashx?codigo=146918
2024,autarquia_municipal,PREFEITURA MUNICIPAL DE ALUMÍNIO,2,0.00,0.00,124282.56,124282.56,PENDENTE,2023-05-29,37264,146918,TJSP DEPRE MOC,https://api.tjsp.jus.br/Handlers/Handler/FileFetch.ashx?codigo=146918
2024,autarquia_municipal,PREFEITURA MUNICIPAL DE ÁLVARES MACHADO,4,15104.65,0.00,38618.85,53723.50,PENDENTE,2023-05-29,37264,146918,TJSP DEPRE MOC,https://api.tjsp.jus.br/Handlers/Handler/FileFetch.ashx?codigo=146918
2024,autarquia_municipal,PREFEITURA MUNICIPAL DE ÁLVARO DE CARVALHO,4,128244.46,0.00,85054.95,213299.41,PENDENTE,2023-05-29,37264,146918,TJSP DEPRE MOC,https://api.tjsp.jus.br/Handlers/Handler/FileFetch.ashx?codigo=146918
2024,autarquia_municipal,PREFEITURA MUNICIPAL DE ALVINLÂNDIA,2,50361.84,0.00,0.00,50361.84,PENDENTE,2023-05-29,37264,146918,TJSP DEPRE MOC,https://api.tjsp.jus.br/Handlers/Handler/FileFetch.ashx?codigo=146918
2024,autarquia_municipal,PREFEITURA MUNICIPAL DE AMERICANA,83,4894387.33,26447.50,23860313.97,28781148.80,PENDENTE,2023-05-29,37264,146918,TJSP DEPRE MOC,https://api.tjsp.jus.br/Handlers/Handler/FileFetch.ashx?codigo=146918
2024,autarquia_municipal,PREFEITURA MUNICIPAL DE AMÉRICO BRASILIENSE,1,17421.57,0.00,0.00,17421.57,PENDENTE,2023-05-29,37264,146918,TJSP DEPRE MOC,https://api.tjsp.jus.br/Handlers/Handler/FileFetch.ashx?codigo=146918
2024,autarquia_municipal,PREFEITURA MUNICIPAL DE AMÉRICO DE CAMPOS,10,242050.43,0.00,37531.73,279582.16,PENDENTE,2023-05-29,37264,146918,TJSP DEPRE MOC,https://api.tjsp.jus.br/Handlers/Handler/FileFetch.ashx?codigo=146918
2024,autarquia_municipal,PREFEITURA MUNICIPAL DE AMPARO,10,60099.58,0.00,242263.63,302363.21,PENDENTE,2023-05-29,37264,146918,TJSP DEPRE MOC,https://api.tjsp.jus.br/Handlers/Handler/FileFetch.ashx?codigo=146918
2024,autarquia_municipal,PREFEITURA MUNICIPAL DE ANALÂNDIA,1,0.00,0.00,36946.05,36946.05,PENDENTE,2023-05-29,37264,146918,TJSP DEPRE MOC,https://api.tjsp.jus.br/Handlers/Handler/FileFetch.ashx?codigo=146918
2024,autarquia_municipal,PREFEITURA MUNICIPAL DE ANDRADINA,10,75046.41,66950.28,466924.80,608921.49,PENDENTE,2023-05-29,37264,146918,TJSP DEPRE MOC,https://api.tjsp.jus.br/Handlers/Handler/FileFetch.ashx?codigo=146918
2024,autarquia_municipal,PREFEITURA MUNICIPAL DE ANGATUBA,20,153636.90,288932.97,1748206.29,2190776.16,PENDENTE,2023-05-29,37264,146918,TJSP DEPRE MOC,https://api.tjsp.jus.br/Handlers/Handler/FileFetch.ashx?codigo=146918
2024,autarquia_municipal,PREFEITURA MUNICIPAL DE ANHEMBI,3,0.00,698939.81,0.00,698939.81,PENDENTE,2023-05-29,37264,146918,TJSP DEPRE MOC,https://api.tjsp.jus.br/Handlers/Handler/FileFetch.ashx?codigo=146918
2024,autarquia_municipal,PREFEITURA MUNICIPAL DE ANHUMAS,2,18333.32,0.00,64053.93,82387.25,PENDENTE,2023-05-29,37264,146918,TJSP DEPRE MOC,https://api.tjsp.jus.br/Handlers/Handler/FileFetch.ashx?codigo=146918
2024,autarquia_municipal,PREFEITURA MUNICIPAL DE APARECIDA,6,37577.56,0.00,618909.52,656487.08,PENDENTE,2023-05-29,37264,146918,TJSP DEPRE MOC,https://api.tjsp.jus.br/Handlers/Handler/FileFetch.ashx?codigo=146918
2024,autarquia_municipal,PREFEITURA MUNICIPAL DE APARECIDA D'OESTE,36,1188224.92,0.00,0.00,1188224.92,PENDENTE,2023-05-29,37264,146918,TJSP DEPRE MOC,https://api.tjsp.jus.br/Handlers/Handler/FileFetch.ashx?codigo=146918
2024,autarquia_municipal,PREFEITURA MUNICIPAL DE APIAÍ,6,42471.81,0.00,226590.52,269062.33,PENDENTE,2023-05-29,37264,146918,TJSP DEPRE MOC,https://api.tjsp.jus.br/Handlers/Handler/FileFetch.ashx?codigo=146918
2024,autarquia_municipal,PREFEITURA MUNICIPAL DE ARAÇARIGUAMA,9,143687.96,0.00,546187.34,689875.30,PENDENTE,2023-05-29,37264,146918,TJSP DEPRE MOC,https://api.tjsp.jus.br/Handlers/Handler/FileFetch.ashx?codigo=146918
2024,autarquia_municipal,PREFEITURA MUNICIPAL DE ARAÇATUBA,134,7377804.41,142193.99,6372245.22,13892243.62,PENDENTE,2023-05-29,37264,146918,TJSP DEPRE MOC,https://api.tjsp.jus.br/Handlers/Handler/FileFetch.ashx?codigo=146918
2024,autarquia_municipal,PREFEITURA MUNICIPAL DE ARAÇOIABA DA SERRA,6,93272.70,939738.48,21132.42,1054143.60,PENDENTE,2023-05-29,37264,146918,TJSP DEPRE MOC,https://api.tjsp.jus.br/Handlers/Handler/FileFetch.ashx?codigo=146918
2024,autarquia_municipal,PREFEITURA MUNICIPAL DE ARAMINA,7,77536.86,0.00,513739.83,591276.69,PENDENTE,2023-05-29,37264,146918,TJSP DEPRE MOC,https://api.tjsp.jus.br/Handlers/Handler/FileFetch.ashx?codigo=146918
2024,autarquia_municipal,PREFEITURA MUNICIPAL DE ARANDU,7,151301.04,0.00,60293.21,211594.25,PENDENTE,2023-05-29,37264,146918,TJSP DEPRE MOC,https://api.tjsp.jus.br/Handlers/Handler/FileFetch.ashx?codigo=146918
2024,autarquia_municipal,PREFEITURA MUNICIPAL DE ARAPEÍ,1,0.00,0.00,117098.48,117098.48,PENDENTE,2023-05-29,37264,146918,TJSP DEPRE MOC,https://api.tjsp.jus.br/Handlers/Handler/FileFetch.ashx?codigo=146918
2024,autarquia_municipal,PREFEITURA MUNICIPAL DE ARARAQUARA,54,1232441.01,2613172.73,27022608.45,30868222.19,PENDENTE,2023-05-29,37264,146918,TJSP DEPRE MOC,https://api.tjsp.jus.br/Handlers/Handler/FileFetch.ashx?codigo=146918
2024,autarquia_municipal,PREFEITURA MUNICIPAL DE ARARAS,49,1545305.52,893948.02,883697.99,3322951.53,PENDENTE,2023-05-29,37264,146918,TJSP DEPRE MOC,https://api.tjsp.jus.br/Handlers/Handler/FileFetch.ashx?codigo=146918
2024,autarquia_municipal,PREFEITURA MUNICIPAL DE AREALVA,1,0.00,0.00,19839.07,19839.07,PENDENTE,2023-05-29,37264,146918,TJSP DEPRE MOC,https://api.tjsp.jus.br/Handlers/Handler/FileFetch.ashx?codigo=146918
2024,autarquia_municipal,PREFEITURA MUNICIPAL DE AREIAS,1,29922.86,0.00,0.00,29922.86,PENDENTE,2023-05-29,37264,146918,TJSP DEPRE MOC,https://api.tjsp.jus.br/Handlers/Handler/FileFetch.ashx?codigo=146918
2024,autarquia_municipal,PREFEITURA MUNICIPAL DE AREIÓPOLIS,1,0.00,0.00,30027.74,30027.74,PENDENTE,2023-05-29,37264,146918,TJSP DEPRE MOC,https://api.tjsp.jus.br/Handlers/Handler/FileFetch.ashx?codigo=146918
2024,autarquia_municipal,PREFEITURA MUNICIPAL DE ARIRANHA,4,77710.08,0.00,1040170.56,1117880.64,PENDENTE,2023-05-29,37264,146918,TJSP DEPRE MOC,https://api.tjsp.jus.br/Handlers/Handler/FileFetch.ashx?codigo=146918
2024,autarquia_municipal,PREFEITURA MUNICIPAL DE ARTUR NOGUEIRA,41,2093444.81,0.00,55445.52,2148890.33,PENDENTE,2023-05-29,37264,146918,TJSP DEPRE MOC,https://api.tjsp.jus.br/Handlers/Handler/FileFetch.ashx?codigo=146918
2024,autarquia_municipal,PREFEITURA MUNICIPAL DE ARUJÁ,7,182383.49,0.00,181062.61,363446.10,PENDENTE,2023-05-29,37264,146918,TJSP DEPRE MOC,https://api.tjsp.jus.br/Handlers/Handler/FileFetch.ashx?codigo=146918
2024,autarquia_municipal,PREFEITURA MUNICIPAL DE ASPÁSIA,2,129637.32,0.00,12227.35,141864.67,PENDENTE,2023-05-29,37264,146918,TJSP DEPRE MOC,https://api.tjsp.jus.br/Handlers/Handler/FileFetch.ashx?codigo=146918
2024,autarquia_municipal,PREFEITURA MUNICIPAL DE ASSIS,79,7481749.85,0.00,105027.02,7586776.87,PENDENTE,2023-05-29,37264,146918,TJSP DEPRE MOC,https://api.tjsp.jus.br/Handlers/Handler/FileFetch.ashx?codigo=146918
2024,autarquia_municipal,PREFEITURA MUNICIPAL DE ATIBAIA,20,732116.07,1176043.66,2334801.87,4242961.60,PENDENTE,2023-05-29,37264,146918,TJSP DEPRE MOC,https://api.tjsp.jus.br/Handlers/Handler/FileFetch.ashx?codigo=146918
2024,autarquia_municipal,PREFEITURA MUNICIPAL DE AURIFLAMA,8,253979.05,0.00,1834797.51,2088776.56,PENDENTE,2023-05-29,37264,146918,TJSP DEPRE MOC,https://api.tjsp.jus.br/Handlers/Handler/FileFetch.ashx?codigo=146918
2024,autarquia_municipal,PREFEITURA MUNICIPAL DE AVAÍ,2,0.00,0.00,97039.42,97039.42,PENDENTE,2023-05-29,37264,146918,TJSP DEPRE MOC,https://api.tjsp.jus.br/Handlers/Handler/FileFetch.ashx?codigo=146918
2024,autarquia_municipal,PREFEITURA MUNICIPAL DE AVANHANDAVA,4,78170.52,120838.83,389765.71,588775.06,PENDENTE,2023-05-29,37264,146918,TJSP DEPRE MOC,https://api.tjsp.jus.br/Handlers/Handler/FileFetch.ashx?codigo=146918
2024,autarquia_municipal,PREFEITURA MUNICIPAL DE AVARÉ,39,977283.80,3223124.06,4417470.48,8617878.34,PENDENTE,2023-05-29,37264,146918,TJSP DEPRE MOC,https://api.tjsp.jus.br/Handlers/Handler/FileFetch.ashx?codigo=146918
2024,autarquia_municipal,PREFEITURA MUNICIPAL DE BADY BASSITT,9,770384.10,0.00,308544.68,1078928.78,PENDENTE,2023-05-29,37264,146918,TJSP DEPRE MOC,https://api.tjsp.jus.br/Handlers/Handler/FileFetch.ashx?codigo=146918
2024,autarquia_municipal,PREFEITURA MUNICIPAL DE BALBINOS,17,699103.12,0.00,0.00,699103.12,PENDENTE,2023-05-29,37264,146918,TJSP DEPRE MOC,https://api.tjsp.jus.br/Handlers/Handler/FileFetch.ashx?codigo=146918
2024,autarquia_municipal,PREFEITURA MUNICIPAL DE BÁLSAMO,4,78172.36,0.00,20551.46,98723.82,PENDENTE,2023-05-29,37264,146918,TJSP DEPRE MOC,https://api.tjsp.jus.br/Handlers/Handler/FileFetch.ashx?codigo=146918
2024,autarquia_municipal,PREFEITURA MUNICIPAL DE BANANAL,2,0.00,0.00,81171.26,81171.26,PENDENTE,2023-05-29,37264,146918,TJSP DEPRE MOC,https://api.tjsp.jus.br/Handlers/Handler/FileFetch.ashx?codigo=146918
2024,autarquia_municipal,PREFEITURA MUNICIPAL DE BARÃO DE ANTONINA,2,196398.54,0.00,0.00,196398.54,PENDENTE,2023-05-29,37264,146918,TJSP DEPRE MOC,https://api.tjsp.jus.br/Handlers/Handler/FileFetch.ashx?codigo=146918
2024,autarquia_municipal,PREFEITURA MUNICIPAL DE BARBOSA,1,0.00,0.00,35494.02,35494.02,PENDENTE,2023-05-29,37264,146918,TJSP DEPRE MOC,https://api.tjsp.jus.br/Handlers/Handler/FileFetch.ashx?codigo=146918
2024,autarquia_municipal,PREFEITURA MUNICIPAL DE BARIRI,1,154575.39,0.00,0.00,154575.39,PENDENTE,2023-05-29,37264,146918,TJSP DEPRE MOC,https://api.tjsp.jus.br/Handlers/Handler/FileFetch.ashx?codigo=146918
2024,autarquia_municipal,PREFEITURA MUNICIPAL DE BARRA BONITA,4,46236.60,0.00,53925.82,100162.42,PENDENTE,2023-05-29,37264,146918,TJSP DEPRE MOC,https://api.tjsp.jus.br/Handlers/Handler/FileFetch.ashx?codigo=146918
2024,autarquia_municipal,PREFEITURA MUNICIPAL DE BARRA DO CHAPÉU,3,72437.33,0.00,119930.88,192368.21,PENDENTE,2023-05-29,37264,146918,TJSP DEPRE MOC,https://api.tjsp.jus.br/Handlers/Handler/FileFetch.ashx?codigo=146918
2024,autarquia_municipal,PREFEITURA MUNICIPAL DE BARRA DO TURVO,4,86396.55,0.00,60427.96,146824.51,PENDENTE,2023-05-29,37264,146918,TJSP DEPRE MOC,https://api.tjsp.jus.br/Handlers/Handler/FileFetch.ashx?codigo=146918
2024,autarquia_municipal,PREFEITURA MUNICIPAL DE BARRETOS,181,6112290.77,209471.79,6506504.68,12828267.24,PENDENTE,2023-05-29,37264,146918,TJSP DEPRE MOC,https://api.tjsp.jus.br/Handlers/Handler/FileFetch.ashx?codigo=146918
2024,autarquia_municipal,PREFEITURA MUNICIPAL DE BARRINHA,1,0.00,0.00,25247.88,25247.88,PENDENTE,2023-05-29,37264,146918,TJSP DEPRE MOC,https://api.tjsp.jus.br/Handlers/Handler/FileFetch.ashx?codigo=146918
2024,autarquia_municipal,PREFEITURA MUNICIPAL DE BARUERI,47,2213295.10,12571436.47,20252800.90,35037532.47,PENDENTE,2023-05-29,37264,146918,TJSP DEPRE MOC,https://api.tjsp.jus.br/Handlers/Handler/FileFetch.ashx?codigo=146918
2024,autarquia_municipal,PREFEITURA MUNICIPAL DE BASTOS,12,574479.79,0.00,45961.38,620441.17,PENDENTE,2023-05-29,37264,146918,TJSP DEPRE MOC,https://api.tjsp.jus.br/Handlers/Handler/FileFetch.ashx?codigo=146918
2024,autarquia_municipal,PREFEITURA MUNICIPAL DE BATATAIS,8,144350.44,0.00,434582.66,578933.10,PENDENTE,2023-05-29,37264,146918,TJSP DEPRE MOC,https://api.tjsp.jus.br/Handlers/Handler/FileFetch.ashx?codigo=146918
2024,autarquia_municipal,PREFEITURA MUNICIPAL DE BAURU,39,639984.51,7312773.55,2872242.47,10825000.53,PENDENTE,2023-05-29,37264,146918,TJSP DEPRE MOC,https://api.tjsp.jus.br/Handlers/Handler/FileFetch.ashx?codigo=146918
2024,autarquia_municipal,PREFEITURA MUNICIPAL DE BEBEDOURO,41,1491394.83,0.00,660011.30,2151406.13,PENDENTE,2023-05-29,37264,146918,TJSP DEPRE MOC,https://api.tjsp.jus.br/Handlers/Handler/FileFetch.ashx?codigo=146918
2024,autarquia_municipal,PREFEITURA MUNICIPAL DE BERNARDINO DE CAMPOS,1,32353.38,0.00,0.00,32353.38,PENDENTE,2023-05-29,37264,146918,TJSP DEPRE MOC,https://api.tjsp.jus.br/Handlers/Handler/FileFetch.ashx?codigo=146918
2024,autarquia_municipal,PREFEITURA MUNICIPAL DE BERTIOGA,13,2496193.47,0.00,88671.33,2584864.80,PENDENTE,2023-05-29,37264,146918,TJSP DEPRE MOC,https://api.tjsp.jus.br/Handlers/Handler/FileFetch.ashx?codigo=146918
2024,autarquia_municipal,PREFEITURA MUNICIPAL DE BIRIGUI,29,1354586.03,0.00,254024.75,1608610.78,PENDENTE,2023-05-29,37264,146918,TJSP DEPRE MOC,https://api.tjsp.jus.br/Handlers/Handler/FileFetch.ashx?codigo=146918
2024,autarquia_municipal,PREFEITURA MUNICIPAL DE BIRITIBA-MIRIM,8,286007.16,0.00,2883450.73,3169457.89,PENDENTE,2023-05-29,37264,146918,TJSP DEPRE MOC,https://api.tjsp.jus.br/Handlers/Handler/FileFetch.ashx?codigo=146918
2024,autarquia_municipal,PREFEITURA MUNICIPAL DE BOA ESPERANÇA DO SUL,2,16337.13,0.00,194346.66,210683.79,PENDENTE,2023-05-29,37264,146918,TJSP DEPRE MOC,https://api.tjsp.jus.br/Handlers/Handler/FileFetch.ashx?codigo=146918
2024,autarquia_municipal,PREFEITURA MUNICIPAL DE BOITUVA,7,1056793.99,0.00,6835368.25,7892162.24,PENDENTE,2023-05-29,37264,146918,TJSP DEPRE MOC,https://api.tjsp.jus.br/Handlers/Handler/FileFetch.ashx?codigo=146918
2024,autarquia_municipal,PREFEITURA MUNICIPAL DE BOM JESUS DOS PERDÕES,4,37864.21,0.00,228958.35,266822.56,PENDENTE,2023-05-29,37264,146918,TJSP DEPRE MOC,https://api.tjsp.jus.br/Handlers/Handler/FileFetch.ashx?codigo=146918
2024,autarquia_municipal,PREFEITURA MUNICIPAL DE BORÁ,1,81537.41,0.00,0.00,81537.41,PENDENTE,2023-05-29,37264,146918,TJSP DEPRE MOC,https://api.tjsp.jus.br/Handlers/Handler/FileFetch.ashx?codigo=146918
2024,autarquia_municipal,PREFEITURA MUNICIPAL DE BORBOREMA,9,232462.89,0.00,299042.13,531505.02,PENDENTE,2023-05-29,37264,146918,TJSP DEPRE MOC,https://api.tjsp.jus.br/Handlers/Handler/FileFetch.ashx?codigo=146918
2024,autarquia_municipal,PREFEITURA MUNICIPAL DE BOTUCATU,39,516770.73,459103.00,1869527.75,2845401.48,PENDENTE,2023-05-29,37264,146918,TJSP DEPRE MOC,https://api.tjsp.jus.br/Handlers/Handler/FileFetch.ashx?codigo=146918
2024,autarquia_municipal,PREFEITURA MUNICIPAL DE BRAGANÇA PAULISTA,10,178138.84,1871616.38,1314296.84,3364052.06,PENDENTE,2023-05-29,37264,146918,TJSP DEPRE MOC,https://api.tjsp.jus.br/Handlers/Handler/FileFetch.ashx?codigo=146918
2024,autarquia_municipal,PREFEITURA MUNICIPAL DE BRAÚNA,1,0.00,0.00,17577.03,17577.03,PENDENTE,2023-05-29,37264,146918,TJSP DEPRE MOC,https://api.tjsp.jus.br/Handlers/Handler/FileFetch.ashx?codigo=146918
2024,autarquia_municipal,PREFEITURA MUNICIPAL DE BRODOWSKI,27,652589.68,1356509.85,2177461.25,4186560.78,PENDENTE,2023-05-29,37264,146918,TJSP DEPRE MOC,https://api.tjsp.jus.br/Handlers/Handler/FileFetch.ashx?codigo=146918
2024,autarquia_municipal,PREFEITURA MUNICIPAL DE BROTAS,1,132371.15,0.00,0.00,132371.15,PENDENTE,2023-05-29,37264,146918,TJSP DEPRE MOC,https://api.tjsp.jus.br/Handlers/Handler/FileFetch.ashx?codigo=146918
2024,autarquia_municipal,PREFEITURA MUNICIPAL DE BURI,11,1004619.50,0.00,0.00,1004619.50,PENDENTE,2023-05-29,37264,146918,TJSP DEPRE MOC,https://api.tjsp.jus.br/Handlers/Handler/FileFetch.ashx?codigo=146918
2024,autarquia_municipal,PREFEITURA MUNICIPAL DE BURITAMA,2,96521.59,0.00,11906.02,108427.61,PENDENTE,2023-05-29,37264,146918,TJSP DEPRE MOC,https://api.tjsp.jus.br/Handlers/Handler/FileFetch.ashx?codigo=146918
2024,autarquia_municipal,PREFEITURA MUNICIPAL DE BURITIZAL,2,67829.00,0.00,1153078.23,1220907.23,PENDENTE,2023-05-29,37264,146918,TJSP DEPRE MOC,https://api.tjsp.jus.br/Handlers/Handler/FileFetch.ashx?codigo=146918
2024,autarquia_municipal,PREFEITURA MUNICIPAL DE CABRÁLIA PAULISTA,9,78809.90,403002.01,198005.85,679817.76,PENDENTE,2023-05-29,37264,146918,TJSP DEPRE MOC,https://api.tjsp.jus.br/Handlers/Handler/FileFetch.ashx?codigo=146918
2024,autarquia_municipal,PREFEITURA MUNICIPAL DE CAÇAPAVA,9,95445.57,25962.16,167732.43,289140.16,PENDENTE,2023-05-29,37264,146918,TJSP DEPRE MOC,https://api.tjsp.jus.br/Handlers/Handler/FileFetch.ashx?codigo=146918
2024,autarquia_municipal,PREFEITURA MUNICIPAL DE CACHOEIRA PAULISTA,2,2579.52,0.00,41098.24,43677.76,PENDENTE,2023-05-29,37264,146918,TJSP DEPRE MOC,https://api.tjsp.jus.br/Handlers/Handler/FileFetch.ashx?codigo=146918
2024,autarquia_municipal,PREFEITURA MUNICIPAL DE CACONDE,2,13952.65,0.00,68730.08,82682.73,PENDENTE,2023-05-29,37264,146918,TJSP DEPRE MOC,https://api.tjsp.jus.br/Handlers/Handler/FileFetch.ashx?codigo=146918
2024,autarquia_municipal,PREFEITURA MUNICIPAL DE CAFELÂNDIA,12,570274.84,0.00,384238.19,954513.03,PENDENTE,2023-05-29,37264,146918,TJSP DEPRE MOC,https://api.tjsp.jus.br/Handlers/Handler/FileFetch.ashx?codigo=146918
2024,autarquia_municipal,PREFEITURA MUNICIPAL DE CAIEIRAS,7,536229.02,0.00,25066.68,561295.70,PENDENTE,2023-05-29,37264,146918,TJSP DEPRE MOC,https://api.tjsp.jus.br/Handlers/Handler/FileFetch.ashx?codigo=146918
2024,autarquia_municipal,PREFEITURA MUNICIPAL DE CAIUÁ,10,475625.78,0.00,156307.67,631933.45,PENDENTE,2023-05-29,37264,146918,TJSP DEPRE MOC,https://api.tjsp.jus.br/Handlers/Handler/FileFetch.ashx?codigo=146918
2024,autarquia_municipal,PREFEITURA MUNICIPAL DE CAJAMAR,3,164735.09,0.00,353736.67,518471.76,PENDENTE,2023-05-29,37264,146918,TJSP DEPRE MOC,https://api.tjsp.jus.br/Handlers/Handler/FileFetch.ashx?codigo=146918
2024,autarquia_municipal,PREFEITURA MUNICIPAL DE CAJATI,6,425323.15,729061.08,0.00,1154384.23,PENDENTE,2023-05-29,37264,146918,TJSP DEPRE MOC,https://api.tjsp.jus.br/Handlers/Handler/FileFetch.ashx?codigo=146918
2024,autarquia_municipal,PREFEITURA MUNICIPAL DE CAJOBI,16,380576.18,0.00,361455.93,742032.11,PENDENTE,2023-05-29,37264,146918,TJSP DEPRE MOC,https://api.tjsp.jus.br/Handlers/Handler/FileFetch.ashx?codigo=146918
2024,autarquia_municipal,PREFEITURA MUNICIPAL DE CAJURU,1,0.00,803233.81,0.00,803233.81,PENDENTE,2023-05-29,37264,146918,TJSP DEPRE MOC,https://api.tjsp.jus.br/Handlers/Handler/FileFetch.ashx?codigo=146918
2024,autarquia_municipal,PREFEITURA MUNICIPAL DE CAMPINA DO MONTE ALEGRE,11,460974.04,0.00,274011.00,734985.04,PENDENTE,2023-05-29,37264,146918,TJSP DEPRE MOC,https://api.tjsp.jus.br/Handlers/Handler/FileFetch.ashx?codigo=146918
2024,autarquia_municipal,PREFEITURA MUNICIPAL DE CAMPINAS,339,48469669.99,3365260.59,18292578.26,70127508.84,PENDENTE,2023-05-29,37264,146918,TJSP DEPRE MOC,https://api.tjsp.jus.br/Handlers/Handler/FileFetch.ashx?codigo=146918
2024,autarquia_municipal,PREFEITURA MUNICIPAL DE CAMPO LIMPO PAULISTA,27,1024155.93,0.00,1375537.73,2399693.66,PENDENTE,2023-05-29,37264,146918,TJSP DEPRE MOC,https://api.tjsp.jus.br/Handlers/Handler/FileFetch.ashx?codigo=146918
2024,autarquia_municipal,PREFEITURA MUNICIPAL DE CAMPOS DO JORDÃO,7,355494.66,0.00,11965386.32,12320880.98,PENDENTE,2023-05-29,37264,146918,TJSP DEPRE MOC,https://api.tjsp.jus.br/Handlers/Handler/FileFetch.ashx?codigo=146918
2024,autarquia_municipal,PREFEITURA MUNICIPAL DE CAMPOS NOVOS PAULISTA,2,0.00,0.00,204212.99,204212.99,PENDENTE,2023-05-29,37264,146918,TJSP DEPRE MOC,https://api.tjsp.jus.br/Handlers/Handler/FileFetch.ashx?codigo=146918
2024,autarquia_municipal,PREFEITURA MUNICIPAL DE CANANÉIA,12,534393.57,0.00,1432533.85,1966927.42,PENDENTE,2023-05-29,37264,146918,TJSP DEPRE MOC,https://api.tjsp.jus.br/Handlers/Handler/FileFetch.ashx?codigo=146918
2024,autarquia_municipal,PREFEITURA MUNICIPAL DE CANAS,2,0.00,0.00,86664.24,86664.24,PENDENTE,2023-05-29,37264,146918,TJSP DEPRE MOC,https://api.tjsp.jus.br/Handlers/Handler/FileFetch.ashx?codigo=146918
2024,autarquia_municipal,PREFEITURA MUNICIPAL DE CÂNDIDO MOTA,38,1174204.05,0.00,0.00,1174204.05,PENDENTE,2023-05-29,37264,146918,TJSP DEPRE MOC,https://api.tjsp.jus.br/Handlers/Handler/FileFetch.ashx?codigo=146918
2024,autarquia_municipal,PREFEITURA MUNICIPAL DE CÂNDIDO RODRIGUES,8,606672.61,0.00,0.00,606672.61,PENDENTE,2023-05-29,37264,146918,TJSP DEPRE MOC,https://api.tjsp.jus.br/Handlers/Handler/FileFetch.ashx?codigo=146918
2024,autarquia_municipal,PREFEITURA MUNICIPAL DE CANITAR,1,0.00,0.00,45689.31,45689.31,PENDENTE,2023-05-29,37264,146918,TJSP DEPRE MOC,https://api.tjsp.jus.br/Handlers/Handler/FileFetch.ashx?codigo=146918
2024,autarquia_municipal,PREFEITURA MUNICIPAL DE CAPÃO BONITO,3,154768.73,0.00,476710.50,631479.23,PENDENTE,2023-05-29,37264,146918,TJSP DEPRE MOC,https://api.tjsp.jus.br/Handlers/Handler/FileFetch.ashx?codigo=146918
2024,autarquia_municipal,PREFEITURA MUNICIPAL DE CAPELA DO ALTO,5,51201.31,0.00,234430.70,285632.01,PENDENTE,2023-05-29,37264,146918,TJSP DEPRE MOC,https://api.tjsp.jus.br/Handlers/Handler/FileFetch.ashx?codigo=146918
2024,autarquia_municipal,PREFEITURA MUNICIPAL DE CAPITÃO POÇO - PA,8,0.00,0.00,1547228.75,1547228.75,PENDENTE,2023-05-29,37264,146918,TJSP DEPRE MOC,https://api.tjsp.jus.br/Handlers/Handler/FileFetch.ashx?codigo=146918
2024,autarquia_municipal,PREFEITURA MUNICIPAL DE CAPIVARI,4,186444.80,2282467.11,0.00,2468911.91,PENDENTE,2023-05-29,37264,146918,TJSP DEPRE MOC,https://api.tjsp.jus.br/Handlers/Handler/FileFetch.ashx?codigo=146918
2024,autarquia_municipal,PREFEITURA MUNICIPAL DE CARAGUATATUBA,19,1421700.40,664929.54,805245.48,2891875.42,PENDENTE,2023-05-29,37264,146918,TJSP DEPRE MOC,https://api.tjsp.jus.br/Handlers/Handler/FileFetch.ashx?codigo=146918
2024,autarquia_municipal,PREFEITURA MUNICIPAL DE CARAPICUÍBA,26,1547623.83,0.00,27532271.70,29079895.53,PENDENTE,2023-05-29,37264,146918,TJSP DEPRE MOC,https://api.tjsp.jus.br/Handlers/Handler/FileFetch.ashx?codigo=146918
2024,autarquia_municipal,PREFEITURA MUNICIPAL DE CARDOSO,25,1047222.64,0.00,32688.19,1079910.83,PENDENTE,2023-05-29,37264,146918,TJSP DEPRE MOC,https://api.tjsp.jus.br/Handlers/Handler/FileFetch.ashx?codigo=146918
2024,autarquia_municipal,PREFEITURA MUNICIPAL DE CASA BRANCA,2,0.00,0.00,146829.91,146829.91,PENDENTE,2023-05-29,37264,146918,TJSP DEPRE MOC,https://api.tjsp.jus.br/Handlers/Handler/FileFetch.ashx?codigo=146918
2024,autarquia_municipal,PREFEITURA MUNICIPAL DE CÁSSIA DOS COQUEIROS,2,43255.24,0.00,188169.12,231424.36,PENDENTE,2023-05-29,37264,146918,TJSP DEPRE MOC,https://api.tjsp.jus.br/Handlers/Handler/FileFetch.ashx?codigo=146918
2024,autarquia_municipal,PREFEITURA MUNICIPAL DE CASTANHAL - PA,1,0.00,0.00,1841599.85,1841599.85,PENDENTE,2023-05-29,37264,146918,TJSP DEPRE MOC,https://api.tjsp.jus.br/Handlers/Handler/FileFetch.ashx?codigo=146918
2024,autarquia_municipal,PREFEITURA MUNICIPAL DE CATANDUVA,59,5517228.23,16311463.56,1815313.67,23644005.46,PENDENTE,2023-05-29,37264,146918,TJSP DEPRE MOC,https://api.tjsp.jus.br/Handlers/Handler/FileFetch.ashx?codigo=146918
2024,autarquia_municipal,PREFEITURA MUNICIPAL DE CATIGUÁ,4,27107.07,0.00,220904.34,248011.41,PENDENTE,2023-05-29,37264,146918,TJSP DEPRE MOC,https://api.tjsp.jus.br/Handlers/Handler/FileFetch.ashx?codigo=146918
2024,autarquia_municipal,PREFEITURA MUNICIPAL DE CERQUEIRA CÉSAR,6,547555.00,0.00,3374964.07,3922519.07,PENDENTE,2023-05-29,37264,146918,TJSP DEPRE MOC,https://api.tjsp.jus.br/Handlers/Handler/FileFetch.ashx?codigo=146918
2024,autarquia_municipal,PREFEITURA MUNICIPAL DE CERQUILHO,1,106873.92,0.00,0.00,106873.92,PENDENTE,2023-05-29,37264,146918,TJSP DEPRE MOC,https://api.tjsp.jus.br/Handlers/Handler/FileFetch.ashx?codigo=146918
2024,autarquia_municipal,PREFEITURA MUNICIPAL DE CESÁRIO LANGE,7,0.00,0.00,131688.39,131688.39,PENDENTE,2023-05-29,37264,146918,TJSP DEPRE MOC,https://api.tjsp.jus.br/Handlers/Handler/FileFetch.ashx?codigo=146918
2024,autarquia_municipal,PREFEITURA MUNICIPAL DE CHAVANTES,15,547098.66,0.00,615418.72,1162517.38,PENDENTE,2023-05-29,37264,146918,TJSP DEPRE MOC,https://api.tjsp.jus.br/Handlers/Handler/FileFetch.ashx?codigo=146918
2024,autarquia_municipal,PREFEITURA MUNICIPAL DE CLEMENTINA,2,9781.48,0.00,66140.26,75921.74,PENDENTE,2023-05-29,37264,146918,TJSP DEPRE MOC,https://api.tjsp.jus.br/Handlers/Handler/FileFetch.ashx?codigo=146918
2024,autarquia_municipal,PREFEITURA MUNICIPAL DE COLINA,1,78119.31,0.00,0.00,78119.31,PENDENTE,2023-05-29,37264,146918,TJSP DEPRE MOC,https://api.tjsp.jus.br/Handlers/Handler/FileFetch.ashx?codigo=146918
2024,autarquia_municipal,PREFEITURA MUNICIPAL DE CONCHAL,6,51444.52,0.00,71990.64,123435.16,PENDENTE,2023-05-29,37264,146918,TJSP DEPRE MOC,https://api.tjsp.jus.br/Handlers/Handler/FileFetch.ashx?codigo=146918
2024,autarquia_municipal,PREFEITURA MUNICIPAL DE CONCHAS,6,109023.03,0.00,94958.32,203981.35,PENDENTE,2023-05-29,37264,146918,TJSP DEPRE MOC,https://api.tjsp.jus.br/Handlers/Handler/FileFetch.ashx?codigo=146918
2024,autarquia_municipal,PREFEITURA MUNICIPAL DE CORDEIRÓPOLIS,1,0.00,0.00,29057.54,29057.54,PENDENTE,2023-05-29,37264,146918,TJSP DEPRE MOC,https://api.tjsp.jus.br/Handlers/Handler/FileFetch.ashx?codigo=146918
2024,autarquia_municipal,PREFEITURA MUNICIPAL DE COROADOS,1,0.00,0.00,29319.70,29319.70,PENDENTE,2023-05-29,37264,146918,TJSP DEPRE MOC,https://api.tjsp.jus.br/Handlers/Handler/FileFetch.ashx?codigo=146918
2024,autarquia_municipal,PREFEITURA MUNICIPAL DE CORONEL MACEDO,4,93423.64,0.00,98714.87,192138.51,PENDENTE,2023-05-29,37264,146918,TJSP DEPRE MOC,https://api.tjsp.jus.br/Handlers/Handler/FileFetch.ashx?codigo=146918
2024,autarquia_municipal,PREFEITURA MUNICIPAL DE COSMÓPOLIS,12,580595.83,0.00,670001.02,1250596.85,PENDENTE,2023-05-29,37264,146918,TJSP DEPRE MOC,https://api.tjsp.jus.br/Handlers/Handler/FileFetch.ashx?codigo=146918
2024,autarquia_municipal,PREFEITURA MUNICIPAL DE COSMORAMA,1,32530.42,0.00,0.00,32530.42,PENDENTE,2023-05-29,37264,146918,TJSP DEPRE MOC,https://api.tjsp.jus.br/Handlers/Handler/FileFetch.ashx?codigo=146918
2024,autarquia_municipal,PREFEITURA MUNICIPAL DE COTIA,111,5084081.71,0.00,5604312.22,10688393.93,PENDENTE,2023-05-29,37264,146918,TJSP DEPRE MOC,https://api.tjsp.jus.br/Handlers/Handler/FileFetch.ashx?codigo=146918
2024,autarquia_municipal,PREFEITURA MUNICIPAL DE CRAVINHOS,4,659081.56,0.00,19626.50,678708.06,PENDENTE,2023-05-29,37264,146918,TJSP DEPRE MOC,https://api.tjsp.jus.br/Handlers/Handler/FileFetch.ashx?codigo=146918
2024,autarquia_municipal,PREFEITURA MUNICIPAL DE CRISTAIS PAULISTA,3,180068.79,0.00,1545607.86,1725676.65,PENDENTE,2023-05-29,37264,146918,TJSP DEPRE MOC,https://api.tjsp.jus.br/Handlers/Handler/FileFetch.ashx?codigo=146918
2024,autarquia_municipal,PREFEITURA MUNICIPAL DE CRUZEIRO,38,1507474.33,0.00,1281377.56,2788851.89,PENDENTE,2023-05-29,37264,146918,TJSP DEPRE MOC,https://api.tjsp.jus.br/Handlers/Handler/FileFetch.ashx?codigo=146918
2024,autarquia_municipal,PREFEITURA MUNICIPAL DE CUBATÃO,211,30277539.91,10244286.70,84276193.56,124798020.17,PENDENTE,2023-05-29,37264,146918,TJSP DEPRE MOC,https://api.tjsp.jus.br/Handlers/Handler/FileFetch.ashx?codigo=146918
2024,autarquia_municipal,PREFEITURA MUNICIPAL DE CUNHA,1,0.00,0.00,291569.28,291569.28,PENDENTE,2023-05-29,37264,146918,TJSP DEPRE MOC,https://api.tjsp.jus.br/Handlers/Handler/FileFetch.ashx?codigo=146918
2024,autarquia_municipal,PREFEITURA MUNICIPAL DE DESCALVADO,10,535824.50,0.00,499018.40,1034842.90,PENDENTE,2023-05-29,37264,146918,TJSP DEPRE MOC,https://api.tjsp.jus.br/Handlers/Handler/FileFetch.ashx?codigo=146918
2024,autarquia_municipal,PREFEITURA MUNICIPAL DE DIADEMA,71,6026134.29,1131681.90,16798575.10,23956391.29,PENDENTE,2023-05-29,37264,146918,TJSP DEPRE MOC,https://api.tjsp.jus.br/Handlers/Handler/FileFetch.ashx?codigo=146918
2024,autarquia_municipal,PREFEITURA MUNICIPAL DE DIRCE REIS,3,412066.80,0.00,0.00,412066.80,PENDENTE,2023-05-29,37264,146918,TJSP DEPRE MOC,https://api.tjsp.jus.br/Handlers/Handler/FileFetch.ashx?codigo=146918
2024,autarquia_municipal,PREFEITURA MUNICIPAL DE DIVINOLÂNDIA,18,795036.52,0.00,118093.94,913130.46,PENDENTE,2023-05-29,37264,146918,TJSP DEPRE MOC,https://api.tjsp.jus.br/Handlers/Handler/FileFetch.ashx?codigo=146918
2024,autarquia_municipal,PREFEITURA MUNICIPAL DE DOBRADA,1,0.00,0.00,37709.15,37709.15,PENDENTE,2023-05-29,37264,146918,TJSP DEPRE MOC,https://api.tjsp.jus.br/Handlers/Handler/FileFetch.ashx?codigo=146918
2024,autarquia_municipal,PREFEITURA MUNICIPAL DE DOIS CÓRREGOS,4,301287.33,0.00,221705.59,522992.92,PENDENTE,2023-05-29,37264,146918,TJSP DEPRE MOC,https://api.tjsp.jus.br/Handlers/Handler/FileFetch.ashx?codigo=146918
2024,autarquia_municipal,PREFEITURA MUNICIPAL DE DOLCINÓPOLIS,6,268778.42,0.00,39223.71,308002.13,PENDENTE,2023-05-29,37264,146918,TJSP DEPRE MOC,https://api.tjsp.jus.br/Handlers/Handler/FileFetch.ashx?codigo=146918
2024,autarquia_municipal,PREFEITURA MUNICIPAL DE DRACENA,71,1442419.53,0.00,416059.88,1858479.41,PENDENTE,2023-05-29,37264,146918,TJSP DEPRE MOC,https://api.tjsp.jus.br/Handlers/Handler/FileFetch.ashx?codigo=146918
2024,autarquia_municipal,PREFEITURA MUNICIPAL DE DUARTINA,1,0.00,0.00,128701.07,128701.07,PENDENTE,2023-05-29,37264,146918,TJSP DEPRE MOC,https://api.tjsp.jus.br/Handlers/Handler/FileFetch.ashx?codigo=146918
2024,autarquia_municipal,PREFEITURA MUNICIPAL DE ELDORADO,8,288809.27,0.00,0.00,288809.27,PENDENTE,2023-05-29,37264,146918,TJSP DEPRE MOC,https://api.tjsp.jus.br/Handlers/Handler/FileFetch.ashx?codigo=146918
2024,autarquia_municipal,PREFEITURA MUNICIPAL DE ELIAS FAUSTO,3,0.00,0.00,135802.01,135802.01,PENDENTE,2023-05-29,37264,146918,TJSP DEPRE MOC,https://api.tjsp.jus.br/Handlers/Handler/FileFetch.ashx?codigo=146918
2024,autarquia_municipal,PREFEITURA MUNICIPAL DE ELISIÁRIO,1,43018.18,0.00,0.00,43018.18,PENDENTE,2023-05-29,37264,146918,TJSP DEPRE MOC,https://api.tjsp.jus.br/Handlers/Handler/FileFetch.ashx?codigo=146918
2024,autarquia_municipal,PREFEITURA MUNICIPAL DE EMBU DAS ARTES,6,459736.43,0.00,110716.56,570452.99,PENDENTE,2023-05-29,37264,146918,TJSP DEPRE MOC,https://api.tjsp.jus.br/Handlers/Handler/FileFetch.ashx?codigo=146918
2024,autarquia_municipal,PREFEITURA MUNICIPAL DE EMBU-GUAÇU,7,170254.48,0.00,1294143.85,1464398.33,PENDENTE,2023-05-29,37264,146918,TJSP DEPRE MOC,https://api.tjsp.jus.br/Handlers/Handler/FileFetch.ashx?codigo=146918
2024,autarquia_municipal,PREFEITURA MUNICIPAL DE ENGENHEIRO COELHO,2,326707.95,0.00,0.00,326707.95,PENDENTE,2023-05-29,37264,146918,TJSP DEPRE MOC,https://api.tjsp.jus.br/Handlers/Handler/FileFetch.ashx?codigo=146918
2024,autarquia_municipal,PREFEITURA MUNICIPAL DE ESPÍRITO SANTO DO PINHAL,10,35912.16,247058.99,189335.73,472306.88,PENDENTE,2023-05-29,37264,146918,TJSP DEPRE MOC,https://api.tjsp.jus.br/Handlers/Handler/FileFetch.ashx?codigo=146918
2024,autarquia_municipal,PREFEITURA MUNICIPAL DE ESTIVA GERBI,2,72244.04,0.00,35700.42,107944.46,PENDENTE,2023-05-29,37264,146918,TJSP DEPRE MOC,https://api.tjsp.jus.br/Handlers/Handler/FileFetch.ashx?codigo=146918
2024,autarquia_municipal,PREFEITURA MUNICIPAL DE ESTRELA D'OESTE,3,146363.84,0.00,82930.64,229294.48,PENDENTE,2023-05-29,37264,146918,TJSP DEPRE MOC,https://api.tjsp.jus.br/Handlers/Handler/FileFetch.ashx?codigo=146918
2024,autarquia_municipal,PREFEITURA MUNICIPAL DE ESTRELA DO NORTE,12,121390.01,0.00,68060.77,189450.78,PENDENTE,2023-05-29,37264,146918,TJSP DEPRE MOC,https://api.tjsp.jus.br/Handlers/Handler/FileFetch.ashx?codigo=146918
2024,autarquia_municipal,PREFEITURA MUNICIPAL DE EUCLIDES DA CUNHA PAULISTA,11,201525.53,0.00,137089.93,338615.46,PENDENTE,2023-05-29,37264,146918,TJSP DEPRE MOC,https://api.tjsp.jus.br/Handlers/Handler/FileFetch.ashx?codigo=146918
2024,autarquia_municipal,PREFEITURA MUNICIPAL DE FARTURA,5,180142.26,0.00,43594.53,223736.79,PENDENTE,2023-05-29,37264,146918,TJSP DEPRE MOC,https://api.tjsp.jus.br/Handlers/Handler/FileFetch.ashx?codigo=146918
2024,autarquia_municipal,PREFEITURA MUNICIPAL DE FERNANDO PRESTES,1,268650.37,0.00,0.00,268650.37,PENDENTE,2023-05-29,37264,146918,TJSP DEPRE MOC,https://api.tjsp.jus.br/Handlers/Handler/FileFetch.ashx?codigo=146918
2024,autarquia_municipal,PREFEITURA MUNICIPAL DE FERNANDÓPOLIS,123,1975276.07,1297998.78,54095.29,3327370.14,PENDENTE,2023-05-29,37264,146918,TJSP DEPRE MOC,https://api.tjsp.jus.br/Handlers/Handler/FileFetch.ashx?codigo=146918
2024,autarquia_municipal,PREFEITURA MUNICIPAL DE FERRAZ DE VASCONCELOS,20,1698747.40,0.00,4335729.69,6034477.09,PENDENTE,2023-05-29,37264,146918,TJSP DEPRE MOC,https://api.tjsp.jus.br/Handlers/Handler/FileFetch.ashx?codigo=146918
2024,autarquia_municipal,PREFEITURA MUNICIPAL DE FLORA RICA,2,43676.30,0.00,36656.02,80332.32,PENDENTE,2023-05-29,37264,146918,TJSP DEPRE MOC,https://api.tjsp.jus.br/Handlers/Handler/FileFetch.ashx?codigo=146918
2024,autarquia_municipal,PREFEITURA MUNICIPAL DE FLOREAL,1,70561.84,0.00,0.00,70561.84,PENDENTE,2023-05-29,37264,146918,TJSP DEPRE MOC,https://api.tjsp.jus.br/Handlers/Handler/FileFetch.ashx?codigo=146918
2024,autarquia_municipal,PREFEITURA MUNICIPAL DE FLÓRIDA PAULISTA,3,0.00,0.00,656951.96,656951.96,PENDENTE,2023-05-29,37264,146918,TJSP DEPRE MOC,https://api.tjsp.jus.br/Handlers/Handler/FileFetch.ashx?codigo=146918
2024,autarquia_municipal,PREFEITURA MUNICIPAL DE FRANCA,15,487559.74,0.00,653753.95,1141313.69,PENDENTE,2023-05-29,37264,146918,TJSP DEPRE MOC,https://api.tjsp.jus.br/Handlers/Handler/FileFetch.ashx?codigo=146918
2024,autarquia_municipal,PREFEITURA MUNICIPAL DE FRANCISCO MORATO,6,640631.47,100382.66,123469.31,864483.44,PENDENTE,2023-05-29,37264,146918,TJSP DEPRE MOC,https://api.tjsp.jus.br/Handlers/Handler/FileFetch.ashx?codigo=146918
2024,autarquia_municipal,PREFEITURA MUNICIPAL DE FRANCO DA ROCHA,4,939015.45,0.00,109619.95,1048635.40,PENDENTE,2023-05-29,37264,146918,TJSP DEPRE MOC,https://api.tjsp.jus.br/Handlers/Handler/FileFetch.ashx?codigo=146918
2024,autarquia_municipal,PREFEITURA MUNICIPAL DE GÁLIA,2,0.00,0.00,22518.12,22518.12,PENDENTE,2023-05-29,37264,146918,TJSP DEPRE MOC,https://api.tjsp.jus.br/Handlers/Handler/FileFetch.ashx?codigo=146918
2024,autarquia_municipal,PREFEITURA MUNICIPAL DE GARÇA,1,0.00,0.00,66140.74,66140.74,PENDENTE,2023-05-29,37264,146918,TJSP DEPRE MOC,https://api.tjsp.jus.br/Handlers/Handler/FileFetch.ashx?codigo=146918
2024,autarquia_municipal,PREFEITURA MUNICIPAL DE GAVIÃO PEIXOTO,1,0.00,0.00,53646.52,53646.52,PENDENTE,2023-05-29,37264,146918,TJSP DEPRE MOC,https://api.tjsp.jus.br/Handlers/Handler/FileFetch.ashx?codigo=146918
2024,autarquia_municipal,PREFEITURA MUNICIPAL DE GENERAL SALGADO,10,58957.36,0.00,262834.53,321791.89,PENDENTE,2023-05-29,37264,146918,TJSP DEPRE MOC,https://api.tjsp.jus.br/Handlers/Handler/FileFetch.ashx?codigo=146918
2024,autarquia_municipal,PREFEITURA MUNICIPAL DE GETULINA,2,49481.26,0.00,46660.47,96141.73,PENDENTE,2023-05-29,37264,146918,TJSP DEPRE MOC,https://api.tjsp.jus.br/Handlers/Handler/FileFetch.ashx?codigo=146918
2024,autarquia_municipal,PREFEITURA MUNICIPAL DE GLICÉRIO,3,18140.81,86384.90,0.00,104525.71,PENDENTE,2023-05-29,37264,146918,TJSP DEPRE MOC,https://api.tjsp.jus.br/Handlers/Handler/FileFetch.ashx?codigo=146918
2024,autarquia_municipal,PREFEITURA MUNICIPAL DE GUAIMBÊ,1,36458.84,0.00,0.00,36458.84,PENDENTE,2023-05-29,37264,146918,TJSP DEPRE MOC,https://api.tjsp.jus.br/Handlers/Handler/FileFetch.ashx?codigo=146918
2024,autarquia_municipal,PREFEITURA MUNICIPAL DE GUAÍRA,2,0.00,1064994.78,0.00,1064994.78,PENDENTE,2023-05-29,37264,146918,TJSP DEPRE MOC,https://api.tjsp.jus.br/Handlers/Handler/FileFetch.ashx?codigo=146918
2024,autarquia_municipal,PREFEITURA MUNICIPAL DE GUAPIAÇU,2,58652.48,0.00,109522.17,168174.65,PENDENTE,2023-05-29,37264,146918,TJSP DEPRE MOC,https://api.tjsp.jus.br/Handlers/Handler/FileFetch.ashx?codigo=146918
2024,autarquia_municipal,PREFEITURA MUNICIPAL DE GUAPIARA,4,111979.97,0.00,13253.92,125233.89,PENDENTE,2023-05-29,37264,146918,TJSP DEPRE MOC,https://api.tjsp.jus.br/Handlers/Handler/FileFetch.ashx?codigo=146918
2024,autarquia_municipal,PREFEITURA MUNICIPAL DE GUARÁ,5,38223.46,0.00,121454.94,159678.40,PENDENTE,2023-05-29,37264,146918,TJSP DEPRE MOC,https://api.tjsp.jus.br/Handlers/Handler/FileFetch.ashx?codigo=146918
2024,autarquia_municipal,PREFEITURA MUNICIPAL DE GUARAÇAÍ,3,0.00,0.00,150615.68,150615.68,PENDENTE,2023-05-29,37264,146918,TJSP DEPRE MOC,https://api.tjsp.jus.br/Handlers/Handler/FileFetch.ashx?codigo=146918
2024,autarquia_municipal,PREFEITURA MUNICIPAL DE GUARANTÃ,2,99313.41,0.00,0.00,99313.41,PENDENTE,2023-05-29,37264,146918,TJSP DEPRE MOC,https://api.tjsp.jus.br/Handlers/Handler/FileFetch.ashx?codigo=146918
2024,autarquia_municipal,PREFEITURA MUNICIPAL DE GUARARAPES,3,731394.48,0.00,126061.71,857456.19,PENDENTE,2023-05-29,37264,146918,TJSP DEPRE MOC,https://api.tjsp.jus.br/Handlers/Handler/FileFetch.ashx?codigo=146918
2024,autarquia_municipal,PREFEITURA MUNICIPAL DE GUARAREMA,18,409071.37,292816.06,268973.33,970860.76,PENDENTE,2023-05-29,37264,146918,TJSP DEPRE MOC,https://api.tjsp.jus.br/Handlers/Handler/FileFetch.ashx?codigo=146918
2024,autarquia_municipal,PREFEITURA MUNICIPAL DE GUARATINGUETÁ,13,581791.99,0.00,5330460.73,5912252.72,PENDENTE,2023-05-29,37264,146918,TJSP DEPRE MOC,https://api.tjsp.jus.br/Handlers/Handler/FileFetch.ashx?codigo=146918
2024,autarquia_municipal,PREFEITURA MUNICIPAL DE GUAREÍ,2,0.00,66416.01,0.00,66416.01,PENDENTE,2023-05-29,37264,146918,TJSP DEPRE MOC,https://api.tjsp.jus.br/Handlers/Handler/FileFetch.ashx?codigo=146918
2024,autarquia_municipal,PREFEITURA MUNICIPAL DE GUARIBA,2,24567.86,0.00,27789.37,52357.23,PENDENTE,2023-05-29,37264,146918,TJSP DEPRE MOC,https://api.tjsp.jus.br/Handlers/Handler/FileFetch.ashx?codigo=146918
2024,autarquia_municipal,PREFEITURA MUNICIPAL DE GUARUJÁ,76,9287657.26,1661279.24,269510486.43,280459422.93,PENDENTE,2023-05-29,37264,146918,TJSP DEPRE MOC,https://api.tjsp.jus.br/Handlers/Handler/FileFetch.ashx?codigo=146918
2024,autarquia_municipal,PREFEITURA MUNICIPAL DE GUARULHOS,151,13363611.76,3161985.53,77172042.85,93697640.14,PENDENTE,2023-05-29,37264,146918,TJSP DEPRE MOC,https://api.tjsp.jus.br/Handlers/Handler/FileFetch.ashx?codigo=146918
2024,autarquia_municipal,PREFEITURA MUNICIPAL DE GUATAPARÁ,5,24277.03,0.00,119138.70,143415.73,PENDENTE,2023-05-29,37264,146918,TJSP DEPRE MOC,https://api.tjsp.jus.br/Handlers/Handler/FileFetch.ashx?codigo=146918
2024,autarquia_municipal,PREFEITURA MUNICIPAL DE GUAXUPÉ - MG,1,0.00,0.00,111792.42,111792.42,PENDENTE,2023-05-29,37264,146918,TJSP DEPRE MOC,https://api.tjsp.jus.br/Handlers/Handler/FileFetch.ashx?codigo=146918
2024,autarquia_municipal,PREFEITURA MUNICIPAL DE GUZOLÂNDIA,1,19049.50,0.00,0.00,19049.50,PENDENTE,2023-05-29,37264,146918,TJSP DEPRE MOC,https://api.tjsp.jus.br/Handlers/Handler/FileFetch.ashx?codigo=146918
2024,autarquia_municipal,PREFEITURA MUNICIPAL DE HOLAMBRA,6,491196.98,0.00,0.00,491196.98,PENDENTE,2023-05-29,37264,146918,TJSP DEPRE MOC,https://api.tjsp.jus.br/Handlers/Handler/FileFetch.ashx?codigo=146918
2024,autarquia_municipal,PREFEITURA MUNICIPAL DE HORTOLÂNDIA,17,1832256.31,0.00,1023779.40,2856035.71,PENDENTE,2023-05-29,37264,146918,TJSP DEPRE MOC,https://api.tjsp.jus.br/Handlers/Handler/FileFetch.ashx?codigo=146918
2024,autarquia_municipal,PREFEITURA MUNICIPAL DE IACANGA,1,0.00,0.00,244413.42,244413.42,PENDENTE,2023-05-29,37264,146918,TJSP DEPRE MOC,https://api.tjsp.jus.br/Handlers/Handler/FileFetch.ashx?codigo=146918
2024,autarquia_municipal,PREFEITURA MUNICIPAL DE IACRI,3,53880.08,0.00,0.00,53880.08,PENDENTE,2023-05-29,37264,146918,TJSP DEPRE MOC,https://api.tjsp.jus.br/Handlers/Handler/FileFetch.ashx?codigo=146918
2024,autarquia_municipal,PREFEITURA MUNICIPAL DE IARAS,3,0.00,0.00,348550.72,348550.72,PENDENTE,2023-05-29,37264,146918,TJSP DEPRE MOC,https://api.tjsp.jus.br/Handlers/Handler/FileFetch.ashx?codigo=146918
2024,autarquia_municipal,PREFEITURA MUNICIPAL DE IBATÉ,4,364247.47,1958753.16,54112.13,2377112.76,PENDENTE,2023-05-29,37264,146918,TJSP DEPRE MOC,https://api.tjsp.jus.br/Handlers/Handler/FileFetch.ashx?codigo=146918
2024,autarquia_municipal,PREFEITURA MUNICIPAL DE IBIRAREMA,2,115360.21,0.00,8455.19,123815.40,PENDENTE,2023-05-29,37264,146918,TJSP DEPRE MOC,https://api.tjsp.jus.br/Handlers/Handler/FileFetch.ashx?codigo=146918
2024,autarquia_municipal,PREFEITURA MUNICIPAL DE IBITINGA,6,318442.23,0.00,3515066.50,3833508.73,PENDENTE,2023-05-29,37264,146918,TJSP DEPRE MOC,https://api.tjsp.jus.br/Handlers/Handler/FileFetch.ashx?codigo=146918
2024,autarquia_municipal,PREFEITURA MUNICIPAL DE IBIÚNA,20,1385161.62,0.00,15263264.82,16648426.44,PENDENTE,2023-05-29,37264,146918,TJSP DEPRE MOC,https://api.tjsp.jus.br/Handlers/Handler/FileFetch.ashx?codigo=146918
2024,autarquia_municipal,PREFEITURA MUNICIPAL DE ICÉM,5,156496.39,0.00,77927.45,234423.84,PENDENTE,2023-05-29,37264,146918,TJSP DEPRE MOC,https://api.tjsp.jus.br/Handlers/Handler/FileFetch.ashx?codigo=146918
2024,autarquia_municipal,PREFEITURA MUNICIPAL DE IEPÊ,4,87309.57,0.00,42319.30,129628.87,PENDENTE,2023-05-29,37264,146918,TJSP DEPRE MOC,https://api.tjsp.jus.br/Handlers/Handler/FileFetch.ashx?codigo=146918
2024,autarquia_municipal,PREFEITURA MUNICIPAL DE IGARAÇU DO TIETÊ,14,197751.13,0.00,0.00,197751.13,PENDENTE,2023-05-29,37264,146918,TJSP DEPRE MOC,https://api.tjsp.jus.br/Handlers/Handler/FileFetch.ashx?codigo=146918
2024,autarquia_municipal,PREFEITURA MUNICIPAL DE IGARAPAVA,20,593298.23,0.00,292487.57,885785.80,PENDENTE,2023-05-29,37264,146918,TJSP DEPRE MOC,https://api.tjsp.jus.br/Handlers/Handler/FileFetch.ashx?codigo=146918
2024,autarquia_municipal,PREFEITURA MUNICIPAL DE IGARATÁ,2,129930.97,0.00,27819.75,157750.72,PENDENTE,2023-05-29,37264,146918,TJSP DEPRE MOC,https://api.tjsp.jus.br/Handlers/Handler/FileFetch.ashx?codigo=146918
2024,autarquia_municipal,PREFEITURA MUNICIPAL DE IGUAPE,12,200404.65,0.00,2075401.72,2275806.37,PENDENTE,2023-05-29,37264,146918,TJSP DEPRE MOC,https://api.tjsp.jus.br/Handlers/Handler/FileFetch.ashx?codigo=146918
2024,autarquia_municipal,PREFEITURA MUNICIPAL DE ILHA COMPRIDA,5,92417.15,0.00,240812.09,333229.24,PENDENTE,2023-05-29,37264,146918,TJSP DEPRE MOC,https://api.tjsp.jus.br/Handlers/Handler/FileFetch.ashx?codigo=146918
2024,autarquia_municipal,PREFEITURA MUNICIPAL DE ILHA SOLTEIRA,6,412668.26,0.00,66496.62,479164.88,PENDENTE,2023-05-29,37264,146918,TJSP DEPRE MOC,https://api.tjsp.jus.br/Handlers/Handler/FileFetch.ashx?codigo=146918
2024,autarquia_municipal,PREFEITURA MUNICIPAL DE ILHABELA,19,15609899.90,1317983.79,1746898.81,18674782.50,PENDENTE,2023-05-29,37264,146918,TJSP DEPRE MOC,https://api.tjsp.jus.br/Handlers/Handler/FileFetch.ashx?codigo=146918
2024,autarquia_municipal,PREFEITURA MUNICIPAL DE INDAIATUBA,23,4096812.64,17476.13,1428326.05,5542614.82,PENDENTE,2023-05-29,37264,146918,TJSP DEPRE MOC,https://api.tjsp.jus.br/Handlers/Handler/FileFetch.ashx?codigo=146918
2024,autarquia_municipal,PREFEITURA MUNICIPAL DE INDIANA,2,0.00,0.00,61292.73,61292.73,PENDENTE,2023-05-29,37264,146918,TJSP DEPRE MOC,https://api.tjsp.jus.br/Handlers/Handler/FileFetch.ashx?codigo=146918
2024,autarquia_municipal,PREFEITURA MUNICIPAL DE INDIAPORÃ,1,0.00,0.00,13800.97,13800.97,PENDENTE,2023-05-29,37264,146918,TJSP DEPRE MOC,https://api.tjsp.jus.br/Handlers/Handler/FileFetch.ashx?codigo=146918
2024,autarquia_municipal,PREFEITURA MUNICIPAL DE IPAUSSU,1,29853.27,0.00,0.00,29853.27,PENDENTE,2023-05-29,37264,146918,TJSP DEPRE MOC,https://api.tjsp.jus.br/Handlers/Handler/FileFetch.ashx?codigo=146918
2024,autarquia_municipal,PREFEITURA MUNICIPAL DE IPERÓ,1,82451.23,0.00,0.00,82451.23,PENDENTE,2023-05-29,37264,146918,TJSP DEPRE MOC,https://api.tjsp.jus.br/Handlers/Handler/FileFetch.ashx?codigo=146918
2024,autarquia_municipal,PREFEITURA MUNICIPAL DE IPIGUÁ,5,436455.70,0.00,32224.97,468680.67,PENDENTE,2023-05-29,37264,146918,TJSP DEPRE MOC,https://api.tjsp.jus.br/Handlers/Handler/FileFetch.ashx?codigo=146918
2024,autarquia_municipal,PREFEITURA MUNICIPAL DE IPORANGA,7,310954.01,0.00,20082.46,331036.47,PENDENTE,2023-05-29,37264,146918,TJSP DEPRE MOC,https://api.tjsp.jus.br/Handlers/Handler/FileFetch.ashx?codigo=146918
2024,autarquia_municipal,PREFEITURA MUNICIPAL DE IPUÃ,1,0.00,0.00,27291.00,27291.00,PENDENTE,2023-05-29,37264,146918,TJSP DEPRE MOC,https://api.tjsp.jus.br/Handlers/Handler/FileFetch.ashx?codigo=146918
2024,autarquia_municipal,PREFEITURA MUNICIPAL DE IRACEMÁPOLIS,8,116127.75,0.00,781610.39,897738.14,PENDENTE,2023-05-29,37264,146918,TJSP DEPRE MOC,https://api.tjsp.jus.br/Handlers/Handler/FileFetch.ashx?codigo=146918
2024,autarquia_municipal,PREFEITURA MUNICIPAL DE IRAPUÃ,1,0.00,0.00,46462.64,46462.64,PENDENTE,2023-05-29,37264,146918,TJSP DEPRE MOC,https://api.tjsp.jus.br/Handlers/Handler/FileFetch.ashx?codigo=146918
2024,autarquia_municipal,PREFEITURA MUNICIPAL DE IRAPURU,8,285060.49,0.00,90148.06,375208.55,PENDENTE,2023-05-29,37264,146918,TJSP DEPRE MOC,https://api.tjsp.jus.br/Handlers/Handler/FileFetch.ashx?codigo=146918
2024,autarquia_municipal,PREFEITURA MUNICIPAL DE ITABERÁ,51,1156838.17,0.00,0.00,1156838.17,PENDENTE,2023-05-29,37264,146918,TJSP DEPRE MOC,https://api.tjsp.jus.br/Handlers/Handler/FileFetch.ashx?codigo=146918
2024,autarquia_municipal,PREFEITURA MUNICIPAL DE ITAÍ,1,0.00,0.00,423592.50,423592.50,PENDENTE,2023-05-29,37264,146918,TJSP DEPRE MOC,https://api.tjsp.jus.br/Handlers/Handler/FileFetch.ashx?codigo=146918
2024,autarquia_municipal,PREFEITURA MUNICIPAL DE ITAJOBI,3,157662.21,0.00,35201.15,192863.36,PENDENTE,2023-05-29,37264,146918,TJSP DEPRE MOC,https://api.tjsp.jus.br/Handlers/Handler/FileFetch.ashx?codigo=146918
2024,autarquia_municipal,PREFEITURA MUNICIPAL DE ITANHAÉM,83,6245618.96,77953.55,101099.71,6424672.22,PENDENTE,2023-05-29,37264,146918,TJSP DEPRE MOC,https://api.tjsp.jus.br/Handlers/Handler/FileFetch.ashx?codigo=146918
2024,autarquia_municipal,PREFEITURA MUNICIPAL DE ITAPECERICA DA SERRA,40,7753449.66,4854361.96,912112.20,13519923.82,PENDENTE,2023-05-29,37264,146918,TJSP DEPRE MOC,https://api.tjsp.jus.br/Handlers/Handler/FileFetch.ashx?codigo=146918
2024,autarquia_municipal,PREFEITURA MUNICIPAL DE ITAPETININGA,124,7577185.98,2563389.77,5510756.15,15651331.90,PENDENTE,2023-05-29,37264,146918,TJSP DEPRE MOC,https://api.tjsp.jus.br/Handlers/Handler/FileFetch.ashx?codigo=146918
2024,autarquia_municipal,PREFEITURA MUNICIPAL DE ITAPEVA,98,3627771.44,411530.90,159195.45,4198497.79,PENDENTE,2023-05-29,37264,146918,TJSP DEPRE MOC,https://api.tjsp.jus.br/Handlers/Handler/FileFetch.ashx?codigo=146918
2024,autarquia_municipal,PREFEITURA MUNICIPAL DE ITAPEVI,52,4156744.05,0.00,2253613.58,6410357.63,PENDENTE,2023-05-29,37264,146918,TJSP DEPRE MOC,https://api.tjsp.jus.br/Handlers/Handler/FileFetch.ashx?codigo=146918
2024,autarquia_municipal,PREFEITURA MUNICIPAL DE ITAPIRA,53,4027002.32,0.00,409637.82,4436640.14,PENDENTE,2023-05-29,37264,146918,TJSP DEPRE MOC,https://api.tjsp.jus.br/Handlers/Handler/FileFetch.ashx?codigo=146918
2024,autarquia_municipal,PREFEITURA MUNICIPAL DE ITAPIRAPUÃ PAULISTA,1,0.00,0.00,64984.41,64984.41,PENDENTE,2023-05-29,37264,146918,TJSP DEPRE MOC,https://api.tjsp.jus.br/Handlers/Handler/FileFetch.ashx?codigo=146918
2024,autarquia_municipal,PREFEITURA MUNICIPAL DE ITÁPOLIS,26,464656.64,0.00,1114421.78,1579078.42,PENDENTE,2023-05-29,37264,146918,TJSP DEPRE MOC,https://api.tjsp.jus.br/Handlers/Handler/FileFetch.ashx?codigo=146918
2024,autarquia_municipal,PREFEITURA MUNICIPAL DE ITAPUÍ,5,0.00,0.00,119405.38,119405.38,PENDENTE,2023-05-29,37264,146918,TJSP DEPRE MOC,https://api.tjsp.jus.br/Handlers/Handler/FileFetch.ashx?codigo=146918
2024,autarquia_municipal,PREFEITURA MUNICIPAL DE ITAQUAQUECETUBA,16,728162.76,0.00,43054995.12,43783157.88,PENDENTE,2023-05-29,37264,146918,TJSP DEPRE MOC,https://api.tjsp.jus.br/Handlers/Handler/FileFetch.ashx?codigo=146918
2024,autarquia_municipal,PREFEITURA MUNICIPAL DE ITARARÉ,21,687264.54,0.00,251074.61,938339.15,PENDENTE,2023-05-29,37264,146918,TJSP DEPRE MOC,https://api.tjsp.jus.br/Handlers/Handler/FileFetch.ashx?codigo=146918
2024,autarquia_municipal,PREFEITURA MUNICIPAL DE ITATIBA,19,130903.79,3209534.46,1557629.37,4898067.62,PENDENTE,2023-05-29,37264,146918,TJSP DEPRE MOC,https://api.tjsp.jus.br/Handlers/Handler/FileFetch.ashx?codigo=146918
2024,autarquia_municipal,PREFEITURA MUNICIPAL DE ITATINGA,15,182640.40,0.00,381194.32,563834.72,PENDENTE,2023-05-29,37264,146918,TJSP DEPRE MOC,https://api.tjsp.jus.br/Handlers/Handler/FileFetch.ashx?codigo=146918
2024,autarquia_municipal,PREFEITURA MUNICIPAL DE ITIRAPINA,2,0.00,0.00,52812.76,52812.76,PENDENTE,2023-05-29,37264,146918,TJSP DEPRE MOC,https://api.tjsp.jus.br/Handlers/Handler/FileFetch.ashx?codigo=146918
2024,autarquia_municipal,PREFEITURA MUNICIPAL DE ITIRAPUÃ,2,26608.85,0.00,9781.97,36390.82,PENDENTE,2023-05-29,37264,146918,TJSP DEPRE MOC,https://api.tjsp.jus.br/Handlers/Handler/FileFetch.ashx?codigo=146918
2024,autarquia_municipal,PREFEITURA MUNICIPAL DE ITU,49,3295696.51,4151001.67,1377441.51,8824139.69,PENDENTE,2023-05-29,37264,146918,TJSP DEPRE MOC,https://api.tjsp.jus.br/Handlers/Handler/FileFetch.ashx?codigo=146918
2024,autarquia_municipal,PREFEITURA MUNICIPAL DE ITUPEVA,12,237108.51,0.00,907606.37,1144714.88,PENDENTE,2023-05-29,37264,146918,TJSP DEPRE MOC,https://api.tjsp.jus.br/Handlers/Handler/FileFetch.ashx?codigo=146918
2024,autarquia_municipal,PREFEITURA MUNICIPAL DE ITUVERAVA,42,1222632.60,426559.86,9138.11,1658330.57,PENDENTE,2023-05-29,37264,146918,TJSP DEPRE MOC,https://api.tjsp.jus.br/Handlers/Handler/FileFetch.ashx?codigo=146918
2024,autarquia_municipal,PREFEITURA MUNICIPAL DE IVAIPORÃ - PR,2,249835.82,0.00,0.00,249835.82,PENDENTE,2023-05-29,37264,146918,TJSP DEPRE MOC,https://api.tjsp.jus.br/Handlers/Handler/FileFetch.ashx?codigo=146918
2024,autarquia_municipal,PREFEITURA MUNICIPAL DE JABOTICABAL,29,1229644.85,530852.57,516821.69,2277319.11,PENDENTE,2023-05-29,37264,146918,TJSP DEPRE MOC,https://api.tjsp.jus.br/Handlers/Handler/FileFetch.ashx?codigo=146918
2024,autarquia_municipal,PREFEITURA MUNICIPAL DE JACAREÍ,37,1177043.77,271305.72,1509304.25,2957653.74,PENDENTE,2023-05-29,37264,146918,TJSP DEPRE MOC,https://api.tjsp.jus.br/Handlers/Handler/FileFetch.ashx?codigo=146918
2024,autarquia_municipal,PREFEITURA MUNICIPAL DE JACUPIRANGA,2,148047.10,0.00,0.00,148047.10,PENDENTE,2023-05-29,37264,146918,TJSP DEPRE MOC,https://api.tjsp.jus.br/Handlers/Handler/FileFetch.ashx?codigo=146918
2024,autarquia_municipal,PREFEITURA MUNICIPAL DE JAGUARIÚNA,16,2461481.65,0.00,153740.46,2615222.11,PENDENTE,2023-05-29,37264,146918,TJSP DEPRE MOC,https://api.tjsp.jus.br/Handlers/Handler/FileFetch.ashx?codigo=146918
2024,autarquia_municipal,PREFEITURA MUNICIPAL DE JAHU,74,3605979.66,324751.32,5242703.86,9173434.84,PENDENTE,2023-05-29,37264,146918,TJSP DEPRE MOC,https://api.tjsp.jus.br/Handlers/Handler/FileFetch.ashx?codigo=146918
2024,autarquia_municipal,PREFEITURA MUNICIPAL DE JALES,405,16823470.50,0.00,144420.12,16967890.62,PENDENTE,2023-05-29,37264,146918,TJSP DEPRE MOC,https://api.tjsp.jus.br/Handlers/Handler/FileFetch.ashx?codigo=146918
2024,autarquia_municipal,PREFEITURA MUNICIPAL DE JANDIRA,52,1822395.66,248974.83,557825.63,2629196.12,PENDENTE,2023-05-29,37264,146918,TJSP DEPRE MOC,https://api.tjsp.jus.br/Handlers/Handler/FileFetch.ashx?codigo=146918
2024,autarquia_municipal,PREFEITURA MUNICIPAL DE JARDINÓPOLIS,17,4309832.23,0.00,563006.50,4872838.73,PENDENTE,2023-05-29,37264,146918,TJSP DEPRE MOC,https://api.tjsp.jus.br/Handlers/Handler/FileFetch.ashx?codigo=146918
2024,autarquia_municipal,PREFEITURA MUNICIPAL DE JARINU,9,86887.48,0.00,616832.22,703719.70,PENDENTE,2023-05-29,37264,146918,TJSP DEPRE MOC,https://api.tjsp.jus.br/Handlers/Handler/FileFetch.ashx?codigo=146918
2024,autarquia_municipal,PREFEITURA MUNICIPAL DE JERIQUARA,2,77293.22,0.00,252012.90,329306.12,PENDENTE,2023-05-29,37264,146918,TJSP DEPRE MOC,https://api.tjsp.jus.br/Handlers/Handler/FileFetch.ashx?codigo=146918
2024,autarquia_municipal,PREFEITURA MUNICIPAL DE JOANÓPOLIS,2,92742.17,0.00,0.00,92742.17,PENDENTE,2023-05-29,37264,146918,TJSP DEPRE MOC,https://api.tjsp.jus.br/Handlers/Handler/FileFetch.ashx?codigo=146918
2024,autarquia_municipal,PREFEITURA MUNICIPAL DE JOÃO RAMALHO,1,33075.92,0.00,0.00,33075.92,PENDENTE,2023-05-29,37264,146918,TJSP DEPRE MOC,https://api.tjsp.jus.br/Handlers/Handler/FileFetch.ashx?codigo=146918
2024,autarquia_municipal,PREFEITURA MUNICIPAL DE JOSÉ BONIFÁCIO,7,65449.11,111387.32,72335.35,249171.78,PENDENTE,2023-05-29,37264,146918,TJSP DEPRE MOC,https://api.tjsp.jus.br/Handlers/Handler/FileFetch.ashx?codigo=146918
2024,autarquia_municipal,PREFEITURA MUNICIPAL DE JUNDIAÍ,12,2011426.18,1218713.28,759909.74,3990049.20,PENDENTE,2023-05-29,37264,146918,TJSP DEPRE MOC,https://api.tjsp.jus.br/Handlers/Handler/FileFetch.ashx?codigo=146918
2024,autarquia_municipal,PREFEITURA MUNICIPAL DE JUNQUEIRÓPOLIS,1,50430.29,0.00,0.00,50430.29,PENDENTE,2023-05-29,37264,146918,TJSP DEPRE MOC,https://api.tjsp.jus.br/Handlers/Handler/FileFetch.ashx?codigo=146918
2024,autarquia_municipal,PREFEITURA MUNICIPAL DE JUQUIÁ,6,106754.42,2822805.25,48448.27,2978007.94,PENDENTE,2023-05-29,37264,146918,TJSP DEPRE MOC,https://api.tjsp.jus.br/Handlers/Handler/FileFetch.ashx?codigo=146918
2024,autarquia_municipal,PREFEITURA MUNICIPAL DE JUQUITIBA,10,391040.60,0.00,1846216.06,2237256.66,PENDENTE,2023-05-29,37264,146918,TJSP DEPRE MOC,https://api.tjsp.jus.br/Handlers/Handler/FileFetch.ashx?codigo=146918
2024,autarquia_municipal,PREFEITURA MUNICIPAL DE LARANJAL PAULISTA,3,10633.63,0.00,323618.69,334252.32,PENDENTE,2023-05-29,37264,146918,TJSP DEPRE MOC,https://api.tjsp.jus.br/Handlers/Handler/FileFetch.ashx?codigo=146918
2024,autarquia_municipal,PREFEITURA MUNICIPAL DE LAVÍNIA,4,266953.47,0.00,0.00,266953.47,PENDENTE,2023-05-29,37264,146918,TJSP DEPRE MOC,https://api.tjsp.jus.br/Handlers/Handler/FileFetch.ashx?codigo=146918
2024,autarquia_municipal,PREFEITURA MUNICIPAL DE LEME,38,2558988.33,0.00,356455.14,2915443.47,PENDENTE,2023-05-29,37264,146918,TJSP DEPRE MOC,https://api.tjsp.jus.br/Handlers/Handler/FileFetch.ashx?codigo=146918
2024,autarquia_municipal,PREFEITURA MUNICIPAL DE LENÇÓIS PAULISTA,10,1471767.86,0.00,0.00,1471767.86,PENDENTE,2023-05-29,37264,146918,TJSP DEPRE MOC,https://api.tjsp.jus.br/Handlers/Handler/FileFetch.ashx?codigo=146918
2024,autarquia_municipal,PREFEITURA MUNICIPAL DE LIMEIRA,40,3206842.39,4853022.30,1699805.38,9759670.07,PENDENTE,2023-05-29,37264,146918,TJSP DEPRE MOC,https://api.tjsp.jus.br/Handlers/Handler/FileFetch.ashx?codigo=146918
2024,autarquia_municipal,PREFEITURA MUNICIPAL DE LINDÓIA,18,1011753.93,0.00,95274.20,1107028.13,PENDENTE,2023-05-29,37264,146918,TJSP DEPRE MOC,https://api.tjsp.jus.br/Handlers/Handler/FileFetch.ashx?codigo=146918
2024,autarquia_municipal,PREFEITURA MUNICIPAL DE LINS,4,488134.79,0.00,1269670.78,1757805.57,PENDENTE,2023-05-29,37264,146918,TJSP DEPRE MOC,https://api.tjsp.jus.br/Handlers/Handler/FileFetch.ashx?codigo=146918
2024,autarquia_municipal,PREFEITURA MUNICIPAL DE LORENA,39,2698663.54,0.00,2900182.35,5598845.89,PENDENTE,2023-05-29,37264,146918,TJSP DEPRE MOC,https://api.tjsp.jus.br/Handlers/Handler/FileFetch.ashx?codigo=146918
2024,autarquia_municipal,PREFEITURA MUNICIPAL DE LOUVEIRA,53,5275515.11,0.00,807634.85,6083149.96,PENDENTE,2023-05-29,37264,146918,TJSP DEPRE MOC,https://api.tjsp.jus.br/Handlers/Handler/FileFetch.ashx?codigo=146918
2024,autarquia_municipal,PREFEITURA MUNICIPAL DE LUCÉLIA,11,251862.29,0.00,515312.62,767174.91,PENDENTE,2023-05-29,37264,146918,TJSP DEPRE MOC,https://api.tjsp.jus.br/Handlers/Handler/FileFetch.ashx?codigo=146918
2024,autarquia_municipal,PREFEITURA MUNICIPAL DE LUIZ ANTÔNIO,2,0.00,0.00,693892.56,693892.56,PENDENTE,2023-05-29,37264,146918,TJSP DEPRE MOC,https://api.tjsp.jus.br/Handlers/Handler/FileFetch.ashx?codigo=146918
2024,autarquia_municipal,PREFEITURA MUNICIPAL DE LUTÉCIA,2,95723.41,0.00,0.00,95723.41,PENDENTE,2023-05-29,37264,146918,TJSP DEPRE MOC,https://api.tjsp.jus.br/Handlers/Handler/FileFetch.ashx?codigo=146918
2024,autarquia_municipal,PREFEITURA MUNICIPAL DE MACAUBAL,10,167624.19,0.00,160165.48,327789.67,PENDENTE,2023-05-29,37264,146918,TJSP DEPRE MOC,https://api.tjsp.jus.br/Handlers/Handler/FileFetch.ashx?codigo=146918
2024,autarquia_municipal,PREFEITURA MUNICIPAL DE MACEDÔNIA,2,78250.69,0.00,0.00,78250.69,PENDENTE,2023-05-29,37264,146918,TJSP DEPRE MOC,https://api.tjsp.jus.br/Handlers/Handler/FileFetch.ashx?codigo=146918
2024,autarquia_municipal,PREFEITURA MUNICIPAL DE MAGDA,2,41486.68,0.00,0.00,41486.68,PENDENTE,2023-05-29,37264,146918,TJSP DEPRE MOC,https://api.tjsp.jus.br/Handlers/Handler/FileFetch.ashx?codigo=146918
2024,autarquia_municipal,PREFEITURA MUNICIPAL DE MAIRINQUE,8,99485.34,7626128.01,1365346.86,9090960.21,PENDENTE,2023-05-29,37264,146918,TJSP DEPRE MOC,https://api.tjsp.jus.br/Handlers/Handler/FileFetch.ashx?codigo=146918
2024,autarquia_municipal,PREFEITURA MUNICIPAL DE MAIRIPORÃ,4,94658.86,162043.07,110151.10,366853.03,PENDENTE,2023-05-29,37264,146918,TJSP DEPRE MOC,https://api.tjsp.jus.br/Handlers/Handler/FileFetch.ashx?codigo=146918
2024,autarquia_municipal,PREFEITURA MUNICIPAL DE MANDURI,1,31266.69,0.00,0.00,31266.69,PENDENTE,2023-05-29,37264,146918,TJSP DEPRE MOC,https://api.tjsp.jus.br/Handlers/Handler/FileFetch.ashx?codigo=146918
2024,autarquia_municipal,PREFEITURA MUNICIPAL DE MARABÁ PAULISTA,8,168738.53,0.00,142741.58,311480.11,PENDENTE,2023-05-29,37264,146918,TJSP DEPRE MOC,https://api.tjsp.jus.br/Handlers/Handler/FileFetch.ashx?codigo=146918
2024,autarquia_municipal,PREFEITURA MUNICIPAL DE MARACAÍ,1,0.00,0.00,28337.82,28337.82,PENDENTE,2023-05-29,37264,146918,TJSP DEPRE MOC,https://api.tjsp.jus.br/Handlers/Handler/FileFetch.ashx?codigo=146918
2024,autarquia_municipal,PREFEITURA MUNICIPAL DE MARÍLIA,35,4682442.74,2562220.37,1363224.12,8607887.23,PENDENTE,2023-05-29,37264,146918,TJSP DEPRE MOC,https://api.tjsp.jus.br/Handlers/Handler/FileFetch.ashx?codigo=146918
2024,autarquia_municipal,PREFEITURA MUNICIPAL DE MARINÓPOLIS,5,119115.29,0.00,0.00,119115.29,PENDENTE,2023-05-29,37264,146918,TJSP DEPRE MOC,https://api.tjsp.jus.br/Handlers/Handler/FileFetch.ashx?codigo=146918
2024,autarquia_municipal,PREFEITURA MUNICIPAL DE MARTINÓPOLIS,6,149664.83,0.00,324850.19,474515.02,PENDENTE,2023-05-29,37264,146918,TJSP DEPRE MOC,https://api.tjsp.jus.br/Handlers/Handler/FileFetch.ashx?codigo=146918
2024,autarquia_municipal,PREFEITURA MUNICIPAL DE MATÃO,12,668338.59,0.00,295693.37,964031.96,PENDENTE,2023-05-29,37264,146918,TJSP DEPRE MOC,https://api.tjsp.jus.br/Handlers/Handler/FileFetch.ashx?codigo=146918
2024,autarquia_municipal,PREFEITURA MUNICIPAL DE MAUÁ,66,4431514.59,15542086.62,61529147.25,81502748.46,PENDENTE,2023-05-29,37264,146918,TJSP DEPRE MOC,https://api.tjsp.jus.br/Handlers/Handler/FileFetch.ashx?codigo=146918
2024,autarquia_municipal,PREFEITURA MUNICIPAL DE MERIDIANO,24,1937063.57,0.00,15355.33,1952418.90,PENDENTE,2023-05-29,37264,146918,TJSP DEPRE MOC,https://api.tjsp.jus.br/Handlers/Handler/FileFetch.ashx?codigo=146918
2024,autarquia_municipal,PREFEITURA MUNICIPAL DE MESÓPOLIS,1,14100.44,0.00,0.00,14100.44,PENDENTE,2023-05-29,37264,146918,TJSP DEPRE MOC,https://api.tjsp.jus.br/Handlers/Handler/FileFetch.ashx?codigo=146918
2024,autarquia_municipal,PREFEITURA MUNICIPAL DE MIGUELÓPOLIS,21,1032194.37,0.00,602376.79,1634571.16,PENDENTE,2023-05-29,37264,146918,TJSP DEPRE MOC,https://api.tjsp.jus.br/Handlers/Handler/FileFetch.ashx?codigo=146918
2024,autarquia_municipal,PREFEITURA MUNICIPAL DE MINEIROS DO TIETÊ,11,671292.48,0.00,16989784.83,17661077.31,PENDENTE,2023-05-29,37264,146918,TJSP DEPRE MOC,https://api.tjsp.jus.br/Handlers/Handler/FileFetch.ashx?codigo=146918
2024,autarquia_municipal,PREFEITURA MUNICIPAL DE MIRACATU,6,66377.12,0.00,641232.33,707609.45,PENDENTE,2023-05-29,37264,146918,TJSP DEPRE MOC,https://api.tjsp.jus.br/Handlers/Handler/FileFetch.ashx?codigo=146918
2024,autarquia_municipal,PREFEITURA MUNICIPAL DE MIRANDÓPOLIS,24,660587.44,0.00,344407.56,1004995.00,PENDENTE,2023-05-29,37264,146918,TJSP DEPRE MOC,https://api.tjsp.jus.br/Handlers/Handler/FileFetch.ashx?codigo=146918
2024,autarquia_municipal,PREFEITURA MUNICIPAL DE MIRANTE DO PARANAPANEMA,49,1906515.86,0.00,0.00,1906515.86,PENDENTE,2023-05-29,37264,146918,TJSP DEPRE MOC,https://api.tjsp.jus.br/Handlers/Handler/FileFetch.ashx?codigo=146918
2024,autarquia_municipal,PREFEITURA MUNICIPAL DE MIRASSOL,6,1679945.40,0.00,223525.22,1903470.62,PENDENTE,2023-05-29,37264,146918,TJSP DEPRE MOC,https://api.tjsp.jus.br/Handlers/Handler/FileFetch.ashx?codigo=146918
2024,autarquia_municipal,PREFEITURA MUNICIPAL DE MOCOCA,12,188240.76,0.00,299927.23,488167.99,PENDENTE,2023-05-29,37264,146918,TJSP DEPRE MOC,https://api.tjsp.jus.br/Handlers/Handler/FileFetch.ashx?codigo=146918
2024,autarquia_municipal,PREFEITURA MUNICIPAL DE MOGI DAS CRUZES,136,18215245.20,3013403.38,283575.73,21512224.31,PENDENTE,2023-05-29,37264,146918,TJSP DEPRE MOC,https://api.tjsp.jus.br/Handlers/Handler/FileFetch.ashx?codigo=146918
2024,autarquia_municipal,PREFEITURA MUNICIPAL DE MOGI GUAÇU,19,924280.83,0.00,1466915.49,2391196.32,PENDENTE,2023-05-29,37264,146918,TJSP DEPRE MOC,https://api.tjsp.jus.br/Handlers/Handler/FileFetch.ashx?codigo=146918
2024,autarquia_municipal,PREFEITURA MUNICIPAL DE MOGI MIRIM,3,206720.64,0.00,346359.72,553080.36,PENDENTE,2023-05-29,37264,146918,TJSP DEPRE MOC,https://api.tjsp.jus.br/Handlers/Handler/FileFetch.ashx?codigo=146918
2024,autarquia_municipal,PREFEITURA MUNICIPAL DE MOMBUCA,2,1202459.42,0.00,0.00,1202459.42,PENDENTE,2023-05-29,37264,146918,TJSP DEPRE MOC,https://api.tjsp.jus.br/Handlers/Handler/FileFetch.ashx?codigo=146918
2024,autarquia_municipal,PREFEITURA MUNICIPAL DE MONÇÕES,2,42200.42,0.00,45694.92,87895.34,PENDENTE,2023-05-29,37264,146918,TJSP DEPRE MOC,https://api.tjsp.jus.br/Handlers/Handler/FileFetch.ashx?codigo=146918
2024,autarquia_municipal,PREFEITURA MUNICIPAL DE MONGAGUÁ,33,494162.84,456906.32,956156.66,1907225.82,PENDENTE,2023-05-29,37264,146918,TJSP DEPRE MOC,https://api.tjsp.jus.br/Handlers/Handler/FileFetch.ashx?codigo=146918
2024,autarquia_municipal,PREFEITURA MUNICIPAL DE MONTE ALEGRE DO SUL,2,0.00,0.00,434363.43,434363.43,PENDENTE,2023-05-29,37264,146918,TJSP DEPRE MOC,https://api.tjsp.jus.br/Handlers/Handler/FileFetch.ashx?codigo=146918
2024,autarquia_municipal,PREFEITURA MUNICIPAL DE MONTE ALTO,10,711627.89,0.00,250177.14,961805.03,PENDENTE,2023-05-29,37264,146918,TJSP DEPRE MOC,https://api.tjsp.jus.br/Handlers/Handler/FileFetch.ashx?codigo=146918
2024,autarquia_municipal,PREFEITURA MUNICIPAL DE MONTE APRAZÍVEL,3,16581.62,0.00,83315.92,99897.54,PENDENTE,2023-05-29,37264,146918,TJSP DEPRE MOC,https://api.tjsp.jus.br/Handlers/Handler/FileFetch.ashx?codigo=146918
2024,autarquia_municipal,PREFEITURA MUNICIPAL DE MONTE AZUL PAULISTA,8,667551.65,0.00,69799.84,737351.49,PENDENTE,2023-05-29,37264,146918,TJSP DEPRE MOC,https://api.tjsp.jus.br/Handlers/Handler/FileFetch.ashx?codigo=146918
2024,autarquia_municipal,PREFEITURA MUNICIPAL DE MONTE CASTELO,3,112420.08,0.00,229209.57,341629.65,PENDENTE,2023-05-29,37264,146918,TJSP DEPRE MOC,https://api.tjsp.jus.br/Handlers/Handler/FileFetch.ashx?codigo=146918
2024,autarquia_municipal,PREFEITURA MUNICIPAL DE MONTE MOR,20,1961194.11,0.00,2501458.29,4462652.40,PENDENTE,2023-05-29,37264,146918,TJSP DEPRE MOC,https://api.tjsp.jus.br/Handlers/Handler/FileFetch.ashx?codigo=146918
2024,autarquia_municipal,PREFEITURA MUNICIPAL DE MONTEIRO LOBATO,4,41301.11,2272005.01,303714.07,2617020.19,PENDENTE,2023-05-29,37264,146918,TJSP DEPRE MOC,https://api.tjsp.jus.br/Handlers/Handler/FileFetch.ashx?codigo=146918
2024,autarquia_municipal,PREFEITURA MUNICIPAL DE MORRO AGUDO,10,1979141.79,0.00,1105509.96,3084651.75,PENDENTE,2023-05-29,37264,146918,TJSP DEPRE MOC,https://api.tjsp.jus.br/Handlers/Handler/FileFetch.ashx?codigo=146918
2024,autarquia_municipal,PREFEITURA MUNICIPAL DE MORUNGABA,12,1237102.43,0.00,486022.04,1723124.47,PENDENTE,2023-05-29,37264,146918,TJSP DEPRE MOC,https://api.tjsp.jus.br/Handlers/Handler/FileFetch.ashx?codigo=146918
2024,autarquia_municipal,PREFEITURA MUNICIPAL DE MURUTINGA DO SUL,1,12753.65,0.00,0.00,12753.65,PENDENTE,2023-05-29,37264,146918,TJSP DEPRE MOC,https://api.tjsp.jus.br/Handlers/Handler/FileFetch.ashx?codigo=146918
2024,autarquia_municipal,PREFEITURA MUNICIPAL DE NANTES,18,31743.31,101512.55,549248.37,682504.23,PENDENTE,2023-05-29,37264,146918,TJSP DEPRE MOC,https://api.tjsp.jus.br/Handlers/Handler/FileFetch.ashx?codigo=146918
2024,autarquia_municipal,PREFEITURA MUNICIPAL DE NARANDIBA,1,0.00,0.00,29800.34,29800.34,PENDENTE,2023-05-29,37264,146918,TJSP DEPRE MOC,https://api.tjsp.jus.br/Handlers/Handler/FileFetch.ashx?codigo=146918
2024,autarquia_municipal,PREFEITURA MUNICIPAL DE NAVIRAÍ - MS,1,0.00,0.00,244995.67,244995.67,PENDENTE,2023-05-29,37264,146918,TJSP DEPRE MOC,https://api.tjsp.jus.br/Handlers/Handler/FileFetch.ashx?codigo=146918
2024,autarquia_municipal,PREFEITURA MUNICIPAL DE NAZARÉ PAULISTA,2,28908.74,0.00,615675.40,644584.14,PENDENTE,2023-05-29,37264,146918,TJSP DEPRE MOC,https://api.tjsp.jus.br/Handlers/Handler/FileFetch.ashx?codigo=146918
2024,autarquia_municipal,PREFEITURA MUNICIPAL DE NEVES PAULISTA,5,83965.47,0.00,19459.90,103425.37,PENDENTE,2023-05-29,37264,146918,TJSP DEPRE MOC,https://api.tjsp.jus.br/Handlers/Handler/FileFetch.ashx?codigo=146918
2024,autarquia_municipal,PREFEITURA MUNICIPAL DE NHANDEARA,2,80016.39,0.00,737193.54,817209.93,PENDENTE,2023-05-29,37264,146918,TJSP DEPRE MOC,https://api.tjsp.jus.br/Handlers/Handler/FileFetch.ashx?codigo=146918
2024,autarquia_municipal,PREFEITURA MUNICIPAL DE NIPOÃ,6,30288.59,251595.95,53389.17,335273.71,PENDENTE,2023-05-29,37264,146918,TJSP DEPRE MOC,https://api.tjsp.jus.br/Handlers/Handler/FileFetch.ashx?codigo=146918
2024,autarquia_municipal,PREFEITURA MUNICIPAL DE NOVA ALIANÇA,2,36826.61,0.00,13318.28,50144.89,PENDENTE,2023-05-29,37264,146918,TJSP DEPRE MOC,https://api.tjsp.jus.br/Handlers/Handler/FileFetch.ashx?codigo=146918
2024,autarquia_municipal,PREFEITURA MUNICIPAL DE NOVA CAMPINA,68,877007.83,0.00,0.00,877007.83,PENDENTE,2023-05-29,37264,146918,TJSP DEPRE MOC,https://api.tjsp.jus.br/Handlers/Handler/FileFetch.ashx?codigo=146918
2024,autarquia_municipal,PREFEITURA MUNICIPAL DE NOVA CANAÃ PAULISTA,1,24139.53,0.00,0.00,24139.53,PENDENTE,2023-05-29,37264,146918,TJSP DEPRE MOC,https://api.tjsp.jus.br/Handlers/Handler/FileFetch.ashx?codigo=146918
2024,autarquia_municipal,PREFEITURA MUNICIPAL DE NOVA EUROPA,1,201077.99,0.00,0.00,201077.99,PENDENTE,2023-05-29,37264,146918,TJSP DEPRE MOC,https://api.tjsp.jus.br/Handlers/Handler/FileFetch.ashx?codigo=146918
2024,autarquia_municipal,PREFEITURA MUNICIPAL DE NOVA GRANADA,2,45359.65,0.00,101317.36,146677.01,PENDENTE,2023-05-29,37264,146918,TJSP DEPRE MOC,https://api.tjsp.jus.br/Handlers/Handler/FileFetch.ashx?codigo=146918
2024,autarquia_municipal,PREFEITURA MUNICIPAL DE NOVA GUATAPORANGA,2,63615.41,0.00,0.00,63615.41,PENDENTE,2023-05-29,37264,146918,TJSP DEPRE MOC,https://api.tjsp.jus.br/Handlers/Handler/FileFetch.ashx?codigo=146918
2024,autarquia_municipal,PREFEITURA MUNICIPAL DE NOVA INDEPENDÊNCIA,2,18483.07,0.00,186941.73,205424.80,PENDENTE,2023-05-29,37264,146918,TJSP DEPRE MOC,https://api.tjsp.jus.br/Handlers/Handler/FileFetch.ashx?codigo=146918
2024,autarquia_municipal,PREFEITURA MUNICIPAL DE NOVA LUZITÂNIA,2,46115.76,0.00,0.00,46115.76,PENDENTE,2023-05-29,37264,146918,TJSP DEPRE MOC,https://api.tjsp.jus.br/Handlers/Handler/FileFetch.ashx?codigo=146918
2024,autarquia_municipal,PREFEITURA MUNICIPAL DE NOVA ODESSA,10,392996.46,0.00,204618.64,597615.10,PENDENTE,2023-05-29,37264,146918,TJSP DEPRE MOC,https://api.tjsp.jus.br/Handlers/Handler/FileFetch.ashx?codigo=146918
2024,autarquia_municipal,PREFEITURA MUNICIPAL DE NOVAIS,1,73278.32,0.00,0.00,73278.32,PENDENTE,2023-05-29,37264,146918,TJSP DEPRE MOC,https://api.tjsp.jus.br/Handlers/Handler/FileFetch.ashx?codigo=146918
2024,autarquia_municipal,PREFEITURA MUNICIPAL DE NOVO HORIZONTE,4,600345.49,0.00,0.00,600345.49,PENDENTE,2023-05-29,37264,146918,TJSP DEPRE MOC,https://api.tjsp.jus.br/Handlers/Handler/FileFetch.ashx?codigo=146918
2024,autarquia_municipal,PREFEITURA MUNICIPAL DE NUPORANGA,2,0.00,0.00,34083.18,34083.18,PENDENTE,2023-05-29,37264,146918,TJSP DEPRE MOC,https://api.tjsp.jus.br/Handlers/Handler/FileFetch.ashx?codigo=146918
2024,autarquia_municipal,PREFEITURA MUNICIPAL DE ÓLEO,25,426986.47,0.00,0.00,426986.47,PENDENTE,2023-05-29,37264,146918,TJSP DEPRE MOC,https://api.tjsp.jus.br/Handlers/Handler/FileFetch.ashx?codigo=146918
2024,autarquia_municipal,PREFEITURA MUNICIPAL DE OLÍMPIA,20,475444.45,4411672.37,494381.19,5381498.01,PENDENTE,2023-05-29,37264,146918,TJSP DEPRE MOC,https://api.tjsp.jus.br/Handlers/Handler/FileFetch.ashx?codigo=146918
2024,autarquia_municipal,PREFEITURA MUNICIPAL DE ONDA VERDE,2,14753.96,0.00,89554.46,104308.42,PENDENTE,2023-05-29,37264,146918,TJSP DEPRE MOC,https://api.tjsp.jus.br/Handlers/Handler/FileFetch.ashx?codigo=146918
2024,autarquia_municipal,PREFEITURA MUNICIPAL DE ORIENTE,5,67056.77,0.00,245041.29,312098.06,PENDENTE,2023-05-29,37264,146918,TJSP DEPRE MOC,https://api.tjsp.jus.br/Handlers/Handler/FileFetch.ashx?codigo=146918
2024,autarquia_municipal,PREFEITURA MUNICIPAL DE ORINDIÚVA,1,0.00,0.00,96979.51,96979.51,PENDENTE,2023-05-29,37264,146918,TJSP DEPRE MOC,https://api.tjsp.jus.br/Handlers/Handler/FileFetch.ashx?codigo=146918
2024,autarquia_municipal,PREFEITURA MUNICIPAL DE ORLÂNDIA,18,432286.20,0.00,558319.33,990605.53,PENDENTE,2023-05-29,37264,146918,TJSP DEPRE MOC,https://api.tjsp.jus.br/Handlers/Handler/FileFetch.ashx?codigo=146918
2024,autarquia_municipal,PREFEITURA MUNICIPAL DE OSASCO,44,7343689.16,590660.57,10171199.36,18105549.09,PENDENTE,2023-05-29,37264,146918,TJSP DEPRE MOC,https://api.tjsp.jus.br/Handlers/Handler/FileFetch.ashx?codigo=146918
2024,autarquia_municipal,PREFEITURA MUNICIPAL DE OSCAR BRESSANE,1,47536.20,0.00,0.00,47536.20,PENDENTE,2023-05-29,37264,146918,TJSP DEPRE MOC,https://api.tjsp.jus.br/Handlers/Handler/FileFetch.ashx?codigo=146918
2024,autarquia_municipal,PREFEITURA MUNICIPAL DE OSVALDO CRUZ,5,219320.70,0.00,0.00,219320.70,PENDENTE,2023-05-29,37264,146918,TJSP DEPRE MOC,https://api.tjsp.jus.br/Handlers/Handler/FileFetch.ashx?codigo=146918
2024,autarquia_municipal,PREFEITURA MUNICIPAL DE OURINHOS,11,257990.25,417352.40,389822.78,1065165.43,PENDENTE,2023-05-29,37264,146918,TJSP DEPRE MOC,https://api.tjsp.jus.br/Handlers/Handler/FileFetch.ashx?codigo=146918
2024,autarquia_municipal,PREFEITURA MUNICIPAL DE OURO VERDE,10,483524.81,0.00,0.00,483524.81,PENDENTE,2023-05-29,37264,146918,TJSP DEPRE MOC,https://api.tjsp.jus.br/Handlers/Handler/FileFetch.ashx?codigo=146918
2024,autarquia_municipal,PREFEITURA MUNICIPAL DE OUROESTE,5,175960.99,0.00,17794.87,193755.86,PENDENTE,2023-05-29,37264,146918,TJSP DEPRE MOC,https://api.tjsp.jus.br/Handlers/Handler/FileFetch.ashx?codigo=146918
2024,autarquia_municipal,PREFEITURA MUNICIPAL DE PACAEMBU,13,426615.46,0.00,16244.30,442859.76,PENDENTE,2023-05-29,37264,146918,TJSP DEPRE MOC,https://api.tjsp.jus.br/Handlers/Handler/FileFetch.ashx?codigo=146918
2024,autarquia_municipal,PREFEITURA MUNICIPAL DE PALESTINA,1,0.00,0.00,23819.38,23819.38,PENDENTE,2023-05-29,37264,146918,TJSP DEPRE MOC,https://api.tjsp.jus.br/Handlers/Handler/FileFetch.ashx?codigo=146918
2024,autarquia_municipal,PREFEITURA MUNICIPAL DE PALMARES PAULISTA,2,0.00,0.00,36751.57,36751.57,PENDENTE,2023-05-29,37264,146918,TJSP DEPRE MOC,https://api.tjsp.jus.br/Handlers/Handler/FileFetch.ashx?codigo=146918
2024,autarquia_municipal,PREFEITURA MUNICIPAL DE PALMEIRA D'OESTE,12,298977.57,0.00,0.00,298977.57,PENDENTE,2023-05-29,37264,146918,TJSP DEPRE MOC,https://api.tjsp.jus.br/Handlers/Handler/FileFetch.ashx?codigo=146918
2024,autarquia_municipal,PREFEITURA MUNICIPAL DE PALMITAL,41,1064479.79,0.00,871793.18,1936272.97,PENDENTE,2023-05-29,37264,146918,TJSP DEPRE MOC,https://api.tjsp.jus.br/Handlers/Handler/FileFetch.ashx?codigo=146918
2024,autarquia_municipal,PREFEITURA MUNICIPAL DE PANORAMA,8,1033088.72,0.00,401315.24,1434403.96,PENDENTE,2023-05-29,37264,146918,TJSP DEPRE MOC,https://api.tjsp.jus.br/Handlers/Handler/FileFetch.ashx?codigo=146918
2024,autarquia_municipal,PREFEITURA MUNICIPAL DE PARAGUAÇU PAULISTA,38,2340244.31,0.00,795059.55,3135303.86,PENDENTE,2023-05-29,37264,146918,TJSP DEPRE MOC,https://api.tjsp.jus.br/Handlers/Handler/FileFetch.ashx?codigo=146918
2024,autarquia_municipal,PREFEITURA MUNICIPAL DE PARAIBUNA,11,887175.50,0.00,387831.58,1275007.08,PENDENTE,2023-05-29,37264,146918,TJSP DEPRE MOC,https://api.tjsp.jus.br/Handlers/Handler/FileFetch.ashx?codigo=146918
2024,autarquia_municipal,PREFEITURA MUNICIPAL DE PARANAPANEMA,27,1538162.96,0.00,737625.32,2275788.28,PENDENTE,2023-05-29,37264,146918,TJSP DEPRE MOC,https://api.tjsp.jus.br/Handlers/Handler/FileFetch.ashx?codigo=146918
2024,autarquia_municipal,PREFEITURA MUNICIPAL DE PARAPUÃ,1,0.00,0.00,36234.94,36234.94,PENDENTE,2023-05-29,37264,146918,TJSP DEPRE MOC,https://api.tjsp.jus.br/Handlers/Handler/FileFetch.ashx?codigo=146918
2024,autarquia_municipal,PREFEITURA MUNICIPAL DE PARDINHO,4,31349.35,202379.22,125339.48,359068.05,PENDENTE,2023-05-29,37264,146918,TJSP DEPRE MOC,https://api.tjsp.jus.br/Handlers/Handler/FileFetch.ashx?codigo=146918
2024,autarquia_municipal,PREFEITURA MUNICIPAL DE PARISI,3,92352.65,0.00,310993.76,403346.41,PENDENTE,2023-05-29,37264,146918,TJSP DEPRE MOC,https://api.tjsp.jus.br/Handlers/Handler/FileFetch.ashx?codigo=146918
2024,autarquia_municipal,PREFEITURA MUNICIPAL DE PATROCÍNIO PAULISTA,8,74454.54,26501.13,121799.75,222755.42,PENDENTE,2023-05-29,37264,146918,TJSP DEPRE MOC,https://api.tjsp.jus.br/Handlers/Handler/FileFetch.ashx?codigo=146918
2024,autarquia_municipal,PREFEITURA MUNICIPAL DE PAULICÉIA,9,177160.72,0.00,154183.14,331343.86,PENDENTE,2023-05-29,37264,146918,TJSP DEPRE MOC,https://api.tjsp.jus.br/Handlers/Handler/FileFetch.ashx?codigo=146918
2024,autarquia_municipal,PREFEITURA MUNICIPAL DE PAULÍNIA,90,25557009.99,1401315.17,6264160.90,33222486.06,PENDENTE,2023-05-29,37264,146918,TJSP DEPRE MOC,https://api.tjsp.jus.br/Handlers/Handler/FileFetch.ashx?codigo=146918
2024,autarquia_municipal,PREFEITURA MUNICIPAL DE PAULO DE FARIA,3,157422.69,0.00,0.00,157422.69,PENDENTE,2023-05-29,37264,146918,TJSP DEPRE MOC,https://api.tjsp.jus.br/Handlers/Handler/FileFetch.ashx?codigo=146918
2024,autarquia_municipal,PREFEITURA MUNICIPAL DE PEDERNEIRAS,1,121255.24,0.00,0.00,121255.24,PENDENTE,2023-05-29,37264,146918,TJSP DEPRE MOC,https://api.tjsp.jus.br/Handlers/Handler/FileFetch.ashx?codigo=146918
2024,autarquia_municipal,PREFEITURA MUNICIPAL DE PEDRANÓPOLIS,7,246360.43,0.00,0.00,246360.43,PENDENTE,2023-05-29,37264,146918,TJSP DEPRE MOC,https://api.tjsp.jus.br/Handlers/Handler/FileFetch.ashx?codigo=146918
2024,autarquia_municipal,PREFEITURA MUNICIPAL DE PEDREIRA,8,1489716.48,0.00,284630.29,1774346.77,PENDENTE,2023-05-29,37264,146918,TJSP DEPRE MOC,https://api.tjsp.jus.br/Handlers/Handler/FileFetch.ashx?codigo=146918
2024,autarquia_municipal,PREFEITURA MUNICIPAL DE PENÁPOLIS,3,9571.38,0.00,104960.02,114531.40,PENDENTE,2023-05-29,37264,146918,TJSP DEPRE MOC,https://api.tjsp.jus.br/Handlers/Handler/FileFetch.ashx?codigo=146918
2024,autarquia_municipal,PREFEITURA MUNICIPAL DE PEREIRA BARRETO,13,351747.54,0.00,0.00,351747.54,PENDENTE,2023-05-29,37264,146918,TJSP DEPRE MOC,https://api.tjsp.jus.br/Handlers/Handler/FileFetch.ashx?codigo=146918
2024,autarquia_municipal,PREFEITURA MUNICIPAL DE PEREIRAS,2,14753.74,0.00,145106.46,159860.20,PENDENTE,2023-05-29,37264,146918,TJSP DEPRE MOC,https://api.tjsp.jus.br/Handlers/Handler/FileFetch.ashx?codigo=146918
2024,autarquia_municipal,PREFEITURA MUNICIPAL DE PERUÍBE,70,3375676.47,865376.66,14242485.15,18483538.28,PENDENTE,2023-05-29,37264,146918,TJSP DEPRE MOC,https://api.tjsp.jus.br/Handlers/Handler/FileFetch.ashx?codigo=146918
2024,autarquia_municipal,PREFEITURA MUNICIPAL DE PIEDADE,4,68316.49,0.00,3153985.96,3222302.45,PENDENTE,2023-05-29,37264,146918,TJSP DEPRE MOC,https://api.tjsp.jus.br/Handlers/Handler/FileFetch.ashx?codigo=146918
2024,autarquia_municipal,PREFEITURA MUNICIPAL DE PILAR DO SUL,7,1662929.46,124075.11,0.00,1787004.57,PENDENTE,2023-05-29,37264,146918,TJSP DEPRE MOC,https://api.tjsp.jus.br/Handlers/Handler/FileFetch.ashx?codigo=146918
2024,autarquia_municipal,PREFEITURA MUNICIPAL DE PINDAMONHANGABA,22,2221241.34,2256491.46,1809505.94,6287238.74,PENDENTE,2023-05-29,37264,146918,TJSP DEPRE MOC,https://api.tjsp.jus.br/Handlers/Handler/FileFetch.ashx?codigo=146918
2024,autarquia_municipal,PREFEITURA MUNICIPAL DE PINDORAMA,1,0.00,0.00,62309.78,62309.78,PENDENTE,2023-05-29,37264,146918,TJSP DEPRE MOC,https://api.tjsp.jus.br/Handlers/Handler/FileFetch.ashx?codigo=146918
2024,autarquia_municipal,PREFEITURA MUNICIPAL DE PINHALZINHO,3,38696.22,0.00,152803.04,191499.26,PENDENTE,2023-05-29,37264,146918,TJSP DEPRE MOC,https://api.tjsp.jus.br/Handlers/Handler/FileFetch.ashx?codigo=146918
2024,autarquia_municipal,PREFEITURA MUNICIPAL DE PIQUEROBI,8,431092.82,0.00,0.00,431092.82,PENDENTE,2023-05-29,37264,146918,TJSP DEPRE MOC,https://api.tjsp.jus.br/Handlers/Handler/FileFetch.ashx?codigo=146918
2024,autarquia_municipal,PREFEITURA MUNICIPAL DE PIQUETE,8,511065.79,0.00,0.00,511065.79,PENDENTE,2023-05-29,37264,146918,TJSP DEPRE MOC,https://api.tjsp.jus.br/Handlers/Handler/FileFetch.ashx?codigo=146918
2024,autarquia_municipal,PREFEITURA MUNICIPAL DE PIRACAIA,5,662352.67,0.00,102689.28,765041.95,PENDENTE,2023-05-29,37264,146918,TJSP DEPRE MOC,https://api.tjsp.jus.br/Handlers/Handler/FileFetch.ashx?codigo=146918
2024,autarquia_municipal,PREFEITURA MUNICIPAL DE PIRACICABA,91,14569875.23,2143725.46,1296366.94,18009967.63,PENDENTE,2023-05-29,37264,146918,TJSP DEPRE MOC,https://api.tjsp.jus.br/Handlers/Handler/FileFetch.ashx?codigo=146918
2024,autarquia_municipal,PREFEITURA MUNICIPAL DE PIRAJU,10,363556.81,0.00,119915.95,483472.76,PENDENTE,2023-05-29,37264,146918,TJSP DEPRE MOC,https://api.tjsp.jus.br/Handlers/Handler/FileFetch.ashx?codigo=146918
2024,autarquia_municipal,PREFEITURA MUNICIPAL DE PIRAJUÍ,1,0.00,0.00,24305.63,24305.63,PENDENTE,2023-05-29,37264,146918,TJSP DEPRE MOC,https://api.tjsp.jus.br/Handlers/Handler/FileFetch.ashx?codigo=146918
2024,autarquia_municipal,PREFEITURA MUNICIPAL DE PIRANGI,13,1415218.01,0.00,75398.34,1490616.35,PENDENTE,2023-05-29,37264,146918,TJSP DEPRE MOC,https://api.tjsp.jus.br/Handlers/Handler/FileFetch.ashx?codigo=146918
2024,autarquia_municipal,PREFEITURA MUNICIPAL DE PIRAPORA DO BOM JESUS,4,65728.63,0.00,752789.78,818518.41,PENDENTE,2023-05-29,37264,146918,TJSP DEPRE MOC,https://api.tjsp.jus.br/Handlers/Handler/FileFetch.ashx?codigo=146918
2024,autarquia_municipal,PREFEITURA MUNICIPAL DE PIRAPOZINHO,47,2019227.98,0.00,1218636.83,3237864.81,PENDENTE,2023-05-29,37264,146918,TJSP DEPRE MOC,https://api.tjsp.jus.br/Handlers/Handler/FileFetch.ashx?codigo=146918
2024,autarquia_municipal,PREFEITURA MUNICIPAL DE PIRATININGA,2,85962.53,0.00,74649.77,160612.30,PENDENTE,2023-05-29,37264,146918,TJSP DEPRE MOC,https://api.tjsp.jus.br/Handlers/Handler/FileFetch.ashx?codigo=146918
2024,autarquia_municipal,PREFEITURA MUNICIPAL DE PITANGUEIRAS,17,645669.48,0.00,5240924.72,5886594.20,PENDENTE,2023-05-29,37264,146918,TJSP DEPRE MOC,https://api.tjsp.jus.br/Handlers/Handler/FileFetch.ashx?codigo=146918
2024,autarquia_municipal,PREFEITURA MUNICIPAL DE POÁ,63,4511754.56,1680061.49,2753401.46,8945217.51,PENDENTE,2023-05-29,37264,146918,TJSP DEPRE MOC,https://api.tjsp.jus.br/Handlers/Handler/FileFetch.ashx?codigo=146918
2024,autarquia_municipal,PREFEITURA MUNICIPAL DE POLONI,2,137405.34,0.00,0.00,137405.34,PENDENTE,2023-05-29,37264,146918,TJSP DEPRE MOC,https://api.tjsp.jus.br/Handlers/Handler/FileFetch.ashx?codigo=146918
2024,autarquia_municipal,PREFEITURA MUNICIPAL DE POMPÉIA,3,0.00,0.00,75507.79,75507.79,PENDENTE,2023-05-29,37264,146918,TJSP DEPRE MOC,https://api.tjsp.jus.br/Handlers/Handler/FileFetch.ashx?codigo=146918
2024,autarquia_municipal,PREFEITURA MUNICIPAL DE PONTAL,18,3031838.56,0.00,0.00,3031838.56,PENDENTE,2023-05-29,37264,146918,TJSP DEPRE MOC,https://api.tjsp.jus.br/Handlers/Handler/FileFetch.ashx?codigo=146918
2024,autarquia_municipal,PREFEITURA MUNICIPAL DE PONTALINDA,4,137121.55,0.00,0.00,137121.55,PENDENTE,2023-05-29,37264,146918,TJSP DEPRE MOC,https://api.tjsp.jus.br/Handlers/Handler/FileFetch.ashx?codigo=146918
2024,autarquia_municipal,PREFEITURA MUNICIPAL DE PONTES GESTAL,2,116740.99,0.00,45464.57,162205.56,PENDENTE,2023-05-29,37264,146918,TJSP DEPRE MOC,https://api.tjsp.jus.br/Handlers/Handler/FileFetch.ashx?codigo=146918
2024,autarquia_municipal,PREFEITURA MUNICIPAL DE POPULINA,39,1184157.22,0.00,0.00,1184157.22,PENDENTE,2023-05-29,37264,146918,TJSP DEPRE MOC,https://api.tjsp.jus.br/Handlers/Handler/FileFetch.ashx?codigo=146918
2024,autarquia_municipal,PREFEITURA MUNICIPAL DE PORANGABA,3,36191.02,0.00,60380.99,96572.01,PENDENTE,2023-05-29,37264,146918,TJSP DEPRE MOC,https://api.tjsp.jus.br/Handlers/Handler/FileFetch.ashx?codigo=146918
2024,autarquia_municipal,PREFEITURA MUNICIPAL DE PORTO FELIZ,9,441369.24,0.00,480468.21,921837.45,PENDENTE,2023-05-29,37264,146918,TJSP DEPRE MOC,https://api.tjsp.jus.br/Handlers/Handler/FileFetch.ashx?codigo=146918
2024,autarquia_municipal,PREFEITURA MUNICIPAL DE PORTO FERREIRA,28,766766.74,0.00,78849.85,845616.59,PENDENTE,2023-05-29,37264,146918,TJSP DEPRE MOC,https://api.tjsp.jus.br/Handlers/Handler/FileFetch.ashx?codigo=146918
2024,autarquia_municipal,PREFEITURA MUNICIPAL DE POTIM,6,452880.51,0.00,274319.38,727199.89,PENDENTE,2023-05-29,37264,146918,TJSP DEPRE MOC,https://api.tjsp.jus.br/Handlers/Handler/FileFetch.ashx?codigo=146918
2024,autarquia_municipal,PREFEITURA MUNICIPAL DE POTIRENDABA,7,77333.68,0.00,749104.88,826438.56,PENDENTE,2023-05-29,37264,146918,TJSP DEPRE MOC,https://api.tjsp.jus.br/Handlers/Handler/FileFetch.ashx?codigo=146918
2024,autarquia_municipal,PREFEITURA MUNICIPAL DE PRACINHA,2,0.00,0.00,77432.66,77432.66,PENDENTE,2023-05-29,37264,146918,TJSP DEPRE MOC,https://api.tjsp.jus.br/Handlers/Handler/FileFetch.ashx?codigo=146918
2024,autarquia_municipal,PREFEITURA MUNICIPAL DE PRADÓPOLIS,3,537738.08,0.00,297428.48,835166.56,PENDENTE,2023-05-29,37264,146918,TJSP DEPRE MOC,https://api.tjsp.jus.br/Handlers/Handler/FileFetch.ashx?codigo=146918
2024,autarquia_municipal,PREFEITURA MUNICIPAL DE PRAIA GRANDE,28,1792106.96,35068217.69,2266824.48,39127149.13,PENDENTE,2023-05-29,37264,146918,TJSP DEPRE MOC,https://api.tjsp.jus.br/Handlers/Handler/FileFetch.ashx?codigo=146918
2024,autarquia_municipal,PREFEITURA MUNICIPAL DE PRATÂNIA,1,44301.37,0.00,0.00,44301.37,PENDENTE,2023-05-29,37264,146918,TJSP DEPRE MOC,https://api.tjsp.jus.br/Handlers/Handler/FileFetch.ashx?codigo=146918
2024,autarquia_municipal,PREFEITURA MUNICIPAL DE PRESIDENTE ALVES,1,0.00,0.00,427197.38,427197.38,PENDENTE,2023-05-29,37264,146918,TJSP DEPRE MOC,https://api.tjsp.jus.br/Handlers/Handler/FileFetch.ashx?codigo=146918
2024,autarquia_municipal,PREFEITURA MUNICIPAL DE PRESIDENTE BERNARDES,4,39081.00,0.00,888493.38,927574.38,PENDENTE,2023-05-29,37264,146918,TJSP DEPRE MOC,https://api.tjsp.jus.br/Handlers/Handler/FileFetch.ashx?codigo=146918
2024,autarquia_municipal,PREFEITURA MUNICIPAL DE PRESIDENTE EPITÁCIO,50,2688794.67,0.00,100850.61,2789645.28,PENDENTE,2023-05-29,37264,146918,TJSP DEPRE MOC,https://api.tjsp.jus.br/Handlers/Handler/FileFetch.ashx?codigo=146918
2024,autarquia_municipal,PREFEITURA MUNICIPAL DE PRESIDENTE PRUDENTE,89,14128943.58,628048.49,4309121.26,19066113.33,PENDENTE,2023-05-29,37264,146918,TJSP DEPRE MOC,https://api.tjsp.jus.br/Handlers/Handler/FileFetch.ashx?codigo=146918
2024,autarquia_municipal,PREFEITURA MUNICIPAL DE PRESIDENTE VENCESLAU,24,416460.19,0.00,2300170.94,2716631.13,PENDENTE,2023-05-29,37264,146918,TJSP DEPRE MOC,https://api.tjsp.jus.br/Handlers/Handler/FileFetch.ashx?codigo=146918
2024,autarquia_municipal,PREFEITURA MUNICIPAL DE PROMISSÃO,2,0.00,4759460.74,0.00,4759460.74,PENDENTE,2023-05-29,37264,146918,TJSP DEPRE MOC,https://api.tjsp.jus.br/Handlers/Handler/FileFetch.ashx?codigo=146918
2024,autarquia_municipal,PREFEITURA MUNICIPAL DE QUATÁ,7,797139.50,0.00,0.00,797139.50,PENDENTE,2023-05-29,37264,146918,TJSP DEPRE MOC,https://api.tjsp.jus.br/Handlers/Handler/FileFetch.ashx?codigo=146918
2024,autarquia_municipal,PREFEITURA MUNICIPAL DE QUEIROZ,6,125084.48,0.00,0.00,125084.48,PENDENTE,2023-05-29,37264,146918,TJSP DEPRE MOC,https://api.tjsp.jus.br/Handlers/Handler/FileFetch.ashx?codigo=146918
2024,autarquia_municipal,PREFEITURA MUNICIPAL DE RAFARD,3,204307.00,0.00,0.00,204307.00,PENDENTE,2023-05-29,37264,146918,TJSP DEPRE MOC,https://api.tjsp.jus.br/Handlers/Handler/FileFetch.ashx?codigo=146918
2024,autarquia_municipal,PREFEITURA MUNICIPAL DE RANCHARIA,26,1244667.40,139440.49,206522.86,1590630.75,PENDENTE,2023-05-29,37264,146918,TJSP DEPRE MOC,https://api.tjsp.jus.br/Handlers/Handler/FileFetch.ashx?codigo=146918
2024,autarquia_municipal,PREFEITURA MUNICIPAL DE REDENÇÃO DA SERRA,3,0.00,0.00,87175.45,87175.45,PENDENTE,2023-05-29,37264,146918,TJSP DEPRE MOC,https://api.tjsp.jus.br/Handlers/Handler/FileFetch.ashx?codigo=146918
2024,autarquia_municipal,PREFEITURA MUNICIPAL DE REGENTE FEIJÓ,4,112480.79,0.00,37685.62,150166.41,PENDENTE,2023-05-29,37264,146918,TJSP DEPRE MOC,https://api.tjsp.jus.br/Handlers/Handler/FileFetch.ashx?codigo=146918
2024,autarquia_municipal,PREFEITURA MUNICIPAL DE REGISTRO,11,50392.63,530094.52,21334.41,601821.56,PENDENTE,2023-05-29,37264,146918,TJSP DEPRE MOC,https://api.tjsp.jus.br/Handlers/Handler/FileFetch.ashx?codigo=146918
2024,autarquia_municipal,PREFEITURA MUNICIPAL DE RESTINGA,1,0.00,0.00,38356.19,38356.19,PENDENTE,2023-05-29,37264,146918,TJSP DEPRE MOC,https://api.tjsp.jus.br/Handlers/Handler/FileFetch.ashx?codigo=146918
2024,autarquia_municipal,PREFEITURA MUNICIPAL DE RIBEIRA,5,41579.20,0.00,0.00,41579.20,PENDENTE,2023-05-29,37264,146918,TJSP DEPRE MOC,https://api.tjsp.jus.br/Handlers/Handler/FileFetch.ashx?codigo=146918
2024,autarquia_municipal,PREFEITURA MUNICIPAL DE RIBEIRÃO BONITO,3,0.00,0.00,227616.20,227616.20,PENDENTE,2023-05-29,37264,146918,TJSP DEPRE MOC,https://api.tjsp.jus.br/Handlers/Handler/FileFetch.ashx?codigo=146918
2024,autarquia_municipal,PREFEITURA MUNICIPAL DE RIBEIRÃO BRANCO,7,300929.70,0.00,485211.88,786141.58,PENDENTE,2023-05-29,37264,146918,TJSP DEPRE MOC,https://api.tjsp.jus.br/Handlers/Handler/FileFetch.ashx?codigo=146918
2024,autarquia_municipal,PREFEITURA MUNICIPAL DE RIBEIRÃO CORRENTE,1,42840.41,0.00,0.00,42840.41,PENDENTE,2023-05-29,37264,146918,TJSP DEPRE MOC,https://api.tjsp.jus.br/Handlers/Handler/FileFetch.ashx?codigo=146918
2024,autarquia_municipal,PREFEITURA MUNICIPAL DE RIBEIRÃO DOS ÍNDIOS,1,21454.15,0.00,0.00,21454.15,PENDENTE,2023-05-29,37264,146918,TJSP DEPRE MOC,https://api.tjsp.jus.br/Handlers/Handler/FileFetch.ashx?codigo=146918
2024,autarquia_municipal,PREFEITURA MUNICIPAL DE RIBEIRÃO GRANDE,40,1105247.15,0.00,0.00,1105247.15,PENDENTE,2023-05-29,37264,146918,TJSP DEPRE MOC,https://api.tjsp.jus.br/Handlers/Handler/FileFetch.ashx?codigo=146918
2024,autarquia_municipal,PREFEITURA MUNICIPAL DE RIBEIRÃO PIRES,37,1434740.42,12659185.62,3457433.97,17551360.01,PENDENTE,2023-05-29,37264,146918,TJSP DEPRE MOC,https://api.tjsp.jus.br/Handlers/Handler/FileFetch.ashx?codigo=146918
2024,autarquia_municipal,PREFEITURA MUNICIPAL DE RIBEIRÃO PRETO,1301,64342383.80,22032538.92,4699963.12,91074885.84,PENDENTE,2023-05-29,37264,146918,TJSP DEPRE MOC,https://api.tjsp.jus.br/Handlers/Handler/FileFetch.ashx?codigo=146918
2024,autarquia_municipal,PREFEITURA MUNICIPAL DE RIFAINA,1,50241.04,0.00,0.00,50241.04,PENDENTE,2023-05-29,37264,146918,TJSP DEPRE MOC,https://api.tjsp.jus.br/Handlers/Handler/FileFetch.ashx?codigo=146918
2024,autarquia_municipal,PREFEITURA MUNICIPAL DE RINCÃO,1,0.00,0.00,39096.93,39096.93,PENDENTE,2023-05-29,37264,146918,TJSP DEPRE MOC,https://api.tjsp.jus.br/Handlers/Handler/FileFetch.ashx?codigo=146918
2024,autarquia_municipal,PREFEITURA MUNICIPAL DE RINÓPOLIS,2,50019.09,0.00,15588.11,65607.20,PENDENTE,2023-05-29,37264,146918,TJSP DEPRE MOC,https://api.tjsp.jus.br/Handlers/Handler/FileFetch.ashx?codigo=146918
2024,autarquia_municipal,PREFEITURA MUNICIPAL DE RIO CLARO,169,10754561.77,28660642.64,866655.12,40281859.53,PENDENTE,2023-05-29,37264,146918,TJSP DEPRE MOC,https://api.tjsp.jus.br/Handlers/Handler/FileFetch.ashx?codigo=146918
2024,autarquia_municipal,PREFEITURA MUNICIPAL DE RIO DAS PEDRAS,1,0.00,0.00,67758.25,67758.25,PENDENTE,2023-05-29,37264,146918,TJSP DEPRE MOC,https://api.tjsp.jus.br/Handlers/Handler/FileFetch.ashx?codigo=146918
2024,autarquia_municipal,PREFEITURA MUNICIPAL DE RIO DO FOGO - RN,1,0.00,0.00,14855.44,14855.44,PENDENTE,2023-05-29,37264,146918,TJSP DEPRE MOC,https://api.tjsp.jus.br/Handlers/Handler/FileFetch.ashx?codigo=146918
2024,autarquia_municipal,PREFEITURA MUNICIPAL DE RIO GRANDE DA SERRA,1,130728.50,0.00,0.00,130728.50,PENDENTE,2023-05-29,37264,146918,TJSP DEPRE MOC,https://api.tjsp.jus.br/Handlers/Handler/FileFetch.ashx?codigo=146918
2024,autarquia_municipal,PREFEITURA MUNICIPAL DE RIOLÂNDIA,3,26291.28,0.00,109459.61,135750.89,PENDENTE,2023-05-29,37264,146918,TJSP DEPRE MOC,https://api.tjsp.jus.br/Handlers/Handler/FileFetch.ashx?codigo=146918
2024,autarquia_municipal,PREFEITURA MUNICIPAL DE RIVERSUL,1,0.00,0.00,62776.10,62776.10,PENDENTE,2023-05-29,37264,146918,TJSP DEPRE MOC,https://api.tjsp.jus.br/Handlers/Handler/FileFetch.ashx?codigo=146918
2024,autarquia_municipal,PREFEITURA MUNICIPAL DE ROSANA,75,5929738.30,364440.84,800786.47,7094965.61,PENDENTE,2023-05-29,37264,146918,TJSP DEPRE MOC,https://api.tjsp.jus.br/Handlers/Handler/FileFetch.ashx?codigo=146918
2024,autarquia_municipal,PREFEITURA MUNICIPAL DE RUBINÉIA,10,156123.13,0.00,78964.80,235087.93,PENDENTE,2023-05-29,37264,146918,TJSP DEPRE MOC,https://api.tjsp.jus.br/Handlers/Handler/FileFetch.ashx?codigo=146918
2024,autarquia_municipal,PREFEITURA MUNICIPAL DE SABINO,9,366135.51,0.00,497781.93,863917.44,PENDENTE,2023-05-29,37264,146918,TJSP DEPRE MOC,https://api.tjsp.jus.br/Handlers/Handler/FileFetch.ashx?codigo=146918
2024,autarquia_municipal,PREFEITURA MUNICIPAL DE SAGRES,2,18838.80,0.00,37514.28,56353.08,PENDENTE,2023-05-29,37264,146918,TJSP DEPRE MOC,https://api.tjsp.jus.br/Handlers/Handler/FileFetch.ashx?codigo=146918
2024,autarquia_municipal,PREFEITURA MUNICIPAL DE SALES,3,0.00,233883.90,361766.48,595650.38,PENDENTE,2023-05-29,37264,146918,TJSP DEPRE MOC,https://api.tjsp.jus.br/Handlers/Handler/FileFetch.ashx?codigo=146918
2024,autarquia_municipal,PREFEITURA MUNICIPAL DE SALES OLIVEIRA,8,199691.91,0.00,74173.17,273865.08,PENDENTE,2023-05-29,37264,146918,TJSP DEPRE MOC,https://api.tjsp.jus.br/Handlers/Handler/FileFetch.ashx?codigo=146918
2024,autarquia_municipal,PREFEITURA MUNICIPAL DE SALMOURÃO,3,62030.05,0.00,141610.07,203640.12,PENDENTE,2023-05-29,37264,146918,TJSP DEPRE MOC,https://api.tjsp.jus.br/Handlers/Handler/FileFetch.ashx?codigo=146918
2024,autarquia_municipal,PREFEITURA MUNICIPAL DE SALTO,9,525921.29,0.00,293844.87,819766.16,PENDENTE,2023-05-29,37264,146918,TJSP DEPRE MOC,https://api.tjsp.jus.br/Handlers/Handler/FileFetch.ashx?codigo=146918
2024,autarquia_municipal,PREFEITURA MUNICIPAL DE SALTO DE PIRAPORA,10,207253.11,389909.62,370796.67,967959.40,PENDENTE,2023-05-29,37264,146918,TJSP DEPRE MOC,https://api.tjsp.jus.br/Handlers/Handler/FileFetch.ashx?codigo=146918
2024,autarquia_municipal,PREFEITURA MUNICIPAL DE SALTO GRANDE,1,0.00,0.00,38841.84,38841.84,PENDENTE,2023-05-29,37264,146918,TJSP DEPRE MOC,https://api.tjsp.jus.br/Handlers/Handler/FileFetch.ashx?codigo=146918
2024,autarquia_municipal,PREFEITURA MUNICIPAL DE SANTA ADÉLIA,3,66719.74,0.00,35176.02,101895.76,PENDENTE,2023-05-29,37264,146918,TJSP DEPRE MOC,https://api.tjsp.jus.br/Handlers/Handler/FileFetch.ashx?codigo=146918
2024,autarquia_municipal,PREFEITURA MUNICIPAL DE SANTA BÁRBARA D'OESTE,14,250661.10,0.00,3584335.52,3834996.62,PENDENTE,2023-05-29,37264,146918,TJSP DEPRE MOC,https://api.tjsp.jus.br/Handlers/Handler/FileFetch.ashx?codigo=146918
2024,autarquia_municipal,PREFEITURA MUNICIPAL DE SANTA BRANCA,1,0.00,0.00,339555.28,339555.28,PENDENTE,2023-05-29,37264,146918,TJSP DEPRE MOC,https://api.tjsp.jus.br/Handlers/Handler/FileFetch.ashx?codigo=146918
2024,autarquia_municipal,PREFEITURA MUNICIPAL DE SANTA CLARA D'OESTE,3,196322.35,0.00,0.00,196322.35,PENDENTE,2023-05-29,37264,146918,TJSP DEPRE MOC,https://api.tjsp.jus.br/Handlers/Handler/FileFetch.ashx?codigo=146918
2024,autarquia_municipal,PREFEITURA MUNICIPAL DE SANTA CRUZ DAS PALMEIRAS,6,551137.01,0.00,46616.48,597753.49,PENDENTE,2023-05-29,37264,146918,TJSP DEPRE MOC,https://api.tjsp.jus.br/Handlers/Handler/FileFetch.ashx?codigo=146918
2024,autarquia_municipal,PREFEITURA MUNICIPAL DE SANTA CRUZ DO RIO PARDO,2,65834.57,0.00,12273.49,78108.06,PENDENTE,2023-05-29,37264,146918,TJSP DEPRE MOC,https://api.tjsp.jus.br/Handlers/Handler/FileFetch.ashx?codigo=146918
2024,autarquia_municipal,PREFEITURA MUNICIPAL DE SANTA ERNESTINA,1,0.00,0.00,46280.87,46280.87,PENDENTE,2023-05-29,37264,146918,TJSP DEPRE MOC,https://api.tjsp.jus.br/Handlers/Handler/FileFetch.ashx?codigo=146918
2024,autarquia_municipal,PREFEITURA MUNICIPAL DE SANTA FÉ DO SUL,18,288071.27,353951.00,123385.36,765407.63,PENDENTE,2023-05-29,37264,146918,TJSP DEPRE MOC,https://api.tjsp.jus.br/Handlers/Handler/FileFetch.ashx?codigo=146918
2024,autarquia_municipal,PREFEITURA MUNICIPAL DE SANTA GERTRUDES,1,0.00,110783.32,0.00,110783.32,PENDENTE,2023-05-29,37264,146918,TJSP DEPRE MOC,https://api.tjsp.jus.br/Handlers/Handler/FileFetch.ashx?codigo=146918
2024,autarquia_municipal,PREFEITURA MUNICIPAL DE SANTA LÚCIA,1,35564.98,0.00,0.00,35564.98,PENDENTE,2023-05-29,37264,146918,TJSP DEPRE MOC,https://api.tjsp.jus.br/Handlers/Handler/FileFetch.ashx?codigo=146918
2024,autarquia_municipal,PREFEITURA MUNICIPAL DE SANTA RITA DO PASSA QUATRO,5,334777.60,0.00,0.00,334777.60,PENDENTE,2023-05-29,37264,146918,TJSP DEPRE MOC,https://api.tjsp.jus.br/Handlers/Handler/FileFetch.ashx?codigo=146918
2024,autarquia_municipal,PREFEITURA MUNICIPAL DE SANTA ROSA DE VITERBO,1,0.00,0.00,14796.78,14796.78,PENDENTE,2023-05-29,37264,146918,TJSP DEPRE MOC,https://api.tjsp.jus.br/Handlers/Handler/FileFetch.ashx?codigo=146918
2024,autarquia_municipal,PREFEITURA MUNICIPAL DE SANTANA DA PONTE PENSA,2,70254.60,0.00,0.00,70254.60,PENDENTE,2023-05-29,37264,146918,TJSP DEPRE MOC,https://api.tjsp.jus.br/Handlers/Handler/FileFetch.ashx?codigo=146918
2024,autarquia_municipal,PREFEITURA MUNICIPAL DE SANTANA DE PARNAÍBA,28,2415584.52,24272667.32,982554.63,27670806.47,PENDENTE,2023-05-29,37264,146918,TJSP DEPRE MOC,https://api.tjsp.jus.br/Handlers/Handler/FileFetch.ashx?codigo=146918
2024,autarquia_municipal,PREFEITURA MUNICIPAL DE SANTO ANDRÉ,107,10904651.60,1541541.24,48071228.38,60517421.22,PENDENTE,2023-05-29,37264,146918,TJSP DEPRE MOC,https://api.tjsp.jus.br/Handlers/Handler/FileFetch.ashx?codigo=146918
2024,autarquia_municipal,PREFEITURA MUNICIPAL DE SANTO ANTÔNIO DA ALEGRIA,2,0.00,0.00,46042.49,46042.49,PENDENTE,2023-05-29,37264,146918,TJSP DEPRE MOC,https://api.tjsp.jus.br/Handlers/Handler/FileFetch.ashx?codigo=146918
2024,autarquia_municipal,PREFEITURA MUNICIPAL DE SANTO ANTÔNIO DE POSSE,5,86748.92,0.00,247344.89,334093.81,PENDENTE,2023-05-29,37264,146918,TJSP DEPRE MOC,https://api.tjsp.jus.br/Handlers/Handler/FileFetch.ashx?codigo=146918
2024,autarquia_municipal,PREFEITURA MUNICIPAL DE SANTO ANTÔNIO DO ARACANGUÁ,2,131403.65,0.00,0.00,131403.65,PENDENTE,2023-05-29,37264,146918,TJSP DEPRE MOC,https://api.tjsp.jus.br/Handlers/Handler/FileFetch.ashx?codigo=146918
2024,autarquia_municipal,PREFEITURA MUNICIPAL DE SANTO EXPEDITO,2,30316.95,0.00,68610.12,98927.07,PENDENTE,2023-05-29,37264,146918,TJSP DEPRE MOC,https://api.tjsp.jus.br/Handlers/Handler/FileFetch.ashx?codigo=146918
2024,autarquia_municipal,PREFEITURA MUNICIPAL DE SANTOS,284,28661869.29,0.00,25799203.94,54461073.23,PENDENTE,2023-05-29,37264,146918,TJSP DEPRE MOC,https://api.tjsp.jus.br/Handlers/Handler/FileFetch.ashx?codigo=146918
2024,autarquia_municipal,PREFEITURA MUNICIPAL DE SÃO BENTO DO SAPUCAÍ,3,124115.81,104303.19,0.00,228419.00,PENDENTE,2023-05-29,37264,146918,TJSP DEPRE MOC,https://api.tjsp.jus.br/Handlers/Handler/FileFetch.ashx?codigo=146918
2024,autarquia_municipal,PREFEITURA MUNICIPAL DE SÃO BERNARDO DO CAMPO,168,21145678.16,5157832.48,6635427.23,32938937.87,PENDENTE,2023-05-29,37264,146918,TJSP DEPRE MOC,https://api.tjsp.jus.br/Handlers/Handler/FileFetch.ashx?codigo=146918
2024,autarquia_municipal,PREFEITURA MUNICIPAL DE SÃO CAETANO DO SUL,45,4171571.45,0.00,48464793.55,52636365.00,PENDENTE,2023-05-29,37264,146918,TJSP DEPRE MOC,https://api.tjsp.jus.br/Handlers/Handler/FileFetch.ashx?codigo=146918
2024,autarquia_municipal,PREFEITURA MUNICIPAL DE SÃO CARLOS,19,2523864.54,492563.44,4547160.29,7563588.27,PENDENTE,2023-05-29,37264,146918,TJSP DEPRE MOC,https://api.tjsp.jus.br/Handlers/Handler/FileFetch.ashx?codigo=146918
2024,autarquia_municipal,PREFEITURA MUNICIPAL DE SÃO FRANCISCO,10,487154.99,0.00,0.00,487154.99,PENDENTE,2023-05-29,37264,146918,TJSP DEPRE MOC,https://api.tjsp.jus.br/Handlers/Handler/FileFetch.ashx?codigo=146918
2024,autarquia_municipal,PREFEITURA MUNICIPAL DE SÃO JOÃO DA BOA VISTA,89,3378331.58,0.00,96922.18,3475253.76,PENDENTE,2023-05-29,37264,146918,TJSP DEPRE MOC,https://api.tjsp.jus.br/Handlers/Handler/FileFetch.ashx?codigo=146918
2024,autarquia_municipal,PREFEITURA MUNICIPAL DE SÃO JOÃO DAS DUAS PONTES,7,95174.99,0.00,120903.95,216078.94,PENDENTE,2023-05-29,37264,146918,TJSP DEPRE MOC,https://api.tjsp.jus.br/Handlers/Handler/FileFetch.ashx?codigo=146918
2024,autarquia_municipal,PREFEITURA MUNICIPAL DE SÃO JOÃO DE IRACEMA,15,284698.00,0.00,0.00,284698.00,PENDENTE,2023-05-29,37264,146918,TJSP DEPRE MOC,https://api.tjsp.jus.br/Handlers/Handler/FileFetch.ashx?codigo=146918
2024,autarquia_municipal,PREFEITURA MUNICIPAL DE SÃO JOÃO DO PAU D'ALHO,2,335428.71,0.00,134188.84,469617.55,PENDENTE,2023-05-29,37264,146918,TJSP DEPRE MOC,https://api.tjsp.jus.br/Handlers/Handler/FileFetch.ashx?codigo=146918
2024,autarquia_municipal,PREFEITURA MUNICIPAL DE SÃO JOAQUIM DA BARRA,19,77797.13,156192.03,2019791.11,2253780.27,PENDENTE,2023-05-29,37264,146918,TJSP DEPRE MOC,https://api.tjsp.jus.br/Handlers/Handler/FileFetch.ashx?codigo=146918
2024,autarquia_municipal,PREFEITURA MUNICIPAL DE SÃO JOSÉ DA BELA VISTA,7,0.00,0.00,363767.02,363767.02,PENDENTE,2023-05-29,37264,146918,TJSP DEPRE MOC,https://api.tjsp.jus.br/Handlers/Handler/FileFetch.ashx?codigo=146918
2024,autarquia_municipal,PREFEITURA MUNICIPAL DE SÃO JOSÉ DO RIO PARDO,159,4725819.90,0.00,533993.69,5259813.59,PENDENTE,2023-05-29,37264,146918,TJSP DEPRE MOC,https://api.tjsp.jus.br/Handlers/Handler/FileFetch.ashx?codigo=146918
2024,autarquia_municipal,PREFEITURA MUNICIPAL DE SÃO JOSÉ DO RIO PRETO,422,33274763.70,0.00,3167730.23,36442493.93,PENDENTE,2023-05-29,37264,146918,TJSP DEPRE MOC,https://api.tjsp.jus.br/Handlers/Handler/FileFetch.ashx?codigo=146918
2024,autarquia_municipal,PREFEITURA MUNICIPAL DE SÃO JOSÉ DOS CAMPOS,308,16538929.92,508861.90,11911137.93,28958929.75,PENDENTE,2023-05-29,37264,146918,TJSP DEPRE MOC,https://api.tjsp.jus.br/Handlers/Handler/FileFetch.ashx?codigo=146918
2024,autarquia_municipal,PREFEITURA MUNICIPAL DE SÃO LOURENÇO DA SERRA,5,80481.77,0.00,621955.70,702437.47,PENDENTE,2023-05-29,37264,146918,TJSP DEPRE MOC,https://api.tjsp.jus.br/Handlers/Handler/FileFetch.ashx?codigo=146918
2024,autarquia_municipal,PREFEITURA MUNICIPAL DE SÃO LUIZ DO PARAITINGA,1,0.00,0.00,41622.01,41622.01,PENDENTE,2023-05-29,37264,146918,TJSP DEPRE MOC,https://api.tjsp.jus.br/Handlers/Handler/FileFetch.ashx?codigo=146918
2024,autarquia_municipal,PREFEITURA MUNICIPAL DE SÃO MANUEL,12,246919.25,0.00,380073.12,626992.37,PENDENTE,2023-05-29,37264,146918,TJSP DEPRE MOC,https://api.tjsp.jus.br/Handlers/Handler/FileFetch.ashx?codigo=146918
2024,autarquia_municipal,PREFEITURA MUNICIPAL DE SÃO PAULO,17815,5085566214.78,29925865.21,2638178550.74,7753670630.73,PENDENTE,2023-05-29,37264,146918,TJSP DEPRE MOC,https://api.tjsp.jus.br/Handlers/Handler/FileFetch.ashx?codigo=146918
2024,autarquia_municipal,PREFEITURA MUNICIPAL DE SÃO PEDRO,6,149494.56,0.00,251843.10,401337.66,PENDENTE,2023-05-29,37264,146918,TJSP DEPRE MOC,https://api.tjsp.jus.br/Handlers/Handler/FileFetch.ashx?codigo=146918
2024,autarquia_municipal,PREFEITURA MUNICIPAL DE SÃO PEDRO DO TURVO,6,20351.44,0.00,225828.01,246179.45,PENDENTE,2023-05-29,37264,146918,TJSP DEPRE MOC,https://api.tjsp.jus.br/Handlers/Handler/FileFetch.ashx?codigo=146918
2024,autarquia_municipal,PREFEITURA MUNICIPAL DE SÃO ROQUE,23,790808.52,58892.73,1766196.04,2615897.29,PENDENTE,2023-05-29,37264,146918,TJSP DEPRE MOC,https://api.tjsp.jus.br/Handlers/Handler/FileFetch.ashx?codigo=146918
2024,autarquia_municipal,PREFEITURA MUNICIPAL DE SÃO SEBASTIÃO,97,8061133.64,240270.69,6298107.89,14599512.22,PENDENTE,2023-05-29,37264,146918,TJSP DEPRE MOC,https://api.tjsp.jus.br/Handlers/Handler/FileFetch.ashx?codigo=146918
2024,autarquia_municipal,PREFEITURA MUNICIPAL DE SÃO SEBASTIÃO DA GRAMA,10,815163.65,0.00,33866.51,849030.16,PENDENTE,2023-05-29,37264,146918,TJSP DEPRE MOC,https://api.tjsp.jus.br/Handlers/Handler/FileFetch.ashx?codigo=146918
2024,autarquia_municipal,PREFEITURA MUNICIPAL DE SÃO SIMÃO,1,10344.49,0.00,0.00,10344.49,PENDENTE,2023-05-29,37264,146918,TJSP DEPRE MOC,https://api.tjsp.jus.br/Handlers/Handler/FileFetch.ashx?codigo=146918
2024,autarquia_municipal,PREFEITURA MUNICIPAL DE SÃO VICENTE,114,2983388.83,0.00,9213234.44,12196623.27,PENDENTE,2023-05-29,37264,146918,TJSP DEPRE MOC,https://api.tjsp.jus.br/Handlers/Handler/FileFetch.ashx?codigo=146918
2024,autarquia_municipal,PREFEITURA MUNICIPAL DE SARAPUÍ,8,333238.87,0.00,0.00,333238.87,PENDENTE,2023-05-29,37264,146918,TJSP DEPRE MOC,https://api.tjsp.jus.br/Handlers/Handler/FileFetch.ashx?codigo=146918
2024,autarquia_municipal,PREFEITURA MUNICIPAL DE SEBASTIANÓPOLIS DO SUL,1,0.00,0.00,41229.02,41229.02,PENDENTE,2023-05-29,37264,146918,TJSP DEPRE MOC,https://api.tjsp.jus.br/Handlers/Handler/FileFetch.ashx?codigo=146918
2024,autarquia_municipal,PREFEITURA MUNICIPAL DE SERRA AZUL,4,184336.20,0.00,129325.22,313661.42,PENDENTE,2023-05-29,37264,146918,TJSP DEPRE MOC,https://api.tjsp.jus.br/Handlers/Handler/FileFetch.ashx?codigo=146918
2024,autarquia_municipal,PREFEITURA MUNICIPAL DE SERRA NEGRA,3,935151.12,0.00,31328.28,966479.40,PENDENTE,2023-05-29,37264,146918,TJSP DEPRE MOC,https://api.tjsp.jus.br/Handlers/Handler/FileFetch.ashx?codigo=146918
2024,autarquia_municipal,PREFEITURA MUNICIPAL DE SERRANA,24,5292686.28,0.00,359638.85,5652325.13,PENDENTE,2023-05-29,37264,146918,TJSP DEPRE MOC,https://api.tjsp.jus.br/Handlers/Handler/FileFetch.ashx?codigo=146918
2024,autarquia_municipal,PREFEITURA MUNICIPAL DE SERTÃOZINHO,31,1464585.36,0.00,274393.80,1738979.16,PENDENTE,2023-05-29,37264,146918,TJSP DEPRE MOC,https://api.tjsp.jus.br/Handlers/Handler/FileFetch.ashx?codigo=146918
2024,autarquia_municipal,PREFEITURA MUNICIPAL DE SETE BARRAS,1,0.00,0.00,22965.91,22965.91,PENDENTE,2023-05-29,37264,146918,TJSP DEPRE MOC,https://api.tjsp.jus.br/Handlers/Handler/FileFetch.ashx?codigo=146918
2024,autarquia_municipal,PREFEITURA MUNICIPAL DE SEVERÍNIA,25,735049.46,0.00,149391.07,884440.53,PENDENTE,2023-05-29,37264,146918,TJSP DEPRE MOC,https://api.tjsp.jus.br/Handlers/Handler/FileFetch.ashx?codigo=146918
2024,autarquia_municipal,PREFEITURA MUNICIPAL DE SOROCABA,195,20007797.44,31022685.46,3148303.39,54178786.29,PENDENTE,2023-05-29,37264,146918,TJSP DEPRE MOC,https://api.tjsp.jus.br/Handlers/Handler/FileFetch.ashx?codigo=146918
2024,autarquia_municipal,PREFEITURA MUNICIPAL DE SUD MENNUCCI,2,0.00,0.00,13790.22,13790.22,PENDENTE,2023-05-29,37264,146918,TJSP DEPRE MOC,https://api.tjsp.jus.br/Handlers/Handler/FileFetch.ashx?codigo=146918
2024,autarquia_municipal,PREFEITURA MUNICIPAL DE SUMARÉ,46,929054.09,0.00,6646944.77,7575998.86,PENDENTE,2023-05-29,37264,146918,TJSP DEPRE MOC,https://api.tjsp.jus.br/Handlers/Handler/FileFetch.ashx?codigo=146918
2024,autarquia_municipal,PREFEITURA MUNICIPAL DE SUZANÁPOLIS,4,44238.53,0.00,169899.95,214138.48,PENDENTE,2023-05-29,37264,146918,TJSP DEPRE MOC,https://api.tjsp.jus.br/Handlers/Handler/FileFetch.ashx?codigo=146918
2024,autarquia_municipal,PREFEITURA MUNICIPAL DE SUZANO,17,1809084.89,103629.77,12202654.41,14115369.07,PENDENTE,2023-05-29,37264,146918,TJSP DEPRE MOC,https://api.tjsp.jus.br/Handlers/Handler/FileFetch.ashx?codigo=146918
2024,autarquia_municipal,PREFEITURA MUNICIPAL DE TABAPUÃ,4,13965.39,0.00,52933.56,66898.95,PENDENTE,2023-05-29,37264,146918,TJSP DEPRE MOC,https://api.tjsp.jus.br/Handlers/Handler/FileFetch.ashx?codigo=146918
2024,autarquia_municipal,PREFEITURA MUNICIPAL DE TABATINGA,4,23916.27,0.00,146135.69,170051.96,PENDENTE,2023-05-29,37264,146918,TJSP DEPRE MOC,https://api.tjsp.jus.br/Handlers/Handler/FileFetch.ashx?codigo=146918
2024,autarquia_municipal,PREFEITURA MUNICIPAL DE TABOÃO DA SERRA,44,3456724.75,17338133.73,139597.99,20934456.47,PENDENTE,2023-05-29,37264,146918,TJSP DEPRE MOC,https://api.tjsp.jus.br/Handlers/Handler/FileFetch.ashx?codigo=146918
2024,autarquia_municipal,PREFEITURA MUNICIPAL DE TAMBAÚ,15,2766148.87,0.00,16527.83,2782676.70,PENDENTE,2023-05-29,37264,146918,TJSP DEPRE MOC,https://api.tjsp.jus.br/Handlers/Handler/FileFetch.ashx?codigo=146918
2024,autarquia_municipal,PREFEITURA MUNICIPAL DE TANABI,4,0.00,0.00,111530.70,111530.70,PENDENTE,2023-05-29,37264,146918,TJSP DEPRE MOC,https://api.tjsp.jus.br/Handlers/Handler/FileFetch.ashx?codigo=146918
2024,autarquia_municipal,PREFEITURA MUNICIPAL DE TAPIRATIBA,27,961626.06,0.00,119316.93,1080942.99,PENDENTE,2023-05-29,37264,146918,TJSP DEPRE MOC,https://api.tjsp.jus.br/Handlers/Handler/FileFetch.ashx?codigo=146918
2024,autarquia_municipal,PREFEITURA MUNICIPAL DE TAQUARAL,6,144962.27,0.00,39030.34,183992.61,PENDENTE,2023-05-29,37264,146918,TJSP DEPRE MOC,https://api.tjsp.jus.br/Handlers/Handler/FileFetch.ashx?codigo=146918
2024,autarquia_municipal,PREFEITURA MUNICIPAL DE TAQUARITINGA,55,2904443.19,0.00,1438647.77,4343090.96,PENDENTE,2023-05-29,37264,146918,TJSP DEPRE MOC,https://api.tjsp.jus.br/Handlers/Handler/FileFetch.ashx?codigo=146918
2024,autarquia_municipal,PREFEITURA MUNICIPAL DE TAQUARITUBA,32,795114.72,9326306.10,0.00,10121420.82,PENDENTE,2023-05-29,37264,146918,TJSP DEPRE MOC,https://api.tjsp.jus.br/Handlers/Handler/FileFetch.ashx?codigo=146918
2024,autarquia_municipal,PREFEITURA MUNICIPAL DE TARABAI,1,0.00,0.00,37710.62,37710.62,PENDENTE,2023-05-29,37264,146918,TJSP DEPRE MOC,https://api.tjsp.jus.br/Handlers/Handler/FileFetch.ashx?codigo=146918
2024,autarquia_municipal,PREFEITURA MUNICIPAL DE TARUMÃ,18,940012.45,0.00,0.00,940012.45,PENDENTE,2023-05-29,37264,146918,TJSP DEPRE MOC,https://api.tjsp.jus.br/Handlers/Handler/FileFetch.ashx?codigo=146918
2024,autarquia_municipal,PREFEITURA MUNICIPAL DE TATUÍ,31,1661539.41,0.00,17753431.60,19414971.01,PENDENTE,2023-05-29,37264,146918,TJSP DEPRE MOC,https://api.tjsp.jus.br/Handlers/Handler/FileFetch.ashx?codigo=146918
2024,autarquia_municipal,PREFEITURA MUNICIPAL DE TAUBATÉ,70,5215897.31,6937894.53,1438262.30,13592054.14,PENDENTE,2023-05-29,37264,146918,TJSP DEPRE MOC,https://api.tjsp.jus.br/Handlers/Handler/FileFetch.ashx?codigo=146918
2024,autarquia_municipal,PREFEITURA MUNICIPAL DE TEODORO SAMPAIO,3,113444.56,0.00,0.00,113444.56,PENDENTE,2023-05-29,37264,146918,TJSP DEPRE MOC,https://api.tjsp.jus.br/Handlers/Handler/FileFetch.ashx?codigo=146918
2024,autarquia_municipal,PREFEITURA MUNICIPAL DE TIETÊ,4,144547.18,0.00,1292695.15,1437242.33,PENDENTE,2023-05-29,37264,146918,TJSP DEPRE MOC,https://api.tjsp.jus.br/Handlers/Handler/FileFetch.ashx?codigo=146918
2024,autarquia_municipal,PREFEITURA MUNICIPAL DE TOLEDO - MG,2,370543.40,0.00,0.00,370543.40,PENDENTE,2023-05-29,37264,146918,TJSP DEPRE MOC,https://api.tjsp.jus.br/Handlers/Handler/FileFetch.ashx?codigo=146918
2024,autarquia_municipal,PREFEITURA MUNICIPAL DE TORRINHA,3,82333.70,1218990.16,0.00,1301323.86,PENDENTE,2023-05-29,37264,146918,TJSP DEPRE MOC,https://api.tjsp.jus.br/Handlers/Handler/FileFetch.ashx?codigo=146918
2024,autarquia_municipal,PREFEITURA MUNICIPAL DE TRABIJU,1,0.00,0.00,52696.22,52696.22,PENDENTE,2023-05-29,37264,146918,TJSP DEPRE MOC,https://api.tjsp.jus.br/Handlers/Handler/FileFetch.ashx?codigo=146918
2024,autarquia_municipal,PREFEITURA MUNICIPAL DE TREMEMBÉ,6,771072.66,0.00,2010289.79,2781362.45,PENDENTE,2023-05-29,37264,146918,TJSP DEPRE MOC,https://api.tjsp.jus.br/Handlers/Handler/FileFetch.ashx?codigo=146918
2024,autarquia_municipal,PREFEITURA MUNICIPAL DE TRÊS FRONTEIRAS,4,112471.80,0.00,450874.75,563346.55,PENDENTE,2023-05-29,37264,146918,TJSP DEPRE MOC,https://api.tjsp.jus.br/Handlers/Handler/FileFetch.ashx?codigo=146918
2024,autarquia_municipal,PREFEITURA MUNICIPAL DE TUPÃ,18,1990895.17,0.00,43147.55,2034042.72,PENDENTE,2023-05-29,37264,146918,TJSP DEPRE MOC,https://api.tjsp.jus.br/Handlers/Handler/FileFetch.ashx?codigo=146918
2024,autarquia_municipal,PREFEITURA MUNICIPAL DE TURIÚBA,2,222283.88,0.00,70087.47,292371.35,PENDENTE,2023-05-29,37264,146918,TJSP DEPRE MOC,https://api.tjsp.jus.br/Handlers/Handler/FileFetch.ashx?codigo=146918
2024,autarquia_municipal,PREFEITURA MUNICIPAL DE TURMALINA,1,32809.39,0.00,0.00,32809.39,PENDENTE,2023-05-29,37264,146918,TJSP DEPRE MOC,https://api.tjsp.jus.br/Handlers/Handler/FileFetch.ashx?codigo=146918
2024,autarquia_municipal,PREFEITURA MUNICIPAL DE UBARANA,2,24815.53,0.00,104818.14,129633.67,PENDENTE,2023-05-29,37264,146918,TJSP DEPRE MOC,https://api.tjsp.jus.br/Handlers/Handler/FileFetch.ashx?codigo=146918
2024,autarquia_municipal,PREFEITURA MUNICIPAL DE UBATUBA,16,1380273.03,0.00,0.00,1380273.03,PENDENTE,2023-05-29,37264,146918,TJSP DEPRE MOC,https://api.tjsp.jus.br/Handlers/Handler/FileFetch.ashx?codigo=146918
2024,autarquia_municipal,PREFEITURA MUNICIPAL DE UBIRAJARA,2,123506.66,0.00,0.00,123506.66,PENDENTE,2023-05-29,37264,146918,TJSP DEPRE MOC,https://api.tjsp.jus.br/Handlers/Handler/FileFetch.ashx?codigo=146918
2024,autarquia_municipal,PREFEITURA MUNICIPAL DE UCHOA,1,0.00,0.00,10768.11,10768.11,PENDENTE,2023-05-29,37264,146918,TJSP DEPRE MOC,https://api.tjsp.jus.br/Handlers/Handler/FileFetch.ashx?codigo=146918
2024,autarquia_municipal,PREFEITURA MUNICIPAL DE UNIÃO PAULISTA,2,22158.40,0.00,145319.99,167478.39,PENDENTE,2023-05-29,37264,146918,TJSP DEPRE MOC,https://api.tjsp.jus.br/Handlers/Handler/FileFetch.ashx?codigo=146918
2024,autarquia_municipal,PREFEITURA MUNICIPAL DE URÂNIA,14,246034.39,0.00,103087.45,349121.84,PENDENTE,2023-05-29,37264,146918,TJSP DEPRE MOC,https://api.tjsp.jus.br/Handlers/Handler/FileFetch.ashx?codigo=146918
2024,autarquia_municipal,PREFEITURA MUNICIPAL DE URUPÊS,3,38612.67,0.00,286049.78,324662.45,PENDENTE,2023-05-29,37264,146918,TJSP DEPRE MOC,https://api.tjsp.jus.br/Handlers/Handler/FileFetch.ashx?codigo=146918
2024,autarquia_municipal,PREFEITURA MUNICIPAL DE VALENTIM GENTIL,5,129005.09,0.00,457493.00,586498.09,PENDENTE,2023-05-29,37264,146918,TJSP DEPRE MOC,https://api.tjsp.jus.br/Handlers/Handler/FileFetch.ashx?codigo=146918
2024,autarquia_municipal,PREFEITURA MUNICIPAL DE VALINHOS,26,2052912.65,321845.80,2178814.65,4553573.10,PENDENTE,2023-05-29,37264,146918,TJSP DEPRE MOC,https://api.tjsp.jus.br/Handlers/Handler/FileFetch.ashx?codigo=146918
2024,autarquia_municipal,PREFEITURA MUNICIPAL DE VALPARAISO,10,366513.82,0.00,126275.45,492789.27,PENDENTE,2023-05-29,37264,146918,TJSP DEPRE MOC,https://api.tjsp.jus.br/Handlers/Handler/FileFetch.ashx?codigo=146918
2024,autarquia_municipal,PREFEITURA MUNICIPAL DE VARGEM GRANDE DO SUL,81,1747650.33,0.00,147595.79,1895246.12,PENDENTE,2023-05-29,37264,146918,TJSP DEPRE MOC,https://api.tjsp.jus.br/Handlers/Handler/FileFetch.ashx?codigo=146918
2024,autarquia_municipal,PREFEITURA MUNICIPAL DE VARGEM GRANDE PAULISTA,7,179223.73,84667.36,300320.21,564211.30,PENDENTE,2023-05-29,37264,146918,TJSP DEPRE MOC,https://api.tjsp.jus.br/Handlers/Handler/FileFetch.ashx?codigo=146918
2024,autarquia_municipal,PREFEITURA MUNICIPAL DE VÁRZEA PAULISTA,26,844387.96,0.00,3165915.24,4010303.20,PENDENTE,2023-05-29,37264,146918,TJSP DEPRE MOC,https://api.tjsp.jus.br/Handlers/Handler/FileFetch.ashx?codigo=146918
2024,autarquia_municipal,PREFEITURA MUNICIPAL DE VERA CRUZ,8,868035.89,0.00,0.00,868035.89,PENDENTE,2023-05-29,37264,146918,TJSP DEPRE MOC,https://api.tjsp.jus.br/Handlers/Handler/FileFetch.ashx?codigo=146918
2024,autarquia_municipal,PREFEITURA MUNICIPAL DE VINHEDO,8,83961.56,0.00,2017487.26,2101448.82,PENDENTE,2023-05-29,37264,146918,TJSP DEPRE MOC,https://api.tjsp.jus.br/Handlers/Handler/FileFetch.ashx?codigo=146918
2024,autarquia_municipal,PREFEITURA MUNICIPAL DE VIRADOURO,8,445042.32,128259.53,58850.77,632152.62,PENDENTE,2023-05-29,37264,146918,TJSP DEPRE MOC,https://api.tjsp.jus.br/Handlers/Handler/FileFetch.ashx?codigo=146918
2024,autarquia_municipal,PREFEITURA MUNICIPAL DE VISTA ALEGRE DO ALTO,4,202515.60,0.00,0.00,202515.60,PENDENTE,2023-05-29,37264,146918,TJSP DEPRE MOC,https://api.tjsp.jus.br/Handlers/Handler/FileFetch.ashx?codigo=146918
2024,autarquia_municipal,PREFEITURA MUNICIPAL DE VITÓRIA BRASIL,2,33913.06,0.00,0.00,33913.06,PENDENTE,2023-05-29,37264,146918,TJSP DEPRE MOC,https://api.tjsp.jus.br/Handlers/Handler/FileFetch.ashx?codigo=146918
2024,autarquia_municipal,PREFEITURA MUNICIPAL DE VOTORANTIM,5,158693.76,0.00,2266436.49,2425130.25,PENDENTE,2023-05-29,37264,146918,TJSP DEPRE MOC,https://api.tjsp.jus.br/Handlers/Handler/FileFetch.ashx?codigo=146918
2024,autarquia_municipal,PREFEITURA MUNICIPAL DE VOTUPORANGA,36,2260826.05,0.00,192800.61,2453626.66,PENDENTE,2023-05-29,37264,146918,TJSP DEPRE MOC,https://api.tjsp.jus.br/Handlers/Handler/FileFetch.ashx?codigo=146918
2024,autarquia_municipal,PREVIGARAPAVA - INSTITUTO DE PREVIDENCIA MUNICIPAL DE IGARAPAVA,6,597302.63,0.00,0.00,597302.63,PENDENTE,2023-05-29,37264,146918,TJSP DEPRE MOC,https://api.tjsp.jus.br/Handlers/Handler/FileFetch.ashx?codigo=146918
2024,autarquia_municipal,PREVPARAÍSO - INSTITUTO DE PREV. DOS SERV. PÚBL. DO MUN. DE PARAÍ,3,585115.04,0.00,0.00,585115.04,PENDENTE,2023-05-29,37264,146918,TJSP DEPRE MOC,https://api.tjsp.jus.br/Handlers/Handler/FileFetch.ashx?codigo=146918
2024,autarquia_municipal,PRUDENPREV - SIST. DE PREV. SERV. PÚBL. MUN. DE PRES. PRUDENTE,3,388343.22,0.00,0.00,388343.22,PENDENTE,2023-05-29,37264,146918,TJSP DEPRE MOC,https://api.tjsp.jus.br/Handlers/Handler/FileFetch.ashx?codigo=146918
2024,autarquia_municipal,RIOPRETOPREV - REG. PR. PREV. SOC. MUN. DE SÃO JOSÉ DO RIO PRETO,91,6832018.71,0.00,0.00,6832018.71,PENDENTE,2023-05-29,37264,146918,TJSP DEPRE MOC,https://api.tjsp.jus.br/Handlers/Handler/FileFetch.ashx?codigo=146918
2024,autarquia_municipal,RPPS - REGIME PRÓPRIO DE PREV. SOCIAL DO MUN. DE LAVÍNIA,1,304905.95,0.00,0.00,304905.95,PENDENTE,2023-05-29,37264,146918,TJSP DEPRE MOC,https://api.tjsp.jus.br/Handlers/Handler/FileFetch.ashx?codigo=146918
2024,autarquia_municipal,SAAE AMPARO - SERVIÇO AUTÔNOMO DE ÁGUA E ESGOTOS DE AMPARO,1,109396.33,0.00,0.00,109396.33,PENDENTE,2023-05-29,37264,146918,TJSP DEPRE MOC,https://api.tjsp.jus.br/Handlers/Handler/FileFetch.ashx?codigo=146918
2024,autarquia_municipal,SAAE APARECIDA - SERVIÇO AUTÔNOMO DE ÁGUAS E ESGOTOS DE APAR,1,32216.60,0.00,0.00,32216.60,PENDENTE,2023-05-29,37264,146918,TJSP DEPRE MOC,https://api.tjsp.jus.br/Handlers/Handler/FileFetch.ashx?codigo=146918
2024,autarquia_municipal,SAAE BARRA BONITA - SERV. AUT. DE ÁGUA E ESGOTO DE BARRA BONITA,1,0.00,0.00,57567.01,57567.01,PENDENTE,2023-05-29,37264,146918,TJSP DEPRE MOC,https://api.tjsp.jus.br/Handlers/Handler/FileFetch.ashx?codigo=146918
2024,autarquia_municipal,SAAE CÂNDIDO MOTA - SERV. AUT. DE ÁGUA E ESG. DE CÂNDIDO MOTA,3,90524.24,0.00,0.00,90524.24,PENDENTE,2023-05-29,37264,146918,TJSP DEPRE MOC,https://api.tjsp.jus.br/Handlers/Handler/FileFetch.ashx?codigo=146918
2024,autarquia_municipal,SAAE CAPIVARI - SERVIÇO AUTÔNOMO DE ÁGUA E ESGOTO DE CAPIVARI,1,0.00,0.00,52732.75,52732.75,PENDENTE,2023-05-29,37264,146918,TJSP DEPRE MOC,https://api.tjsp.jus.br/Handlers/Handler/FileFetch.ashx?codigo=146918
2024,autarquia_municipal,SAAE IGARAÇU DO TIETÊ - SERVIÇO AUT. DE ÁGUA E ESGOTO DE IGARAÇ,1,0.00,0.00,6240932.03,6240932.03,PENDENTE,2023-05-29,37264,146918,TJSP DEPRE MOC,https://api.tjsp.jus.br/Handlers/Handler/FileFetch.ashx?codigo=146918
2024,autarquia_municipal,SAAE INDAIATUBA - SERV. AUT. DE ÁGUA E ESGOTOS DE INDAIATUBA,4,78400.68,189187.92,471046.42,738635.02,PENDENTE,2023-05-29,37264,146918,TJSP DEPRE MOC,https://api.tjsp.jus.br/Handlers/Handler/FileFetch.ashx?codigo=146918
2024,autarquia_municipal,SAAE ITAPIRA - SERVIÇO AUTONOMO DE ÁGUA E ESGOTO DE ITAPIRA,1,10574.88,0.00,0.00,10574.88,PENDENTE,2023-05-29,37264,146918,TJSP DEPRE MOC,https://api.tjsp.jus.br/Handlers/Handler/FileFetch.ashx?codigo=146918
2024,autarquia_municipal,SAAE ITÁPOLIS - SERVIÇO AUTÔNOMO DE ÁGUA E ESGOTO DE ITÁPOLIS,1,0.00,0.00,22484.34,22484.34,PENDENTE,2023-05-29,37264,146918,TJSP DEPRE MOC,https://api.tjsp.jus.br/Handlers/Handler/FileFetch.ashx?codigo=146918
2024,autarquia_municipal,SAAE JACAREÍ - SERVIÇO AUTÔNOMO DE ÁGUAS E ESGOTOS DE JACAREÍ,24,469316.19,0.00,64595.75,533911.94,PENDENTE,2023-05-29,37264,146918,TJSP DEPRE MOC,https://api.tjsp.jus.br/Handlers/Handler/FileFetch.ashx?codigo=146918
2024,autarquia_municipal,SAAE LENÇÓIS PAULISTA - SERV. AUT. ÁGUA E ESG. LENÇÓIS PAULISTA,7,560460.41,0.00,0.00,560460.41,PENDENTE,2023-05-29,37264,146918,TJSP DEPRE MOC,https://api.tjsp.jus.br/Handlers/Handler/FileFetch.ashx?codigo=146918
2024,autarquia_municipal,SAAE PALMITAL - SERVIÇO AUTÔNOMO DE ÁGUA E ESGOTO DE PALMITAL,2,20549.26,0.00,0.00,20549.26,PENDENTE,2023-05-29,37264,146918,TJSP DEPRE MOC,https://api.tjsp.jus.br/Handlers/Handler/FileFetch.ashx?codigo=146918
2024,autarquia_municipal,SAAE PORTO FELIZ - SERV. AUT. DE ÁGUA E ESG. DE PORTO FELIZ,1,130738.10,0.00,0.00,130738.10,PENDENTE,2023-05-29,37264,146918,TJSP DEPRE MOC,https://api.tjsp.jus.br/Handlers/Handler/FileFetch.ashx?codigo=146918
2024,autarquia_municipal,SAAE RIO DAS PEDRAS - SERVIÇO AUTÔNOMO DE ÁGUA E ESGOTO DE RIO,7,128753.15,0.00,453545.40,582298.55,PENDENTE,2023-05-29,37264,146918,TJSP DEPRE MOC,https://api.tjsp.jus.br/Handlers/Handler/FileFetch.ashx?codigo=146918
2024,autarquia_municipal,SAAE SALTO - SERV. AUT. DE ÁGUA E ESGOTO DE SALTO,3,0.00,0.00,237289.66,237289.66,PENDENTE,2023-05-29,37264,146918,TJSP DEPRE MOC,https://api.tjsp.jus.br/Handlers/Handler/FileFetch.ashx?codigo=146918
2024,autarquia_municipal,SAAE SÃO CARLOS - SERV. AUT. DE ÁGUAS E ESG. DE SÃO CARLOS,4,46568.54,0.00,331534.57,378103.11,PENDENTE,2023-05-29,37264,146918,TJSP DEPRE MOC,https://api.tjsp.jus.br/Handlers/Handler/FileFetch.ashx?codigo=146918
2024,autarquia_municipal,SAAE SOROCABA - SERVIÇO AUT. DE ÁGUA E ESGOTO DE SOROCABA,33,3421046.96,67955.70,2871339.51,6360342.17,PENDENTE,2023-05-29,37264,146918,TJSP DEPRE MOC,https://api.tjsp.jus.br/Handlers/Handler/FileFetch.ashx?codigo=146918
2024,autarquia_municipal,SAAEB - SERVIÇO AUTÔNOMO DE ÁGUA E ESGOTO DE BARRETOS,15,1000186.21,0.00,53383.24,1053569.45,PENDENTE,2023-05-29,37264,146918,TJSP DEPRE MOC,https://api.tjsp.jus.br/Handlers/Handler/FileFetch.ashx?codigo=146918
2024,autarquia_municipal,SAAEB - SERVIÇO AUTÔNOMO DE ÁGUA E ESGOTOS DE BEBEDOURO,1,26619.12,0.00,0.00,26619.12,PENDENTE,2023-05-29,37264,146918,TJSP DEPRE MOC,https://api.tjsp.jus.br/Handlers/Handler/FileFetch.ashx?codigo=146918
2024,autarquia_municipal,SAAEJ - SERVIÇO AUTÔNOMO DE ÁGUA E ESGOTO DE JABOTICABAL,2,17450.22,0.00,46830.54,64280.76,PENDENTE,2023-05-29,37264,146918,TJSP DEPRE MOC,https://api.tjsp.jus.br/Handlers/Handler/FileFetch.ashx?codigo=146918
2024,autarquia_municipal,SAE OURINHOS - SUPERINTENDÊNCIA DE ÁGUA E ESGOTO DE OURINHOS,1,35846.97,0.00,0.00,35846.97,PENDENTE,2023-05-29,37264,146918,TJSP DEPRE MOC,https://api.tjsp.jus.br/Handlers/Handler/FileFetch.ashx?codigo=146918
2024,autarquia_municipal,SAEAN - SERVIÇO DE ÁGUA E ESGOTO DE ARTUR NOGUEIRA,3,54179.86,0.00,0.00,54179.86,PENDENTE,2023-05-29,37264,146918,TJSP DEPRE MOC,https://api.tjsp.jus.br/Handlers/Handler/FileFetch.ashx?codigo=146918
2024,autarquia_municipal,SAEC - SUPERINTENDÊNCIA DE ÁGUA E ESGOTO DE CATANDUVA,2,133926.38,0.00,0.00,133926.38,PENDENTE,2023-05-29,37264,146918,TJSP DEPRE MOC,https://api.tjsp.jus.br/Handlers/Handler/FileFetch.ashx?codigo=146918
2024,autarquia_municipal,SAECIL - SUPERINTENDÊNCIA DE ÁGUA E ESGOTOS DA CIDADE DE LEME,12,686788.42,0.00,61227.15,748015.57,PENDENTE,2023-05-29,37264,146918,TJSP DEPRE MOC,https://api.tjsp.jus.br/Handlers/Handler/FileFetch.ashx?codigo=146918
2024,autarquia_municipal,SAEMA - SERV. DE ÁGUA ESG. E MEIO AMBIENTE DO MUN. DE ARARAS,9,265104.61,0.00,0.00,265104.61,PENDENTE,2023-05-29,37264,146918,TJSP DEPRE MOC,https://api.tjsp.jus.br/Handlers/Handler/FileFetch.ashx?codigo=146918
2024,autarquia_municipal,SAERP - SUPERINT. AUT. DE ÁGUA E ESG. DE SÃO JOSÉ DO RIO PARDO,2,88504.43,0.00,0.00,88504.43,PENDENTE,2023-05-29,37264,146918,TJSP DEPRE MOC,https://api.tjsp.jus.br/Handlers/Handler/FileFetch.ashx?codigo=146918
2024,autarquia_municipal,"SAESA - SIST. DE ÁGUA, ESG. E SAN. AMBIENTAL SÃO CAETANO DO SUL",1,0.00,0.00,140532.64,140532.64,PENDENTE,2023-05-29,37264,146918,TJSP DEPRE MOC,https://api.tjsp.jus.br/Handlers/Handler/FileFetch.ashx?codigo=146918
2024,autarquia_municipal,"SAEV AMBIENTAL - SUP. DE ÁGUA, ESG. E MEIO AMB. DE VOTUPORANGA",5,768490.70,0.00,10504.59,778995.29,PENDENTE,2023-05-29,37264,146918,TJSP DEPRE MOC,https://api.tjsp.jus.br/Handlers/Handler/FileFetch.ashx?codigo=146918
2024,autarquia_municipal,SAMA - SANEAMENTO BÁSICO DO MUNICÍPIO DE MAUÁ,4,104164.12,0.00,3227750749.61,3227854913.73,PENDENTE,2023-05-29,37264,146918,TJSP DEPRE MOC,https://api.tjsp.jus.br/Handlers/Handler/FileFetch.ashx?codigo=146918
2024,autarquia_municipal,SAMAE - SERV. AUT. MUNICIPAL DE ÁGUA E ESGOTO DE MOGI GUAÇU,2,343293.02,0.00,0.00,343293.02,PENDENTE,2023-05-29,37264,146918,TJSP DEPRE MOC,https://api.tjsp.jus.br/Handlers/Handler/FileFetch.ashx?codigo=146918
2024,autarquia_municipal,SANEBAVI - SANEAMENTO BÁSICO DE VINHEDO,2,0.00,0.00,35097.84,35097.84,PENDENTE,2023-05-29,37264,146918,TJSP DEPRE MOC,https://api.tjsp.jus.br/Handlers/Handler/FileFetch.ashx?codigo=146918
2024,autarquia_municipal,SANTAFEPREV - INST. MUN. DE PREV. SOC. DE SANTA FÉ DO SUL,14,412693.10,0.00,0.00,412693.10,PENDENTE,2023-05-29,37264,146918,TJSP DEPRE MOC,https://api.tjsp.jus.br/Handlers/Handler/FileFetch.ashx?codigo=146918
2024,autarquia_municipal,SÃO PAULO TURISMO S/A,2,0.00,0.00,1016204.98,1016204.98,PENDENTE,2023-05-29,37264,146918,TJSP DEPRE MOC,https://api.tjsp.jus.br/Handlers/Handler/FileFetch.ashx?codigo=146918
2024,autarquia_municipal,SÃO SEBASTIÃO PREV - INST. PREV. DO MUN. DE SÃO SEBASTIÃO,32,2148468.97,0.00,0.00,2148468.97,PENDENTE,2023-05-29,37264,146918,TJSP DEPRE MOC,https://api.tjsp.jus.br/Handlers/Handler/FileFetch.ashx?codigo=146918
2024,autarquia_municipal,SASEMB - SERVIÇO ASSIST. DOS FUNC. E SERV. MUN. DE BEBEDOURO,5,181691.83,0.00,0.00,181691.83,PENDENTE,2023-05-29,37264,146918,TJSP DEPRE MOC,https://api.tjsp.jus.br/Handlers/Handler/FileFetch.ashx?codigo=146918
2024,autarquia_municipal,SASSOM - SERV. DE ASSIST. À SAÚDE DOS MUNIC. DE RIBEIRÃO PRETO,23,2807756.74,0.00,202421.18,3010177.92,PENDENTE,2023-05-29,37264,146918,TJSP DEPRE MOC,https://api.tjsp.jus.br/Handlers/Handler/FileFetch.ashx?codigo=146918
2024,autarquia_municipal,SBCPREV - INSTITUTO DE PREV. DO MUN. DE SÃO BERNARDO DO CAMPO,129,5138703.12,0.00,0.00,5138703.12,PENDENTE,2023-05-29,37264,146918,TJSP DEPRE MOC,https://api.tjsp.jus.br/Handlers/Handler/FileFetch.ashx?codigo=146918
2024,autarquia_municipal,SEMAE - SERV. MUN. AUT. DE ÁGUA E ESG. DE SÃO JOSÉ DO RIO PRETO,7,0.00,19910.27,204520.74,224431.01,PENDENTE,2023-05-29,37264,146918,TJSP DEPRE MOC,https://api.tjsp.jus.br/Handlers/Handler/FileFetch.ashx?codigo=146918
2024,autarquia_municipal,SEMAE - SERVIÇO MUN. DE ÁGUAS E ESGOTOS DE MOGI DAS CRUZES,14,823768.54,149946.70,370316.79,1344032.03,PENDENTE,2023-05-29,37264,146918,TJSP DEPRE MOC,https://api.tjsp.jus.br/Handlers/Handler/FileFetch.ashx?codigo=146918
2024,autarquia_municipal,SEMAE - SERVIÇO MUNICIPAL DE ÁGUA E ESGOTO DE PIRACICABA,13,1512933.02,0.00,1812150.91,3325083.93,PENDENTE,2023-05-29,37264,146918,TJSP DEPRE MOC,https://api.tjsp.jus.br/Handlers/Handler/FileFetch.ashx?codigo=146918
2024,autarquia_municipal,"SEPREM - SERV. DE PREV., SAÚDE E ASSIST. MUN. DE JABOTICABAL",3,343199.07,0.00,0.00,343199.07,PENDENTE,2023-05-29,37264,146918,TJSP DEPRE MOC,https://api.tjsp.jus.br/Handlers/Handler/FileFetch.ashx?codigo=146918
2024,autarquia_municipal,SEPREM - SERVIÇO DE PREVIDÊNCIA MUNICIPAL DE ITAPETININGA,3,204040.51,0.00,0.00,204040.51,PENDENTE,2023-05-29,37264,146918,TJSP DEPRE MOC,https://api.tjsp.jus.br/Handlers/Handler/FileFetch.ashx?codigo=146918
2024,autarquia_municipal,SEPREV - SERV. PREV. E ASSIST. À SAÚDE DOS SERV. MUN. INDAIATUBA,4,123383.35,0.00,46857.02,170240.37,PENDENTE,2023-05-29,37264,146918,TJSP DEPRE MOC,https://api.tjsp.jus.br/Handlers/Handler/FileFetch.ashx?codigo=146918
2024,autarquia_municipal,SERVIÇO AUTÔNOMO DE ÁGUA E ESGOTO DE PEREIRA BARRETO,2,25135.88,0.00,0.00,25135.88,PENDENTE,2023-05-29,37264,146918,TJSP DEPRE MOC,https://api.tjsp.jus.br/Handlers/Handler/FileFetch.ashx?codigo=146918
2024,autarquia_municipal,SETEC - SERVIÇOS TÉCNICOS GERAIS - CAMPINAS,2,108160.23,0.00,58747.93,166908.16,PENDENTE,2023-05-29,37264,146918,TJSP DEPRE MOC,https://api.tjsp.jus.br/Handlers/Handler/FileFetch.ashx?codigo=146918
2024,autarquia_municipal,TABOÃOPREV - UNID. GEST. ÚNICA DO RPPS DO MUN. TABOÃO DA SERRA,1,361314.07,0.00,0.00,361314.07,PENDENTE,2023-05-29,37264,146918,TJSP DEPRE MOC,https://api.tjsp.jus.br/Handlers/Handler/FileFetch.ashx?codigo=146918
2024,autarquia_municipal,TAPIRATIBAPREV - INST. DE PREV. DOS SERV. PÚBL. MUN. DE TAPIRATIBA,2,199022.82,0.00,0.00,199022.82,PENDENTE,2023-05-29,37264,146918,TJSP DEPRE MOC,https://api.tjsp.jus.br/Handlers/Handler/FileFetch.ashx?codigo=146918
2024,autarquia_municipal,TCA - SERVIÇO MUNICIPAL DE TRANSPORTES COLETIVOS DE ARARAS,12,487412.33,0.00,18360.27,505772.60,PENDENTE,2023-05-29,37264,146918,TJSP DEPRE MOC,https://api.tjsp.jus.br/Handlers/Handler/FileFetch.ashx?codigo=146918
2024,estadual,UNESP - UNIVERSIDADE ESTADUAL PAULISTA (JÚLIO DE MESQUITA FILHO),405,26529693.12,0.00,922985.06,27452678.18,PENDENTE,2023-05-29,37264,146918,TJSP DEPRE MOC,https://api.tjsp.jus.br/Handlers/Handler/FileFetch.ashx?codigo=146918
2024,autarquia_municipal,UNI-FACEF - CENTRO UNIVERSITÁRIO MUNICIPAL DE FRANCA,1,169001.34,0.00,0.00,169001.34,PENDENTE,2023-05-29,37264,146918,TJSP DEPRE MOC,https://api.tjsp.jus.br/Handlers/Handler/FileFetch.ashx?codigo=146918
2024,estadual,UNICAMP - UNIVERSIDADE ESTADUAL DE CAMPINAS,26,4505651.11,0.00,582698.28,5088349.39,PENDENTE,2023-05-29,37264,146918,TJSP DEPRE MOC,https://api.tjsp.jus.br/Handlers/Handler/FileFetch.ashx?codigo=146918
2024,estadual,UNITAU - UNIVERSIDADE DE TAUBATÉ,18,490832.14,0.00,289515.39,780347.53,PENDENTE,2023-05-29,37264,146918,TJSP DEPRE MOC,https://api.tjsp.jus.br/Handlers/Handler/FileFetch.ashx?codigo=146918
2024,estadual,USP - UNIVERSIDADE DE SÃO PAULO,60,11795556.47,0.00,1393715.64,13189272.11,PENDENTE,2023-05-29,37264,146918,TJSP DEPRE MOC,https://api.tjsp.jus.br/Handlers/Handler/FileFetch.ashx?codigo=146918
2024,autarquia_municipal,VALIPREV - INSTITUTO DE PREV. SOC. DOS SERV. MUN. DE VALINHOS,2,92004.45,0.00,0.00,92004.45,PENDENTE,2023-05-29,37264,146918,TJSP DEPRE MOC,https://api.tjsp.jus.br/Handlers/Handler/FileFetch.ashx?codigo=146918
2025,autarquia_municipal,AMERIPREV - INST. DE PREV. SOC. DOS SERV. MUN. DE AMERICANA,3,709054.63,0.00,0.00,709054.63,PENDENTE,2024-07-04,44624,156766,TJSP DEPRE MOC,https://api.tjsp.jus.br/Handlers/Handler/FileFetch.ashx?codigo=156766
2025,autarquia_municipal,ARAPREV - SERVIÇO DE PREVIDÊNCIA SOCIAL DO MUN. DE ARARAS,140,4287061.95,0.00,0.00,4287061.95,PENDENTE,2024-07-04,44624,156766,TJSP DEPRE MOC,https://api.tjsp.jus.br/Handlers/Handler/FileFetch.ashx?codigo=156766
2025,autarquia_municipal,ASSISPREV - INSTITUTO DE PREV. DOS SERV. PÚBL. MUN. DE ASSIS,4,298423.92,0.00,0.00,298423.92,PENDENTE,2024-07-04,44624,156766,TJSP DEPRE MOC,https://api.tjsp.jus.br/Handlers/Handler/FileFetch.ashx?codigo=156766
2025,autarquia_municipal,AUTARQUIA MUNICIPAL DE ITAPECERICA DA SERRA (SAÚDE-IS),2,368507.06,0.00,0.00,368507.06,PENDENTE,2024-07-04,44624,156766,TJSP DEPRE MOC,https://api.tjsp.jus.br/Handlers/Handler/FileFetch.ashx?codigo=156766
2025,autarquia_municipal,BIRIGUIPREV - INSTITUTO DE PREVIDÊNCIA DO MUNICÍPIO DE BIRIGUI,9,493495.47,0.00,0.00,493495.47,PENDENTE,2024-07-04,44624,156766,TJSP DEPRE MOC,https://api.tjsp.jus.br/Handlers/Handler/FileFetch.ashx?codigo=156766
2025,autarquia_municipal,CAIXA DE PECÚLIOS E PENSÕES DOS SERV. MUNIC. DE SANTOS,2,31762.62,0.00,285477.15,317239.77,PENDENTE,2024-07-04,44624,156766,TJSP DEPRE MOC,https://api.tjsp.jus.br/Handlers/Handler/FileFetch.ashx?codigo=156766
2025,autarquia_municipal,CAIXA DE PREVIDÊNCIA DOS SERVIDORES MUNIC. DE CUBATÃO,23,1141797.56,0.00,509601.44,1651399.00,PENDENTE,2024-07-04,44624,156766,TJSP DEPRE MOC,https://api.tjsp.jus.br/Handlers/Handler/FileFetch.ashx?codigo=156766
2025,autarquia_municipal,CÂMARA MUNICIPAL DE JACAREÍ,1,0.00,0.00,568585.03,568585.03,PENDENTE,2024-07-04,44624,156766,TJSP DEPRE MOC,https://api.tjsp.jus.br/Handlers/Handler/FileFetch.ashx?codigo=156766
2025,autarquia_municipal,CAMPREV - INSTITUTO DE PREVID. SOCIAL DO MUNIC. DE CAMPINAS,32,9342895.39,0.00,0.00,9342895.39,PENDENTE,2024-07-04,44624,156766,TJSP DEPRE MOC,https://api.tjsp.jus.br/Handlers/Handler/FileFetch.ashx?codigo=156766
2025,autarquia_municipal,CAPSMIT - CAIXA DE APOS. E PREV. DOS SERV. MUN. DE ITATINGA,1,112267.20,0.00,0.00,112267.20,PENDENTE,2024-07-04,44624,156766,TJSP DEPRE MOC,https://api.tjsp.jus.br/Handlers/Handler/FileFetch.ashx?codigo=156766
2025,autarquia_municipal,CARAGUAPREV - INSTITUTO DE PREV. DO MUN. DE CARAGUATATUBA,11,650350.16,0.00,0.00,650350.16,PENDENTE,2024-07-04,44624,156766,TJSP DEPRE MOC,https://api.tjsp.jus.br/Handlers/Handler/FileFetch.ashx?codigo=156766
2025,autarquia_municipal,COHAB -  COMPANHIA HABITACIONAL REGIONAL DE RIBEIRAO PRETO,44,0.00,0.00,4517675.72,4517675.72,PENDENTE,2024-07-04,44624,156766,TJSP DEPRE MOC,https://api.tjsp.jus.br/Handlers/Handler/FileFetch.ashx?codigo=156766
2025,autarquia_municipal,COMPANHIA ITUANA DE SANEAMENTO - CIS,1,0.00,0.00,38531.63,38531.63,PENDENTE,2024-07-04,44624,156766,TJSP DEPRE MOC,https://api.tjsp.jus.br/Handlers/Handler/FileFetch.ashx?codigo=156766
2025,autarquia_municipal,CONSAGRA - CONS. PÚBL. INTERM. DE SAÚDE REG. DOS GRANDES LAGOS,2,562103.40,0.00,0.00,562103.40,PENDENTE,2024-07-04,44624,156766,TJSP DEPRE MOC,https://api.tjsp.jus.br/Handlers/Handler/FileFetch.ashx?codigo=156766
2025,autarquia_municipal,CONSAÚDE - CONSÓRCIO INTERMUN. DE SAÚDE DO VALE DO RIBEIRA,10,181881.48,0.00,0.00,181881.48,PENDENTE,2024-07-04,44624,156766,TJSP DEPRE MOC,https://api.tjsp.jus.br/Handlers/Handler/FileFetch.ashx?codigo=156766
2025,autarquia_municipal,CONSIRJ - CONS. PÚBL. INTERM. DE SAÚDE DA REGIÃO DE JALES,1,25305.54,0.00,0.00,25305.54,PENDENTE,2024-07-04,44624,156766,TJSP DEPRE MOC,https://api.tjsp.jus.br/Handlers/Handler/FileFetch.ashx?codigo=156766
2025,autarquia_municipal,CRAISA - CIA. REGIONAL DE ABAST.INTEGRADO DE SANTO ANDRÉ,1,0.00,0.00,324436.23,324436.23,PENDENTE,2024-07-04,44624,156766,TJSP DEPRE MOC,https://api.tjsp.jus.br/Handlers/Handler/FileFetch.ashx?codigo=156766
2025,autarquia_municipal,DAAE - DEPARTAMENTO AUT. DE ÁGUA E ESGOTOS DE ARARAQUARA,7,360187.30,0.00,3825464.40,4185651.70,PENDENTE,2024-07-04,44624,156766,TJSP DEPRE MOC,https://api.tjsp.jus.br/Handlers/Handler/FileFetch.ashx?codigo=156766
2025,autarquia_municipal,DAE - DEPARTAMENTO DE ÁGUA E ESGOTO DE SANTA BÁRBARA D'OESTE,2,43019.91,0.00,404497.12,447517.03,PENDENTE,2024-07-04,44624,156766,TJSP DEPRE MOC,https://api.tjsp.jus.br/Handlers/Handler/FileFetch.ashx?codigo=156766
2025,autarquia_municipal,DAE BAURU - DEPARTAMENTO DE ÁGUA E ESGOTO DE BAURU,6,84352.04,89257.56,103126.38,276735.98,PENDENTE,2024-07-04,44624,156766,TJSP DEPRE MOC,https://api.tjsp.jus.br/Handlers/Handler/FileFetch.ashx?codigo=156766
2025,autarquia_municipal,DAE/SA - ÁGUAS E ESGOTO DE JUNDIAÍ,1,0.00,0.00,14571.67,14571.67,PENDENTE,2024-07-04,44624,156766,TJSP DEPRE MOC,https://api.tjsp.jus.br/Handlers/Handler/FileFetch.ashx?codigo=156766
2025,autarquia_municipal,DAEA - DEPARTAMENTO DE ÁGUA E ESGOTO DE ARAÇATUBA,18,554241.82,0.00,6432113.47,6986355.29,PENDENTE,2024-07-04,44624,156766,TJSP DEPRE MOC,https://api.tjsp.jus.br/Handlers/Handler/FileFetch.ashx?codigo=156766
2025,autarquia_municipal,DAEM - DEPARTAMENTO DE ÁGUA E ESGOTO DE MARÍLIA,5,0.00,0.00,347831.77,347831.77,PENDENTE,2024-07-04,44624,156766,TJSP DEPRE MOC,https://api.tjsp.jus.br/Handlers/Handler/FileFetch.ashx?codigo=156766
2025,autarquia_municipal,"DAEMO AMBIENTAL - SUPERINT. DE ÁGUA, ESG. E MEIO AMB. DE OLÍMPIA",2,294022.57,0.00,0.00,294022.57,PENDENTE,2024-07-04,44624,156766,TJSP DEPRE MOC,https://api.tjsp.jus.br/Handlers/Handler/FileFetch.ashx?codigo=156766
2025,autarquia_municipal,DEAGUA - DEPARTAMENTO DE ESGOTO E ÁGUA DE GUAIRA,1,0.00,204304.98,0.00,204304.98,PENDENTE,2024-07-04,44624,156766,TJSP DEPRE MOC,https://api.tjsp.jus.br/Handlers/Handler/FileFetch.ashx?codigo=156766
2025,autarquia_municipal,DIVINOLANDIAPREV - INSTITUTO DE PREV. DO MUN. DE DIVINOLÂNDIA,2,334624.26,0.00,0.00,334624.26,PENDENTE,2024-07-04,44624,156766,TJSP DEPRE MOC,https://api.tjsp.jus.br/Handlers/Handler/FileFetch.ashx?codigo=156766
2025,autarquia_municipal,EMDURB - EMPRESA DE DESENV. URBANO E HABIT. DE MARÍLIA,1,0.00,0.00,77339.68,77339.68,PENDENTE,2024-07-04,44624,156766,TJSP DEPRE MOC,https://api.tjsp.jus.br/Handlers/Handler/FileFetch.ashx?codigo=156766
2025,autarquia_municipal,ENGEPREV - INST. DE PREV. SERV. PÚBL. DO MUN. DE ENGENHEIRO COELH,1,339622.00,0.00,0.00,339622.00,PENDENTE,2024-07-04,44624,156766,TJSP DEPRE MOC,https://api.tjsp.jus.br/Handlers/Handler/FileFetch.ashx?codigo=156766
2025,autarquia_municipal,FAE - CENTRO UNIV. FAC. ASS. DE ENS. DE SÃO JOÃO DA BOA VISTA,1,19850.58,0.00,0.00,19850.58,PENDENTE,2024-07-04,44624,156766,TJSP DEPRE MOC,https://api.tjsp.jus.br/Handlers/Handler/FileFetch.ashx?codigo=156766
2025,autarquia_municipal,FAPEN - FUNDO DE APOS. E PREV. MUNICIPAL DE CRAVINHOS,1,28472.30,0.00,0.00,28472.30,PENDENTE,2024-07-04,44624,156766,TJSP DEPRE MOC,https://api.tjsp.jus.br/Handlers/Handler/FileFetch.ashx?codigo=156766
2025,estadual,FAZENDA DO ESTADO DE SÃO PAULO,56097,6516210148.50,325866925.24,1151331543.22,7993408616.96,PENDENTE,2024-07-04,44624,156766,TJSP DEPRE MOC,https://api.tjsp.jus.br/Handlers/Handler/FileFetch.ashx?codigo=156766
2025,autarquia_municipal,FEG - FUNDAÇÃO EDUCACIONAL GUAÇUANA,1,0.00,0.00,782116.88,782116.88,PENDENTE,2024-07-04,44624,156766,TJSP DEPRE MOC,https://api.tjsp.jus.br/Handlers/Handler/FileFetch.ashx?codigo=156766
2025,autarquia_municipal,FIEB - FUNDAÇÃO INSTITUTO DE EDUCAÇÃO DE BARUERI,1,710005.75,0.00,0.00,710005.75,PENDENTE,2024-07-04,44624,156766,TJSP DEPRE MOC,https://api.tjsp.jus.br/Handlers/Handler/FileFetch.ashx?codigo=156766
2025,autarquia_municipal,FIEC - FUNDAÇÃO INDAIATUBANA DE EDUCAÇÃO E CULTURA,2,547238.80,0.00,0.00,547238.80,PENDENTE,2024-07-04,44624,156766,TJSP DEPRE MOC,https://api.tjsp.jus.br/Handlers/Handler/FileFetch.ashx?codigo=156766
2025,autarquia_municipal,FMSSG - FUNDO MUNICIPAL DE SEGURIDADE SOCIAL DE GUARACI,1,158966.88,0.00,0.00,158966.88,PENDENTE,2024-07-04,44624,156766,TJSP DEPRE MOC,https://api.tjsp.jus.br/Handlers/Handler/FileFetch.ashx?codigo=156766
2025,autarquia_municipal,FUNDAÇÃO DE SEG. SOCIAL DOS FUNC. PÚBL. DO MUN. DE VOTORANTIM,6,1212987.79,0.00,0.00,1212987.79,PENDENTE,2024-07-04,44624,156766,TJSP DEPRE MOC,https://api.tjsp.jus.br/Handlers/Handler/FileFetch.ashx?codigo=156766
2025,autarquia_municipal,FUNDART - FUNDAÇÃO DE ARTE E CULTURA DO MUN. DE ARARAQUARA,1,30471.64,0.00,0.00,30471.64,PENDENTE,2024-07-04,44624,156766,TJSP DEPRE MOC,https://api.tjsp.jus.br/Handlers/Handler/FileFetch.ashx?codigo=156766
2025,autarquia_municipal,FUNDO DE PREVIDÊNCIA SOCIAL DO MUNICÍPIO DE JOÃO RAMALHO,1,25493.10,0.00,0.00,25493.10,PENDENTE,2024-07-04,44624,156766,TJSP DEPRE MOC,https://api.tjsp.jus.br/Handlers/Handler/FileFetch.ashx?codigo=156766
2025,autarquia_municipal,FUNDO DE PREVIDÊNCIA SOCIAL DO MUNICÍPIO DE MIRA ESTRELA,1,36844.92,0.00,0.00,36844.92,PENDENTE,2024-07-04,44624,156766,TJSP DEPRE MOC,https://api.tjsp.jus.br/Handlers/Handler/FileFetch.ashx?codigo=156766
2025,autarquia_municipal,FUNPREV - FUNDAÇÃO DE PREV. DOS SERV. PÚBL. MUN. EFET. DE BAURU,7,318143.69,0.00,0.00,318143.69,PENDENTE,2024-07-04,44624,156766,TJSP DEPRE MOC,https://api.tjsp.jus.br/Handlers/Handler/FileFetch.ashx?codigo=156766
2025,autarquia_municipal,FUNSERV - FUND. DA SEG. SOCIAL DOS SERV. PÚBL. MUN. DE SOROCABA,8,11290207.41,0.00,40696.07,11330903.48,PENDENTE,2024-07-04,44624,156766,TJSP DEPRE MOC,https://api.tjsp.jus.br/Handlers/Handler/FileFetch.ashx?codigo=156766
2025,autarquia_municipal,FUPREBEN - FUNDO DE PREV. E BEN. DOS SERV. PÚBL. DO MUN. DE VARGE,3,353880.26,0.00,0.00,353880.26,PENDENTE,2024-07-04,44624,156766,TJSP DEPRE MOC,https://api.tjsp.jus.br/Handlers/Handler/FileFetch.ashx?codigo=156766
2025,municipal,GUARDA CIVIL MUNICIPAL DE RIBEIRÃO PRETO,3,100501.81,0.00,0.00,100501.81,PENDENTE,2024-07-04,44624,156766,TJSP DEPRE MOC,https://api.tjsp.jus.br/Handlers/Handler/FileFetch.ashx?codigo=156766
2025,municipal,HOSPITAL DO SERVIDOR PÚBLICO MUNICIPAL DE SÃO PAULO,14,471329.05,0.00,94999.92,566328.97,PENDENTE,2024-07-04,44624,156766,TJSP DEPRE MOC,https://api.tjsp.jus.br/Handlers/Handler/FileFetch.ashx?codigo=156766
2025,municipal,HOSPITAL MUNICIPAL DR. MARIO GATTI - CAMPINAS,2,209110.43,0.00,0.00,209110.43,PENDENTE,2024-07-04,44624,156766,TJSP DEPRE MOC,https://api.tjsp.jus.br/Handlers/Handler/FileFetch.ashx?codigo=156766
2025,autarquia_municipal,IAPEN - INST. DE APOS. E PENS. DOS SERV. PÚBL. DO MUN. DE GARÇA,1,215147.68,0.00,0.00,215147.68,PENDENTE,2024-07-04,44624,156766,TJSP DEPRE MOC,https://api.tjsp.jus.br/Handlers/Handler/FileFetch.ashx?codigo=156766
2025,autarquia_municipal,ILHABELAPREV - INSTITUTO DE PREV. DOS SERV. PÚBL. DO MUNICÍPIO DE I,1,343553.41,0.00,0.00,343553.41,PENDENTE,2024-07-04,44624,156766,TJSP DEPRE MOC,https://api.tjsp.jus.br/Handlers/Handler/FileFetch.ashx?codigo=156766
2025,autarquia_municipal,IMES CATANDUVA - INSTITUTO MUN. DE ENS. SUPERIOR DE CATANDUVA (F,1,499682.64,0.00,0.00,499682.64,PENDENTE,2024-07-04,44624,156766,TJSP DEPRE MOC,https://api.tjsp.jus.br/Handlers/Handler/FileFetch.ashx?codigo=156766
2025,autarquia_municipal,IMESB - INSTITUTO MUNICIPAL DE ENSINO SUPERIOR DE BEBEDOURO,2,129049.82,0.00,0.00,129049.82,PENDENTE,2024-07-04,44624,156766,TJSP DEPRE MOC,https://api.tjsp.jus.br/Handlers/Handler/FileFetch.ashx?codigo=156766
2025,autarquia_municipal,IMPRAL - INSTITUTO DE PREVIDÊNCIA MUNICIPAL DE ALTINÓPOLIS,1,23927.38,0.00,0.00,23927.38,PENDENTE,2024-07-04,44624,156766,TJSP DEPRE MOC,https://api.tjsp.jus.br/Handlers/Handler/FileFetch.ashx?codigo=156766
2025,autarquia_municipal,IMSS - INST. MUN. DE SEGURIDADE SOCIAL DE PARAGUAÇU PAULISTA,7,1332849.54,0.00,0.00,1332849.54,PENDENTE,2024-07-04,44624,156766,TJSP DEPRE MOC,https://api.tjsp.jus.br/Handlers/Handler/FileFetch.ashx?codigo=156766
2025,autarquia_municipal,INPREM - INSTITUTO DE PREV. MUN. DE MONTE CASTELO,1,106444.76,0.00,0.00,106444.76,PENDENTE,2024-07-04,44624,156766,TJSP DEPRE MOC,https://api.tjsp.jus.br/Handlers/Handler/FileFetch.ashx?codigo=156766
2025,federal,INSS - INSTITUTO NACIONAL DO SEGURO SOCIAL,9347,1948621159.12,0.00,0.00,1948621159.12,PENDENTE,2024-07-04,44624,156766,TJSP DEPRE MOC,https://api.tjsp.jus.br/Handlers/Handler/FileFetch.ashx?codigo=156766
2025,autarquia_municipal,INST. DE PREV. DOS FUNC. MUNICIPAIS DE TAIAÇU,1,40568.80,0.00,0.00,40568.80,PENDENTE,2024-07-04,44624,156766,TJSP DEPRE MOC,https://api.tjsp.jus.br/Handlers/Handler/FileFetch.ashx?codigo=156766
2025,autarquia_municipal,INSTITUTO DE PREV. DO SERV. PÚBL. DO MUNIC. DE CÂNDIDO MOTA,3,95110.19,0.00,0.00,95110.19,PENDENTE,2024-07-04,44624,156766,TJSP DEPRE MOC,https://api.tjsp.jus.br/Handlers/Handler/FileFetch.ashx?codigo=156766
2025,autarquia_municipal,INSTITUTO DE PREVIDÊNCIA DO MUN. DE ITAPECERICA DA SERRA,1,80267.91,0.00,0.00,80267.91,PENDENTE,2024-07-04,44624,156766,TJSP DEPRE MOC,https://api.tjsp.jus.br/Handlers/Handler/FileFetch.ashx?codigo=156766
2025,autarquia_municipal,INSTITUTO DE PREVIDÊNCIA DOS SERV. PÚBL. DE MONTE MOR,2,334154.52,0.00,0.00,334154.52,PENDENTE,2024-07-04,44624,156766,TJSP DEPRE MOC,https://api.tjsp.jus.br/Handlers/Handler/FileFetch.ashx?codigo=156766
2025,autarquia_municipal,INSTITUTO DE PREVIDÊNCIA MUNICIPAL DE ESTRELA D'OESTE,1,11046.83,0.00,0.00,11046.83,PENDENTE,2024-07-04,44624,156766,TJSP DEPRE MOC,https://api.tjsp.jus.br/Handlers/Handler/FileFetch.ashx?codigo=156766
2025,autarquia_municipal,INSTITUTO DE PREVIDÊNCIA MUNICIPAL DE GENERAL SALGADO,2,147147.88,0.00,0.00,147147.88,PENDENTE,2024-07-04,44624,156766,TJSP DEPRE MOC,https://api.tjsp.jus.br/Handlers/Handler/FileFetch.ashx?codigo=156766
2025,autarquia_municipal,INSTITUTO DE PREVIDÊNCIA MUNICIPAL DE MOGI DAS CRUZES,3,311617.82,0.00,0.00,311617.82,PENDENTE,2024-07-04,44624,156766,TJSP DEPRE MOC,https://api.tjsp.jus.br/Handlers/Handler/FileFetch.ashx?codigo=156766
2025,autarquia_municipal,INSTITUTO DE PREVIDÊNCIA MUNICIPAL DE RUBINEIA,1,12686.90,0.00,0.00,12686.90,PENDENTE,2024-07-04,44624,156766,TJSP DEPRE MOC,https://api.tjsp.jus.br/Handlers/Handler/FileFetch.ashx?codigo=156766
2025,autarquia_municipal,IPASP - INST. DE PREV. E ASSIST. AOS SERV. PÚBL. MUN. DE JABORANDI,3,1260446.02,0.00,0.00,1260446.02,PENDENTE,2024-07-04,44624,156766,TJSP DEPRE MOC,https://api.tjsp.jus.br/Handlers/Handler/FileFetch.ashx?codigo=156766
2025,autarquia_municipal,IPASP - INST. DE PREV. E ASSIST. SOCIAL DOS FUNC. MUN. DE PIRACICABA,11,1728731.58,0.00,0.00,1728731.58,PENDENTE,2024-07-04,44624,156766,TJSP DEPRE MOC,https://api.tjsp.jus.br/Handlers/Handler/FileFetch.ashx?codigo=156766
2025,autarquia_municipal,IPESPEM - INSTITUTO DE PREV. DOS FUNC. PÚBL. DE PARANAPANEMA,1,41468.58,0.00,0.00,41468.58,PENDENTE,2024-07-04,44624,156766,TJSP DEPRE MOC,https://api.tjsp.jus.br/Handlers/Handler/FileFetch.ashx?codigo=156766
2025,autarquia_municipal,IPM - INSTITUTO DE PREVID. DOS MUNICIPIÁRIOS DE RIBEIRÃO PRETO,253,35022037.92,0.00,0.00,35022037.92,PENDENTE,2024-07-04,44624,156766,TJSP DEPRE MOC,https://api.tjsp.jus.br/Handlers/Handler/FileFetch.ashx?codigo=156766
2025,autarquia_municipal,IPMB - INSTITUTO DE PREVIDÊNCIA MUNICIPAL DE BARRETOS,96,4660681.15,0.00,0.00,4660681.15,PENDENTE,2024-07-04,44624,156766,TJSP DEPRE MOC,https://api.tjsp.jus.br/Handlers/Handler/FileFetch.ashx?codigo=156766
2025,autarquia_municipal,IPMI - INSTITUTO DE PREVIDÊNCIA DO MUNICÍPIO DE ITAPURA,1,136151.83,0.00,0.00,136151.83,PENDENTE,2024-07-04,44624,156766,TJSP DEPRE MOC,https://api.tjsp.jus.br/Handlers/Handler/FileFetch.ashx?codigo=156766
2025,autarquia_municipal,IPMI - INSTITUTO DE PREVIDÊNCIA MUNICIPAL DE ITAPEVA,5,308091.31,0.00,0.00,308091.31,PENDENTE,2024-07-04,44624,156766,TJSP DEPRE MOC,https://api.tjsp.jus.br/Handlers/Handler/FileFetch.ashx?codigo=156766
2025,autarquia_municipal,IPMJ - INSTITUTO DE PREVIDÊNCIA DO MUNICÍPIO DE JACAREÍ,3,746864.87,0.00,0.00,746864.87,PENDENTE,2024-07-04,44624,156766,TJSP DEPRE MOC,https://api.tjsp.jus.br/Handlers/Handler/FileFetch.ashx?codigo=156766
2025,autarquia_municipal,IPML - INSTITUTO DE PREVIDÊNCIA MUNICIPAL DE LIMEIRA,18,2792972.32,0.00,0.00,2792972.32,PENDENTE,2024-07-04,44624,156766,TJSP DEPRE MOC,https://api.tjsp.jus.br/Handlers/Handler/FileFetch.ashx?codigo=156766
2025,autarquia_municipal,IPMO - INSTITUTO DE PREV. DOS SERV. PÚBL. DO MUN. DE OURINHOS,4,582161.51,0.00,0.00,582161.51,PENDENTE,2024-07-04,44624,156766,TJSP DEPRE MOC,https://api.tjsp.jus.br/Handlers/Handler/FileFetch.ashx?codigo=156766
2025,autarquia_municipal,IPMT - INSTITUTO DE PREVIDÊNCIA DO MUNICÍPIO DE TAUBATÉ,4,964043.05,0.00,0.00,964043.05,PENDENTE,2024-07-04,44624,156766,TJSP DEPRE MOC,https://api.tjsp.jus.br/Handlers/Handler/FileFetch.ashx?codigo=156766
2025,autarquia_municipal,IPMU - INSTITUTO DE PREVIDÊNCIA MUNICIPAL DE UBATUBA,2,309657.33,0.00,0.00,309657.33,PENDENTE,2024-07-04,44624,156766,TJSP DEPRE MOC,https://api.tjsp.jus.br/Handlers/Handler/FileFetch.ashx?codigo=156766
2025,autarquia_municipal,IPRC - INSTITUTO DE PREVIDÊNCIA DO MUNICÍPIO DE RIO CLARO,2,118569.74,0.00,0.00,118569.74,PENDENTE,2024-07-04,44624,156766,TJSP DEPRE MOC,https://api.tjsp.jus.br/Handlers/Handler/FileFetch.ashx?codigo=156766
2025,autarquia_municipal,IPREJAN - INSTITUTO DE PREVIDÊNCIA MUNICIPAL DE JANDIRA,7,165398.17,0.00,0.00,165398.17,PENDENTE,2024-07-04,44624,156766,TJSP DEPRE MOC,https://api.tjsp.jus.br/Handlers/Handler/FileFetch.ashx?codigo=156766
2025,autarquia_municipal,IPREJUN - INSTITUTO DE PREV. DO MUNICÍPIO DE JUNDIAÍ,2,1798007.40,0.00,0.00,1798007.40,PENDENTE,2024-07-04,44624,156766,TJSP DEPRE MOC,https://api.tjsp.jus.br/Handlers/Handler/FileFetch.ashx?codigo=156766
2025,autarquia_municipal,IPREM - INST. DE PREV. SOC. SERV. PÚBL. DO MUN. DE CERQUEIRA CÉSAR,6,947175.76,0.00,0.00,947175.76,PENDENTE,2024-07-04,44624,156766,TJSP DEPRE MOC,https://api.tjsp.jus.br/Handlers/Handler/FileFetch.ashx?codigo=156766
2025,autarquia_municipal,IPREM - INSTITUTO DE PREV. MUNICIPAL DE FERNANDÓPOLIS,4,173355.07,0.00,0.00,173355.07,PENDENTE,2024-07-04,44624,156766,TJSP DEPRE MOC,https://api.tjsp.jus.br/Handlers/Handler/FileFetch.ashx?codigo=156766
2025,autarquia_municipal,IPREM - INSTITUTO DE PREVIDÊNCIA MUNICIPAL DE BILAC,1,16263.55,0.00,0.00,16263.55,PENDENTE,2024-07-04,44624,156766,TJSP DEPRE MOC,https://api.tjsp.jus.br/Handlers/Handler/FileFetch.ashx?codigo=156766
2025,autarquia_municipal,IPREM - INSTITUTO DE PREVIDÊNCIA MUNICIPAL DE ILHA SOLTEIRA,2,140964.02,0.00,0.00,140964.02,PENDENTE,2024-07-04,44624,156766,TJSP DEPRE MOC,https://api.tjsp.jus.br/Handlers/Handler/FileFetch.ashx?codigo=156766
2025,autarquia_municipal,IPREM - INSTITUTO DE PREVIDÊNCIA MUNICIPAL DE LENÇÓIS PAULISTA,1,121991.16,0.00,0.00,121991.16,PENDENTE,2024-07-04,44624,156766,TJSP DEPRE MOC,https://api.tjsp.jus.br/Handlers/Handler/FileFetch.ashx?codigo=156766
2025,autarquia_municipal,IPREM - INSTITUTO DE PREVIDÊNCIA MUNICIPAL DE PARANAPUÃ,2,125594.62,0.00,0.00,125594.62,PENDENTE,2024-07-04,44624,156766,TJSP DEPRE MOC,https://api.tjsp.jus.br/Handlers/Handler/FileFetch.ashx?codigo=156766
2025,autarquia_municipal,IPREM - INSTITUTO DE PREVIDÊNCIA MUNICIPAL DE SÃO MANUEL,1,81199.13,0.00,0.00,81199.13,PENDENTE,2024-07-04,44624,156766,TJSP DEPRE MOC,https://api.tjsp.jus.br/Handlers/Handler/FileFetch.ashx?codigo=156766
2025,autarquia_municipal,IPREM MARINÓPOLIS - INST. DE PREV. MUNICIPAL DE MARINÓPOLIS,4,525454.62,0.00,0.00,525454.62,PENDENTE,2024-07-04,44624,156766,TJSP DEPRE MOC,https://api.tjsp.jus.br/Handlers/Handler/FileFetch.ashx?codigo=156766
2025,autarquia_municipal,IPREM POSSE - INST. DE PREV. MUN. DE SANTO ANTÔNIO DE POSSE,1,41549.99,0.00,0.00,41549.99,PENDENTE,2024-07-04,44624,156766,TJSP DEPRE MOC,https://api.tjsp.jus.br/Handlers/Handler/FileFetch.ashx?codigo=156766
2025,autarquia_municipal,IPREMA - INSTITUTO DE PREVIDÊNCIA MUNICIPAL DE ASPÁSIA,6,346362.68,0.00,0.00,346362.68,PENDENTE,2024-07-04,44624,156766,TJSP DEPRE MOC,https://api.tjsp.jus.br/Handlers/Handler/FileFetch.ashx?codigo=156766
2025,autarquia_municipal,IPREMM - INSTITUTO DE PREVIDÊNCIA MUNICIPAL DE MARÍLIA,15,1567679.52,0.00,0.00,1567679.52,PENDENTE,2024-07-04,44624,156766,TJSP DEPRE MOC,https://api.tjsp.jus.br/Handlers/Handler/FileFetch.ashx?codigo=156766
2025,autarquia_municipal,IPREMO - INSTITUTO DE PREVIDÊNCIA MUNICIPAL DE OUROESTE,2,411783.00,0.00,0.00,411783.00,PENDENTE,2024-07-04,44624,156766,TJSP DEPRE MOC,https://api.tjsp.jus.br/Handlers/Handler/FileFetch.ashx?codigo=156766
2025,autarquia_municipal,IPREMU - INSTITUTO DE PREVIDÊNCIA MUNICIPAL DE URÂNIA,1,16475.75,0.00,0.00,16475.75,PENDENTE,2024-07-04,44624,156766,TJSP DEPRE MOC,https://api.tjsp.jus.br/Handlers/Handler/FileFetch.ashx?codigo=156766
2025,autarquia_municipal,IPREMUS - INSTITUTO DE PREV. DOS SERV. PÚBL. DO MUN. DE SERRANA,11,1141854.35,0.00,0.00,1141854.35,PENDENTE,2024-07-04,44624,156766,TJSP DEPRE MOC,https://api.tjsp.jus.br/Handlers/Handler/FileFetch.ashx?codigo=156766
2025,autarquia_municipal,IPRENOG - INSTITUTO DE PREVIDÊNCIA MUN. DE NOVA GUATAPORANGA,1,30415.95,0.00,0.00,30415.95,PENDENTE,2024-07-04,44624,156766,TJSP DEPRE MOC,https://api.tjsp.jus.br/Handlers/Handler/FileFetch.ashx?codigo=156766
2025,autarquia_municipal,IPREPI - INSTITUTO DE PREVIDÊNCIA MUNICIPAL DE PIRATININGA,1,188423.97,0.00,0.00,188423.97,PENDENTE,2024-07-04,44624,156766,TJSP DEPRE MOC,https://api.tjsp.jus.br/Handlers/Handler/FileFetch.ashx?codigo=156766
2025,autarquia_municipal,IPREVEN - INSTITUTO DE PREVID. MUNICIPAL DE PRESIDENTE VENCESLAU,5,393848.60,0.00,0.00,393848.60,PENDENTE,2024-07-04,44624,156766,TJSP DEPRE MOC,https://api.tjsp.jus.br/Handlers/Handler/FileFetch.ashx?codigo=156766
2025,autarquia_municipal,IPREVSANTOS - INST. DE PREV. SOC. DOS SERV. PÚBL. MUN. DE SANTOS,69,6868875.84,0.00,0.00,6868875.84,PENDENTE,2024-07-04,44624,156766,TJSP DEPRE MOC,https://api.tjsp.jus.br/Handlers/Handler/FileFetch.ashx?codigo=156766
2025,autarquia_municipal,IPSJBV - INST. DE PREV. SERV. PÚBL. MUN. DE SÃO JOÃO DA BOA VISTA,11,413758.13,0.00,0.00,413758.13,PENDENTE,2024-07-04,44624,156766,TJSP DEPRE MOC,https://api.tjsp.jus.br/Handlers/Handler/FileFetch.ashx?codigo=156766
2025,autarquia_municipal,IPSM - INSTITUTO DE PREV. DO SERV. MUN. DE SÃO JOSÉ DOS CAMPOS,53,6863514.31,0.00,0.00,6863514.31,PENDENTE,2024-07-04,44624,156766,TJSP DEPRE MOC,https://api.tjsp.jus.br/Handlers/Handler/FileFetch.ashx?codigo=156766
2025,autarquia_municipal,IPSMSO - INST. DE PREV. DOS SERV. MUN. DE SALES OLIVEIRA,3,279333.36,0.00,0.00,279333.36,PENDENTE,2024-07-04,44624,156766,TJSP DEPRE MOC,https://api.tjsp.jus.br/Handlers/Handler/FileFetch.ashx?codigo=156766
2025,autarquia_municipal,IPSPMO - INSTITUTO DE PREV. DOS SERV. PÚBL. MUN. DE OLÍMPIA,10,874867.72,0.00,0.00,874867.72,PENDENTE,2024-07-04,44624,156766,TJSP DEPRE MOC,https://api.tjsp.jus.br/Handlers/Handler/FileFetch.ashx?codigo=156766
2025,autarquia_municipal,ITANHAÉMPREV - INSTITUTO DE PREV. DOS SERV. PÚBL. DE ITANHAÉM,1,180160.33,0.00,0.00,180160.33,PENDENTE,2024-07-04,44624,156766,TJSP DEPRE MOC,https://api.tjsp.jus.br/Handlers/Handler/FileFetch.ashx?codigo=156766
2025,autarquia_municipal,ITUPREV - INST. DE PREV. SOC. DOS SERV. MUN. DE ITU,1,68619.11,0.00,0.00,68619.11,PENDENTE,2024-07-04,44624,156766,TJSP DEPRE MOC,https://api.tjsp.jus.br/Handlers/Handler/FileFetch.ashx?codigo=156766
2025,autarquia_municipal,LEMEPREV - FUNDO ESP. DE PREV. SOC. SERV. PÚBL. DO MUN. DE LEME,4,900083.08,0.00,0.00,900083.08,PENDENTE,2024-07-04,44624,156766,TJSP DEPRE MOC,https://api.tjsp.jus.br/Handlers/Handler/FileFetch.ashx?codigo=156766
2025,municipal,MUNICÍPIO DE ADAMANTINA,2,0.00,0.00,139783.69,139783.69,PENDENTE,2024-07-04,44624,156766,TJSP DEPRE MOC,https://api.tjsp.jus.br/Handlers/Handler/FileFetch.ashx?codigo=156766
2025,municipal,MUNICÍPIO DE ADOLFO,1,0.00,0.00,35640.36,35640.36,PENDENTE,2024-07-04,44624,156766,TJSP DEPRE MOC,https://api.tjsp.jus.br/Handlers/Handler/FileFetch.ashx?codigo=156766
2025,municipal,MUNICÍPIO DE AGUAÍ,3,35067.43,0.00,59834.94,94902.37,PENDENTE,2024-07-04,44624,156766,TJSP DEPRE MOC,https://api.tjsp.jus.br/Handlers/Handler/FileFetch.ashx?codigo=156766
2025,municipal,MUNICÍPIO DE ÁGUAS DA PRATA,9,367307.37,0.00,0.00,367307.37,PENDENTE,2024-07-04,44624,156766,TJSP DEPRE MOC,https://api.tjsp.jus.br/Handlers/Handler/FileFetch.ashx?codigo=156766
2025,municipal,MUNICÍPIO DE ÁGUAS DE LINDÓIA,9,109246.20,0.00,3647945.09,3757191.29,PENDENTE,2024-07-04,44624,156766,TJSP DEPRE MOC,https://api.tjsp.jus.br/Handlers/Handler/FileFetch.ashx?codigo=156766
2025,municipal,MUNICÍPIO DE ÁGUAS DE SANTA BÁRBARA,8,437291.75,0.00,470211.46,907503.21,PENDENTE,2024-07-04,44624,156766,TJSP DEPRE MOC,https://api.tjsp.jus.br/Handlers/Handler/FileFetch.ashx?codigo=156766
2025,municipal,MUNICÍPIO DE ÁGUAS DE SÃO PEDRO,4,324595.60,0.00,2759547.18,3084142.78,PENDENTE,2024-07-04,44624,156766,TJSP DEPRE MOC,https://api.tjsp.jus.br/Handlers/Handler/FileFetch.ashx?codigo=156766
2025,municipal,MUNICÍPIO DE AGUDOS,7,552374.72,0.00,1327952.76,1880327.48,PENDENTE,2024-07-04,44624,156766,TJSP DEPRE MOC,https://api.tjsp.jus.br/Handlers/Handler/FileFetch.ashx?codigo=156766
2025,municipal,MUNICÍPIO DE ALAMBARI,3,70636.03,0.00,0.00,70636.03,PENDENTE,2024-07-04,44624,156766,TJSP DEPRE MOC,https://api.tjsp.jus.br/Handlers/Handler/FileFetch.ashx?codigo=156766
2025,municipal,MUNICÍPIO DE ALTAIR,13,1652755.84,0.00,3641.35,1656397.19,PENDENTE,2024-07-04,44624,156766,TJSP DEPRE MOC,https://api.tjsp.jus.br/Handlers/Handler/FileFetch.ashx?codigo=156766
2025,municipal,MUNICÍPIO DE ALTINÓPOLIS,7,139841.77,0.00,1290470.13,1430311.90,PENDENTE,2024-07-04,44624,156766,TJSP DEPRE MOC,https://api.tjsp.jus.br/Handlers/Handler/FileFetch.ashx?codigo=156766
2025,municipal,MUNICÍPIO DE ALTO ALEGRE,1,0.00,0.00,36404.88,36404.88,PENDENTE,2024-07-04,44624,156766,TJSP DEPRE MOC,https://api.tjsp.jus.br/Handlers/Handler/FileFetch.ashx?codigo=156766
2025,municipal,MUNICÍPIO DE ALUMÍNIO,1,85516.17,0.00,0.00,85516.17,PENDENTE,2024-07-04,44624,156766,TJSP DEPRE MOC,https://api.tjsp.jus.br/Handlers/Handler/FileFetch.ashx?codigo=156766
2025,municipal,MUNICÍPIO DE ÁLVARES FLORENCE,3,127899.82,0.00,18714.85,146614.67,PENDENTE,2024-07-04,44624,156766,TJSP DEPRE MOC,https://api.tjsp.jus.br/Handlers/Handler/FileFetch.ashx?codigo=156766
2025,municipal,MUNICÍPIO DE ÁLVARES MACHADO,1,0.00,0.00,31967.08,31967.08,PENDENTE,2024-07-04,44624,156766,TJSP DEPRE MOC,https://api.tjsp.jus.br/Handlers/Handler/FileFetch.ashx?codigo=156766
2025,municipal,MUNICÍPIO DE ÁLVARO DE CARVALHO,2,137208.82,0.00,338074.84,475283.66,PENDENTE,2024-07-04,44624,156766,TJSP DEPRE MOC,https://api.tjsp.jus.br/Handlers/Handler/FileFetch.ashx?codigo=156766
2025,municipal,MUNICÍPIO DE ALVINLÂNDIA,1,32898.18,0.00,0.00,32898.18,PENDENTE,2024-07-04,44624,156766,TJSP DEPRE MOC,https://api.tjsp.jus.br/Handlers/Handler/FileFetch.ashx?codigo=156766
2025,municipal,MUNICÍPIO DE AMERICANA,83,8892109.76,1742362.18,35257111.89,45891583.83,PENDENTE,2024-07-04,44624,156766,TJSP DEPRE MOC,https://api.tjsp.jus.br/Handlers/Handler/FileFetch.ashx?codigo=156766
2025,municipal,MUNICÍPIO DE AMÉRICO BRASILIENSE,7,63899.33,0.00,617405.04,681304.37,PENDENTE,2024-07-04,44624,156766,TJSP DEPRE MOC,https://api.tjsp.jus.br/Handlers/Handler/FileFetch.ashx?codigo=156766
2025,municipal,MUNICÍPIO DE AMÉRICO DE CAMPOS,4,199162.47,0.00,52955.13,252117.60,PENDENTE,2024-07-04,44624,156766,TJSP DEPRE MOC,https://api.tjsp.jus.br/Handlers/Handler/FileFetch.ashx?codigo=156766
2025,municipal,MUNICÍPIO DE AMPARO,17,203133.80,1590825.18,1491514.49,3285473.47,PENDENTE,2024-07-04,44624,156766,TJSP DEPRE MOC,https://api.tjsp.jus.br/Handlers/Handler/FileFetch.ashx?codigo=156766
2025,municipal,MUNICÍPIO DE ANDRADINA,7,179685.17,158428.02,88980.12,427093.31,PENDENTE,2024-07-04,44624,156766,TJSP DEPRE MOC,https://api.tjsp.jus.br/Handlers/Handler/FileFetch.ashx?codigo=156766
2025,municipal,MUNICÍPIO DE ANGATUBA,5,43047.51,0.00,218848.74,261896.25,PENDENTE,2024-07-04,44624,156766,TJSP DEPRE MOC,https://api.tjsp.jus.br/Handlers/Handler/FileFetch.ashx?codigo=156766
2025,municipal,MUNICÍPIO DE ANHEMBI,2,44456.25,0.00,68493.50,112949.75,PENDENTE,2024-07-04,44624,156766,TJSP DEPRE MOC,https://api.tjsp.jus.br/Handlers/Handler/FileFetch.ashx?codigo=156766
2025,municipal,MUNICÍPIO DE ANHUMAS,5,19527.71,0.00,44256.13,63783.84,PENDENTE,2024-07-04,44624,156766,TJSP DEPRE MOC,https://api.tjsp.jus.br/Handlers/Handler/FileFetch.ashx?codigo=156766
2025,municipal,MUNICÍPIO DE APARECIDA,6,81501.11,0.00,437749.99,519251.10,PENDENTE,2024-07-04,44624,156766,TJSP DEPRE MOC,https://api.tjsp.jus.br/Handlers/Handler/FileFetch.ashx?codigo=156766
2025,municipal,MUNICÍPIO DE APARECIDA D'OESTE,26,538381.03,0.00,0.00,538381.03,PENDENTE,2024-07-04,44624,156766,TJSP DEPRE MOC,https://api.tjsp.jus.br/Handlers/Handler/FileFetch.ashx?codigo=156766
2025,municipal,MUNICÍPIO DE APIAÍ,2,10486.07,0.00,283455.48,293941.55,PENDENTE,2024-07-04,44624,156766,TJSP DEPRE MOC,https://api.tjsp.jus.br/Handlers/Handler/FileFetch.ashx?codigo=156766
2025,municipal,MUNICÍPIO DE ARAÇARIGUAMA,11,923926.48,0.00,1464437.16,2388363.64,PENDENTE,2024-07-04,44624,156766,TJSP DEPRE MOC,https://api.tjsp.jus.br/Handlers/Handler/FileFetch.ashx?codigo=156766
2025,municipal,MUNICÍPIO DE ARAÇATUBA,177,9388298.95,1245024.51,15394463.48,26027786.94,PENDENTE,2024-07-04,44624,156766,TJSP DEPRE MOC,https://api.tjsp.jus.br/Handlers/Handler/FileFetch.ashx?codigo=156766
2025,municipal,MUNICÍPIO DE ARAÇOIABA DA SERRA,2,115909.97,0.00,0.00,115909.97,PENDENTE,2024-07-04,44624,156766,TJSP DEPRE MOC,https://api.tjsp.jus.br/Handlers/Handler/FileFetch.ashx?codigo=156766
2025,municipal,MUNICÍPIO DE ARAMINA,7,248547.28,0.00,62813.35,311360.63,PENDENTE,2024-07-04,44624,156766,TJSP DEPRE MOC,https://api.tjsp.jus.br/Handlers/Handler/FileFetch.ashx?codigo=156766
2025,municipal,MUNICÍPIO DE ARANDU,7,231945.58,0.00,0.00,231945.58,PENDENTE,2024-07-04,44624,156766,TJSP DEPRE MOC,https://api.tjsp.jus.br/Handlers/Handler/FileFetch.ashx?codigo=156766
2025,municipal,MUNICÍPIO DE ARAPEÍ,4,193428.26,0.00,0.00,193428.26,PENDENTE,2024-07-04,44624,156766,TJSP DEPRE MOC,https://api.tjsp.jus.br/Handlers/Handler/FileFetch.ashx?codigo=156766
2025,municipal,MUNICÍPIO DE ARARAQUARA,59,3518526.96,419164.08,17162295.73,21099986.77,PENDENTE,2024-07-04,44624,156766,TJSP DEPRE MOC,https://api.tjsp.jus.br/Handlers/Handler/FileFetch.ashx?codigo=156766
2025,municipal,MUNICÍPIO DE ARARAS,38,698184.06,1615506.25,285079.93,2598770.24,PENDENTE,2024-07-04,44624,156766,TJSP DEPRE MOC,https://api.tjsp.jus.br/Handlers/Handler/FileFetch.ashx?codigo=156766
2025,municipal,MUNICÍPIO DE AREALVA,1,26820.42,0.00,0.00,26820.42,PENDENTE,2024-07-04,44624,156766,TJSP DEPRE MOC,https://api.tjsp.jus.br/Handlers/Handler/FileFetch.ashx?codigo=156766
2025,municipal,MUNICÍPIO DE ARIRANHA,1,202623.28,0.00,0.00,202623.28,PENDENTE,2024-07-04,44624,156766,TJSP DEPRE MOC,https://api.tjsp.jus.br/Handlers/Handler/FileFetch.ashx?codigo=156766
2025,municipal,MUNICÍPIO DE ARTUR NOGUEIRA,29,1105869.19,0.00,184998.80,1290867.99,PENDENTE,2024-07-04,44624,156766,TJSP DEPRE MOC,https://api.tjsp.jus.br/Handlers/Handler/FileFetch.ashx?codigo=156766
2025,municipal,MUNICÍPIO DE ARUJÁ,15,2951578.43,0.00,24511599.69,27463178.12,PENDENTE,2024-07-04,44624,156766,TJSP DEPRE MOC,https://api.tjsp.jus.br/Handlers/Handler/FileFetch.ashx?codigo=156766
2025,municipal,MUNICÍPIO DE ASPÁSIA,34,2297137.25,0.00,0.00,2297137.25,PENDENTE,2024-07-04,44624,156766,TJSP DEPRE MOC,https://api.tjsp.jus.br/Handlers/Handler/FileFetch.ashx?codigo=156766
2025,municipal,MUNICÍPIO DE ASSIS,85,9132865.57,2845898.21,2173488.63,14152252.41,PENDENTE,2024-07-04,44624,156766,TJSP DEPRE MOC,https://api.tjsp.jus.br/Handlers/Handler/FileFetch.ashx?codigo=156766
2025,municipal,MUNICÍPIO DE ATIBAIA,18,412521.88,255225.03,1547705.21,2215452.12,PENDENTE,2024-07-04,44624,156766,TJSP DEPRE MOC,https://api.tjsp.jus.br/Handlers/Handler/FileFetch.ashx?codigo=156766
2025,municipal,MUNICÍPIO DE AURIFLAMA,8,532991.19,0.00,769932.07,1302923.26,PENDENTE,2024-07-04,44624,156766,TJSP DEPRE MOC,https://api.tjsp.jus.br/Handlers/Handler/FileFetch.ashx?codigo=156766
2025,municipal,MUNICÍPIO DE AVAÍ,1,22159.59,0.00,0.00,22159.59,PENDENTE,2024-07-04,44624,156766,TJSP DEPRE MOC,https://api.tjsp.jus.br/Handlers/Handler/FileFetch.ashx?codigo=156766
2025,municipal,MUNICÍPIO DE AVANHANDAVA,7,51301.55,135759.35,390568.30,577629.20,PENDENTE,2024-07-04,44624,156766,TJSP DEPRE MOC,https://api.tjsp.jus.br/Handlers/Handler/FileFetch.ashx?codigo=156766
2025,municipal,MUNICÍPIO DE AVARÉ,23,735243.01,357270.25,2167338.86,3259852.12,PENDENTE,2024-07-04,44624,156766,TJSP DEPRE MOC,https://api.tjsp.jus.br/Handlers/Handler/FileFetch.ashx?codigo=156766
2025,municipal,MUNICÍPIO DE BADY BASSITT,7,531875.60,0.00,37804.15,569679.75,PENDENTE,2024-07-04,44624,156766,TJSP DEPRE MOC,https://api.tjsp.jus.br/Handlers/Handler/FileFetch.ashx?codigo=156766
2025,municipal,MUNICÍPIO DE BALBINOS,25,1042387.89,0.00,0.00,1042387.89,PENDENTE,2024-07-04,44624,156766,TJSP DEPRE MOC,https://api.tjsp.jus.br/Handlers/Handler/FileFetch.ashx?codigo=156766
2025,municipal,MUNICÍPIO DE BALIZA - GO,1,0.00,0.00,305431.24,305431.24,PENDENTE,2024-07-04,44624,156766,TJSP DEPRE MOC,https://api.tjsp.jus.br/Handlers/Handler/FileFetch.ashx?codigo=156766
2025,municipal,MUNICÍPIO DE BÁLSAMO,1,11972.89,0.00,0.00,11972.89,PENDENTE,2024-07-04,44624,156766,TJSP DEPRE MOC,https://api.tjsp.jus.br/Handlers/Handler/FileFetch.ashx?codigo=156766
2025,municipal,MUNICÍPIO DE BANANAL,3,121086.77,0.00,96729.00,217815.77,PENDENTE,2024-07-04,44624,156766,TJSP DEPRE MOC,https://api.tjsp.jus.br/Handlers/Handler/FileFetch.ashx?codigo=156766
2025,municipal,MUNICÍPIO DE BARBOSA,2,219443.83,0.00,0.00,219443.83,PENDENTE,2024-07-04,44624,156766,TJSP DEPRE MOC,https://api.tjsp.jus.br/Handlers/Handler/FileFetch.ashx?codigo=156766
2025,municipal,MUNICÍPIO DE BARIRI,4,198295.45,0.00,554935.15,753230.60,PENDENTE,2024-07-04,44624,156766,TJSP DEPRE MOC,https://api.tjsp.jus.br/Handlers/Handler/FileFetch.ashx?codigo=156766
2025,municipal,MUNICÍPIO DE BARRA BONITA,2,58047.37,0.00,34794.14,92841.51,PENDENTE,2024-07-04,44624,156766,TJSP DEPRE MOC,https://api.tjsp.jus.br/Handlers/Handler/FileFetch.ashx?codigo=156766
2025,municipal,MUNICÍPIO DE BARRA DO CHAPÉU,1,36556.22,0.00,0.00,36556.22,PENDENTE,2024-07-04,44624,156766,TJSP DEPRE MOC,https://api.tjsp.jus.br/Handlers/Handler/FileFetch.ashx?codigo=156766
2025,municipal,MUNICÍPIO DE BARRA DO TURVO,6,95492.01,0.00,20926.40,116418.41,PENDENTE,2024-07-04,44624,156766,TJSP DEPRE MOC,https://api.tjsp.jus.br/Handlers/Handler/FileFetch.ashx?codigo=156766
2025,municipal,MUNICÍPIO DE BARRETOS,118,4502499.90,527219.84,1328484.31,6358204.05,PENDENTE,2024-07-04,44624,156766,TJSP DEPRE MOC,https://api.tjsp.jus.br/Handlers/Handler/FileFetch.ashx?codigo=156766
2025,municipal,MUNICÍPIO DE BARRINHA,3,123628.15,0.00,23789.01,147417.16,PENDENTE,2024-07-04,44624,156766,TJSP DEPRE MOC,https://api.tjsp.jus.br/Handlers/Handler/FileFetch.ashx?codigo=156766
2025,municipal,MUNICÍPIO DE BARUERI,66,7512632.24,32065686.09,104803405.76,144381724.09,PENDENTE,2024-07-04,44624,156766,TJSP DEPRE MOC,https://api.tjsp.jus.br/Handlers/Handler/FileFetch.ashx?codigo=156766
2025,municipal,MUNICÍPIO DE BASTOS,16,733480.97,0.00,209107.13,942588.10,PENDENTE,2024-07-04,44624,156766,TJSP DEPRE MOC,https://api.tjsp.jus.br/Handlers/Handler/FileFetch.ashx?codigo=156766
2025,municipal,MUNICÍPIO DE BATATAIS,6,37022.85,0.00,959256.50,996279.35,PENDENTE,2024-07-04,44624,156766,TJSP DEPRE MOC,https://api.tjsp.jus.br/Handlers/Handler/FileFetch.ashx?codigo=156766
2025,municipal,MUNICÍPIO DE BAURU,62,1673062.53,2824003.28,1297486.47,5794552.28,PENDENTE,2024-07-04,44624,156766,TJSP DEPRE MOC,https://api.tjsp.jus.br/Handlers/Handler/FileFetch.ashx?codigo=156766
2025,municipal,MUNICÍPIO DE BEBEDOURO,54,2726832.49,0.00,443872.72,3170705.21,PENDENTE,2024-07-04,44624,156766,TJSP DEPRE MOC,https://api.tjsp.jus.br/Handlers/Handler/FileFetch.ashx?codigo=156766
2025,municipal,MUNICÍPIO DE BERNARDINO DE CAMPOS,4,0.00,0.00,152112.97,152112.97,PENDENTE,2024-07-04,44624,156766,TJSP DEPRE MOC,https://api.tjsp.jus.br/Handlers/Handler/FileFetch.ashx?codigo=156766
2025,municipal,MUNICÍPIO DE BERTIOGA,30,4079767.90,0.00,1601071.93,5680839.83,PENDENTE,2024-07-04,44624,156766,TJSP DEPRE MOC,https://api.tjsp.jus.br/Handlers/Handler/FileFetch.ashx?codigo=156766
2025,municipal,MUNICÍPIO DE BILAC,14,728045.20,0.00,123053.67,851098.87,PENDENTE,2024-07-04,44624,156766,TJSP DEPRE MOC,https://api.tjsp.jus.br/Handlers/Handler/FileFetch.ashx?codigo=156766
2025,municipal,MUNICÍPIO DE BIRIGUI,69,1796880.32,0.00,574766.63,2371646.95,PENDENTE,2024-07-04,44624,156766,TJSP DEPRE MOC,https://api.tjsp.jus.br/Handlers/Handler/FileFetch.ashx?codigo=156766
2025,municipal,MUNICÍPIO DE BIRITIBA-MIRIM,11,462777.01,199114.90,53582.17,715474.08,PENDENTE,2024-07-04,44624,156766,TJSP DEPRE MOC,https://api.tjsp.jus.br/Handlers/Handler/FileFetch.ashx?codigo=156766
2025,municipal,MUNICÍPIO DE BOA ESPERANÇA DO SUL,2,46713.48,0.00,0.00,46713.48,PENDENTE,2024-07-04,44624,156766,TJSP DEPRE MOC,https://api.tjsp.jus.br/Handlers/Handler/FileFetch.ashx?codigo=156766
2025,municipal,MUNICÍPIO DE BOCAINA,3,15904.39,0.00,41781.72,57686.11,PENDENTE,2024-07-04,44624,156766,TJSP DEPRE MOC,https://api.tjsp.jus.br/Handlers/Handler/FileFetch.ashx?codigo=156766
2025,municipal,MUNICÍPIO DE BOITUVA,13,2201636.41,0.00,793374.76,2995011.17,PENDENTE,2024-07-04,44624,156766,TJSP DEPRE MOC,https://api.tjsp.jus.br/Handlers/Handler/FileFetch.ashx?codigo=156766
2025,municipal,MUNICÍPIO DE BOM JESUS DOS PERDÕES,5,23124.05,0.00,210218.56,233342.61,PENDENTE,2024-07-04,44624,156766,TJSP DEPRE MOC,https://api.tjsp.jus.br/Handlers/Handler/FileFetch.ashx?codigo=156766
2025,municipal,MUNICÍPIO DE BOM SUCESSO DE ITARARÉ,1,34664.79,0.00,0.00,34664.79,PENDENTE,2024-07-04,44624,156766,TJSP DEPRE MOC,https://api.tjsp.jus.br/Handlers/Handler/FileFetch.ashx?codigo=156766
2025,municipal,MUNICÍPIO DE BORBOREMA,10,541919.25,0.00,11461.85,553381.10,PENDENTE,2024-07-04,44624,156766,TJSP DEPRE MOC,https://api.tjsp.jus.br/Handlers/Handler/FileFetch.ashx?codigo=156766
2025,municipal,MUNICÍPIO DE BOTUCATU,204,18451757.09,12363.49,684288.44,19148409.02,PENDENTE,2024-07-04,44624,156766,TJSP DEPRE MOC,https://api.tjsp.jus.br/Handlers/Handler/FileFetch.ashx?codigo=156766
2025,municipal,MUNICÍPIO DE BRAGANÇA PAULISTA,28,1010942.38,821530.32,4591793.54,6424266.24,PENDENTE,2024-07-04,44624,156766,TJSP DEPRE MOC,https://api.tjsp.jus.br/Handlers/Handler/FileFetch.ashx?codigo=156766
2025,municipal,MUNICÍPIO DE BRAÚNA,3,350923.01,0.00,0.00,350923.01,PENDENTE,2024-07-04,44624,156766,TJSP DEPRE MOC,https://api.tjsp.jus.br/Handlers/Handler/FileFetch.ashx?codigo=156766
2025,municipal,MUNICÍPIO DE BREJO ALEGRE,2,49644.71,0.00,413705.99,463350.70,PENDENTE,2024-07-04,44624,156766,TJSP DEPRE MOC,https://api.tjsp.jus.br/Handlers/Handler/FileFetch.ashx?codigo=156766
2025,municipal,MUNICÍPIO DE BRODOWSKI,72,2739141.00,2393374.62,848299.37,5980814.99,PENDENTE,2024-07-04,44624,156766,TJSP DEPRE MOC,https://api.tjsp.jus.br/Handlers/Handler/FileFetch.ashx?codigo=156766
2025,municipal,MUNICÍPIO DE BROTAS,2,9010.71,0.00,75089.33,84100.04,PENDENTE,2024-07-04,44624,156766,TJSP DEPRE MOC,https://api.tjsp.jus.br/Handlers/Handler/FileFetch.ashx?codigo=156766
2025,municipal,MUNICÍPIO DE BURI,27,1019311.73,223301.40,0.00,1242613.13,PENDENTE,2024-07-04,44624,156766,TJSP DEPRE MOC,https://api.tjsp.jus.br/Handlers/Handler/FileFetch.ashx?codigo=156766
2025,municipal,MUNICÍPIO DE BURITAMA,1,184471.98,0.00,0.00,184471.98,PENDENTE,2024-07-04,44624,156766,TJSP DEPRE MOC,https://api.tjsp.jus.br/Handlers/Handler/FileFetch.ashx?codigo=156766
2025,municipal,MUNICÍPIO DE CABRÁLIA PAULISTA,4,45883.83,394298.90,23651.90,463834.63,PENDENTE,2024-07-04,44624,156766,TJSP DEPRE MOC,https://api.tjsp.jus.br/Handlers/Handler/FileFetch.ashx?codigo=156766
2025,municipal,MUNICÍPIO DE CABREÚVA,3,140765.30,0.00,0.00,140765.30,PENDENTE,2024-07-04,44624,156766,TJSP DEPRE MOC,https://api.tjsp.jus.br/Handlers/Handler/FileFetch.ashx?codigo=156766
2025,municipal,MUNICÍPIO DE CAÇAPAVA,11,218958.24,4426332.12,23990.74,4669281.10,PENDENTE,2024-07-04,44624,156766,TJSP DEPRE MOC,https://api.tjsp.jus.br/Handlers/Handler/FileFetch.ashx?codigo=156766
2025,municipal,MUNICÍPIO DE CACHOEIRA PAULISTA,11,2510670.02,0.00,259405.40,2770075.42,PENDENTE,2024-07-04,44624,156766,TJSP DEPRE MOC,https://api.tjsp.jus.br/Handlers/Handler/FileFetch.ashx?codigo=156766
2025,municipal,MUNICÍPIO DE CACONDE,6,11100.89,0.00,154759.62,165860.51,PENDENTE,2024-07-04,44624,156766,TJSP DEPRE MOC,https://api.tjsp.jus.br/Handlers/Handler/FileFetch.ashx?codigo=156766
2025,municipal,MUNICÍPIO DE CAFELÂNDIA,10,73825.55,0.00,1012788.66,1086614.21,PENDENTE,2024-07-04,44624,156766,TJSP DEPRE MOC,https://api.tjsp.jus.br/Handlers/Handler/FileFetch.ashx?codigo=156766
2025,municipal,MUNICÍPIO DE CAIEIRAS,17,849737.40,0.00,4498262.06,5347999.46,PENDENTE,2024-07-04,44624,156766,TJSP DEPRE MOC,https://api.tjsp.jus.br/Handlers/Handler/FileFetch.ashx?codigo=156766
2025,municipal,MUNICÍPIO DE CAIUÁ,2,26437.05,0.00,179584.45,206021.50,PENDENTE,2024-07-04,44624,156766,TJSP DEPRE MOC,https://api.tjsp.jus.br/Handlers/Handler/FileFetch.ashx?codigo=156766
2025,municipal,MUNICÍPIO DE CAJAMAR,6,620588.51,0.00,15239950.65,15860539.16,PENDENTE,2024-07-04,44624,156766,TJSP DEPRE MOC,https://api.tjsp.jus.br/Handlers/Handler/FileFetch.ashx?codigo=156766
2025,municipal,MUNICÍPIO DE CAJATI,1,0.00,0.00,36587.30,36587.30,PENDENTE,2024-07-04,44624,156766,TJSP DEPRE MOC,https://api.tjsp.jus.br/Handlers/Handler/FileFetch.ashx?codigo=156766
2025,municipal,MUNICÍPIO DE CAJOBI,12,260633.44,0.00,138665.94,399299.38,PENDENTE,2024-07-04,44624,156766,TJSP DEPRE MOC,https://api.tjsp.jus.br/Handlers/Handler/FileFetch.ashx?codigo=156766
2025,municipal,MUNICÍPIO DE CAJURU,14,128566.53,246860.57,44183.37,419610.47,PENDENTE,2024-07-04,44624,156766,TJSP DEPRE MOC,https://api.tjsp.jus.br/Handlers/Handler/FileFetch.ashx?codigo=156766
2025,municipal,MUNICÍPIO DE CAMPINA DO MONTE ALEGRE,27,848442.35,0.00,0.00,848442.35,PENDENTE,2024-07-04,44624,156766,TJSP DEPRE MOC,https://api.tjsp.jus.br/Handlers/Handler/FileFetch.ashx?codigo=156766
2025,municipal,MUNICÍPIO DE CAMPINAS,278,32410776.00,1612918.13,30322084.75,64345778.88,PENDENTE,2024-07-04,44624,156766,TJSP DEPRE MOC,https://api.tjsp.jus.br/Handlers/Handler/FileFetch.ashx?codigo=156766
2025,municipal,MUNICÍPIO DE CAMPO LIMPO PAULISTA,28,1230309.41,0.00,122089.30,1352398.71,PENDENTE,2024-07-04,44624,156766,TJSP DEPRE MOC,https://api.tjsp.jus.br/Handlers/Handler/FileFetch.ashx?codigo=156766
2025,municipal,MUNICÍPIO DE CAMPOS DO JORDÃO,14,1939873.00,27177182.61,4058675.98,33175731.59,PENDENTE,2024-07-04,44624,156766,TJSP DEPRE MOC,https://api.tjsp.jus.br/Handlers/Handler/FileFetch.ashx?codigo=156766
2025,municipal,MUNICÍPIO DE CAMPOS NOVOS PAULISTA,4,0.00,0.00,164706.44,164706.44,PENDENTE,2024-07-04,44624,156766,TJSP DEPRE MOC,https://api.tjsp.jus.br/Handlers/Handler/FileFetch.ashx?codigo=156766
2025,municipal,MUNICÍPIO DE CANANÉIA,6,163950.92,0.00,42486.09,206437.01,PENDENTE,2024-07-04,44624,156766,TJSP DEPRE MOC,https://api.tjsp.jus.br/Handlers/Handler/FileFetch.ashx?codigo=156766
2025,municipal,MUNICÍPIO DE CANAS,3,1062101.56,0.00,0.00,1062101.56,PENDENTE,2024-07-04,44624,156766,TJSP DEPRE MOC,https://api.tjsp.jus.br/Handlers/Handler/FileFetch.ashx?codigo=156766
2025,municipal,MUNICÍPIO DE CÂNDIDO MOTA,24,1085530.71,0.00,84244.80,1169775.51,PENDENTE,2024-07-04,44624,156766,TJSP DEPRE MOC,https://api.tjsp.jus.br/Handlers/Handler/FileFetch.ashx?codigo=156766
2025,municipal,MUNICÍPIO DE CÂNDIDO RODRIGUES,3,246394.08,0.00,0.00,246394.08,PENDENTE,2024-07-04,44624,156766,TJSP DEPRE MOC,https://api.tjsp.jus.br/Handlers/Handler/FileFetch.ashx?codigo=156766
2025,municipal,MUNICÍPIO DE CANITAR,6,76226.26,0.00,248326.04,324552.30,PENDENTE,2024-07-04,44624,156766,TJSP DEPRE MOC,https://api.tjsp.jus.br/Handlers/Handler/FileFetch.ashx?codigo=156766
2025,municipal,MUNICÍPIO DE CAPÃO BONITO,3,0.00,0.00,348022.52,348022.52,PENDENTE,2024-07-04,44624,156766,TJSP DEPRE MOC,https://api.tjsp.jus.br/Handlers/Handler/FileFetch.ashx?codigo=156766
2025,municipal,MUNICÍPIO DE CAPELA DO ALTO,1,27766.31,0.00,0.00,27766.31,PENDENTE,2024-07-04,44624,156766,TJSP DEPRE MOC,https://api.tjsp.jus.br/Handlers/Handler/FileFetch.ashx?codigo=156766
2025,municipal,MUNICÍPIO DE CAPIVARI,5,220916.03,0.00,45594.76,266510.79,PENDENTE,2024-07-04,44624,156766,TJSP DEPRE MOC,https://api.tjsp.jus.br/Handlers/Handler/FileFetch.ashx?codigo=156766
2025,municipal,MUNICÍPIO DE CARAGUATATUBA,14,1115190.00,189759.49,505163.74,1810113.23,PENDENTE,2024-07-04,44624,156766,TJSP DEPRE MOC,https://api.tjsp.jus.br/Handlers/Handler/FileFetch.ashx?codigo=156766
2025,municipal,MUNICÍPIO DE CARAPICUÍBA,30,2900932.78,582944.88,160750853.62,164234731.28,PENDENTE,2024-07-04,44624,156766,TJSP DEPRE MOC,https://api.tjsp.jus.br/Handlers/Handler/FileFetch.ashx?codigo=156766
2025,municipal,MUNICÍPIO DE CARDOSO,19,773916.35,0.00,388934.20,1162850.55,PENDENTE,2024-07-04,44624,156766,TJSP DEPRE MOC,https://api.tjsp.jus.br/Handlers/Handler/FileFetch.ashx?codigo=156766
2025,municipal,MUNICÍPIO DE CASA BRANCA,3,72961.75,0.00,67788.85,140750.60,PENDENTE,2024-07-04,44624,156766,TJSP DEPRE MOC,https://api.tjsp.jus.br/Handlers/Handler/FileFetch.ashx?codigo=156766
2025,municipal,MUNICÍPIO DE CÁSSIA DOS COQUEIROS,2,0.00,0.00,80192.32,80192.32,PENDENTE,2024-07-04,44624,156766,TJSP DEPRE MOC,https://api.tjsp.jus.br/Handlers/Handler/FileFetch.ashx?codigo=156766
2025,municipal,MUNICÍPIO DE CASTILHO,2,122284.10,0.00,0.00,122284.10,PENDENTE,2024-07-04,44624,156766,TJSP DEPRE MOC,https://api.tjsp.jus.br/Handlers/Handler/FileFetch.ashx?codigo=156766
2025,municipal,MUNICÍPIO DE CATANDUVA,64,6784421.96,2773199.22,17023119.13,26580740.31,PENDENTE,2024-07-04,44624,156766,TJSP DEPRE MOC,https://api.tjsp.jus.br/Handlers/Handler/FileFetch.ashx?codigo=156766
2025,municipal,MUNICÍPIO DE CATIGUÁ,5,90851.97,0.00,0.00,90851.97,PENDENTE,2024-07-04,44624,156766,TJSP DEPRE MOC,https://api.tjsp.jus.br/Handlers/Handler/FileFetch.ashx?codigo=156766
2025,municipal,MUNICÍPIO DE CEDRAL,1,33011.67,0.00,0.00,33011.67,PENDENTE,2024-07-04,44624,156766,TJSP DEPRE MOC,https://api.tjsp.jus.br/Handlers/Handler/FileFetch.ashx?codigo=156766
2025,municipal,MUNICÍPIO DE CERQUEIRA CÉSAR,12,3070091.63,0.00,71824.22,3141915.85,PENDENTE,2024-07-04,44624,156766,TJSP DEPRE MOC,https://api.tjsp.jus.br/Handlers/Handler/FileFetch.ashx?codigo=156766
2025,municipal,MUNICÍPIO DE CERQUILHO,14,2184047.06,0.00,91703.37,2275750.43,PENDENTE,2024-07-04,44624,156766,TJSP DEPRE MOC,https://api.tjsp.jus.br/Handlers/Handler/FileFetch.ashx?codigo=156766
2025,municipal,MUNICÍPIO DE CESÁRIO LANGE,31,77742.83,0.00,375164.55,452907.38,PENDENTE,2024-07-04,44624,156766,TJSP DEPRE MOC,https://api.tjsp.jus.br/Handlers/Handler/FileFetch.ashx?codigo=156766
2025,municipal,MUNICÍPIO DE CHAVANTES,44,1587773.56,0.00,0.00,1587773.56,PENDENTE,2024-07-04,44624,156766,TJSP DEPRE MOC,https://api.tjsp.jus.br/Handlers/Handler/FileFetch.ashx?codigo=156766
2025,municipal,MUNICÍPIO DE CLEMENTINA,3,1424496.96,0.00,0.00,1424496.96,PENDENTE,2024-07-04,44624,156766,TJSP DEPRE MOC,https://api.tjsp.jus.br/Handlers/Handler/FileFetch.ashx?codigo=156766
2025,municipal,MUNICÍPIO DE COLINA,1,6424.77,0.00,0.00,6424.77,PENDENTE,2024-07-04,44624,156766,TJSP DEPRE MOC,https://api.tjsp.jus.br/Handlers/Handler/FileFetch.ashx?codigo=156766
2025,municipal,MUNICÍPIO DE CONCHAL,14,783206.21,0.00,9181473.95,9964680.16,PENDENTE,2024-07-04,44624,156766,TJSP DEPRE MOC,https://api.tjsp.jus.br/Handlers/Handler/FileFetch.ashx?codigo=156766
2025,municipal,MUNICÍPIO DE CONCHAS,8,77527.91,0.00,681898.72,759426.63,PENDENTE,2024-07-04,44624,156766,TJSP DEPRE MOC,https://api.tjsp.jus.br/Handlers/Handler/FileFetch.ashx?codigo=156766
2025,municipal,MUNICÍPIO DE CORDEIRÓPOLIS,2,91415.49,0.00,152935.36,244350.85,PENDENTE,2024-07-04,44624,156766,TJSP DEPRE MOC,https://api.tjsp.jus.br/Handlers/Handler/FileFetch.ashx?codigo=156766
2025,municipal,MUNICÍPIO DE CORONEL MACEDO,11,192558.29,24384.18,131387.06,348329.53,PENDENTE,2024-07-04,44624,156766,TJSP DEPRE MOC,https://api.tjsp.jus.br/Handlers/Handler/FileFetch.ashx?codigo=156766
2025,municipal,MUNICÍPIO DE COSMÓPOLIS,4,0.00,0.00,174452.16,174452.16,PENDENTE,2024-07-04,44624,156766,TJSP DEPRE MOC,https://api.tjsp.jus.br/Handlers/Handler/FileFetch.ashx?codigo=156766
2025,municipal,MUNICÍPIO DE COSMORAMA,5,75105.05,0.00,230161.52,305266.57,PENDENTE,2024-07-04,44624,156766,TJSP DEPRE MOC,https://api.tjsp.jus.br/Handlers/Handler/FileFetch.ashx?codigo=156766
2025,municipal,MUNICÍPIO DE COTIA,140,6877537.45,0.00,6665937.23,13543474.68,PENDENTE,2024-07-04,44624,156766,TJSP DEPRE MOC,https://api.tjsp.jus.br/Handlers/Handler/FileFetch.ashx?codigo=156766
2025,municipal,MUNICÍPIO DE CRAVINHOS,3,226248.10,0.00,0.00,226248.10,PENDENTE,2024-07-04,44624,156766,TJSP DEPRE MOC,https://api.tjsp.jus.br/Handlers/Handler/FileFetch.ashx?codigo=156766
2025,municipal,MUNICÍPIO DE CRISTAIS PAULISTA,3,0.00,0.00,222254.40,222254.40,PENDENTE,2024-07-04,44624,156766,TJSP DEPRE MOC,https://api.tjsp.jus.br/Handlers/Handler/FileFetch.ashx?codigo=156766
2025,municipal,MUNICÍPIO DE CRISTALINA - GO,2,22148.27,0.00,232876.83,255025.10,PENDENTE,2024-07-04,44624,156766,TJSP DEPRE MOC,https://api.tjsp.jus.br/Handlers/Handler/FileFetch.ashx?codigo=156766
2025,municipal,MUNICÍPIO DE CRUZEIRO,50,1913382.00,0.00,1523552.49,3436934.49,PENDENTE,2024-07-04,44624,156766,TJSP DEPRE MOC,https://api.tjsp.jus.br/Handlers/Handler/FileFetch.ashx?codigo=156766
2025,municipal,MUNICÍPIO DE CUBATÃO,195,22596459.73,0.00,12865108.39,35461568.12,PENDENTE,2024-07-04,44624,156766,TJSP DEPRE MOC,https://api.tjsp.jus.br/Handlers/Handler/FileFetch.ashx?codigo=156766
2025,municipal,MUNICÍPIO DE CUNHA,3,53176.60,555821.15,27147.50,636145.25,PENDENTE,2024-07-04,44624,156766,TJSP DEPRE MOC,https://api.tjsp.jus.br/Handlers/Handler/FileFetch.ashx?codigo=156766
2025,municipal,MUNICÍPIO DE DESCALVADO,4,46347.44,0.00,48073.83,94421.27,PENDENTE,2024-07-04,44624,156766,TJSP DEPRE MOC,https://api.tjsp.jus.br/Handlers/Handler/FileFetch.ashx?codigo=156766
2025,municipal,MUNICÍPIO DE DIADEMA,72,3071278.46,8811544.19,9202268.44,21085091.09,PENDENTE,2024-07-04,44624,156766,TJSP DEPRE MOC,https://api.tjsp.jus.br/Handlers/Handler/FileFetch.ashx?codigo=156766
2025,municipal,MUNICÍPIO DE DIRCE REIS,12,668405.89,0.00,0.00,668405.89,PENDENTE,2024-07-04,44624,156766,TJSP DEPRE MOC,https://api.tjsp.jus.br/Handlers/Handler/FileFetch.ashx?codigo=156766
2025,municipal,MUNICÍPIO DE DIVINOLÂNDIA,69,1914807.47,0.00,0.00,1914807.47,PENDENTE,2024-07-04,44624,156766,TJSP DEPRE MOC,https://api.tjsp.jus.br/Handlers/Handler/FileFetch.ashx?codigo=156766
2025,municipal,MUNICÍPIO DE DOBRADA,2,22334.07,0.00,21465.01,43799.08,PENDENTE,2024-07-04,44624,156766,TJSP DEPRE MOC,https://api.tjsp.jus.br/Handlers/Handler/FileFetch.ashx?codigo=156766
2025,municipal,MUNICÍPIO DE DOIS CÓRREGOS,4,256050.44,0.00,270641.79,526692.23,PENDENTE,2024-07-04,44624,156766,TJSP DEPRE MOC,https://api.tjsp.jus.br/Handlers/Handler/FileFetch.ashx?codigo=156766
2025,municipal,MUNICÍPIO DE DOLCINÓPOLIS,1,141009.32,0.00,0.00,141009.32,PENDENTE,2024-07-04,44624,156766,TJSP DEPRE MOC,https://api.tjsp.jus.br/Handlers/Handler/FileFetch.ashx?codigo=156766
2025,municipal,MUNICÍPIO DE DOURADO,3,0.00,0.00,433663.83,433663.83,PENDENTE,2024-07-04,44624,156766,TJSP DEPRE MOC,https://api.tjsp.jus.br/Handlers/Handler/FileFetch.ashx?codigo=156766
2025,municipal,MUNICÍPIO DE DRACENA,30,880609.49,0.00,36717.79,917327.28,PENDENTE,2024-07-04,44624,156766,TJSP DEPRE MOC,https://api.tjsp.jus.br/Handlers/Handler/FileFetch.ashx?codigo=156766
2025,municipal,MUNICÍPIO DE DUARTINA,2,285030.57,0.00,92990.62,378021.19,PENDENTE,2024-07-04,44624,156766,TJSP DEPRE MOC,https://api.tjsp.jus.br/Handlers/Handler/FileFetch.ashx?codigo=156766
2025,municipal,MUNICÍPIO DE ECHAPORÃ,6,83023.21,0.00,351445.21,434468.42,PENDENTE,2024-07-04,44624,156766,TJSP DEPRE MOC,https://api.tjsp.jus.br/Handlers/Handler/FileFetch.ashx?codigo=156766
2025,municipal,MUNICÍPIO DE ELDORADO,20,968994.46,0.00,1032274.78,2001269.24,PENDENTE,2024-07-04,44624,156766,TJSP DEPRE MOC,https://api.tjsp.jus.br/Handlers/Handler/FileFetch.ashx?codigo=156766
2025,municipal,MUNICÍPIO DE ELIAS FAUSTO,6,0.00,0.00,127986.93,127986.93,PENDENTE,2024-07-04,44624,156766,TJSP DEPRE MOC,https://api.tjsp.jus.br/Handlers/Handler/FileFetch.ashx?codigo=156766
2025,municipal,MUNICÍPIO DE ELISIÁRIO,2,0.00,1369923.32,0.00,1369923.32,PENDENTE,2024-07-04,44624,156766,TJSP DEPRE MOC,https://api.tjsp.jus.br/Handlers/Handler/FileFetch.ashx?codigo=156766
2025,municipal,MUNICÍPIO DE EMBU DAS ARTES,10,1140987.92,5234123.77,611247.12,6986358.81,PENDENTE,2024-07-04,44624,156766,TJSP DEPRE MOC,https://api.tjsp.jus.br/Handlers/Handler/FileFetch.ashx?codigo=156766
2025,municipal,MUNICÍPIO DE EMBU-GUAÇU,14,2005315.99,61750.70,191211.53,2258278.22,PENDENTE,2024-07-04,44624,156766,TJSP DEPRE MOC,https://api.tjsp.jus.br/Handlers/Handler/FileFetch.ashx?codigo=156766
2025,municipal,MUNICÍPIO DE ENGENHEIRO COELHO,4,99870.71,0.00,329828.75,429699.46,PENDENTE,2024-07-04,44624,156766,TJSP DEPRE MOC,https://api.tjsp.jus.br/Handlers/Handler/FileFetch.ashx?codigo=156766
2025,municipal,MUNICÍPIO DE ESPÍRITO SANTO DO PINHAL,6,88501.26,139123.09,278907.38,506531.73,PENDENTE,2024-07-04,44624,156766,TJSP DEPRE MOC,https://api.tjsp.jus.br/Handlers/Handler/FileFetch.ashx?codigo=156766
2025,municipal,MUNICÍPIO DE ESPÍRITO SANTO DO TURVO,1,0.00,0.00,59496.52,59496.52,PENDENTE,2024-07-04,44624,156766,TJSP DEPRE MOC,https://api.tjsp.jus.br/Handlers/Handler/FileFetch.ashx?codigo=156766
2025,municipal,MUNICÍPIO DE ESTIVA GERBI,1,0.00,0.00,689180.59,689180.59,PENDENTE,2024-07-04,44624,156766,TJSP DEPRE MOC,https://api.tjsp.jus.br/Handlers/Handler/FileFetch.ashx?codigo=156766
2025,municipal,MUNICÍPIO DE ESTRELA D'OESTE,2,53175.12,0.00,0.00,53175.12,PENDENTE,2024-07-04,44624,156766,TJSP DEPRE MOC,https://api.tjsp.jus.br/Handlers/Handler/FileFetch.ashx?codigo=156766
2025,municipal,MUNICÍPIO DE ESTRELA DO NORTE,2,0.00,0.00,103236.22,103236.22,PENDENTE,2024-07-04,44624,156766,TJSP DEPRE MOC,https://api.tjsp.jus.br/Handlers/Handler/FileFetch.ashx?codigo=156766
2025,municipal,MUNICÍPIO DE EUCLIDES DA CUNHA PAULISTA,8,126691.59,0.00,188491.97,315183.56,PENDENTE,2024-07-04,44624,156766,TJSP DEPRE MOC,https://api.tjsp.jus.br/Handlers/Handler/FileFetch.ashx?codigo=156766
2025,municipal,MUNICÍPIO DE FARTURA,4,191353.07,0.00,0.00,191353.07,PENDENTE,2024-07-04,44624,156766,TJSP DEPRE MOC,https://api.tjsp.jus.br/Handlers/Handler/FileFetch.ashx?codigo=156766
2025,municipal,MUNICÍPIO DE FERNANDO PRESTES,5,170603.05,0.00,0.00,170603.05,PENDENTE,2024-07-04,44624,156766,TJSP DEPRE MOC,https://api.tjsp.jus.br/Handlers/Handler/FileFetch.ashx?codigo=156766
2025,municipal,MUNICÍPIO DE FERNANDÓPOLIS,59,1712252.23,331805.13,210403.52,2254460.88,PENDENTE,2024-07-04,44624,156766,TJSP DEPRE MOC,https://api.tjsp.jus.br/Handlers/Handler/FileFetch.ashx?codigo=156766
2025,municipal,MUNICÍPIO DE FERRAZ DE VASCONCELOS,73,4256940.20,0.00,9697469.06,13954409.26,PENDENTE,2024-07-04,44624,156766,TJSP DEPRE MOC,https://api.tjsp.jus.br/Handlers/Handler/FileFetch.ashx?codigo=156766
2025,municipal,MUNICÍPIO DE FLORA RICA,1,29400.00,0.00,0.00,29400.00,PENDENTE,2024-07-04,44624,156766,TJSP DEPRE MOC,https://api.tjsp.jus.br/Handlers/Handler/FileFetch.ashx?codigo=156766
2025,municipal,MUNICÍPIO DE FLORÍNEA,1,0.00,0.00,100271.04,100271.04,PENDENTE,2024-07-04,44624,156766,TJSP DEPRE MOC,https://api.tjsp.jus.br/Handlers/Handler/FileFetch.ashx?codigo=156766
2025,municipal,MUNICÍPIO DE FRANCA,29,2111580.28,0.00,895778.69,3007358.97,PENDENTE,2024-07-04,44624,156766,TJSP DEPRE MOC,https://api.tjsp.jus.br/Handlers/Handler/FileFetch.ashx?codigo=156766
2025,municipal,MUNICÍPIO DE FRANCISCO MORATO,16,1728216.34,0.00,699256.01,2427472.35,PENDENTE,2024-07-04,44624,156766,TJSP DEPRE MOC,https://api.tjsp.jus.br/Handlers/Handler/FileFetch.ashx?codigo=156766
2025,municipal,MUNICÍPIO DE FRANCO DA ROCHA,6,534116.18,0.00,3895889.76,4430005.94,PENDENTE,2024-07-04,44624,156766,TJSP DEPRE MOC,https://api.tjsp.jus.br/Handlers/Handler/FileFetch.ashx?codigo=156766
2025,municipal,MUNICÍPIO DE GARÇA,3,122458.71,0.00,0.00,122458.71,PENDENTE,2024-07-04,44624,156766,TJSP DEPRE MOC,https://api.tjsp.jus.br/Handlers/Handler/FileFetch.ashx?codigo=156766
2025,municipal,MUNICÍPIO DE GAVIÃO PEIXOTO,1,215143.48,0.00,0.00,215143.48,PENDENTE,2024-07-04,44624,156766,TJSP DEPRE MOC,https://api.tjsp.jus.br/Handlers/Handler/FileFetch.ashx?codigo=156766
2025,municipal,MUNICÍPIO DE GENERAL SALGADO,11,191755.39,0.00,52684.27,244439.66,PENDENTE,2024-07-04,44624,156766,TJSP DEPRE MOC,https://api.tjsp.jus.br/Handlers/Handler/FileFetch.ashx?codigo=156766
2025,municipal,MUNICÍPIO DE GLICÉRIO,1,0.00,0.00,64787.73,64787.73,PENDENTE,2024-07-04,44624,156766,TJSP DEPRE MOC,https://api.tjsp.jus.br/Handlers/Handler/FileFetch.ashx?codigo=156766
2025,municipal,MUNICÍPIO DE GUAIÇARA,1,65122.73,0.00,0.00,65122.73,PENDENTE,2024-07-04,44624,156766,TJSP DEPRE MOC,https://api.tjsp.jus.br/Handlers/Handler/FileFetch.ashx?codigo=156766
2025,municipal,MUNICÍPIO DE GUAIMBÊ,6,380345.63,0.00,464331.57,844677.20,PENDENTE,2024-07-04,44624,156766,TJSP DEPRE MOC,https://api.tjsp.jus.br/Handlers/Handler/FileFetch.ashx?codigo=156766
2025,municipal,MUNICÍPIO DE GUAÍRA,3,0.00,479504.76,113020.24,592525.00,PENDENTE,2024-07-04,44624,156766,TJSP DEPRE MOC,https://api.tjsp.jus.br/Handlers/Handler/FileFetch.ashx?codigo=156766
2025,municipal,MUNICÍPIO DE GUAMARÉ - RN,2,57939.16,0.00,0.00,57939.16,PENDENTE,2024-07-04,44624,156766,TJSP DEPRE MOC,https://api.tjsp.jus.br/Handlers/Handler/FileFetch.ashx?codigo=156766
2025,municipal,MUNICÍPIO DE GUAPIARA,3,75581.23,0.00,0.00,75581.23,PENDENTE,2024-07-04,44624,156766,TJSP DEPRE MOC,https://api.tjsp.jus.br/Handlers/Handler/FileFetch.ashx?codigo=156766
2025,municipal,MUNICÍPIO DE GUARÁ,6,88439.78,0.00,358900.91,447340.69,PENDENTE,2024-07-04,44624,156766,TJSP DEPRE MOC,https://api.tjsp.jus.br/Handlers/Handler/FileFetch.ashx?codigo=156766
2025,municipal,MUNICÍPIO DE GUARACI,7,333587.26,90854.36,20203.11,444644.73,PENDENTE,2024-07-04,44624,156766,TJSP DEPRE MOC,https://api.tjsp.jus.br/Handlers/Handler/FileFetch.ashx?codigo=156766
2025,municipal,MUNICÍPIO DE GUARANI D'OESTE,3,57772.36,0.00,0.00,57772.36,PENDENTE,2024-07-04,44624,156766,TJSP DEPRE MOC,https://api.tjsp.jus.br/Handlers/Handler/FileFetch.ashx?codigo=156766
2025,municipal,MUNICÍPIO DE GUARANTÃ,2,108623.39,0.00,0.00,108623.39,PENDENTE,2024-07-04,44624,156766,TJSP DEPRE MOC,https://api.tjsp.jus.br/Handlers/Handler/FileFetch.ashx?codigo=156766
2025,municipal,MUNICÍPIO DE GUARAREMA,17,261976.24,3331321.33,98840.59,3692138.16,PENDENTE,2024-07-04,44624,156766,TJSP DEPRE MOC,https://api.tjsp.jus.br/Handlers/Handler/FileFetch.ashx?codigo=156766
2025,municipal,MUNICÍPIO DE GUARATINGUETÁ,3,27922.04,0.00,30576.75,58498.79,PENDENTE,2024-07-04,44624,156766,TJSP DEPRE MOC,https://api.tjsp.jus.br/Handlers/Handler/FileFetch.ashx?codigo=156766
2025,municipal,MUNICÍPIO DE GUAREÍ,3,498905.56,0.00,0.00,498905.56,PENDENTE,2024-07-04,44624,156766,TJSP DEPRE MOC,https://api.tjsp.jus.br/Handlers/Handler/FileFetch.ashx?codigo=156766
2025,municipal,MUNICÍPIO DE GUARIBA,1,18742.24,0.00,0.00,18742.24,PENDENTE,2024-07-04,44624,156766,TJSP DEPRE MOC,https://api.tjsp.jus.br/Handlers/Handler/FileFetch.ashx?codigo=156766
2025,municipal,MUNICÍPIO DE GUARUJÁ,38,1668753.96,0.00,311865532.87,313534286.83,PENDENTE,2024-07-04,44624,156766,TJSP DEPRE MOC,https://api.tjsp.jus.br/Handlers/Handler/FileFetch.ashx?codigo=156766
2025,municipal,MUNICÍPIO DE GUARULHOS,220,27084521.55,46983591.50,46371888.62,120440001.67,PENDENTE,2024-07-04,44624,156766,TJSP DEPRE MOC,https://api.tjsp.jus.br/Handlers/Handler/FileFetch.ashx?codigo=156766
2025,municipal,MUNICÍPIO DE GUATAPARÁ,2,0.00,0.00,297023.83,297023.83,PENDENTE,2024-07-04,44624,156766,TJSP DEPRE MOC,https://api.tjsp.jus.br/Handlers/Handler/FileFetch.ashx?codigo=156766
2025,municipal,MUNICÍPIO DE HOLAMBRA,6,529643.51,0.00,124325.80,653969.31,PENDENTE,2024-07-04,44624,156766,TJSP DEPRE MOC,https://api.tjsp.jus.br/Handlers/Handler/FileFetch.ashx?codigo=156766
2025,municipal,MUNICÍPIO DE HORTOLÂNDIA,26,2665228.87,0.00,407721.18,3072950.05,PENDENTE,2024-07-04,44624,156766,TJSP DEPRE MOC,https://api.tjsp.jus.br/Handlers/Handler/FileFetch.ashx?codigo=156766
2025,municipal,MUNICÍPIO DE IACANGA,4,42809.13,0.00,210825.09,253634.22,PENDENTE,2024-07-04,44624,156766,TJSP DEPRE MOC,https://api.tjsp.jus.br/Handlers/Handler/FileFetch.ashx?codigo=156766
2025,municipal,MUNICÍPIO DE IACRI,6,319505.74,0.00,0.00,319505.74,PENDENTE,2024-07-04,44624,156766,TJSP DEPRE MOC,https://api.tjsp.jus.br/Handlers/Handler/FileFetch.ashx?codigo=156766
2025,municipal,MUNICÍPIO DE IBATÉ,4,20781.92,0.00,75194.59,95976.51,PENDENTE,2024-07-04,44624,156766,TJSP DEPRE MOC,https://api.tjsp.jus.br/Handlers/Handler/FileFetch.ashx?codigo=156766
2025,municipal,MUNICÍPIO DE IBIRÁ,6,348435.89,0.00,60402.60,408838.49,PENDENTE,2024-07-04,44624,156766,TJSP DEPRE MOC,https://api.tjsp.jus.br/Handlers/Handler/FileFetch.ashx?codigo=156766
2025,municipal,MUNICÍPIO DE IBIRAREMA,5,624852.62,0.00,15957.04,640809.66,PENDENTE,2024-07-04,44624,156766,TJSP DEPRE MOC,https://api.tjsp.jus.br/Handlers/Handler/FileFetch.ashx?codigo=156766
2025,municipal,MUNICÍPIO DE IBITINGA,7,16342.22,528446.74,164521.74,709310.70,PENDENTE,2024-07-04,44624,156766,TJSP DEPRE MOC,https://api.tjsp.jus.br/Handlers/Handler/FileFetch.ashx?codigo=156766
2025,municipal,MUNICÍPIO DE IBIÚNA,29,764551.47,0.00,4633564.39,5398115.86,PENDENTE,2024-07-04,44624,156766,TJSP DEPRE MOC,https://api.tjsp.jus.br/Handlers/Handler/FileFetch.ashx?codigo=156766
2025,municipal,MUNICÍPIO DE ICÉM,9,94219.70,0.00,583027.63,677247.33,PENDENTE,2024-07-04,44624,156766,TJSP DEPRE MOC,https://api.tjsp.jus.br/Handlers/Handler/FileFetch.ashx?codigo=156766
2025,municipal,MUNICÍPIO DE IEPÊ,2,65498.75,0.00,0.00,65498.75,PENDENTE,2024-07-04,44624,156766,TJSP DEPRE MOC,https://api.tjsp.jus.br/Handlers/Handler/FileFetch.ashx?codigo=156766
2025,municipal,MUNICÍPIO DE IGARAÇU DO TIETÊ,77,875334.39,0.00,213216.88,1088551.27,PENDENTE,2024-07-04,44624,156766,TJSP DEPRE MOC,https://api.tjsp.jus.br/Handlers/Handler/FileFetch.ashx?codigo=156766
2025,municipal,MUNICÍPIO DE IGARAPAVA,18,900275.98,0.00,152831.09,1053107.07,PENDENTE,2024-07-04,44624,156766,TJSP DEPRE MOC,https://api.tjsp.jus.br/Handlers/Handler/FileFetch.ashx?codigo=156766
2025,municipal,MUNICÍPIO DE IGARATÁ,5,49039.64,699641.50,37947.14,786628.28,PENDENTE,2024-07-04,44624,156766,TJSP DEPRE MOC,https://api.tjsp.jus.br/Handlers/Handler/FileFetch.ashx?codigo=156766
2025,municipal,MUNICÍPIO DE IGUAPE,4,10630.08,7406300.54,1418101.40,8835032.02,PENDENTE,2024-07-04,44624,156766,TJSP DEPRE MOC,https://api.tjsp.jus.br/Handlers/Handler/FileFetch.ashx?codigo=156766
2025,municipal,MUNICÍPIO DE ILHA COMPRIDA,2,0.00,0.00,186571.63,186571.63,PENDENTE,2024-07-04,44624,156766,TJSP DEPRE MOC,https://api.tjsp.jus.br/Handlers/Handler/FileFetch.ashx?codigo=156766
2025,municipal,MUNICÍPIO DE ILHA SOLTEIRA,21,757458.76,0.00,230608.18,988066.94,PENDENTE,2024-07-04,44624,156766,TJSP DEPRE MOC,https://api.tjsp.jus.br/Handlers/Handler/FileFetch.ashx?codigo=156766
2025,municipal,MUNICÍPIO DE ILHABELA,12,388113.66,0.00,382845.25,770958.91,PENDENTE,2024-07-04,44624,156766,TJSP DEPRE MOC,https://api.tjsp.jus.br/Handlers/Handler/FileFetch.ashx?codigo=156766
2025,municipal,MUNICÍPIO DE INDAIATUBA,8,241943.91,8742779.93,1393080.29,10377804.13,PENDENTE,2024-07-04,44624,156766,TJSP DEPRE MOC,https://api.tjsp.jus.br/Handlers/Handler/FileFetch.ashx?codigo=156766
2025,municipal,MUNICÍPIO DE INDIANA,2,41052.86,0.00,22291.64,63344.50,PENDENTE,2024-07-04,44624,156766,TJSP DEPRE MOC,https://api.tjsp.jus.br/Handlers/Handler/FileFetch.ashx?codigo=156766
2025,municipal,MUNICÍPIO DE INDIAPORÃ,2,0.00,0.00,55826.67,55826.67,PENDENTE,2024-07-04,44624,156766,TJSP DEPRE MOC,https://api.tjsp.jus.br/Handlers/Handler/FileFetch.ashx?codigo=156766
2025,municipal,MUNICÍPIO DE IPAUSSU,2,67953.68,0.00,181181.91,249135.59,PENDENTE,2024-07-04,44624,156766,TJSP DEPRE MOC,https://api.tjsp.jus.br/Handlers/Handler/FileFetch.ashx?codigo=156766
2025,municipal,MUNICÍPIO DE IPERÓ,2,0.00,579095.99,0.00,579095.99,PENDENTE,2024-07-04,44624,156766,TJSP DEPRE MOC,https://api.tjsp.jus.br/Handlers/Handler/FileFetch.ashx?codigo=156766
2025,municipal,MUNICÍPIO DE IPIGUÁ,3,342679.18,0.00,84804.69,427483.87,PENDENTE,2024-07-04,44624,156766,TJSP DEPRE MOC,https://api.tjsp.jus.br/Handlers/Handler/FileFetch.ashx?codigo=156766
2025,municipal,MUNICÍPIO DE IPORANGA,8,289511.06,0.00,36287.51,325798.57,PENDENTE,2024-07-04,44624,156766,TJSP DEPRE MOC,https://api.tjsp.jus.br/Handlers/Handler/FileFetch.ashx?codigo=156766
2025,municipal,MUNICÍPIO DE IRACEMÁPOLIS,5,25347.04,0.00,306842.11,332189.15,PENDENTE,2024-07-04,44624,156766,TJSP DEPRE MOC,https://api.tjsp.jus.br/Handlers/Handler/FileFetch.ashx?codigo=156766
2025,municipal,MUNICÍPIO DE IRAPUÃ,3,0.00,0.00,142933.84,142933.84,PENDENTE,2024-07-04,44624,156766,TJSP DEPRE MOC,https://api.tjsp.jus.br/Handlers/Handler/FileFetch.ashx?codigo=156766
2025,municipal,MUNICÍPIO DE IRAPURU,15,506260.73,0.00,0.00,506260.73,PENDENTE,2024-07-04,44624,156766,TJSP DEPRE MOC,https://api.tjsp.jus.br/Handlers/Handler/FileFetch.ashx?codigo=156766
2025,municipal,MUNICÍPIO DE ITABERÁ,19,382196.14,0.00,506811.20,889007.34,PENDENTE,2024-07-04,44624,156766,TJSP DEPRE MOC,https://api.tjsp.jus.br/Handlers/Handler/FileFetch.ashx?codigo=156766
2025,municipal,MUNICÍPIO DE ITAÍ,9,767700.15,0.00,81551.03,849251.18,PENDENTE,2024-07-04,44624,156766,TJSP DEPRE MOC,https://api.tjsp.jus.br/Handlers/Handler/FileFetch.ashx?codigo=156766
2025,municipal,MUNICÍPIO DE ITAJOBI,4,316112.36,0.00,0.00,316112.36,PENDENTE,2024-07-04,44624,156766,TJSP DEPRE MOC,https://api.tjsp.jus.br/Handlers/Handler/FileFetch.ashx?codigo=156766
2025,municipal,MUNICÍPIO DE ITAJU,2,17808.69,0.00,180098.88,197907.57,PENDENTE,2024-07-04,44624,156766,TJSP DEPRE MOC,https://api.tjsp.jus.br/Handlers/Handler/FileFetch.ashx?codigo=156766
2025,municipal,MUNICÍPIO DE ITANHAÉM,37,2380429.41,0.00,196979.19,2577408.60,PENDENTE,2024-07-04,44624,156766,TJSP DEPRE MOC,https://api.tjsp.jus.br/Handlers/Handler/FileFetch.ashx?codigo=156766
2025,municipal,MUNICÍPIO DE ITAPECERICA DA SERRA,48,8514364.92,2142802.37,105401.68,10762568.97,PENDENTE,2024-07-04,44624,156766,TJSP DEPRE MOC,https://api.tjsp.jus.br/Handlers/Handler/FileFetch.ashx?codigo=156766
2025,municipal,MUNICÍPIO DE ITAPETININGA,215,12910946.40,983840.48,263265.17,14158052.05,PENDENTE,2024-07-04,44624,156766,TJSP DEPRE MOC,https://api.tjsp.jus.br/Handlers/Handler/FileFetch.ashx?codigo=156766
2025,municipal,MUNICÍPIO DE ITAPEVA,95,4474890.38,0.00,154819.93,4629710.31,PENDENTE,2024-07-04,44624,156766,TJSP DEPRE MOC,https://api.tjsp.jus.br/Handlers/Handler/FileFetch.ashx?codigo=156766
2025,municipal,MUNICÍPIO DE ITAPEVI,54,4728858.89,10050619.69,1442390.15,16221868.73,PENDENTE,2024-07-04,44624,156766,TJSP DEPRE MOC,https://api.tjsp.jus.br/Handlers/Handler/FileFetch.ashx?codigo=156766
2025,municipal,MUNICÍPIO DE ITAPIRA,51,2713603.20,0.00,855656.42,3569259.62,PENDENTE,2024-07-04,44624,156766,TJSP DEPRE MOC,https://api.tjsp.jus.br/Handlers/Handler/FileFetch.ashx?codigo=156766
2025,municipal,MUNICÍPIO DE ITAPIRAPUÃ PAULISTA,2,0.00,0.00,803221.40,803221.40,PENDENTE,2024-07-04,44624,156766,TJSP DEPRE MOC,https://api.tjsp.jus.br/Handlers/Handler/FileFetch.ashx?codigo=156766
2025,municipal,MUNICÍPIO DE ITÁPOLIS,14,52997.40,0.00,589144.10,642141.50,PENDENTE,2024-07-04,44624,156766,TJSP DEPRE MOC,https://api.tjsp.jus.br/Handlers/Handler/FileFetch.ashx?codigo=156766
2025,municipal,MUNICÍPIO DE ITAPORANGA,1,189908.41,0.00,0.00,189908.41,PENDENTE,2024-07-04,44624,156766,TJSP DEPRE MOC,https://api.tjsp.jus.br/Handlers/Handler/FileFetch.ashx?codigo=156766
2025,municipal,MUNICÍPIO DE ITAPUÍ,1,16327.69,0.00,0.00,16327.69,PENDENTE,2024-07-04,44624,156766,TJSP DEPRE MOC,https://api.tjsp.jus.br/Handlers/Handler/FileFetch.ashx?codigo=156766
2025,municipal,MUNICÍPIO DE ITAQUAQUECETUBA,14,151698.14,0.00,59858260.64,60009958.78,PENDENTE,2024-07-04,44624,156766,TJSP DEPRE MOC,https://api.tjsp.jus.br/Handlers/Handler/FileFetch.ashx?codigo=156766
2025,municipal,MUNICÍPIO DE ITARARÉ,37,1319382.44,0.00,594672.29,1914054.73,PENDENTE,2024-07-04,44624,156766,TJSP DEPRE MOC,https://api.tjsp.jus.br/Handlers/Handler/FileFetch.ashx?codigo=156766
2025,municipal,MUNICÍPIO DE ITARIRI,1,0.00,0.00,21668.47,21668.47,PENDENTE,2024-07-04,44624,156766,TJSP DEPRE MOC,https://api.tjsp.jus.br/Handlers/Handler/FileFetch.ashx?codigo=156766
2025,municipal,MUNICÍPIO DE ITATIBA,36,263082.83,559293.90,1901828.05,2724204.78,PENDENTE,2024-07-04,44624,156766,TJSP DEPRE MOC,https://api.tjsp.jus.br/Handlers/Handler/FileFetch.ashx?codigo=156766
2025,municipal,MUNICÍPIO DE ITATINGA,7,283791.04,0.00,1121964.53,1405755.57,PENDENTE,2024-07-04,44624,156766,TJSP DEPRE MOC,https://api.tjsp.jus.br/Handlers/Handler/FileFetch.ashx?codigo=156766
2025,municipal,MUNICÍPIO DE ITIRAPINA,2,0.00,0.00,64962.10,64962.10,PENDENTE,2024-07-04,44624,156766,TJSP DEPRE MOC,https://api.tjsp.jus.br/Handlers/Handler/FileFetch.ashx?codigo=156766
2025,municipal,MUNICÍPIO DE ITOBI,2,23725.43,0.00,0.00,23725.43,PENDENTE,2024-07-04,44624,156766,TJSP DEPRE MOC,https://api.tjsp.jus.br/Handlers/Handler/FileFetch.ashx?codigo=156766
2025,municipal,MUNICÍPIO DE ITU,35,3377307.41,4633316.73,875509.58,8886133.72,PENDENTE,2024-07-04,44624,156766,TJSP DEPRE MOC,https://api.tjsp.jus.br/Handlers/Handler/FileFetch.ashx?codigo=156766
2025,municipal,MUNICÍPIO DE ITUPEVA,1,60678.16,0.00,0.00,60678.16,PENDENTE,2024-07-04,44624,156766,TJSP DEPRE MOC,https://api.tjsp.jus.br/Handlers/Handler/FileFetch.ashx?codigo=156766
2025,municipal,MUNICÍPIO DE ITUVERAVA,47,1403659.55,0.00,931867.42,2335526.97,PENDENTE,2024-07-04,44624,156766,TJSP DEPRE MOC,https://api.tjsp.jus.br/Handlers/Handler/FileFetch.ashx?codigo=156766
2025,municipal,MUNICÍPIO DE JABORANDI,2,10153.94,0.00,27428.95,37582.89,PENDENTE,2024-07-04,44624,156766,TJSP DEPRE MOC,https://api.tjsp.jus.br/Handlers/Handler/FileFetch.ashx?codigo=156766
2025,municipal,MUNICÍPIO DE JABOTICABAL,35,829160.39,34053.70,786973.08,1650187.17,PENDENTE,2024-07-04,44624,156766,TJSP DEPRE MOC,https://api.tjsp.jus.br/Handlers/Handler/FileFetch.ashx?codigo=156766
2025,municipal,MUNICÍPIO DE JACAREÍ,56,4055927.71,4376603.30,8909600.65,17342131.66,PENDENTE,2024-07-04,44624,156766,TJSP DEPRE MOC,https://api.tjsp.jus.br/Handlers/Handler/FileFetch.ashx?codigo=156766
2025,municipal,MUNICÍPIO DE JACI,2,35376.13,0.00,357707.62,393083.75,PENDENTE,2024-07-04,44624,156766,TJSP DEPRE MOC,https://api.tjsp.jus.br/Handlers/Handler/FileFetch.ashx?codigo=156766
2025,municipal,MUNICÍPIO DE JACUPIRANGA,2,240300.68,0.00,0.00,240300.68,PENDENTE,2024-07-04,44624,156766,TJSP DEPRE MOC,https://api.tjsp.jus.br/Handlers/Handler/FileFetch.ashx?codigo=156766
2025,municipal,MUNICÍPIO DE JAGUARIÚNA,24,843227.34,956696.08,3456776.83,5256700.25,PENDENTE,2024-07-04,44624,156766,TJSP DEPRE MOC,https://api.tjsp.jus.br/Handlers/Handler/FileFetch.ashx?codigo=156766
2025,municipal,MUNICÍPIO DE JAHU,60,1410174.20,474585.26,7806187.43,9690946.89,PENDENTE,2024-07-04,44624,156766,TJSP DEPRE MOC,https://api.tjsp.jus.br/Handlers/Handler/FileFetch.ashx?codigo=156766
2025,municipal,MUNICÍPIO DE JALES,206,7761114.59,1153939.61,485160.36,9400214.56,PENDENTE,2024-07-04,44624,156766,TJSP DEPRE MOC,https://api.tjsp.jus.br/Handlers/Handler/FileFetch.ashx?codigo=156766
2025,municipal,MUNICÍPIO DE JAMBEIRO,1,0.00,0.00,399697.53,399697.53,PENDENTE,2024-07-04,44624,156766,TJSP DEPRE MOC,https://api.tjsp.jus.br/Handlers/Handler/FileFetch.ashx?codigo=156766
2025,municipal,MUNICÍPIO DE JANDIRA,67,3850953.37,0.00,812341.76,4663295.13,PENDENTE,2024-07-04,44624,156766,TJSP DEPRE MOC,https://api.tjsp.jus.br/Handlers/Handler/FileFetch.ashx?codigo=156766
2025,municipal,MUNICÍPIO DE JARDINÓPOLIS,15,1021615.09,0.00,274487.75,1296102.84,PENDENTE,2024-07-04,44624,156766,TJSP DEPRE MOC,https://api.tjsp.jus.br/Handlers/Handler/FileFetch.ashx?codigo=156766
2025,municipal,MUNICÍPIO DE JARINU,4,92711.02,0.00,156786.10,249497.12,PENDENTE,2024-07-04,44624,156766,TJSP DEPRE MOC,https://api.tjsp.jus.br/Handlers/Handler/FileFetch.ashx?codigo=156766
2025,municipal,MUNICÍPIO DE JOANÓPOLIS,1,0.00,0.00,40223.21,40223.21,PENDENTE,2024-07-04,44624,156766,TJSP DEPRE MOC,https://api.tjsp.jus.br/Handlers/Handler/FileFetch.ashx?codigo=156766
2025,municipal,MUNICÍPIO DE JOÃO RAMALHO,4,95835.90,0.00,0.00,95835.90,PENDENTE,2024-07-04,44624,156766,TJSP DEPRE MOC,https://api.tjsp.jus.br/Handlers/Handler/FileFetch.ashx?codigo=156766
2025,municipal,MUNICÍPIO DE JOSÉ BONIFÁCIO,2,0.00,0.00,367826.31,367826.31,PENDENTE,2024-07-04,44624,156766,TJSP DEPRE MOC,https://api.tjsp.jus.br/Handlers/Handler/FileFetch.ashx?codigo=156766
2025,municipal,MUNICÍPIO DE JUMIRIM,2,27881.12,0.00,21769.94,49651.06,PENDENTE,2024-07-04,44624,156766,TJSP DEPRE MOC,https://api.tjsp.jus.br/Handlers/Handler/FileFetch.ashx?codigo=156766
2025,municipal,MUNICÍPIO DE JUNDIAÍ,94,7954419.11,11553759.39,4659550.08,24167728.58,PENDENTE,2024-07-04,44624,156766,TJSP DEPRE MOC,https://api.tjsp.jus.br/Handlers/Handler/FileFetch.ashx?codigo=156766
2025,municipal,MUNICÍPIO DE JUNQUEIRÓPOLIS,3,123329.79,0.00,0.00,123329.79,PENDENTE,2024-07-04,44624,156766,TJSP DEPRE MOC,https://api.tjsp.jus.br/Handlers/Handler/FileFetch.ashx?codigo=156766
2025,municipal,MUNICÍPIO DE JUQUIÁ,2,46932.53,0.00,13548.37,60480.90,PENDENTE,2024-07-04,44624,156766,TJSP DEPRE MOC,https://api.tjsp.jus.br/Handlers/Handler/FileFetch.ashx?codigo=156766
2025,municipal,MUNICÍPIO DE JUQUITIBA,9,1345674.37,262852.60,670950.14,2279477.11,PENDENTE,2024-07-04,44624,156766,TJSP DEPRE MOC,https://api.tjsp.jus.br/Handlers/Handler/FileFetch.ashx?codigo=156766
2025,municipal,MUNICÍPIO DE LARANJAL - PR,2,693630.40,0.00,0.00,693630.40,PENDENTE,2024-07-04,44624,156766,TJSP DEPRE MOC,https://api.tjsp.jus.br/Handlers/Handler/FileFetch.ashx?codigo=156766
2025,municipal,MUNICÍPIO DE LARANJAL PAULISTA,10,20140.95,350655.00,87742.23,458538.18,PENDENTE,2024-07-04,44624,156766,TJSP DEPRE MOC,https://api.tjsp.jus.br/Handlers/Handler/FileFetch.ashx?codigo=156766
2025,municipal,MUNICÍPIO DE LAVÍNIA,8,145491.64,0.00,70441.24,215932.88,PENDENTE,2024-07-04,44624,156766,TJSP DEPRE MOC,https://api.tjsp.jus.br/Handlers/Handler/FileFetch.ashx?codigo=156766
2025,municipal,MUNICÍPIO DE LEME,74,5408382.46,217638.45,1922181.69,7548202.60,PENDENTE,2024-07-04,44624,156766,TJSP DEPRE MOC,https://api.tjsp.jus.br/Handlers/Handler/FileFetch.ashx?codigo=156766
2025,municipal,MUNICÍPIO DE LIMEIRA,37,11973596.35,1679734.26,102544517.04,116197847.65,PENDENTE,2024-07-04,44624,156766,TJSP DEPRE MOC,https://api.tjsp.jus.br/Handlers/Handler/FileFetch.ashx?codigo=156766
2025,municipal,MUNICÍPIO DE LINDÓIA,10,476041.37,0.00,0.00,476041.37,PENDENTE,2024-07-04,44624,156766,TJSP DEPRE MOC,https://api.tjsp.jus.br/Handlers/Handler/FileFetch.ashx?codigo=156766
2025,municipal,MUNICÍPIO DE LINS,7,1682782.34,0.00,1774144.68,3456927.02,PENDENTE,2024-07-04,44624,156766,TJSP DEPRE MOC,https://api.tjsp.jus.br/Handlers/Handler/FileFetch.ashx?codigo=156766
2025,municipal,MUNICÍPIO DE LORENA,40,1513206.64,0.00,590063.23,2103269.87,PENDENTE,2024-07-04,44624,156766,TJSP DEPRE MOC,https://api.tjsp.jus.br/Handlers/Handler/FileFetch.ashx?codigo=156766
2025,municipal,MUNICÍPIO DE LOUVEIRA,35,1823964.82,0.00,1480623.54,3304588.36,PENDENTE,2024-07-04,44624,156766,TJSP DEPRE MOC,https://api.tjsp.jus.br/Handlers/Handler/FileFetch.ashx?codigo=156766
2025,municipal,MUNICÍPIO DE LUCÉLIA,8,114044.55,0.00,584217.38,698261.93,PENDENTE,2024-07-04,44624,156766,TJSP DEPRE MOC,https://api.tjsp.jus.br/Handlers/Handler/FileFetch.ashx?codigo=156766
2025,municipal,MUNICÍPIO DE LUIZ ANTÔNIO,5,442989.59,0.00,4134924.32,4577913.91,PENDENTE,2024-07-04,44624,156766,TJSP DEPRE MOC,https://api.tjsp.jus.br/Handlers/Handler/FileFetch.ashx?codigo=156766
2025,municipal,MUNICÍPIO DE LUIZIÂNIA,1,0.00,0.00,42091.85,42091.85,PENDENTE,2024-07-04,44624,156766,TJSP DEPRE MOC,https://api.tjsp.jus.br/Handlers/Handler/FileFetch.ashx?codigo=156766
2025,municipal,MUNICÍPIO DE LUPÉRCIO,2,24496.96,0.00,524791.85,549288.81,PENDENTE,2024-07-04,44624,156766,TJSP DEPRE MOC,https://api.tjsp.jus.br/Handlers/Handler/FileFetch.ashx?codigo=156766
2025,municipal,MUNICÍPIO DE MACATUBA,1,32454.20,0.00,0.00,32454.20,PENDENTE,2024-07-04,44624,156766,TJSP DEPRE MOC,https://api.tjsp.jus.br/Handlers/Handler/FileFetch.ashx?codigo=156766
2025,municipal,MUNICÍPIO DE MACAUBAL,9,266436.15,0.00,108547.30,374983.45,PENDENTE,2024-07-04,44624,156766,TJSP DEPRE MOC,https://api.tjsp.jus.br/Handlers/Handler/FileFetch.ashx?codigo=156766
2025,municipal,MUNICÍPIO DE MACEDÔNIA,1,0.00,0.00,43885.25,43885.25,PENDENTE,2024-07-04,44624,156766,TJSP DEPRE MOC,https://api.tjsp.jus.br/Handlers/Handler/FileFetch.ashx?codigo=156766
2025,municipal,MUNICÍPIO DE MAIRINQUE,30,992313.02,0.00,8620738.56,9613051.58,PENDENTE,2024-07-04,44624,156766,TJSP DEPRE MOC,https://api.tjsp.jus.br/Handlers/Handler/FileFetch.ashx?codigo=156766
2025,municipal,MUNICÍPIO DE MAIRIPORÃ,24,2341560.36,0.00,2331863.12,4673423.48,PENDENTE,2024-07-04,44624,156766,TJSP DEPRE MOC,https://api.tjsp.jus.br/Handlers/Handler/FileFetch.ashx?codigo=156766
2025,municipal,MUNICÍPIO DE MARABÁ PAULISTA,7,313675.36,0.00,237611.98,551287.34,PENDENTE,2024-07-04,44624,156766,TJSP DEPRE MOC,https://api.tjsp.jus.br/Handlers/Handler/FileFetch.ashx?codigo=156766
2025,municipal,MUNICÍPIO DE MARACAÍ,2,110263.17,0.00,37731.31,147994.48,PENDENTE,2024-07-04,44624,156766,TJSP DEPRE MOC,https://api.tjsp.jus.br/Handlers/Handler/FileFetch.ashx?codigo=156766
2025,municipal,MUNICÍPIO DE MARÍLIA,46,6077536.45,493894.56,37845555.38,44416986.39,PENDENTE,2024-07-04,44624,156766,TJSP DEPRE MOC,https://api.tjsp.jus.br/Handlers/Handler/FileFetch.ashx?codigo=156766
2025,municipal,MUNICÍPIO DE MARINGÁ - PR,1,55348.78,0.00,0.00,55348.78,PENDENTE,2024-07-04,44624,156766,TJSP DEPRE MOC,https://api.tjsp.jus.br/Handlers/Handler/FileFetch.ashx?codigo=156766
2025,municipal,MUNICÍPIO DE MARINÓPOLIS,4,58467.45,0.00,0.00,58467.45,PENDENTE,2024-07-04,44624,156766,TJSP DEPRE MOC,https://api.tjsp.jus.br/Handlers/Handler/FileFetch.ashx?codigo=156766
2025,municipal,MUNICÍPIO DE MARTINÓPOLIS,9,374749.78,0.00,411978.90,786728.68,PENDENTE,2024-07-04,44624,156766,TJSP DEPRE MOC,https://api.tjsp.jus.br/Handlers/Handler/FileFetch.ashx?codigo=156766
2025,municipal,MUNICÍPIO DE MATÃO,9,175904.11,0.00,958439.08,1134343.19,PENDENTE,2024-07-04,44624,156766,TJSP DEPRE MOC,https://api.tjsp.jus.br/Handlers/Handler/FileFetch.ashx?codigo=156766
2025,municipal,MUNICÍPIO DE MAUÁ,75,10043054.47,0.00,78623236.12,88666290.59,PENDENTE,2024-07-04,44624,156766,TJSP DEPRE MOC,https://api.tjsp.jus.br/Handlers/Handler/FileFetch.ashx?codigo=156766
2025,municipal,MUNICÍPIO DE MENDONÇA,1,210393.00,0.00,0.00,210393.00,PENDENTE,2024-07-04,44624,156766,TJSP DEPRE MOC,https://api.tjsp.jus.br/Handlers/Handler/FileFetch.ashx?codigo=156766
2025,municipal,MUNICÍPIO DE MERIDIANO,16,943447.60,0.00,0.00,943447.60,PENDENTE,2024-07-04,44624,156766,TJSP DEPRE MOC,https://api.tjsp.jus.br/Handlers/Handler/FileFetch.ashx?codigo=156766
2025,municipal,MUNICÍPIO DE MESÓPOLIS,1,14209.32,0.00,0.00,14209.32,PENDENTE,2024-07-04,44624,156766,TJSP DEPRE MOC,https://api.tjsp.jus.br/Handlers/Handler/FileFetch.ashx?codigo=156766
2025,municipal,MUNICÍPIO DE MIGUELÓPOLIS,34,4718698.19,0.00,1050086.76,5768784.95,PENDENTE,2024-07-04,44624,156766,TJSP DEPRE MOC,https://api.tjsp.jus.br/Handlers/Handler/FileFetch.ashx?codigo=156766
2025,municipal,MUNICÍPIO DE MINEIROS DO TIETÊ,1,0.00,0.00,595910.14,595910.14,PENDENTE,2024-07-04,44624,156766,TJSP DEPRE MOC,https://api.tjsp.jus.br/Handlers/Handler/FileFetch.ashx?codigo=156766
2025,municipal,MUNICÍPIO DE MIRA ESTRELA,3,42391.94,0.00,0.00,42391.94,PENDENTE,2024-07-04,44624,156766,TJSP DEPRE MOC,https://api.tjsp.jus.br/Handlers/Handler/FileFetch.ashx?codigo=156766
2025,municipal,MUNICÍPIO DE MIRACATU,8,19119.79,60112.67,310095.74,389328.20,PENDENTE,2024-07-04,44624,156766,TJSP DEPRE MOC,https://api.tjsp.jus.br/Handlers/Handler/FileFetch.ashx?codigo=156766
2025,municipal,MUNICÍPIO DE MIRANDÓPOLIS,32,1034250.71,0.00,1156474.80,2190725.51,PENDENTE,2024-07-04,44624,156766,TJSP DEPRE MOC,https://api.tjsp.jus.br/Handlers/Handler/FileFetch.ashx?codigo=156766
2025,municipal,MUNICÍPIO DE MIRANTE DO PARANAPANEMA,52,2750458.04,0.00,78928.20,2829386.24,PENDENTE,2024-07-04,44624,156766,TJSP DEPRE MOC,https://api.tjsp.jus.br/Handlers/Handler/FileFetch.ashx?codigo=156766
2025,municipal,MUNICÍPIO DE MIRASSOL,7,1001166.46,0.00,961984.18,1963150.64,PENDENTE,2024-07-04,44624,156766,TJSP DEPRE MOC,https://api.tjsp.jus.br/Handlers/Handler/FileFetch.ashx?codigo=156766
2025,municipal,MUNICÍPIO DE MIRASSOLÂNDIA,2,48490.78,318675.22,0.00,367166.00,PENDENTE,2024-07-04,44624,156766,TJSP DEPRE MOC,https://api.tjsp.jus.br/Handlers/Handler/FileFetch.ashx?codigo=156766
2025,municipal,MUNICÍPIO DE MOCOCA,10,272150.68,0.00,200319.07,472469.75,PENDENTE,2024-07-04,44624,156766,TJSP DEPRE MOC,https://api.tjsp.jus.br/Handlers/Handler/FileFetch.ashx?codigo=156766
2025,municipal,MUNICÍPIO DE MOGI DAS CRUZES,65,5577829.29,2629321.66,382190.74,8589341.69,PENDENTE,2024-07-04,44624,156766,TJSP DEPRE MOC,https://api.tjsp.jus.br/Handlers/Handler/FileFetch.ashx?codigo=156766
2025,municipal,MUNICÍPIO DE MOGI GUAÇU,26,1341767.55,0.00,12056897.57,13398665.12,PENDENTE,2024-07-04,44624,156766,TJSP DEPRE MOC,https://api.tjsp.jus.br/Handlers/Handler/FileFetch.ashx?codigo=156766
2025,municipal,MUNICÍPIO DE MOGI MIRIM,8,311596.53,424923.75,3252369.05,3988889.33,PENDENTE,2024-07-04,44624,156766,TJSP DEPRE MOC,https://api.tjsp.jus.br/Handlers/Handler/FileFetch.ashx?codigo=156766
2025,municipal,MUNICÍPIO DE MONÇÕES,2,33099.20,0.00,47922.55,81021.75,PENDENTE,2024-07-04,44624,156766,TJSP DEPRE MOC,https://api.tjsp.jus.br/Handlers/Handler/FileFetch.ashx?codigo=156766
2025,municipal,MUNICÍPIO DE MONGAGUÁ,24,857195.40,359229.64,2408885.59,3625310.63,PENDENTE,2024-07-04,44624,156766,TJSP DEPRE MOC,https://api.tjsp.jus.br/Handlers/Handler/FileFetch.ashx?codigo=156766
2025,municipal,MUNICÍPIO DE MONTE ALEGRE DO SUL,15,135429.63,0.00,1173650.96,1309080.59,PENDENTE,2024-07-04,44624,156766,TJSP DEPRE MOC,https://api.tjsp.jus.br/Handlers/Handler/FileFetch.ashx?codigo=156766
2025,municipal,MUNICÍPIO DE MONTE ALTO,7,176349.01,0.00,113283.34,289632.35,PENDENTE,2024-07-04,44624,156766,TJSP DEPRE MOC,https://api.tjsp.jus.br/Handlers/Handler/FileFetch.ashx?codigo=156766
2025,municipal,MUNICÍPIO DE MONTE APRAZÍVEL,7,949044.57,0.00,90044.62,1039089.19,PENDENTE,2024-07-04,44624,156766,TJSP DEPRE MOC,https://api.tjsp.jus.br/Handlers/Handler/FileFetch.ashx?codigo=156766
2025,municipal,MUNICÍPIO DE MONTE CASTELO,2,24929.49,0.00,75880.90,100810.39,PENDENTE,2024-07-04,44624,156766,TJSP DEPRE MOC,https://api.tjsp.jus.br/Handlers/Handler/FileFetch.ashx?codigo=156766
2025,municipal,MUNICÍPIO DE MONTE MOR,22,1177898.34,13606397.57,3540043.50,18324339.41,PENDENTE,2024-07-04,44624,156766,TJSP DEPRE MOC,https://api.tjsp.jus.br/Handlers/Handler/FileFetch.ashx?codigo=156766
2025,municipal,MUNICÍPIO DE MORRO AGUDO,11,950246.47,0.00,2031886.28,2982132.75,PENDENTE,2024-07-04,44624,156766,TJSP DEPRE MOC,https://api.tjsp.jus.br/Handlers/Handler/FileFetch.ashx?codigo=156766
2025,municipal,MUNICÍPIO DE MORUNGABA,2,27482.06,0.00,740158.37,767640.43,PENDENTE,2024-07-04,44624,156766,TJSP DEPRE MOC,https://api.tjsp.jus.br/Handlers/Handler/FileFetch.ashx?codigo=156766
2025,municipal,MUNICÍPIO DE MOTUCA,1,26575.23,0.00,0.00,26575.23,PENDENTE,2024-07-04,44624,156766,TJSP DEPRE MOC,https://api.tjsp.jus.br/Handlers/Handler/FileFetch.ashx?codigo=156766
2025,municipal,MUNICÍPIO DE MURUTINGA DO SUL,2,54352.67,0.00,0.00,54352.67,PENDENTE,2024-07-04,44624,156766,TJSP DEPRE MOC,https://api.tjsp.jus.br/Handlers/Handler/FileFetch.ashx?codigo=156766
2025,municipal,MUNICÍPIO DE NANTES,4,66746.33,0.00,400704.74,467451.07,PENDENTE,2024-07-04,44624,156766,TJSP DEPRE MOC,https://api.tjsp.jus.br/Handlers/Handler/FileFetch.ashx?codigo=156766
2025,municipal,MUNICÍPIO DE NARANDIBA,1,63131.10,0.00,0.00,63131.10,PENDENTE,2024-07-04,44624,156766,TJSP DEPRE MOC,https://api.tjsp.jus.br/Handlers/Handler/FileFetch.ashx?codigo=156766
2025,municipal,MUNICÍPIO DE NAZARÉ PAULISTA,5,0.00,208363.29,710779.56,919142.85,PENDENTE,2024-07-04,44624,156766,TJSP DEPRE MOC,https://api.tjsp.jus.br/Handlers/Handler/FileFetch.ashx?codigo=156766
2025,municipal,MUNICÍPIO DE NEVES PAULISTA,3,0.00,0.00,407507.98,407507.98,PENDENTE,2024-07-04,44624,156766,TJSP DEPRE MOC,https://api.tjsp.jus.br/Handlers/Handler/FileFetch.ashx?codigo=156766
2025,municipal,MUNICÍPIO DE NIPOÃ,7,161389.55,0.00,62335.00,223724.55,PENDENTE,2024-07-04,44624,156766,TJSP DEPRE MOC,https://api.tjsp.jus.br/Handlers/Handler/FileFetch.ashx?codigo=156766
2025,municipal,MUNICÍPIO DE NOVA CAMPINA,10,269449.84,0.00,19878.46,289328.30,PENDENTE,2024-07-04,44624,156766,TJSP DEPRE MOC,https://api.tjsp.jus.br/Handlers/Handler/FileFetch.ashx?codigo=156766
2025,municipal,MUNICÍPIO DE NOVA CANAÃ PAULISTA,7,194298.14,0.00,0.00,194298.14,PENDENTE,2024-07-04,44624,156766,TJSP DEPRE MOC,https://api.tjsp.jus.br/Handlers/Handler/FileFetch.ashx?codigo=156766
2025,municipal,MUNICÍPIO DE NOVA CASTILHO,11,498702.46,0.00,0.00,498702.46,PENDENTE,2024-07-04,44624,156766,TJSP DEPRE MOC,https://api.tjsp.jus.br/Handlers/Handler/FileFetch.ashx?codigo=156766
2025,municipal,MUNICÍPIO DE NOVA EUROPA,2,103546.51,0.00,17129.57,120676.08,PENDENTE,2024-07-04,44624,156766,TJSP DEPRE MOC,https://api.tjsp.jus.br/Handlers/Handler/FileFetch.ashx?codigo=156766
2025,municipal,MUNICÍPIO DE NOVA GRANADA,4,15351.92,0.00,205761.97,221113.89,PENDENTE,2024-07-04,44624,156766,TJSP DEPRE MOC,https://api.tjsp.jus.br/Handlers/Handler/FileFetch.ashx?codigo=156766
2025,municipal,MUNICÍPIO DE NOVA GUATAPORANGA,1,27878.12,0.00,0.00,27878.12,PENDENTE,2024-07-04,44624,156766,TJSP DEPRE MOC,https://api.tjsp.jus.br/Handlers/Handler/FileFetch.ashx?codigo=156766
2025,municipal,MUNICÍPIO DE NOVA INDEPENDÊNCIA,1,54523.14,0.00,0.00,54523.14,PENDENTE,2024-07-04,44624,156766,TJSP DEPRE MOC,https://api.tjsp.jus.br/Handlers/Handler/FileFetch.ashx?codigo=156766
2025,municipal,MUNICÍPIO DE NOVA ODESSA,10,3292891.12,0.00,26349840.92,29642732.04,PENDENTE,2024-07-04,44624,156766,TJSP DEPRE MOC,https://api.tjsp.jus.br/Handlers/Handler/FileFetch.ashx?codigo=156766
2025,municipal,MUNICÍPIO DE NOVAIS,1,0.00,0.00,223353.83,223353.83,PENDENTE,2024-07-04,44624,156766,TJSP DEPRE MOC,https://api.tjsp.jus.br/Handlers/Handler/FileFetch.ashx?codigo=156766
2025,municipal,MUNICÍPIO DE NOVO HORIZONTE,6,136004.18,0.00,2107119.81,2243123.99,PENDENTE,2024-07-04,44624,156766,TJSP DEPRE MOC,https://api.tjsp.jus.br/Handlers/Handler/FileFetch.ashx?codigo=156766
2025,municipal,MUNICÍPIO DE NUPORANGA,10,170809.44,0.00,277477.63,448287.07,PENDENTE,2024-07-04,44624,156766,TJSP DEPRE MOC,https://api.tjsp.jus.br/Handlers/Handler/FileFetch.ashx?codigo=156766
2025,municipal,MUNICÍPIO DE OCAUÇU,1,0.00,0.00,19387.77,19387.77,PENDENTE,2024-07-04,44624,156766,TJSP DEPRE MOC,https://api.tjsp.jus.br/Handlers/Handler/FileFetch.ashx?codigo=156766
2025,municipal,MUNICÍPIO DE ÓLEO,2,10057.64,0.00,0.00,10057.64,PENDENTE,2024-07-04,44624,156766,TJSP DEPRE MOC,https://api.tjsp.jus.br/Handlers/Handler/FileFetch.ashx?codigo=156766
2025,municipal,MUNICÍPIO DE OLÍMPIA,32,993880.26,424762.41,111383.31,1530025.98,PENDENTE,2024-07-04,44624,156766,TJSP DEPRE MOC,https://api.tjsp.jus.br/Handlers/Handler/FileFetch.ashx?codigo=156766
2025,municipal,MUNICÍPIO DE ONDA VERDE,2,172257.92,0.00,0.00,172257.92,PENDENTE,2024-07-04,44624,156766,TJSP DEPRE MOC,https://api.tjsp.jus.br/Handlers/Handler/FileFetch.ashx?codigo=156766
2025,municipal,MUNICÍPIO DE ORLÂNDIA,22,935267.24,0.00,366421.34,1301688.58,PENDENTE,2024-07-04,44624,156766,TJSP DEPRE MOC,https://api.tjsp.jus.br/Handlers/Handler/FileFetch.ashx?codigo=156766
2025,municipal,MUNICÍPIO DE OSASCO,54,10594600.97,16279893.80,18832686.48,45707181.25,PENDENTE,2024-07-04,44624,156766,TJSP DEPRE MOC,https://api.tjsp.jus.br/Handlers/Handler/FileFetch.ashx?codigo=156766
2025,municipal,MUNICÍPIO DE OSCAR BRESSANE,1,21334.30,0.00,0.00,21334.30,PENDENTE,2024-07-04,44624,156766,TJSP DEPRE MOC,https://api.tjsp.jus.br/Handlers/Handler/FileFetch.ashx?codigo=156766
2025,municipal,MUNICÍPIO DE OSVALDO CRUZ,5,344925.44,265781.12,0.00,610706.56,PENDENTE,2024-07-04,44624,156766,TJSP DEPRE MOC,https://api.tjsp.jus.br/Handlers/Handler/FileFetch.ashx?codigo=156766
2025,municipal,MUNICÍPIO DE OURINHOS,27,2046171.14,6429351.07,901430.31,9376952.52,PENDENTE,2024-07-04,44624,156766,TJSP DEPRE MOC,https://api.tjsp.jus.br/Handlers/Handler/FileFetch.ashx?codigo=156766
2025,municipal,MUNICÍPIO DE OURO VERDE,6,100676.46,0.00,0.00,100676.46,PENDENTE,2024-07-04,44624,156766,TJSP DEPRE MOC,https://api.tjsp.jus.br/Handlers/Handler/FileFetch.ashx?codigo=156766
2025,municipal,MUNICÍPIO DE OUROESTE,4,394123.70,0.00,104863.88,498987.58,PENDENTE,2024-07-04,44624,156766,TJSP DEPRE MOC,https://api.tjsp.jus.br/Handlers/Handler/FileFetch.ashx?codigo=156766
2025,municipal,MUNICÍPIO DE PACAEMBU,9,729710.35,0.00,0.00,729710.35,PENDENTE,2024-07-04,44624,156766,TJSP DEPRE MOC,https://api.tjsp.jus.br/Handlers/Handler/FileFetch.ashx?codigo=156766
2025,municipal,MUNICÍPIO DE PALESTINA,2,73977.07,0.00,40128.74,114105.81,PENDENTE,2024-07-04,44624,156766,TJSP DEPRE MOC,https://api.tjsp.jus.br/Handlers/Handler/FileFetch.ashx?codigo=156766
2025,municipal,MUNICÍPIO DE PALMARES PAULISTA,1,0.00,0.00,17346.65,17346.65,PENDENTE,2024-07-04,44624,156766,TJSP DEPRE MOC,https://api.tjsp.jus.br/Handlers/Handler/FileFetch.ashx?codigo=156766
2025,municipal,MUNICÍPIO DE PALMEIRA D'OESTE,8,134744.87,0.00,340078.93,474823.80,PENDENTE,2024-07-04,44624,156766,TJSP DEPRE MOC,https://api.tjsp.jus.br/Handlers/Handler/FileFetch.ashx?codigo=156766
2025,municipal,MUNICÍPIO DE PALMITAL,5,128160.81,0.00,0.00,128160.81,PENDENTE,2024-07-04,44624,156766,TJSP DEPRE MOC,https://api.tjsp.jus.br/Handlers/Handler/FileFetch.ashx?codigo=156766
2025,municipal,MUNICÍPIO DE PANORAMA,4,247554.75,0.00,220576.22,468130.97,PENDENTE,2024-07-04,44624,156766,TJSP DEPRE MOC,https://api.tjsp.jus.br/Handlers/Handler/FileFetch.ashx?codigo=156766
2025,municipal,MUNICÍPIO DE PARAGUAÇU PAULISTA,67,2889207.82,156932.68,1032761.42,4078901.92,PENDENTE,2024-07-04,44624,156766,TJSP DEPRE MOC,https://api.tjsp.jus.br/Handlers/Handler/FileFetch.ashx?codigo=156766
2025,municipal,MUNICÍPIO DE PARAIBUNA,42,6361565.24,2827147.20,26745.10,9215457.54,PENDENTE,2024-07-04,44624,156766,TJSP DEPRE MOC,https://api.tjsp.jus.br/Handlers/Handler/FileFetch.ashx?codigo=156766
2025,municipal,MUNICÍPIO DE PARANAPANEMA,41,1656418.39,1382574.25,1199196.35,4238188.99,PENDENTE,2024-07-04,44624,156766,TJSP DEPRE MOC,https://api.tjsp.jus.br/Handlers/Handler/FileFetch.ashx?codigo=156766
2025,municipal,MUNICÍPIO DE PARANAPUÃ,2,35264.66,0.00,0.00,35264.66,PENDENTE,2024-07-04,44624,156766,TJSP DEPRE MOC,https://api.tjsp.jus.br/Handlers/Handler/FileFetch.ashx?codigo=156766
2025,municipal,MUNICÍPIO DE PARAPUÃ,1,26174.74,0.00,0.00,26174.74,PENDENTE,2024-07-04,44624,156766,TJSP DEPRE MOC,https://api.tjsp.jus.br/Handlers/Handler/FileFetch.ashx?codigo=156766
2025,municipal,MUNICÍPIO DE PARDINHO,4,349942.16,0.00,82958.34,432900.50,PENDENTE,2024-07-04,44624,156766,TJSP DEPRE MOC,https://api.tjsp.jus.br/Handlers/Handler/FileFetch.ashx?codigo=156766
2025,municipal,MUNICÍPIO DE PARIQUERA-AÇU,1,21283.06,0.00,0.00,21283.06,PENDENTE,2024-07-04,44624,156766,TJSP DEPRE MOC,https://api.tjsp.jus.br/Handlers/Handler/FileFetch.ashx?codigo=156766
2025,municipal,MUNICÍPIO DE PARISI,4,86104.99,0.00,0.00,86104.99,PENDENTE,2024-07-04,44624,156766,TJSP DEPRE MOC,https://api.tjsp.jus.br/Handlers/Handler/FileFetch.ashx?codigo=156766
2025,municipal,MUNICÍPIO DE PATROCÍNIO PAULISTA,14,366061.45,0.00,245323.00,611384.45,PENDENTE,2024-07-04,44624,156766,TJSP DEPRE MOC,https://api.tjsp.jus.br/Handlers/Handler/FileFetch.ashx?codigo=156766
2025,municipal,MUNICÍPIO DE PAULICÉIA,2,52715.32,0.00,0.00,52715.32,PENDENTE,2024-07-04,44624,156766,TJSP DEPRE MOC,https://api.tjsp.jus.br/Handlers/Handler/FileFetch.ashx?codigo=156766
2025,municipal,MUNICÍPIO DE PAULÍNIA,57,6163443.39,1402060.13,1731417.44,9296920.96,PENDENTE,2024-07-04,44624,156766,TJSP DEPRE MOC,https://api.tjsp.jus.br/Handlers/Handler/FileFetch.ashx?codigo=156766
2025,municipal,MUNICÍPIO DE PAULO DE FARIA,20,417480.62,0.00,47572.55,465053.17,PENDENTE,2024-07-04,44624,156766,TJSP DEPRE MOC,https://api.tjsp.jus.br/Handlers/Handler/FileFetch.ashx?codigo=156766
2025,municipal,MUNICÍPIO DE PEDERNEIRAS,1,53713.24,0.00,0.00,53713.24,PENDENTE,2024-07-04,44624,156766,TJSP DEPRE MOC,https://api.tjsp.jus.br/Handlers/Handler/FileFetch.ashx?codigo=156766
2025,municipal,MUNICÍPIO DE PEDRANÓPOLIS,25,1087525.86,0.00,18110.06,1105635.92,PENDENTE,2024-07-04,44624,156766,TJSP DEPRE MOC,https://api.tjsp.jus.br/Handlers/Handler/FileFetch.ashx?codigo=156766
2025,municipal,MUNICÍPIO DE PEDREGULHO,9,432208.63,0.00,458471.84,890680.47,PENDENTE,2024-07-04,44624,156766,TJSP DEPRE MOC,https://api.tjsp.jus.br/Handlers/Handler/FileFetch.ashx?codigo=156766
2025,municipal,MUNICÍPIO DE PEDREIRA,2,66985.35,0.00,793197.34,860182.69,PENDENTE,2024-07-04,44624,156766,TJSP DEPRE MOC,https://api.tjsp.jus.br/Handlers/Handler/FileFetch.ashx?codigo=156766
2025,municipal,MUNICÍPIO DE PENÁPOLIS,13,1112714.69,0.00,436670.12,1549384.81,PENDENTE,2024-07-04,44624,156766,TJSP DEPRE MOC,https://api.tjsp.jus.br/Handlers/Handler/FileFetch.ashx?codigo=156766
2025,municipal,MUNICÍPIO DE PEREIRA BARRETO,23,543336.61,0.00,408955.80,952292.41,PENDENTE,2024-07-04,44624,156766,TJSP DEPRE MOC,https://api.tjsp.jus.br/Handlers/Handler/FileFetch.ashx?codigo=156766
2025,municipal,MUNICÍPIO DE PEREIRAS,3,91130.33,0.00,75885.64,167015.97,PENDENTE,2024-07-04,44624,156766,TJSP DEPRE MOC,https://api.tjsp.jus.br/Handlers/Handler/FileFetch.ashx?codigo=156766
2025,municipal,MUNICÍPIO DE PERUÍBE,66,3825768.65,0.00,6182518.56,10008287.21,PENDENTE,2024-07-04,44624,156766,TJSP DEPRE MOC,https://api.tjsp.jus.br/Handlers/Handler/FileFetch.ashx?codigo=156766
2025,municipal,MUNICÍPIO DE PIEDADE,1,78483.40,0.00,0.00,78483.40,PENDENTE,2024-07-04,44624,156766,TJSP DEPRE MOC,https://api.tjsp.jus.br/Handlers/Handler/FileFetch.ashx?codigo=156766
2025,municipal,MUNICÍPIO DE PILAR DO SUL,1,361232.49,0.00,0.00,361232.49,PENDENTE,2024-07-04,44624,156766,TJSP DEPRE MOC,https://api.tjsp.jus.br/Handlers/Handler/FileFetch.ashx?codigo=156766
2025,municipal,MUNICÍPIO DE PINDAMONHANGABA,26,502056.85,1967167.85,2502346.47,4971571.17,PENDENTE,2024-07-04,44624,156766,TJSP DEPRE MOC,https://api.tjsp.jus.br/Handlers/Handler/FileFetch.ashx?codigo=156766
2025,municipal,MUNICÍPIO DE PINHALZINHO,1,0.00,0.00,13504.39,13504.39,PENDENTE,2024-07-04,44624,156766,TJSP DEPRE MOC,https://api.tjsp.jus.br/Handlers/Handler/FileFetch.ashx?codigo=156766
2025,municipal,MUNICÍPIO DE PIQUETE,3,9256.41,397499.39,40834.62,447590.42,PENDENTE,2024-07-04,44624,156766,TJSP DEPRE MOC,https://api.tjsp.jus.br/Handlers/Handler/FileFetch.ashx?codigo=156766
2025,municipal,MUNICÍPIO DE PIRACICABA,200,39363671.52,2616201.46,718023.21,42697896.19,PENDENTE,2024-07-04,44624,156766,TJSP DEPRE MOC,https://api.tjsp.jus.br/Handlers/Handler/FileFetch.ashx?codigo=156766
2025,municipal,MUNICÍPIO DE PIRAJU,13,418006.81,0.00,149507.92,567514.73,PENDENTE,2024-07-04,44624,156766,TJSP DEPRE MOC,https://api.tjsp.jus.br/Handlers/Handler/FileFetch.ashx?codigo=156766
2025,municipal,MUNICÍPIO DE PIRAJUÍ,1,75303.43,0.00,0.00,75303.43,PENDENTE,2024-07-04,44624,156766,TJSP DEPRE MOC,https://api.tjsp.jus.br/Handlers/Handler/FileFetch.ashx?codigo=156766
2025,municipal,MUNICÍPIO DE PIRANGI,1,76717.27,0.00,0.00,76717.27,PENDENTE,2024-07-04,44624,156766,TJSP DEPRE MOC,https://api.tjsp.jus.br/Handlers/Handler/FileFetch.ashx?codigo=156766
2025,municipal,MUNICÍPIO DE PIRAPORA DO BOM JESUS,7,254526.45,0.00,374567.51,629093.96,PENDENTE,2024-07-04,44624,156766,TJSP DEPRE MOC,https://api.tjsp.jus.br/Handlers/Handler/FileFetch.ashx?codigo=156766
2025,municipal,MUNICÍPIO DE PIRAPOZINHO,35,2267721.39,0.00,108959.34,2376680.73,PENDENTE,2024-07-04,44624,156766,TJSP DEPRE MOC,https://api.tjsp.jus.br/Handlers/Handler/FileFetch.ashx?codigo=156766
2025,municipal,MUNICÍPIO DE PIRASSUNUNGA,2,381044.18,0.00,101364.53,482408.71,PENDENTE,2024-07-04,44624,156766,TJSP DEPRE MOC,https://api.tjsp.jus.br/Handlers/Handler/FileFetch.ashx?codigo=156766
2025,municipal,MUNICÍPIO DE PITANGUEIRAS,26,2665140.64,631846.41,58440.50,3355427.55,PENDENTE,2024-07-04,44624,156766,TJSP DEPRE MOC,https://api.tjsp.jus.br/Handlers/Handler/FileFetch.ashx?codigo=156766
2025,municipal,MUNICÍPIO DE PLANALTO,2,2626.15,0.00,29187.49,31813.64,PENDENTE,2024-07-04,44624,156766,TJSP DEPRE MOC,https://api.tjsp.jus.br/Handlers/Handler/FileFetch.ashx?codigo=156766
2025,municipal,MUNICÍPIO DE PLATINA,8,246716.02,0.00,16233.39,262949.41,PENDENTE,2024-07-04,44624,156766,TJSP DEPRE MOC,https://api.tjsp.jus.br/Handlers/Handler/FileFetch.ashx?codigo=156766
2025,municipal,MUNICÍPIO DE POÁ,41,1331551.47,582029.65,1783631.26,3697212.38,PENDENTE,2024-07-04,44624,156766,TJSP DEPRE MOC,https://api.tjsp.jus.br/Handlers/Handler/FileFetch.ashx?codigo=156766
2025,municipal,MUNICÍPIO DE PONGAÍ,7,350696.61,0.00,0.00,350696.61,PENDENTE,2024-07-04,44624,156766,TJSP DEPRE MOC,https://api.tjsp.jus.br/Handlers/Handler/FileFetch.ashx?codigo=156766
2025,municipal,MUNICÍPIO DE PONTAL,5,70392.92,0.00,110098.90,180491.82,PENDENTE,2024-07-04,44624,156766,TJSP DEPRE MOC,https://api.tjsp.jus.br/Handlers/Handler/FileFetch.ashx?codigo=156766
2025,municipal,MUNICÍPIO DE PONTALINDA,14,573093.69,0.00,0.00,573093.69,PENDENTE,2024-07-04,44624,156766,TJSP DEPRE MOC,https://api.tjsp.jus.br/Handlers/Handler/FileFetch.ashx?codigo=156766
2025,municipal,MUNICÍPIO DE PONTES GESTAL,2,170665.89,0.00,0.00,170665.89,PENDENTE,2024-07-04,44624,156766,TJSP DEPRE MOC,https://api.tjsp.jus.br/Handlers/Handler/FileFetch.ashx?codigo=156766
2025,municipal,MUNICÍPIO DE POPULINA,28,965630.68,0.00,0.00,965630.68,PENDENTE,2024-07-04,44624,156766,TJSP DEPRE MOC,https://api.tjsp.jus.br/Handlers/Handler/FileFetch.ashx?codigo=156766
2025,municipal,MUNICÍPIO DE PORTO FELIZ,6,177631.79,0.00,1038000.73,1215632.52,PENDENTE,2024-07-04,44624,156766,TJSP DEPRE MOC,https://api.tjsp.jus.br/Handlers/Handler/FileFetch.ashx?codigo=156766
2025,municipal,MUNICÍPIO DE PORTO FERREIRA,19,361593.98,319126.14,724352.28,1405072.40,PENDENTE,2024-07-04,44624,156766,TJSP DEPRE MOC,https://api.tjsp.jus.br/Handlers/Handler/FileFetch.ashx?codigo=156766
2025,municipal,MUNICÍPIO DE POTIM,8,0.00,0.00,1536991.98,1536991.98,PENDENTE,2024-07-04,44624,156766,TJSP DEPRE MOC,https://api.tjsp.jus.br/Handlers/Handler/FileFetch.ashx?codigo=156766
2025,municipal,MUNICÍPIO DE POTIRENDABA,12,52563.81,0.00,469022.95,521586.76,PENDENTE,2024-07-04,44624,156766,TJSP DEPRE MOC,https://api.tjsp.jus.br/Handlers/Handler/FileFetch.ashx?codigo=156766
2025,municipal,MUNICÍPIO DE PRACINHA,1,0.00,0.00,28365.69,28365.69,PENDENTE,2024-07-04,44624,156766,TJSP DEPRE MOC,https://api.tjsp.jus.br/Handlers/Handler/FileFetch.ashx?codigo=156766
2025,municipal,MUNICÍPIO DE PRADÓPOLIS,1,0.00,0.00,73861.93,73861.93,PENDENTE,2024-07-04,44624,156766,TJSP DEPRE MOC,https://api.tjsp.jus.br/Handlers/Handler/FileFetch.ashx?codigo=156766
2025,municipal,MUNICÍPIO DE PRAIA GRANDE,22,3215592.89,385259.72,2325087.13,5925939.74,PENDENTE,2024-07-04,44624,156766,TJSP DEPRE MOC,https://api.tjsp.jus.br/Handlers/Handler/FileFetch.ashx?codigo=156766
2025,municipal,MUNICÍPIO DE PRATÂNIA,1,134087.19,0.00,0.00,134087.19,PENDENTE,2024-07-04,44624,156766,TJSP DEPRE MOC,https://api.tjsp.jus.br/Handlers/Handler/FileFetch.ashx?codigo=156766
2025,municipal,MUNICÍPIO DE PRESIDENTE BERNARDES,1,0.00,0.00,36255.41,36255.41,PENDENTE,2024-07-04,44624,156766,TJSP DEPRE MOC,https://api.tjsp.jus.br/Handlers/Handler/FileFetch.ashx?codigo=156766
2025,municipal,MUNICÍPIO DE PRESIDENTE EPITÁCIO,43,1556992.87,49903.81,56897.34,1663794.02,PENDENTE,2024-07-04,44624,156766,TJSP DEPRE MOC,https://api.tjsp.jus.br/Handlers/Handler/FileFetch.ashx?codigo=156766
2025,municipal,MUNICÍPIO DE PRESIDENTE PRUDENTE,34,4265452.40,9016511.51,14940010.59,28221974.50,PENDENTE,2024-07-04,44624,156766,TJSP DEPRE MOC,https://api.tjsp.jus.br/Handlers/Handler/FileFetch.ashx?codigo=156766
2025,municipal,MUNICÍPIO DE PRESIDENTE VENCESLAU,10,391615.71,0.00,356399.64,748015.35,PENDENTE,2024-07-04,44624,156766,TJSP DEPRE MOC,https://api.tjsp.jus.br/Handlers/Handler/FileFetch.ashx?codigo=156766
2025,municipal,MUNICÍPIO DE PROMISSÃO,2,251745.18,0.00,24510.91,276256.09,PENDENTE,2024-07-04,44624,156766,TJSP DEPRE MOC,https://api.tjsp.jus.br/Handlers/Handler/FileFetch.ashx?codigo=156766
2025,municipal,MUNICÍPIO DE QUADRA,1,33753.45,0.00,0.00,33753.45,PENDENTE,2024-07-04,44624,156766,TJSP DEPRE MOC,https://api.tjsp.jus.br/Handlers/Handler/FileFetch.ashx?codigo=156766
2025,municipal,MUNICÍPIO DE QUATÁ,2,30733.91,0.00,67113.85,97847.76,PENDENTE,2024-07-04,44624,156766,TJSP DEPRE MOC,https://api.tjsp.jus.br/Handlers/Handler/FileFetch.ashx?codigo=156766
2025,municipal,MUNICÍPIO DE QUEIROZ,1,22678.36,0.00,0.00,22678.36,PENDENTE,2024-07-04,44624,156766,TJSP DEPRE MOC,https://api.tjsp.jus.br/Handlers/Handler/FileFetch.ashx?codigo=156766
2025,municipal,MUNICÍPIO DE RAFARD,9,272110.51,0.00,0.00,272110.51,PENDENTE,2024-07-04,44624,156766,TJSP DEPRE MOC,https://api.tjsp.jus.br/Handlers/Handler/FileFetch.ashx?codigo=156766
2025,municipal,MUNICÍPIO DE RANCHARIA,18,625724.23,0.00,28941.40,654665.63,PENDENTE,2024-07-04,44624,156766,TJSP DEPRE MOC,https://api.tjsp.jus.br/Handlers/Handler/FileFetch.ashx?codigo=156766
2025,municipal,MUNICÍPIO DE REGENTE FEIJÓ,5,190143.26,0.00,296247.46,486390.72,PENDENTE,2024-07-04,44624,156766,TJSP DEPRE MOC,https://api.tjsp.jus.br/Handlers/Handler/FileFetch.ashx?codigo=156766
2025,municipal,MUNICÍPIO DE REGISTRO,16,771239.91,1925230.70,565777.72,3262248.33,PENDENTE,2024-07-04,44624,156766,TJSP DEPRE MOC,https://api.tjsp.jus.br/Handlers/Handler/FileFetch.ashx?codigo=156766
2025,municipal,MUNICÍPIO DE RIBEIRA,1,11824.26,0.00,0.00,11824.26,PENDENTE,2024-07-04,44624,156766,TJSP DEPRE MOC,https://api.tjsp.jus.br/Handlers/Handler/FileFetch.ashx?codigo=156766
2025,municipal,MUNICÍPIO DE RIBEIRÃO BONITO,15,55987.98,0.00,488306.93,544294.91,PENDENTE,2024-07-04,44624,156766,TJSP DEPRE MOC,https://api.tjsp.jus.br/Handlers/Handler/FileFetch.ashx?codigo=156766
2025,municipal,MUNICÍPIO DE RIBEIRÃO BRANCO,3,165149.11,0.00,1335232.31,1500381.42,PENDENTE,2024-07-04,44624,156766,TJSP DEPRE MOC,https://api.tjsp.jus.br/Handlers/Handler/FileFetch.ashx?codigo=156766
2025,municipal,MUNICÍPIO DE RIBEIRÃO DO SUL,2,20633.08,0.00,189410.85,210043.93,PENDENTE,2024-07-04,44624,156766,TJSP DEPRE MOC,https://api.tjsp.jus.br/Handlers/Handler/FileFetch.ashx?codigo=156766
2025,municipal,MUNICÍPIO DE RIBEIRÃO GRANDE,27,908368.04,0.00,0.00,908368.04,PENDENTE,2024-07-04,44624,156766,TJSP DEPRE MOC,https://api.tjsp.jus.br/Handlers/Handler/FileFetch.ashx?codigo=156766
2025,municipal,MUNICÍPIO DE RIBEIRÃO PIRES,85,3546745.52,194593.73,6597680.99,10339020.24,PENDENTE,2024-07-04,44624,156766,TJSP DEPRE MOC,https://api.tjsp.jus.br/Handlers/Handler/FileFetch.ashx?codigo=156766
2025,municipal,MUNICÍPIO DE RIBEIRÃO PRETO,1389,88644816.46,9822693.58,5625377.59,104092887.63,PENDENTE,2024-07-04,44624,156766,TJSP DEPRE MOC,https://api.tjsp.jus.br/Handlers/Handler/FileFetch.ashx?codigo=156766
2025,municipal,MUNICÍPIO DE RINCÃO,2,127054.12,0.00,21481.21,148535.33,PENDENTE,2024-07-04,44624,156766,TJSP DEPRE MOC,https://api.tjsp.jus.br/Handlers/Handler/FileFetch.ashx?codigo=156766
2025,municipal,MUNICÍPIO DE RINÓPOLIS,7,337946.97,0.00,0.00,337946.97,PENDENTE,2024-07-04,44624,156766,TJSP DEPRE MOC,https://api.tjsp.jus.br/Handlers/Handler/FileFetch.ashx?codigo=156766
2025,municipal,MUNICÍPIO DE RIO CLARO,165,9971489.82,862771.50,162153500.05,172987761.37,PENDENTE,2024-07-04,44624,156766,TJSP DEPRE MOC,https://api.tjsp.jus.br/Handlers/Handler/FileFetch.ashx?codigo=156766
2025,municipal,MUNICÍPIO DE RIO GRANDE DA SERRA,4,0.00,0.00,611609.41,611609.41,PENDENTE,2024-07-04,44624,156766,TJSP DEPRE MOC,https://api.tjsp.jus.br/Handlers/Handler/FileFetch.ashx?codigo=156766
2025,municipal,MUNICÍPIO DE RIOLÂNDIA,7,88477.41,0.00,328854.21,417331.62,PENDENTE,2024-07-04,44624,156766,TJSP DEPRE MOC,https://api.tjsp.jus.br/Handlers/Handler/FileFetch.ashx?codigo=156766
2025,municipal,MUNICÍPIO DE ROSANA,34,1552968.25,0.00,21614485.99,23167454.24,PENDENTE,2024-07-04,44624,156766,TJSP DEPRE MOC,https://api.tjsp.jus.br/Handlers/Handler/FileFetch.ashx?codigo=156766
2025,municipal,MUNICÍPIO DE ROSEIRA,2,27383.29,0.00,315892.42,343275.71,PENDENTE,2024-07-04,44624,156766,TJSP DEPRE MOC,https://api.tjsp.jus.br/Handlers/Handler/FileFetch.ashx?codigo=156766
2025,municipal,MUNICÍPIO DE RUBIÁCEA,9,428598.09,0.00,359256.80,787854.89,PENDENTE,2024-07-04,44624,156766,TJSP DEPRE MOC,https://api.tjsp.jus.br/Handlers/Handler/FileFetch.ashx?codigo=156766
2025,municipal,MUNICÍPIO DE RUBINÉIA,10,1062080.37,0.00,0.00,1062080.37,PENDENTE,2024-07-04,44624,156766,TJSP DEPRE MOC,https://api.tjsp.jus.br/Handlers/Handler/FileFetch.ashx?codigo=156766
2025,municipal,MUNICÍPIO DE SABINO,3,228126.69,0.00,53008.73,281135.42,PENDENTE,2024-07-04,44624,156766,TJSP DEPRE MOC,https://api.tjsp.jus.br/Handlers/Handler/FileFetch.ashx?codigo=156766
2025,municipal,MUNICÍPIO DE SAGRES,5,314632.10,0.00,0.00,314632.10,PENDENTE,2024-07-04,44624,156766,TJSP DEPRE MOC,https://api.tjsp.jus.br/Handlers/Handler/FileFetch.ashx?codigo=156766
2025,municipal,MUNICÍPIO DE SALES OLIVEIRA,6,127442.00,0.00,818776.64,946218.64,PENDENTE,2024-07-04,44624,156766,TJSP DEPRE MOC,https://api.tjsp.jus.br/Handlers/Handler/FileFetch.ashx?codigo=156766
2025,municipal,MUNICÍPIO DE SALMOURÃO,1,0.00,0.00,139956.36,139956.36,PENDENTE,2024-07-04,44624,156766,TJSP DEPRE MOC,https://api.tjsp.jus.br/Handlers/Handler/FileFetch.ashx?codigo=156766
2025,municipal,MUNICÍPIO DE SALTO,6,231034.88,0.00,140453.30,371488.18,PENDENTE,2024-07-04,44624,156766,TJSP DEPRE MOC,https://api.tjsp.jus.br/Handlers/Handler/FileFetch.ashx?codigo=156766
2025,municipal,MUNICÍPIO DE SALTO DE PIRAPORA,1,8159.90,0.00,0.00,8159.90,PENDENTE,2024-07-04,44624,156766,TJSP DEPRE MOC,https://api.tjsp.jus.br/Handlers/Handler/FileFetch.ashx?codigo=156766
2025,municipal,MUNICÍPIO DE SALTO GRANDE,2,0.00,0.00,66294.47,66294.47,PENDENTE,2024-07-04,44624,156766,TJSP DEPRE MOC,https://api.tjsp.jus.br/Handlers/Handler/FileFetch.ashx?codigo=156766
2025,municipal,MUNICÍPIO DE SANTA ALBERTINA,3,86406.64,0.00,0.00,86406.64,PENDENTE,2024-07-04,44624,156766,TJSP DEPRE MOC,https://api.tjsp.jus.br/Handlers/Handler/FileFetch.ashx?codigo=156766
2025,municipal,MUNICÍPIO DE SANTA BÁRBARA D'OESTE,11,962675.40,0.00,239914.54,1202589.94,PENDENTE,2024-07-04,44624,156766,TJSP DEPRE MOC,https://api.tjsp.jus.br/Handlers/Handler/FileFetch.ashx?codigo=156766
2025,municipal,MUNICÍPIO DE SANTA BRANCA,8,0.00,0.00,435908.82,435908.82,PENDENTE,2024-07-04,44624,156766,TJSP DEPRE MOC,https://api.tjsp.jus.br/Handlers/Handler/FileFetch.ashx?codigo=156766
2025,municipal,MUNICÍPIO DE SANTA CLARA D'OESTE,1,37135.38,0.00,0.00,37135.38,PENDENTE,2024-07-04,44624,156766,TJSP DEPRE MOC,https://api.tjsp.jus.br/Handlers/Handler/FileFetch.ashx?codigo=156766
2025,municipal,MUNICÍPIO DE SANTA CRUZ DA CONCEIÇÃO,2,325909.15,0.00,0.00,325909.15,PENDENTE,2024-07-04,44624,156766,TJSP DEPRE MOC,https://api.tjsp.jus.br/Handlers/Handler/FileFetch.ashx?codigo=156766
2025,municipal,MUNICÍPIO DE SANTA CRUZ DAS PALMEIRAS,6,65519.76,609977.25,72264.97,747761.98,PENDENTE,2024-07-04,44624,156766,TJSP DEPRE MOC,https://api.tjsp.jus.br/Handlers/Handler/FileFetch.ashx?codigo=156766
2025,municipal,MUNICÍPIO DE SANTA CRUZ DO RIO PARDO,1,13163.98,0.00,0.00,13163.98,PENDENTE,2024-07-04,44624,156766,TJSP DEPRE MOC,https://api.tjsp.jus.br/Handlers/Handler/FileFetch.ashx?codigo=156766
2025,municipal,MUNICÍPIO DE SANTA ERNESTINA,1,0.00,83690.82,0.00,83690.82,PENDENTE,2024-07-04,44624,156766,TJSP DEPRE MOC,https://api.tjsp.jus.br/Handlers/Handler/FileFetch.ashx?codigo=156766
2025,municipal,MUNICÍPIO DE SANTA FÉ DO SUL,22,667153.81,0.00,354910.82,1022064.63,PENDENTE,2024-07-04,44624,156766,TJSP DEPRE MOC,https://api.tjsp.jus.br/Handlers/Handler/FileFetch.ashx?codigo=156766
2025,municipal,MUNICÍPIO DE SANTA GERTRUDES,5,37411.89,0.00,610385.36,647797.25,PENDENTE,2024-07-04,44624,156766,TJSP DEPRE MOC,https://api.tjsp.jus.br/Handlers/Handler/FileFetch.ashx?codigo=156766
2025,municipal,MUNICÍPIO DE SANTA ISABEL,15,472193.29,0.00,618611.64,1090804.93,PENDENTE,2024-07-04,44624,156766,TJSP DEPRE MOC,https://api.tjsp.jus.br/Handlers/Handler/FileFetch.ashx?codigo=156766
2025,municipal,MUNICÍPIO DE SANTA RITA D'OESTE,1,0.00,0.00,52592.41,52592.41,PENDENTE,2024-07-04,44624,156766,TJSP DEPRE MOC,https://api.tjsp.jus.br/Handlers/Handler/FileFetch.ashx?codigo=156766
2025,municipal,MUNICÍPIO DE SANTA RITA DO PASSA QUATRO,4,287940.28,0.00,110317.89,398258.17,PENDENTE,2024-07-04,44624,156766,TJSP DEPRE MOC,https://api.tjsp.jus.br/Handlers/Handler/FileFetch.ashx?codigo=156766
2025,municipal,MUNICÍPIO DE SANTANA DE PARNAÍBA,33,912372.98,10735621.63,9009742.13,20657736.74,PENDENTE,2024-07-04,44624,156766,TJSP DEPRE MOC,https://api.tjsp.jus.br/Handlers/Handler/FileFetch.ashx?codigo=156766
2025,municipal,MUNICÍPIO DE SANTO ANASTÁCIO,4,175250.93,0.00,277642.19,452893.12,PENDENTE,2024-07-04,44624,156766,TJSP DEPRE MOC,https://api.tjsp.jus.br/Handlers/Handler/FileFetch.ashx?codigo=156766
2025,municipal,MUNICÍPIO DE SANTO ANDRÉ,109,14095421.73,2080936.61,8645191.66,24821550.00,PENDENTE,2024-07-04,44624,156766,TJSP DEPRE MOC,https://api.tjsp.jus.br/Handlers/Handler/FileFetch.ashx?codigo=156766
2025,municipal,MUNICÍPIO DE SANTO ANTÔNIO DA ALEGRIA,4,235811.95,0.00,58739.95,294551.90,PENDENTE,2024-07-04,44624,156766,TJSP DEPRE MOC,https://api.tjsp.jus.br/Handlers/Handler/FileFetch.ashx?codigo=156766
2025,municipal,MUNICÍPIO DE SANTO ANTÔNIO DE POSSE,13,312978.14,0.00,622470.98,935449.12,PENDENTE,2024-07-04,44624,156766,TJSP DEPRE MOC,https://api.tjsp.jus.br/Handlers/Handler/FileFetch.ashx?codigo=156766
2025,municipal,MUNICÍPIO DE SANTO ANTÔNIO DO ARACANGUÁ,5,771444.75,0.00,0.00,771444.75,PENDENTE,2024-07-04,44624,156766,TJSP DEPRE MOC,https://api.tjsp.jus.br/Handlers/Handler/FileFetch.ashx?codigo=156766
2025,municipal,MUNICÍPIO DE SANTO ANTÔNIO DO JARDIM,1,0.00,0.00,80483.18,80483.18,PENDENTE,2024-07-04,44624,156766,TJSP DEPRE MOC,https://api.tjsp.jus.br/Handlers/Handler/FileFetch.ashx?codigo=156766
2025,municipal,MUNICÍPIO DE SANTO EXPEDITO,7,225729.36,0.00,10435.83,236165.19,PENDENTE,2024-07-04,44624,156766,TJSP DEPRE MOC,https://api.tjsp.jus.br/Handlers/Handler/FileFetch.ashx?codigo=156766
2025,municipal,MUNICÍPIO DE SANTOS,299,34472337.39,278546.98,11772018.84,46522903.21,PENDENTE,2024-07-04,44624,156766,TJSP DEPRE MOC,https://api.tjsp.jus.br/Handlers/Handler/FileFetch.ashx?codigo=156766
2025,municipal,MUNICÍPIO DE SÃO BENTO DO SAPUCAÍ,2,94170.36,58384.57,0.00,152554.93,PENDENTE,2024-07-04,44624,156766,TJSP DEPRE MOC,https://api.tjsp.jus.br/Handlers/Handler/FileFetch.ashx?codigo=156766
2025,municipal,MUNICÍPIO DE SÃO BERNARDO DO CAMPO,200,23339969.25,6537621.51,4482836.22,34360426.98,PENDENTE,2024-07-04,44624,156766,TJSP DEPRE MOC,https://api.tjsp.jus.br/Handlers/Handler/FileFetch.ashx?codigo=156766
2025,municipal,MUNICÍPIO DE SÃO CAETANO DO SUL,25,7580711.92,0.00,21974991.17,29555703.09,PENDENTE,2024-07-04,44624,156766,TJSP DEPRE MOC,https://api.tjsp.jus.br/Handlers/Handler/FileFetch.ashx?codigo=156766
2025,municipal,MUNICÍPIO DE SÃO CARLOS,31,2674614.99,24377560.49,4266100.54,31318276.02,PENDENTE,2024-07-04,44624,156766,TJSP DEPRE MOC,https://api.tjsp.jus.br/Handlers/Handler/FileFetch.ashx?codigo=156766
2025,municipal,MUNICÍPIO DE SÃO FRANCISCO,88,3929966.35,0.00,24100.36,3954066.71,PENDENTE,2024-07-04,44624,156766,TJSP DEPRE MOC,https://api.tjsp.jus.br/Handlers/Handler/FileFetch.ashx?codigo=156766
2025,municipal,MUNICÍPIO DE SÃO FRANCISCO - MG,1,0.00,0.00,867608.54,867608.54,PENDENTE,2024-07-04,44624,156766,TJSP DEPRE MOC,https://api.tjsp.jus.br/Handlers/Handler/FileFetch.ashx?codigo=156766
2025,municipal,MUNICÍPIO DE SÃO JOÃO DA BOA VISTA,30,1247444.03,0.00,332869.40,1580313.43,PENDENTE,2024-07-04,44624,156766,TJSP DEPRE MOC,https://api.tjsp.jus.br/Handlers/Handler/FileFetch.ashx?codigo=156766
2025,municipal,MUNICÍPIO DE SÃO JOÃO DAS DUAS PONTES,1,0.00,0.00,40634.91,40634.91,PENDENTE,2024-07-04,44624,156766,TJSP DEPRE MOC,https://api.tjsp.jus.br/Handlers/Handler/FileFetch.ashx?codigo=156766
2025,municipal,MUNICÍPIO DE SÃO JOÃO DE IRACEMA,8,151998.08,0.00,145908.98,297907.06,PENDENTE,2024-07-04,44624,156766,TJSP DEPRE MOC,https://api.tjsp.jus.br/Handlers/Handler/FileFetch.ashx?codigo=156766
2025,municipal,MUNICÍPIO DE SÃO JOAQUIM DA BARRA,15,467463.74,0.00,281219.42,748683.16,PENDENTE,2024-07-04,44624,156766,TJSP DEPRE MOC,https://api.tjsp.jus.br/Handlers/Handler/FileFetch.ashx?codigo=156766
2025,municipal,MUNICÍPIO DE SÃO JOSÉ DA BELA VISTA,9,67638.33,0.00,427483.99,495122.32,PENDENTE,2024-07-04,44624,156766,TJSP DEPRE MOC,https://api.tjsp.jus.br/Handlers/Handler/FileFetch.ashx?codigo=156766
2025,municipal,MUNICÍPIO DE SÃO JOSÉ DO RIO PARDO,167,4939675.05,0.00,464399.81,5404074.86,PENDENTE,2024-07-04,44624,156766,TJSP DEPRE MOC,https://api.tjsp.jus.br/Handlers/Handler/FileFetch.ashx?codigo=156766
2025,municipal,MUNICÍPIO DE SÃO JOSÉ DO RIO PRETO,218,16004318.28,95189.26,2018466.45,18117973.99,PENDENTE,2024-07-04,44624,156766,TJSP DEPRE MOC,https://api.tjsp.jus.br/Handlers/Handler/FileFetch.ashx?codigo=156766
2025,municipal,MUNICÍPIO DE SÃO JOSÉ DOS CAMPOS,117,9346103.86,962189.17,44292121.97,54600415.00,PENDENTE,2024-07-04,44624,156766,TJSP DEPRE MOC,https://api.tjsp.jus.br/Handlers/Handler/FileFetch.ashx?codigo=156766
2025,municipal,MUNICÍPIO DE SÃO LOURENÇO DA SERRA,10,366768.46,0.00,2496356.83,2863125.29,PENDENTE,2024-07-04,44624,156766,TJSP DEPRE MOC,https://api.tjsp.jus.br/Handlers/Handler/FileFetch.ashx?codigo=156766
2025,municipal,MUNICÍPIO DE SÃO LUIZ DO PARAITINGA,1,53994.66,0.00,0.00,53994.66,PENDENTE,2024-07-04,44624,156766,TJSP DEPRE MOC,https://api.tjsp.jus.br/Handlers/Handler/FileFetch.ashx?codigo=156766
2025,municipal,MUNICÍPIO DE SÃO MANUEL,4,156382.44,0.00,19873.38,176255.82,PENDENTE,2024-07-04,44624,156766,TJSP DEPRE MOC,https://api.tjsp.jus.br/Handlers/Handler/FileFetch.ashx?codigo=156766
2025,municipal,MUNICÍPIO DE SÃO PAULO,23911,5509896863.95,55284137.55,523990218.24,6089171219.74,PENDENTE,2024-07-04,44624,156766,TJSP DEPRE MOC,https://api.tjsp.jus.br/Handlers/Handler/FileFetch.ashx?codigo=156766
2025,municipal,MUNICÍPIO DE SÃO PEDRO,3,0.00,0.00,660195.50,660195.50,PENDENTE,2024-07-04,44624,156766,TJSP DEPRE MOC,https://api.tjsp.jus.br/Handlers/Handler/FileFetch.ashx?codigo=156766
2025,municipal,MUNICÍPIO DE SÃO PEDRO DO TURVO,2,17608.20,0.00,98199.46,115807.66,PENDENTE,2024-07-04,44624,156766,TJSP DEPRE MOC,https://api.tjsp.jus.br/Handlers/Handler/FileFetch.ashx?codigo=156766
2025,municipal,MUNICÍPIO DE SÃO ROQUE,12,924680.26,0.00,937844.03,1862524.29,PENDENTE,2024-07-04,44624,156766,TJSP DEPRE MOC,https://api.tjsp.jus.br/Handlers/Handler/FileFetch.ashx?codigo=156766
2025,municipal,MUNICÍPIO DE SÃO SEBASTIÃO,78,5303878.53,17870619.16,6877543.98,30052041.67,PENDENTE,2024-07-04,44624,156766,TJSP DEPRE MOC,https://api.tjsp.jus.br/Handlers/Handler/FileFetch.ashx?codigo=156766
2025,municipal,MUNICÍPIO DE SÃO SEBASTIÃO DA GRAMA,11,349296.18,0.00,27237.56,376533.74,PENDENTE,2024-07-04,44624,156766,TJSP DEPRE MOC,https://api.tjsp.jus.br/Handlers/Handler/FileFetch.ashx?codigo=156766
2025,municipal,MUNICÍPIO DE SÃO SIMÃO,4,64587.54,113150.09,21713.75,199451.38,PENDENTE,2024-07-04,44624,156766,TJSP DEPRE MOC,https://api.tjsp.jus.br/Handlers/Handler/FileFetch.ashx?codigo=156766
2025,municipal,MUNICÍPIO DE SÃO VICENTE,131,7318332.64,0.00,6441458.98,13759791.62,PENDENTE,2024-07-04,44624,156766,TJSP DEPRE MOC,https://api.tjsp.jus.br/Handlers/Handler/FileFetch.ashx?codigo=156766
2025,municipal,MUNICÍPIO DE SARAPUÍ,4,428989.54,0.00,194589.82,623579.36,PENDENTE,2024-07-04,44624,156766,TJSP DEPRE MOC,https://api.tjsp.jus.br/Handlers/Handler/FileFetch.ashx?codigo=156766
2025,municipal,MUNICÍPIO DE SERRA AZUL,3,81439.17,0.00,84653.90,166093.07,PENDENTE,2024-07-04,44624,156766,TJSP DEPRE MOC,https://api.tjsp.jus.br/Handlers/Handler/FileFetch.ashx?codigo=156766
2025,municipal,MUNICÍPIO DE SERRA NEGRA,10,681164.20,6911049.85,396052.76,7988266.81,PENDENTE,2024-07-04,44624,156766,TJSP DEPRE MOC,https://api.tjsp.jus.br/Handlers/Handler/FileFetch.ashx?codigo=156766
2025,municipal,MUNICÍPIO DE SERRANA,20,1452123.66,0.00,954134.74,2406258.40,PENDENTE,2024-07-04,44624,156766,TJSP DEPRE MOC,https://api.tjsp.jus.br/Handlers/Handler/FileFetch.ashx?codigo=156766
2025,municipal,MUNICÍPIO DE SERTÃOZINHO,22,880778.41,11158691.34,211891.16,12251360.91,PENDENTE,2024-07-04,44624,156766,TJSP DEPRE MOC,https://api.tjsp.jus.br/Handlers/Handler/FileFetch.ashx?codigo=156766
2025,municipal,MUNICÍPIO DE SETE BARRAS,1,24781.59,0.00,0.00,24781.59,PENDENTE,2024-07-04,44624,156766,TJSP DEPRE MOC,https://api.tjsp.jus.br/Handlers/Handler/FileFetch.ashx?codigo=156766
2025,municipal,MUNICÍPIO DE SEVERÍNIA,13,1654134.07,0.00,0.00,1654134.07,PENDENTE,2024-07-04,44624,156766,TJSP DEPRE MOC,https://api.tjsp.jus.br/Handlers/Handler/FileFetch.ashx?codigo=156766
2025,municipal,MUNICÍPIO DE SILVEIRAS,1,12317.78,0.00,0.00,12317.78,PENDENTE,2024-07-04,44624,156766,TJSP DEPRE MOC,https://api.tjsp.jus.br/Handlers/Handler/FileFetch.ashx?codigo=156766
2025,municipal,MUNICÍPIO DE SOMBRIO - SC,2,206136.38,0.00,1422617.37,1628753.75,PENDENTE,2024-07-04,44624,156766,TJSP DEPRE MOC,https://api.tjsp.jus.br/Handlers/Handler/FileFetch.ashx?codigo=156766
2025,municipal,MUNICÍPIO DE SOROCABA,199,14662024.73,46241034.32,10994551.66,71897610.71,PENDENTE,2024-07-04,44624,156766,TJSP DEPRE MOC,https://api.tjsp.jus.br/Handlers/Handler/FileFetch.ashx?codigo=156766
2025,municipal,MUNICÍPIO DE SUMARÉ,58,1704641.27,0.00,7335353.89,9039995.16,PENDENTE,2024-07-04,44624,156766,TJSP DEPRE MOC,https://api.tjsp.jus.br/Handlers/Handler/FileFetch.ashx?codigo=156766
2025,municipal,MUNICÍPIO DE SUZANÁPOLIS,1,19623.32,0.00,0.00,19623.32,PENDENTE,2024-07-04,44624,156766,TJSP DEPRE MOC,https://api.tjsp.jus.br/Handlers/Handler/FileFetch.ashx?codigo=156766
2025,municipal,MUNICÍPIO DE SUZANO,29,1522158.84,98663.03,4205410.53,5826232.40,PENDENTE,2024-07-04,44624,156766,TJSP DEPRE MOC,https://api.tjsp.jus.br/Handlers/Handler/FileFetch.ashx?codigo=156766
2025,municipal,MUNICÍPIO DE TABAPUÃ,9,65060.80,0.00,1043281.03,1108341.83,PENDENTE,2024-07-04,44624,156766,TJSP DEPRE MOC,https://api.tjsp.jus.br/Handlers/Handler/FileFetch.ashx?codigo=156766
2025,municipal,MUNICÍPIO DE TABOÃO DA SERRA,120,10752281.63,0.00,4981130.55,15733412.18,PENDENTE,2024-07-04,44624,156766,TJSP DEPRE MOC,https://api.tjsp.jus.br/Handlers/Handler/FileFetch.ashx?codigo=156766
2025,municipal,MUNICÍPIO DE TACIBA,1,0.00,0.00,82048.20,82048.20,PENDENTE,2024-07-04,44624,156766,TJSP DEPRE MOC,https://api.tjsp.jus.br/Handlers/Handler/FileFetch.ashx?codigo=156766
2025,municipal,MUNICÍPIO DE TAMBAÚ,19,1574231.06,0.00,34430.73,1608661.79,PENDENTE,2024-07-04,44624,156766,TJSP DEPRE MOC,https://api.tjsp.jus.br/Handlers/Handler/FileFetch.ashx?codigo=156766
2025,municipal,MUNICÍPIO DE TANABI,2,82107.41,0.00,36194.70,118302.11,PENDENTE,2024-07-04,44624,156766,TJSP DEPRE MOC,https://api.tjsp.jus.br/Handlers/Handler/FileFetch.ashx?codigo=156766
2025,municipal,MUNICÍPIO DE TAPIRAÍ,1,61303.16,0.00,0.00,61303.16,PENDENTE,2024-07-04,44624,156766,TJSP DEPRE MOC,https://api.tjsp.jus.br/Handlers/Handler/FileFetch.ashx?codigo=156766
2025,municipal,MUNICÍPIO DE TAPIRATIBA,57,1245728.44,0.00,14259.84,1259988.28,PENDENTE,2024-07-04,44624,156766,TJSP DEPRE MOC,https://api.tjsp.jus.br/Handlers/Handler/FileFetch.ashx?codigo=156766
2025,municipal,MUNICÍPIO DE TAQUARAL,1,44629.79,0.00,0.00,44629.79,PENDENTE,2024-07-04,44624,156766,TJSP DEPRE MOC,https://api.tjsp.jus.br/Handlers/Handler/FileFetch.ashx?codigo=156766
2025,municipal,MUNICÍPIO DE TAQUARITINGA,49,2338102.45,302684.70,1781657.62,4422444.77,PENDENTE,2024-07-04,44624,156766,TJSP DEPRE MOC,https://api.tjsp.jus.br/Handlers/Handler/FileFetch.ashx?codigo=156766
2025,municipal,MUNICÍPIO DE TAQUARITUBA,2,84045.58,0.00,0.00,84045.58,PENDENTE,2024-07-04,44624,156766,TJSP DEPRE MOC,https://api.tjsp.jus.br/Handlers/Handler/FileFetch.ashx?codigo=156766
2025,municipal,MUNICÍPIO DE TARABAI,1,0.00,0.00,39685.03,39685.03,PENDENTE,2024-07-04,44624,156766,TJSP DEPRE MOC,https://api.tjsp.jus.br/Handlers/Handler/FileFetch.ashx?codigo=156766
2025,municipal,MUNICÍPIO DE TARUMÃ,24,1954495.02,0.00,80800.90,2035295.92,PENDENTE,2024-07-04,44624,156766,TJSP DEPRE MOC,https://api.tjsp.jus.br/Handlers/Handler/FileFetch.ashx?codigo=156766
2025,municipal,MUNICÍPIO DE TATUÍ,24,2809372.04,0.00,965424.52,3774796.56,PENDENTE,2024-07-04,44624,156766,TJSP DEPRE MOC,https://api.tjsp.jus.br/Handlers/Handler/FileFetch.ashx?codigo=156766
2025,municipal,MUNICÍPIO DE TAUBATÉ,80,17922221.10,52576131.93,11054762.95,81553115.98,PENDENTE,2024-07-04,44624,156766,TJSP DEPRE MOC,https://api.tjsp.jus.br/Handlers/Handler/FileFetch.ashx?codigo=156766
2025,municipal,MUNICÍPIO DE TEJUPÁ,2,14557.65,0.00,52809.71,67367.36,PENDENTE,2024-07-04,44624,156766,TJSP DEPRE MOC,https://api.tjsp.jus.br/Handlers/Handler/FileFetch.ashx?codigo=156766
2025,municipal,MUNICÍPIO DE TEODORO SAMPAIO,3,77955.26,0.00,31684.82,109640.08,PENDENTE,2024-07-04,44624,156766,TJSP DEPRE MOC,https://api.tjsp.jus.br/Handlers/Handler/FileFetch.ashx?codigo=156766
2025,municipal,MUNICÍPIO DE TERRA ROXA,5,58325.38,0.00,3262033.83,3320359.21,PENDENTE,2024-07-04,44624,156766,TJSP DEPRE MOC,https://api.tjsp.jus.br/Handlers/Handler/FileFetch.ashx?codigo=156766
2025,municipal,MUNICÍPIO DE TIETÊ,6,456528.89,0.00,1648339.34,2104868.23,PENDENTE,2024-07-04,44624,156766,TJSP DEPRE MOC,https://api.tjsp.jus.br/Handlers/Handler/FileFetch.ashx?codigo=156766
2025,municipal,MUNICÍPIO DE TREMEMBÉ,5,113111.18,0.00,829856.24,942967.42,PENDENTE,2024-07-04,44624,156766,TJSP DEPRE MOC,https://api.tjsp.jus.br/Handlers/Handler/FileFetch.ashx?codigo=156766
2025,municipal,MUNICÍPIO DE TRÊS FRONTEIRAS,3,147005.53,0.00,52421.94,199427.47,PENDENTE,2024-07-04,44624,156766,TJSP DEPRE MOC,https://api.tjsp.jus.br/Handlers/Handler/FileFetch.ashx?codigo=156766
2025,municipal,MUNICÍPIO DE TUIUTI,18,1811998.19,628602.84,0.00,2440601.03,PENDENTE,2024-07-04,44624,156766,TJSP DEPRE MOC,https://api.tjsp.jus.br/Handlers/Handler/FileFetch.ashx?codigo=156766
2025,municipal,MUNICÍPIO DE TUPÃ,23,2091977.35,784665.37,61583.24,2938225.96,PENDENTE,2024-07-04,44624,156766,TJSP DEPRE MOC,https://api.tjsp.jus.br/Handlers/Handler/FileFetch.ashx?codigo=156766
2025,municipal,MUNICÍPIO DE TUPI PAULISTA,3,33557.59,0.00,64663.21,98220.80,PENDENTE,2024-07-04,44624,156766,TJSP DEPRE MOC,https://api.tjsp.jus.br/Handlers/Handler/FileFetch.ashx?codigo=156766
2025,municipal,MUNICÍPIO DE TURIÚBA,2,44579.73,0.00,203789.37,248369.10,PENDENTE,2024-07-04,44624,156766,TJSP DEPRE MOC,https://api.tjsp.jus.br/Handlers/Handler/FileFetch.ashx?codigo=156766
2025,municipal,MUNICÍPIO DE UBARANA,1,43594.81,0.00,0.00,43594.81,PENDENTE,2024-07-04,44624,156766,TJSP DEPRE MOC,https://api.tjsp.jus.br/Handlers/Handler/FileFetch.ashx?codigo=156766
2025,municipal,MUNICÍPIO DE UBATUBA,27,1675033.65,0.00,863537.52,2538571.17,PENDENTE,2024-07-04,44624,156766,TJSP DEPRE MOC,https://api.tjsp.jus.br/Handlers/Handler/FileFetch.ashx?codigo=156766
2025,municipal,MUNICÍPIO DE UBIRAJARA,1,0.00,0.00,66446.69,66446.69,PENDENTE,2024-07-04,44624,156766,TJSP DEPRE MOC,https://api.tjsp.jus.br/Handlers/Handler/FileFetch.ashx?codigo=156766
2025,municipal,MUNICÍPIO DE UCHOA,8,240012.78,0.00,0.00,240012.78,PENDENTE,2024-07-04,44624,156766,TJSP DEPRE MOC,https://api.tjsp.jus.br/Handlers/Handler/FileFetch.ashx?codigo=156766
2025,municipal,MUNICÍPIO DE URÂNIA,4,74342.91,0.00,0.00,74342.91,PENDENTE,2024-07-04,44624,156766,TJSP DEPRE MOC,https://api.tjsp.jus.br/Handlers/Handler/FileFetch.ashx?codigo=156766
2025,municipal,MUNICÍPIO DE URUPÊS,1,0.00,0.00,11165.61,11165.61,PENDENTE,2024-07-04,44624,156766,TJSP DEPRE MOC,https://api.tjsp.jus.br/Handlers/Handler/FileFetch.ashx?codigo=156766
2025,municipal,MUNICÍPIO DE VALENTIM GENTIL,7,62853.42,0.00,561609.29,624462.71,PENDENTE,2024-07-04,44624,156766,TJSP DEPRE MOC,https://api.tjsp.jus.br/Handlers/Handler/FileFetch.ashx?codigo=156766
2025,municipal,MUNICÍPIO DE VALINHOS,24,4438103.86,0.00,1997321.69,6435425.55,PENDENTE,2024-07-04,44624,156766,TJSP DEPRE MOC,https://api.tjsp.jus.br/Handlers/Handler/FileFetch.ashx?codigo=156766
2025,municipal,MUNICÍPIO DE VALPARAISO,1,0.00,0.00,32936.40,32936.40,PENDENTE,2024-07-04,44624,156766,TJSP DEPRE MOC,https://api.tjsp.jus.br/Handlers/Handler/FileFetch.ashx?codigo=156766
2025,municipal,MUNICÍPIO DE VARGEM GRANDE DO SUL,37,1091385.21,21702.72,256797.24,1369885.17,PENDENTE,2024-07-04,44624,156766,TJSP DEPRE MOC,https://api.tjsp.jus.br/Handlers/Handler/FileFetch.ashx?codigo=156766
2025,municipal,MUNICÍPIO DE VARGEM GRANDE PAULISTA,9,427309.42,0.00,879264.91,1306574.33,PENDENTE,2024-07-04,44624,156766,TJSP DEPRE MOC,https://api.tjsp.jus.br/Handlers/Handler/FileFetch.ashx?codigo=156766
2025,municipal,MUNICÍPIO DE VÁRZEA PAULISTA,12,979056.77,0.00,89317.61,1068374.38,PENDENTE,2024-07-04,44624,156766,TJSP DEPRE MOC,https://api.tjsp.jus.br/Handlers/Handler/FileFetch.ashx?codigo=156766
2025,municipal,MUNICÍPIO DE VERA CRUZ,5,753717.99,0.00,0.00,753717.99,PENDENTE,2024-07-04,44624,156766,TJSP DEPRE MOC,https://api.tjsp.jus.br/Handlers/Handler/FileFetch.ashx?codigo=156766
2025,municipal,MUNICÍPIO DE VINHEDO,19,326117.50,319850.15,1489579.37,2135547.02,PENDENTE,2024-07-04,44624,156766,TJSP DEPRE MOC,https://api.tjsp.jus.br/Handlers/Handler/FileFetch.ashx?codigo=156766
2025,municipal,MUNICÍPIO DE VIRADOURO,4,217803.67,0.00,307847.92,525651.59,PENDENTE,2024-07-04,44624,156766,TJSP DEPRE MOC,https://api.tjsp.jus.br/Handlers/Handler/FileFetch.ashx?codigo=156766
2025,municipal,MUNICÍPIO DE VISTA ALEGRE DO ALTO,3,61018.91,0.00,270396.70,331415.61,PENDENTE,2024-07-04,44624,156766,TJSP DEPRE MOC,https://api.tjsp.jus.br/Handlers/Handler/FileFetch.ashx?codigo=156766
2025,municipal,MUNICÍPIO DE VITÓRIA BRASIL,7,402552.90,0.00,0.00,402552.90,PENDENTE,2024-07-04,44624,156766,TJSP DEPRE MOC,https://api.tjsp.jus.br/Handlers/Handler/FileFetch.ashx?codigo=156766
2025,municipal,MUNICÍPIO DE VOTORANTIM,10,2882030.06,0.00,458552.56,3340582.62,PENDENTE,2024-07-04,44624,156766,TJSP DEPRE MOC,https://api.tjsp.jus.br/Handlers/Handler/FileFetch.ashx?codigo=156766
2025,municipal,MUNICÍPIO DE VOTUPORANGA,58,2420069.68,0.00,97646.89,2517716.57,PENDENTE,2024-07-04,44624,156766,TJSP DEPRE MOC,https://api.tjsp.jus.br/Handlers/Handler/FileFetch.ashx?codigo=156766
2025,municipal,MUNICÍPIO DE ZACARIAS,1,0.00,0.00,24054.20,24054.20,PENDENTE,2024-07-04,44624,156766,TJSP DEPRE MOC,https://api.tjsp.jus.br/Handlers/Handler/FileFetch.ashx?codigo=156766
2025,autarquia_municipal,PAULINIAPREV - INST. DE PREV. DOS FUNC. PÚBL. DO MUN. DE PAULÍNIA,2,167224.56,0.00,0.00,167224.56,PENDENTE,2024-07-04,44624,156766,TJSP DEPRE MOC,https://api.tjsp.jus.br/Handlers/Handler/FileFetch.ashx?codigo=156766
2025,autarquia_municipal,PAULO DE FARIA-PREVI - INSTITUTO DE PREV. DO MUN. DE PAULO DE FARI,1,58506.86,0.00,0.00,58506.86,PENDENTE,2024-07-04,44624,156766,TJSP DEPRE MOC,https://api.tjsp.jus.br/Handlers/Handler/FileFetch.ashx?codigo=156766
2025,autarquia_municipal,PERUIBEPREV - INST. DE PREV. MUN. DE PERUÍBE,2,293490.28,0.00,0.00,293490.28,PENDENTE,2024-07-04,44624,156766,TJSP DEPRE MOC,https://api.tjsp.jus.br/Handlers/Handler/FileFetch.ashx?codigo=156766
2025,autarquia_municipal,PITANPREV - INST. DE PREV. SOC. DOS SERV. PÚBL. DE PITANGUEIRAS,2,157523.10,0.00,0.00,157523.10,PENDENTE,2024-07-04,44624,156766,TJSP DEPRE MOC,https://api.tjsp.jus.br/Handlers/Handler/FileFetch.ashx?codigo=156766
2025,autarquia_municipal,PREVIGARAPAVA - INSTITUTO DE PREVIDENCIA MUNICIPAL DE IGARAPAVA,11,1106725.31,0.00,0.00,1106725.31,PENDENTE,2024-07-04,44624,156766,TJSP DEPRE MOC,https://api.tjsp.jus.br/Handlers/Handler/FileFetch.ashx?codigo=156766
2025,autarquia_municipal,RIOPRETOPREV - REG. PR. PREV. SOC. MUN. DE SÃO JOSÉ DO RIO PRETO,28,3019453.78,0.00,0.00,3019453.78,PENDENTE,2024-07-04,44624,156766,TJSP DEPRE MOC,https://api.tjsp.jus.br/Handlers/Handler/FileFetch.ashx?codigo=156766
2025,autarquia_municipal,SAAE - SERVIÇO AUT. DE ÁGUA E ESGOTO DE PEDREIRA,1,97564.48,0.00,0.00,97564.48,PENDENTE,2024-07-04,44624,156766,TJSP DEPRE MOC,https://api.tjsp.jus.br/Handlers/Handler/FileFetch.ashx?codigo=156766
2025,autarquia_municipal,SAAE AMPARO - SERVIÇO AUTÔNOMO DE ÁGUA E ESGOTOS DE AMPARO,5,407939.82,61459.71,20317.42,489716.95,PENDENTE,2024-07-04,44624,156766,TJSP DEPRE MOC,https://api.tjsp.jus.br/Handlers/Handler/FileFetch.ashx?codigo=156766
2025,autarquia_municipal,SAAE APARECIDA - SERVIÇO AUTÔNOMO DE ÁGUAS E ESGOTOS DE APARE,4,0.00,0.00,283835.33,283835.33,PENDENTE,2024-07-04,44624,156766,TJSP DEPRE MOC,https://api.tjsp.jus.br/Handlers/Handler/FileFetch.ashx?codigo=156766
2025,autarquia_municipal,SAAE ATIBAIA - SANEAMENTO AMBIENTAL ATIBAIA,1,0.00,0.00,2470.63,2470.63,PENDENTE,2024-07-04,44624,156766,TJSP DEPRE MOC,https://api.tjsp.jus.br/Handlers/Handler/FileFetch.ashx?codigo=156766
2025,autarquia_municipal,SAAE CÂNDIDO MOTA - SERV. AUT. DE ÁGUA E ESG. DE CÂNDIDO MOTA,3,57665.62,0.00,0.00,57665.62,PENDENTE,2024-07-04,44624,156766,TJSP DEPRE MOC,https://api.tjsp.jus.br/Handlers/Handler/FileFetch.ashx?codigo=156766
2025,autarquia_municipal,SAAE CAPIVARI - SERVIÇO AUTÔNOMO DE ÁGUA E ESGOTO DE CAPIVARI,1,0.00,0.00,55697.95,55697.95,PENDENTE,2024-07-04,44624,156766,TJSP DEPRE MOC,https://api.tjsp.jus.br/Handlers/Handler/FileFetch.ashx?codigo=156766
2025,autarquia_municipal,SAAE CRAVINHOS - SERVIÇO AUTÔNOMO DE ÁGUA E ESGOTO DE CRAVINH,1,0.00,0.00,9863.99,9863.99,PENDENTE,2024-07-04,44624,156766,TJSP DEPRE MOC,https://api.tjsp.jus.br/Handlers/Handler/FileFetch.ashx?codigo=156766
2025,autarquia_municipal,SAAE INDAIATUBA - SERV. AUT. DE ÁGUA E ESGOTOS DE INDAIATUBA,7,444705.87,0.00,4089899.98,4534605.85,PENDENTE,2024-07-04,44624,156766,TJSP DEPRE MOC,https://api.tjsp.jus.br/Handlers/Handler/FileFetch.ashx?codigo=156766
2025,autarquia_municipal,SAAE ITAPIRA - SERVIÇO AUTONOMO DE ÁGUA E ESGOTO DE ITAPIRA,5,243885.46,0.00,0.00,243885.46,PENDENTE,2024-07-04,44624,156766,TJSP DEPRE MOC,https://api.tjsp.jus.br/Handlers/Handler/FileFetch.ashx?codigo=156766
2025,autarquia_municipal,SAAE ITÁPOLIS - SERVIÇO AUTÔNOMO DE ÁGUA E ESGOTO DE ITÁPOLIS,3,0.00,0.00,28016.91,28016.91,PENDENTE,2024-07-04,44624,156766,TJSP DEPRE MOC,https://api.tjsp.jus.br/Handlers/Handler/FileFetch.ashx?codigo=156766
2025,autarquia_municipal,SAAE JACAREÍ - SERVIÇO AUTÔNOMO DE ÁGUAS E ESGOTOS DE JACAREÍ,3,350828.79,0.00,0.00,350828.79,PENDENTE,2024-07-04,44624,156766,TJSP DEPRE MOC,https://api.tjsp.jus.br/Handlers/Handler/FileFetch.ashx?codigo=156766
2025,autarquia_municipal,SAAE LENÇÓIS PAULISTA - SERV. AUT. ÁGUA E ESG. LENÇÓIS PAULISTA,1,88132.68,0.00,0.00,88132.68,PENDENTE,2024-07-04,44624,156766,TJSP DEPRE MOC,https://api.tjsp.jus.br/Handlers/Handler/FileFetch.ashx?codigo=156766
2025,autarquia_municipal,SAAE MOGI MIRIM - SERV. AUT. DE ÁGUA E ESG. DE MOGI MIRIM,1,0.00,0.00,154123.76,154123.76,PENDENTE,2024-07-04,44624,156766,TJSP DEPRE MOC,https://api.tjsp.jus.br/Handlers/Handler/FileFetch.ashx?codigo=156766
2025,autarquia_municipal,SAAE SALTO - SERV. AUT. DE ÁGUA E ESGOTO DE SALTO,1,0.00,0.00,158413.15,158413.15,PENDENTE,2024-07-04,44624,156766,TJSP DEPRE MOC,https://api.tjsp.jus.br/Handlers/Handler/FileFetch.ashx?codigo=156766
2025,autarquia_municipal,SAAE SÃO CARLOS - SERV. AUT. DE ÁGUAS E ESG. DE SÃO CARLOS,1,0.00,0.00,56075.36,56075.36,PENDENTE,2024-07-04,44624,156766,TJSP DEPRE MOC,https://api.tjsp.jus.br/Handlers/Handler/FileFetch.ashx?codigo=156766
2025,autarquia_municipal,SAAE SOROCABA - SERVIÇO AUT. DE ÁGUA E ESGOTO DE SOROCABA,24,2296488.47,4190338.53,43656.77,6530483.77,PENDENTE,2024-07-04,44624,156766,TJSP DEPRE MOC,https://api.tjsp.jus.br/Handlers/Handler/FileFetch.ashx?codigo=156766
2025,autarquia_municipal,SAAEB - SERVIÇO AUTÔNOMO DE ÁGUA E ESGOTO DE BARRETOS,13,255707.26,0.00,469840.29,725547.55,PENDENTE,2024-07-04,44624,156766,TJSP DEPRE MOC,https://api.tjsp.jus.br/Handlers/Handler/FileFetch.ashx?codigo=156766
2025,autarquia_municipal,SAAEB - SERVIÇO AUTÔNOMO DE ÁGUA E ESGOTOS DE BEBEDOURO,4,40557.52,0.00,62465.17,103022.69,PENDENTE,2024-07-04,44624,156766,TJSP DEPRE MOC,https://api.tjsp.jus.br/Handlers/Handler/FileFetch.ashx?codigo=156766
2025,autarquia_municipal,SAAEJ - SERVIÇO AUTÔNOMO DE ÁGUA E ESGOTO DE JABOTICABAL,1,34925.19,0.00,0.00,34925.19,PENDENTE,2024-07-04,44624,156766,TJSP DEPRE MOC,https://api.tjsp.jus.br/Handlers/Handler/FileFetch.ashx?codigo=156766
2025,autarquia_municipal,SAE - SERV. AUT. DE ÁGUA E ESG. DE VARGEM GRANDE DO SUL,3,53244.53,0.00,9399.89,62644.42,PENDENTE,2024-07-04,44624,156766,TJSP DEPRE MOC,https://api.tjsp.jus.br/Handlers/Handler/FileFetch.ashx?codigo=156766
2025,autarquia_municipal,SAE OURINHOS - SUPERINTENDÊNCIA DE ÁGUA E ESGOTO DE OURINHOS,11,77156.40,0.00,565479.07,642635.47,PENDENTE,2024-07-04,44624,156766,TJSP DEPRE MOC,https://api.tjsp.jus.br/Handlers/Handler/FileFetch.ashx?codigo=156766
2025,autarquia_municipal,SAEAN - SERVIÇO DE ÁGUA E ESGOTO DE ARTUR NOGUEIRA,2,33125.76,0.00,0.00,33125.76,PENDENTE,2024-07-04,44624,156766,TJSP DEPRE MOC,https://api.tjsp.jus.br/Handlers/Handler/FileFetch.ashx?codigo=156766
2025,autarquia_municipal,SAECIL - SUPERINTENDÊNCIA DE ÁGUA E ESGOTOS DA CIDADE DE LEME,1,0.00,0.00,12054.39,12054.39,PENDENTE,2024-07-04,44624,156766,TJSP DEPRE MOC,https://api.tjsp.jus.br/Handlers/Handler/FileFetch.ashx?codigo=156766
2025,autarquia_municipal,SAEMA - SERV. DE ÁGUA ESG. E MEIO AMBIENTE DO MUN. DE ARARAS,12,537285.42,0.00,37235.56,574520.98,PENDENTE,2024-07-04,44624,156766,TJSP DEPRE MOC,https://api.tjsp.jus.br/Handlers/Handler/FileFetch.ashx?codigo=156766
2025,autarquia_municipal,SAERP - SUPERINT. AUT. DE ÁGUA E ESG. DE SÃO JOSÉ DO RIO PARDO,3,41007.37,0.00,16808.72,57816.09,PENDENTE,2024-07-04,44624,156766,TJSP DEPRE MOC,https://api.tjsp.jus.br/Handlers/Handler/FileFetch.ashx?codigo=156766
2025,autarquia_municipal,"SAESA - SIST. DE ÁGUA, ESG. E SAN. AMBIENTAL SÃO CAETANO DO SUL",1,0.00,0.00,139218.87,139218.87,PENDENTE,2024-07-04,44624,156766,TJSP DEPRE MOC,https://api.tjsp.jus.br/Handlers/Handler/FileFetch.ashx?codigo=156766
2025,autarquia_municipal,"SAEV AMBIENTAL - SUP. DE ÁGUA, ESG. E MEIO AMB. DE VOTUPORANGA",4,42979.90,0.00,21798.01,64777.91,PENDENTE,2024-07-04,44624,156766,TJSP DEPRE MOC,https://api.tjsp.jus.br/Handlers/Handler/FileFetch.ashx?codigo=156766
2025,autarquia_municipal,SAMA - SANEAMENTO BÁSICO DO MUNICÍPIO DE MAUÁ,1,77935.23,0.00,0.00,77935.23,PENDENTE,2024-07-04,44624,156766,TJSP DEPRE MOC,https://api.tjsp.jus.br/Handlers/Handler/FileFetch.ashx?codigo=156766
2025,autarquia_municipal,SAMAE - SERV. AUT. MUNICIPAL DE ÁGUA E ESGOTO DE MOGI GUAÇU,2,41981.76,0.00,59471.90,101453.66,PENDENTE,2024-07-04,44624,156766,TJSP DEPRE MOC,https://api.tjsp.jus.br/Handlers/Handler/FileFetch.ashx?codigo=156766
2025,autarquia_municipal,SANTAFEPREV - INST. MUN. DE PREV. SOC. DE SANTA FÉ DO SUL,12,327533.62,0.00,0.00,327533.62,PENDENTE,2024-07-04,44624,156766,TJSP DEPRE MOC,https://api.tjsp.jus.br/Handlers/Handler/FileFetch.ashx?codigo=156766
2025,autarquia_municipal,SÃO SEBASTIÃO PREV - INST. PREV. DO MUN. DE SÃO SEBASTIÃO,22,1530956.29,0.00,0.00,1530956.29,PENDENTE,2024-07-04,44624,156766,TJSP DEPRE MOC,https://api.tjsp.jus.br/Handlers/Handler/FileFetch.ashx?codigo=156766
2025,autarquia_municipal,SASEMB - SERVIÇO ASSIST. DOS FUNC. E SERV. MUN. DE BEBEDOURO,6,154581.65,0.00,0.00,154581.65,PENDENTE,2024-07-04,44624,156766,TJSP DEPRE MOC,https://api.tjsp.jus.br/Handlers/Handler/FileFetch.ashx?codigo=156766
2025,autarquia_municipal,SASSOM - SERV. DE ASSIST. À SAÚDE DOS MUN. PRESIDENTE PRUDENTE,2,216908.08,0.00,2169080.87,2385988.95,PENDENTE,2024-07-04,44624,156766,TJSP DEPRE MOC,https://api.tjsp.jus.br/Handlers/Handler/FileFetch.ashx?codigo=156766
2025,autarquia_municipal,SASSOM - SERV. DE ASSIST. À SAÚDE DOS MUNIC. DE RIBEIRÃO PRETO,11,1220146.28,0.00,22234.91,1242381.19,PENDENTE,2024-07-04,44624,156766,TJSP DEPRE MOC,https://api.tjsp.jus.br/Handlers/Handler/FileFetch.ashx?codigo=156766
2025,autarquia_municipal,SBCPREV - INSTITUTO DE PREV. DO MUN. DE SÃO BERNARDO DO CAMPO,37,1643364.17,0.00,0.00,1643364.17,PENDENTE,2024-07-04,44624,156766,TJSP DEPRE MOC,https://api.tjsp.jus.br/Handlers/Handler/FileFetch.ashx?codigo=156766
2025,autarquia_municipal,SEMAE - SERV. MUN. AUT. DE ÁGUA E ESG. DE SÃO JOSÉ DO RIO PRETO,6,177411.35,29333.79,227675.98,434421.12,PENDENTE,2024-07-04,44624,156766,TJSP DEPRE MOC,https://api.tjsp.jus.br/Handlers/Handler/FileFetch.ashx?codigo=156766
2025,autarquia_municipal,SEMAE - SERVIÇO MUN. DE ÁGUAS E ESGOTOS DE MOGI DAS CRUZES,8,407959.99,134184.20,352352.59,894496.78,PENDENTE,2024-07-04,44624,156766,TJSP DEPRE MOC,https://api.tjsp.jus.br/Handlers/Handler/FileFetch.ashx?codigo=156766
2025,autarquia_municipal,SEMAE - SERVIÇO MUNICIPAL DE ÁGUA E ESGOTO DE PIRACICABA,9,659459.34,0.00,2517168.02,3176627.36,PENDENTE,2024-07-04,44624,156766,TJSP DEPRE MOC,https://api.tjsp.jus.br/Handlers/Handler/FileFetch.ashx?codigo=156766
2025,autarquia_municipal,"SEPREM - SERV. DE PREV., SAÚDE E ASSIST. MUN. DE JABOTICABAL",1,217206.10,0.00,0.00,217206.10,PENDENTE,2024-07-04,44624,156766,TJSP DEPRE MOC,https://api.tjsp.jus.br/Handlers/Handler/FileFetch.ashx?codigo=156766
2025,autarquia_municipal,SEPREM - SERVIÇO DE PREVIDÊNCIA MUNICIPAL DE ITAPETININGA,3,157770.76,0.00,0.00,157770.76,PENDENTE,2024-07-04,44624,156766,TJSP DEPRE MOC,https://api.tjsp.jus.br/Handlers/Handler/FileFetch.ashx?codigo=156766
2025,autarquia_municipal,SEPREV - SERV. PREV. E ASSIST. À SAÚDE DOS SERV. MUN. INDAIATUBA,1,448272.68,0.00,0.00,448272.68,PENDENTE,2024-07-04,44624,156766,TJSP DEPRE MOC,https://api.tjsp.jus.br/Handlers/Handler/FileFetch.ashx?codigo=156766
2025,autarquia_municipal,SERVIÇO AUTÔNOMO DE ÁGUA E ESGOTO DE PEREIRA BARRETO,4,199703.25,0.00,28496.49,228199.74,PENDENTE,2024-07-04,44624,156766,TJSP DEPRE MOC,https://api.tjsp.jus.br/Handlers/Handler/FileFetch.ashx?codigo=156766
2025,autarquia_municipal,SETEC - SERVIÇOS TÉCNICOS GERAIS - CAMPINAS,1,146267.79,0.00,0.00,146267.79,PENDENTE,2024-07-04,44624,156766,TJSP DEPRE MOC,https://api.tjsp.jus.br/Handlers/Handler/FileFetch.ashx?codigo=156766
2025,autarquia_municipal,TAPIRATIBAPREV - INST. DE PREV. DOS SERV. PÚBL. MUN. DE TAPIRATIBA,16,289003.67,0.00,0.00,289003.67,PENDENTE,2024-07-04,44624,156766,TJSP DEPRE MOC,https://api.tjsp.jus.br/Handlers/Handler/FileFetch.ashx?codigo=156766
2025,autarquia_municipal,TCA - SERVIÇO MUNICIPAL DE TRANSPORTES COLETIVOS DE ARARAS,32,1028191.72,0.00,27860.36,1056052.08,PENDENTE,2024-07-04,44624,156766,TJSP DEPRE MOC,https://api.tjsp.jus.br/Handlers/Handler/FileFetch.ashx?codigo=156766
2025,estadual,UNESP - UNIVERSIDADE ESTADUAL PAULISTA (JÚLIO DE MESQUITA FILHO),432,45865620.05,0.00,0.00,45865620.05,PENDENTE,2024-07-04,44624,156766,TJSP DEPRE MOC,https://api.tjsp.jus.br/Handlers/Handler/FileFetch.ashx?codigo=156766
2025,estadual,UNICAMP - UNIVERSIDADE ESTADUAL DE CAMPINAS,40,6079410.66,0.00,253169.76,6332580.42,PENDENTE,2024-07-04,44624,156766,TJSP DEPRE MOC,https://api.tjsp.jus.br/Handlers/Handler/FileFetch.ashx?codigo=156766
2025,estadual,UNITAU - UNIVERSIDADE DE TAUBATÉ,24,761305.48,0.00,1649480.80,2410786.28,PENDENTE,2024-07-04,44624,156766,TJSP DEPRE MOC,https://api.tjsp.jus.br/Handlers/Handler/FileFetch.ashx?codigo=156766
2025,autarquia_municipal,USCS - UNIVERSIDADE MUNICIPAL DE SÃO CAETANO DO SUL,1,13410.50,0.00,0.00,13410.50,PENDENTE,2024-07-04,44624,156766,TJSP DEPRE MOC,https://api.tjsp.jus.br/Handlers/Handler/FileFetch.ashx?codigo=156766
2025,estadual,USP - UNIVERSIDADE DE SÃO PAULO,86,9297711.73,0.00,66973.21,9364684.94,PENDENTE,2024-07-04,44624,156766,TJSP DEPRE MOC,https://api.tjsp.jus.br/Handlers/Handler/FileFetch.ashx?codigo=156766
2025,autarquia_municipal,VALIPREV - INSTITUTO DE PREV. SOC. DOS SERV. MUN. DE VALINHOS,1,65071.03,0.00,0.00,65071.03,PENDENTE,2024-07-04,44624,156766,TJSP DEPRE MOC,https://api.tjsp.jus.br/Handlers/Handler/FileFetch.ashx?codigo=156766
2026,estadual,AGÊNCIA ESTADUAL DE GESTÃO DE EMPREENDIMENTOS - AGESUL/MS,1,210873.58,0.00,0.00,210873.58,PENDENTE,2025-06-06,53210,168780,TJSP DEPRE MOC,https://api.tjsp.jus.br/Handlers/Handler/FileFetch.ashx?codigo=168780
2026,autarquia_municipal,AMERIPREV - INST. DE PREV. SOC. DOS SERV. MUN. DE AMERICANA,1,41463.99,0.00,0.00,41463.99,PENDENTE,2025-06-06,53210,168780,TJSP DEPRE MOC,https://api.tjsp.jus.br/Handlers/Handler/FileFetch.ashx?codigo=168780
2026,autarquia_municipal,ARAPREV - SERVIÇO DE PREVIDÊNCIA SOCIAL DO MUN. DE ARARAS,39,1392787.07,0.00,0.00,1392787.07,PENDENTE,2025-06-06,53210,168780,TJSP DEPRE MOC,https://api.tjsp.jus.br/Handlers/Handler/FileFetch.ashx?codigo=168780
2026,autarquia_municipal,ASSISPREV - INSTITUTO DE PREV. DOS SERV. PÚBL. MUN. DE ASSIS,2,460252.02,0.00,0.00,460252.02,PENDENTE,2025-06-06,53210,168780,TJSP DEPRE MOC,https://api.tjsp.jus.br/Handlers/Handler/FileFetch.ashx?codigo=168780
2026,autarquia_municipal,AUTARQUIA MUNICIPAL DE ITAPECERICA DA SERRA (SAÚDE-IS),9,498717.07,0.00,964835.96,1463553.03,PENDENTE,2025-06-06,53210,168780,TJSP DEPRE MOC,https://api.tjsp.jus.br/Handlers/Handler/FileFetch.ashx?codigo=168780
2026,autarquia_municipal,BIRIGUIPREV - INSTITUTO DE PREVIDÊNCIA DO MUNICÍPIO DE BIRIGUI,9,1015768.22,0.00,0.00,1015768.22,PENDENTE,2025-06-06,53210,168780,TJSP DEPRE MOC,https://api.tjsp.jus.br/Handlers/Handler/FileFetch.ashx?codigo=168780
2026,autarquia_municipal,BOTUPREV - INST. DE PREV. SOC. DOS SERV. DE BOTUCATU,2,295276.50,0.00,0.00,295276.50,PENDENTE,2025-06-06,53210,168780,TJSP DEPRE MOC,https://api.tjsp.jus.br/Handlers/Handler/FileFetch.ashx?codigo=168780
2026,autarquia_municipal,BURIPREV - INSTITUTO DE PREV. DOS SERV. PÚBL. DO MUN. DE BURI,1,50499.74,0.00,0.00,50499.74,PENDENTE,2025-06-06,53210,168780,TJSP DEPRE MOC,https://api.tjsp.jus.br/Handlers/Handler/FileFetch.ashx?codigo=168780
2026,autarquia_municipal,CAIXA DE PECÚLIOS E PENSÕES DOS SERV. MUNIC. DE SANTOS,1,84902.46,0.00,0.00,84902.46,PENDENTE,2025-06-06,53210,168780,TJSP DEPRE MOC,https://api.tjsp.jus.br/Handlers/Handler/FileFetch.ashx?codigo=168780
2026,autarquia_municipal,CAIXA DE PREVIDÊNCIA DOS SERVIDORES MUNIC. DE CUBATÃO,16,6221159.57,0.00,41883.48,6263043.05,PENDENTE,2025-06-06,53210,168780,TJSP DEPRE MOC,https://api.tjsp.jus.br/Handlers/Handler/FileFetch.ashx?codigo=168780
2026,autarquia_municipal,CAMPREV - INSTITUTO DE PREVID. SOCIAL DO MUNIC. DE CAMPINAS,24,6189862.22,0.00,0.00,6189862.22,PENDENTE,2025-06-06,53210,168780,TJSP DEPRE MOC,https://api.tjsp.jus.br/Handlers/Handler/FileFetch.ashx?codigo=168780
2026,autarquia_municipal,CAPSMAR - CAIXA DE APOS. E PREV. DOS SERVIDORES PÚBLICOS MUNICIP,1,26464.05,0.00,0.00,26464.05,PENDENTE,2025-06-06,53210,168780,TJSP DEPRE MOC,https://api.tjsp.jus.br/Handlers/Handler/FileFetch.ashx?codigo=168780
2026,autarquia_municipal,CAPSTUBA - CAIXA DE APOS. E PENS. DOS SERV. MUN. DE TAQUARITUBA,1,26105.25,0.00,0.00,26105.25,PENDENTE,2025-06-06,53210,168780,TJSP DEPRE MOC,https://api.tjsp.jus.br/Handlers/Handler/FileFetch.ashx?codigo=168780
2026,autarquia_municipal,CARAGUAPREV - INSTITUTO DE PREV. DO MUN. DE CARAGUATATUBA,2,190495.54,0.00,0.00,190495.54,PENDENTE,2025-06-06,53210,168780,TJSP DEPRE MOC,https://api.tjsp.jus.br/Handlers/Handler/FileFetch.ashx?codigo=168780
2026,autarquia_municipal,COHAB -  COMPANHIA HABITACIONAL REGIONAL DE RIBEIRAO PRETO,68,146510.60,126973.89,6307295.26,6580779.75,PENDENTE,2025-06-06,53210,168780,TJSP DEPRE MOC,https://api.tjsp.jus.br/Handlers/Handler/FileFetch.ashx?codigo=168780
2026,autarquia_municipal,COMPANHIA ITUANA DE SANEAMENTO - CIS,2,0.00,0.00,84345.39,84345.39,PENDENTE,2025-06-06,53210,168780,TJSP DEPRE MOC,https://api.tjsp.jus.br/Handlers/Handler/FileFetch.ashx?codigo=168780
2026,autarquia_municipal,CONSAÚDE - CONSÓRCIO INTERMUN. DE SAÚDE DO VALE DO RIBEIRA,20,439870.17,0.00,982896.61,1422766.78,PENDENTE,2025-06-06,53210,168780,TJSP DEPRE MOC,https://api.tjsp.jus.br/Handlers/Handler/FileFetch.ashx?codigo=168780
2026,autarquia_municipal,CONSORCIO INTERMUNICIPAL DO PONTAL DO PARANAPANEMA - CIPP,4,22454.78,130126.48,0.00,152581.26,PENDENTE,2025-06-06,53210,168780,TJSP DEPRE MOC,https://api.tjsp.jus.br/Handlers/Handler/FileFetch.ashx?codigo=168780
2026,autarquia_municipal,DAAE - DEPARTAMENTO AUT. DE ÁGUA E ESGOTOS DE ARARAQUARA,15,388396.52,0.00,542846.28,931242.80,PENDENTE,2025-06-06,53210,168780,TJSP DEPRE MOC,https://api.tjsp.jus.br/Handlers/Handler/FileFetch.ashx?codigo=168780
2026,autarquia_municipal,DAE - DEPARTAMENTO DE ÁGUA E ESGOTO DE SANTA BÁRBARA D'OESTE,3,80937.66,0.00,65888.44,146826.10,PENDENTE,2025-06-06,53210,168780,TJSP DEPRE MOC,https://api.tjsp.jus.br/Handlers/Handler/FileFetch.ashx?codigo=168780
2026,autarquia_municipal,DAE BAURU - DEPARTAMENTO DE ÁGUA E ESGOTO DE BAURU,5,60164.60,236248.73,1638468.02,1934881.35,PENDENTE,2025-06-06,53210,168780,TJSP DEPRE MOC,https://api.tjsp.jus.br/Handlers/Handler/FileFetch.ashx?codigo=168780
2026,autarquia_municipal,DAE/SA - ÁGUAS E ESGOTO DE JUNDIAÍ,4,0.00,0.00,185091.58,185091.58,PENDENTE,2025-06-06,53210,168780,TJSP DEPRE MOC,https://api.tjsp.jus.br/Handlers/Handler/FileFetch.ashx?codigo=168780
2026,autarquia_municipal,DAEA - DEPARTAMENTO DE ÁGUA E ESGOTO DE ARAÇATUBA,3,235022.49,0.00,0.00,235022.49,PENDENTE,2025-06-06,53210,168780,TJSP DEPRE MOC,https://api.tjsp.jus.br/Handlers/Handler/FileFetch.ashx?codigo=168780
2026,autarquia_municipal,DAEM - DEPARTAMENTO DE ÁGUA E ESGOTO DE MARÍLIA,2,135296.13,0.00,0.00,135296.13,PENDENTE,2025-06-06,53210,168780,TJSP DEPRE MOC,https://api.tjsp.jus.br/Handlers/Handler/FileFetch.ashx?codigo=168780
2026,autarquia_municipal,"DAEMO AMBIENTAL - SUPERINT. DE ÁGUA, ESG. E MEIO AMB. DE OLÍMPIA",3,213130.67,0.00,0.00,213130.67,PENDENTE,2025-06-06,53210,168780,TJSP DEPRE MOC,https://api.tjsp.jus.br/Handlers/Handler/FileFetch.ashx?codigo=168780
2026,autarquia_municipal,DIVINOLANDIAPREV - INSTITUTO DE PREV. DO MUN. DE DIVINOLÂNDIA,2,91388.09,0.00,0.00,91388.09,PENDENTE,2025-06-06,53210,168780,TJSP DEPRE MOC,https://api.tjsp.jus.br/Handlers/Handler/FileFetch.ashx?codigo=168780
2026,autarquia_municipal,FAE - CENTRO UNIV. FAC. ASS. DE ENS. DE SÃO JOÃO DA BOA VISTA,4,95897.63,0.00,0.00,95897.63,PENDENTE,2025-06-06,53210,168780,TJSP DEPRE MOC,https://api.tjsp.jus.br/Handlers/Handler/FileFetch.ashx?codigo=168780
2026,estadual,FAZENDA DO ESTADO DE SÃO PAULO,49025,4911746075.69,228401366.66,688258520.40,5828405962.75,PENDENTE,2025-06-06,53210,168780,TJSP DEPRE MOC,https://api.tjsp.jus.br/Handlers/Handler/FileFetch.ashx?codigo=168780
2026,estadual,FAZENDA DO ESTADO DO MATO GROSSO DO SUL - MS,1,32640.77,0.00,0.00,32640.77,PENDENTE,2025-06-06,53210,168780,TJSP DEPRE MOC,https://api.tjsp.jus.br/Handlers/Handler/FileFetch.ashx?codigo=168780
2026,autarquia_municipal,FIEB - FUNDAÇÃO INSTITUTO DE EDUCAÇÃO DE BARUERI,1,87186.21,0.00,0.00,87186.21,PENDENTE,2025-06-06,53210,168780,TJSP DEPRE MOC,https://api.tjsp.jus.br/Handlers/Handler/FileFetch.ashx?codigo=168780
2026,autarquia_municipal,FMSSG - FUNDO MUNICIPAL DE SEGURIDADE SOCIAL DE GUARACI,4,91245.48,0.00,0.00,91245.48,PENDENTE,2025-06-06,53210,168780,TJSP DEPRE MOC,https://api.tjsp.jus.br/Handlers/Handler/FileFetch.ashx?codigo=168780
2026,autarquia_municipal,FUMAS - FUNDAÇÃO MUNICIPAL DE AÇÃO SOCIAL DE JUNDIAÍ,8,534383.45,0.00,0.00,534383.45,PENDENTE,2025-06-06,53210,168780,TJSP DEPRE MOC,https://api.tjsp.jus.br/Handlers/Handler/FileFetch.ashx?codigo=168780
2026,autarquia_municipal,FUMEC CAMPINAS - FUNDAÇÃO MUNICIPAL P EDUCAÇÃO COMUNITÁRIA,2,110505.83,0.00,0.00,110505.83,PENDENTE,2025-06-06,53210,168780,TJSP DEPRE MOC,https://api.tjsp.jus.br/Handlers/Handler/FileFetch.ashx?codigo=168780
2026,autarquia_municipal,FUNDAÇÃO DE SEG. SOCIAL DOS FUNC. PÚBL. DO MUN. DE VOTORANTIM,1,89904.74,0.00,0.00,89904.74,PENDENTE,2025-06-06,53210,168780,TJSP DEPRE MOC,https://api.tjsp.jus.br/Handlers/Handler/FileFetch.ashx?codigo=168780
2026,autarquia_municipal,FUNDO DE PREV. E BEN. DOS SERV. PÚBL. DO MUN. DE ARTUR NOGUEIRA,1,18852.94,0.00,0.00,18852.94,PENDENTE,2025-06-06,53210,168780,TJSP DEPRE MOC,https://api.tjsp.jus.br/Handlers/Handler/FileFetch.ashx?codigo=168780
2026,autarquia_municipal,FUNDO DE PREVIDÊNCIA SOCIAL DO MUNICÍPIO DE MIRA ESTRELA,1,151878.12,0.00,0.00,151878.12,PENDENTE,2025-06-06,53210,168780,TJSP DEPRE MOC,https://api.tjsp.jus.br/Handlers/Handler/FileFetch.ashx?codigo=168780
2026,autarquia_municipal,FUNPREV - FUNDAÇÃO DE PREV. DOS SERV. PÚBL. MUN. EFET. DE BAURU,5,2387107.28,0.00,0.00,2387107.28,PENDENTE,2025-06-06,53210,168780,TJSP DEPRE MOC,https://api.tjsp.jus.br/Handlers/Handler/FileFetch.ashx?codigo=168780
2026,autarquia_municipal,FUNSERV - FUND. DA SEG. SOCIAL DOS SERV. PÚBL. MUN. DE SOROCABA,21,2469974.69,0.00,0.00,2469974.69,PENDENTE,2025-06-06,53210,168780,TJSP DEPRE MOC,https://api.tjsp.jus.br/Handlers/Handler/FileFetch.ashx?codigo=168780
2026,autarquia_municipal,FUPREBEN - FUNDO DE PREV. E BEN. DOS SERV. PÚBL. DO MUN. DE VARGE,2,208180.70,0.00,0.00,208180.70,PENDENTE,2025-06-06,53210,168780,TJSP DEPRE MOC,https://api.tjsp.jus.br/Handlers/Handler/FileFetch.ashx?codigo=168780
2026,autarquia_municipal,FUSAM - FUNDAÇÃO DE SAÚDE E ASSISTÊNCIA DO MUN. DE CAÇAPAVA,2,0.00,0.00,210361.92,210361.92,PENDENTE,2025-06-06,53210,168780,TJSP DEPRE MOC,https://api.tjsp.jus.br/Handlers/Handler/FileFetch.ashx?codigo=168780
2026,autarquia_municipal,GESTALPREV - FUNDO DE PREVIDENCIA  MUNICIPAL DE PONTES GESTAL,1,130252.87,0.00,0.00,130252.87,PENDENTE,2025-06-06,53210,168780,TJSP DEPRE MOC,https://api.tjsp.jus.br/Handlers/Handler/FileFetch.ashx?codigo=168780
2026,municipal,GUARDA CIVIL MUNICIPAL DE RIBEIRÃO PRETO,7,218673.57,0.00,0.00,218673.57,PENDENTE,2025-06-06,53210,168780,TJSP DEPRE MOC,https://api.tjsp.jus.br/Handlers/Handler/FileFetch.ashx?codigo=168780
2026,autarquia_municipal,GUARUJÁ PREVIDÊNCIA,2,1105946.15,0.00,0.00,1105946.15,PENDENTE,2025-06-06,53210,168780,TJSP DEPRE MOC,https://api.tjsp.jus.br/Handlers/Handler/FileFetch.ashx?codigo=168780
2026,autarquia_municipal,HORTOPREV - INST. DE PREV. DOS SERV. PÚBL. MUN. DE HORTOLÂNDIA,2,982889.67,0.00,0.00,982889.67,PENDENTE,2025-06-06,53210,168780,TJSP DEPRE MOC,https://api.tjsp.jus.br/Handlers/Handler/FileFetch.ashx?codigo=168780
2026,municipal,HOSPITAL DO SERVIDOR PÚBLICO MUNICIPAL DE SÃO PAULO,20,844015.76,0.00,1013127.47,1857143.23,PENDENTE,2025-06-06,53210,168780,TJSP DEPRE MOC,https://api.tjsp.jus.br/Handlers/Handler/FileFetch.ashx?codigo=168780
2026,municipal,HOSPITAL MUNICIPAL DR. MARIO GATTI - CAMPINAS,24,3336326.97,0.00,0.00,3336326.97,PENDENTE,2025-06-06,53210,168780,TJSP DEPRE MOC,https://api.tjsp.jus.br/Handlers/Handler/FileFetch.ashx?codigo=168780
2026,autarquia_municipal,IAPEN - INST. DE APOS. E PENS. DOS SERV. PÚBL. DO MUN. DE GARÇA,10,601740.47,0.00,0.00,601740.47,PENDENTE,2025-06-06,53210,168780,TJSP DEPRE MOC,https://api.tjsp.jus.br/Handlers/Handler/FileFetch.ashx?codigo=168780
2026,autarquia_municipal,IMES CATANDUVA - INSTITUTO MUN. DE ENS. SUPERIOR DE CATANDUVA (F,2,9967943.96,0.00,0.00,9967943.96,PENDENTE,2025-06-06,53210,168780,TJSP DEPRE MOC,https://api.tjsp.jus.br/Handlers/Handler/FileFetch.ashx?codigo=168780
2026,autarquia_municipal,IMESB - INSTITUTO MUNICIPAL DE ENSINO SUPERIOR DE BEBEDOURO,4,254287.28,0.00,0.00,254287.28,PENDENTE,2025-06-06,53210,168780,TJSP DEPRE MOC,https://api.tjsp.jus.br/Handlers/Handler/FileFetch.ashx?codigo=168780
2026,autarquia_municipal,IMPRAL - INSTITUTO DE PREVIDÊNCIA MUNICIPAL DE ALTINÓPOLIS,1,23142.83,0.00,0.00,23142.83,PENDENTE,2025-06-06,53210,168780,TJSP DEPRE MOC,https://api.tjsp.jus.br/Handlers/Handler/FileFetch.ashx?codigo=168780
2026,autarquia_municipal,IMPREV - INSTITUTO MUNICIPAL DE PREVIDÊNCIA DE VIRADOURO,1,38735.80,0.00,0.00,38735.80,PENDENTE,2025-06-06,53210,168780,TJSP DEPRE MOC,https://api.tjsp.jus.br/Handlers/Handler/FileFetch.ashx?codigo=168780
2026,autarquia_municipal,IMSS - INST. MUN. DE SEGURIDADE SOCIAL DE PARAGUAÇU PAULISTA,14,2467606.12,0.00,0.00,2467606.12,PENDENTE,2025-06-06,53210,168780,TJSP DEPRE MOC,https://api.tjsp.jus.br/Handlers/Handler/FileFetch.ashx?codigo=168780
2026,federal,INSS - INSTITUTO NACIONAL DO SEGURO SOCIAL,8020,1739207970.28,0.00,0.00,1739207970.28,PENDENTE,2025-06-06,53210,168780,TJSP DEPRE MOC,https://api.tjsp.jus.br/Handlers/Handler/FileFetch.ashx?codigo=168780
2026,autarquia_municipal,INST. DE PREV. DOS FUNC. MUNICIPAIS DE TAIAÇU,4,482343.41,0.00,0.00,482343.41,PENDENTE,2025-06-06,53210,168780,TJSP DEPRE MOC,https://api.tjsp.jus.br/Handlers/Handler/FileFetch.ashx?codigo=168780
2026,autarquia_municipal,INST. DE PREV. DOS SERVIDORES PUB. DO MUNICIPIO DE AGUAS DA PRAT,1,50989.12,0.00,0.00,50989.12,PENDENTE,2025-06-06,53210,168780,TJSP DEPRE MOC,https://api.tjsp.jus.br/Handlers/Handler/FileFetch.ashx?codigo=168780
2026,autarquia_municipal,INSTITUTO DE PREV. DO SERV. PÚBL. DO MUNIC. DE CÂNDIDO MOTA,2,56209.93,0.00,0.00,56209.93,PENDENTE,2025-06-06,53210,168780,TJSP DEPRE MOC,https://api.tjsp.jus.br/Handlers/Handler/FileFetch.ashx?codigo=168780
2026,autarquia_municipal,INSTITUTO DE PREV. DOS SERV. PÚBL. DO MUN. DE ORLÂNDIA,2,278551.54,0.00,0.00,278551.54,PENDENTE,2025-06-06,53210,168780,TJSP DEPRE MOC,https://api.tjsp.jus.br/Handlers/Handler/FileFetch.ashx?codigo=168780
2026,autarquia_municipal,INSTITUTO DE PREVIDÊNCIA DO MUN. DE ITAPECERICA DA SERRA,1,38813.17,0.00,0.00,38813.17,PENDENTE,2025-06-06,53210,168780,TJSP DEPRE MOC,https://api.tjsp.jus.br/Handlers/Handler/FileFetch.ashx?codigo=168780
2026,autarquia_municipal,INSTITUTO DE PREVIDÊNCIA DOS SERV. PÚBL. DE MONTE MOR,2,143369.82,0.00,0.00,143369.82,PENDENTE,2025-06-06,53210,168780,TJSP DEPRE MOC,https://api.tjsp.jus.br/Handlers/Handler/FileFetch.ashx?codigo=168780
2026,autarquia_municipal,INSTITUTO DE PREVIDÊNCIA MUNICIPAL DE MOGI DAS CRUZES,3,389641.14,0.00,0.00,389641.14,PENDENTE,2025-06-06,53210,168780,TJSP DEPRE MOC,https://api.tjsp.jus.br/Handlers/Handler/FileFetch.ashx?codigo=168780
2026,autarquia_municipal,INSTITUTO DE PREVIDÊNCIA MUNICIPAL DE PALMEIRA D'OESTE,1,33908.03,0.00,0.00,33908.03,PENDENTE,2025-06-06,53210,168780,TJSP DEPRE MOC,https://api.tjsp.jus.br/Handlers/Handler/FileFetch.ashx?codigo=168780
2026,autarquia_municipal,INSTITUTO DE PREVIDÊNCIA MUNICIPAL DE RUBINEIA,4,395017.92,0.00,0.00,395017.92,PENDENTE,2025-06-06,53210,168780,TJSP DEPRE MOC,https://api.tjsp.jus.br/Handlers/Handler/FileFetch.ashx?codigo=168780
2026,autarquia_municipal,INSTITUTO DE PREVIDÊNCIA SOCIAL DOS SERVIDORES MUNICIPAIS DE SÃ,1,69045.99,0.00,0.00,69045.99,PENDENTE,2025-06-06,53210,168780,TJSP DEPRE MOC,https://api.tjsp.jus.br/Handlers/Handler/FileFetch.ashx?codigo=168780
2026,autarquia_municipal,IPASP - INST. DE PREV. E ASSIST. AOS SERV. PÚBL. MUN. DE JABORANDI,1,79780.61,0.00,0.00,79780.61,PENDENTE,2025-06-06,53210,168780,TJSP DEPRE MOC,https://api.tjsp.jus.br/Handlers/Handler/FileFetch.ashx?codigo=168780
2026,autarquia_municipal,IPASP - INST. DE PREV. E ASSIST. SOCIAL DOS FUNC. MUN. DE PIRACICABA,8,765196.73,0.00,0.00,765196.73,PENDENTE,2025-06-06,53210,168780,TJSP DEPRE MOC,https://api.tjsp.jus.br/Handlers/Handler/FileFetch.ashx?codigo=168780
2026,autarquia_municipal,IPM - INSTITUTO DE PREVID. DOS MUNICIPIÁRIOS DE RIBEIRÃO PRETO,285,30373066.64,0.00,0.00,30373066.64,PENDENTE,2025-06-06,53210,168780,TJSP DEPRE MOC,https://api.tjsp.jus.br/Handlers/Handler/FileFetch.ashx?codigo=168780
2026,autarquia_municipal,IPMB - INSTITUTO DE PREVIDÊNCIA MUNICIPAL DE BARRETOS,72,3979755.30,0.00,0.00,3979755.30,PENDENTE,2025-06-06,53210,168780,TJSP DEPRE MOC,https://api.tjsp.jus.br/Handlers/Handler/FileFetch.ashx?codigo=168780
2026,autarquia_municipal,IPMH - INST. DE PREV. MUN. DOS SERV. PÚBL. DE HOLAMBRA - ANT. FUNDO,2,205299.07,0.00,0.00,205299.07,PENDENTE,2025-06-06,53210,168780,TJSP DEPRE MOC,https://api.tjsp.jus.br/Handlers/Handler/FileFetch.ashx?codigo=168780
2026,autarquia_municipal,IPMI - INSTITUTO DE PREVIDÊNCIA DO MUNICÍPIO DE ITAPURA,1,115820.18,0.00,0.00,115820.18,PENDENTE,2025-06-06,53210,168780,TJSP DEPRE MOC,https://api.tjsp.jus.br/Handlers/Handler/FileFetch.ashx?codigo=168780
2026,autarquia_municipal,IPMI - INSTITUTO DE PREVIDÊNCIA MUNICIPAL DE ITAPEVA,3,288214.24,0.00,0.00,288214.24,PENDENTE,2025-06-06,53210,168780,TJSP DEPRE MOC,https://api.tjsp.jus.br/Handlers/Handler/FileFetch.ashx?codigo=168780
2026,autarquia_municipal,IPML - INSTITUTO DE PREVIDÊNCIA MUNICIPAL DE LIMEIRA,4,657080.45,0.00,0.00,657080.45,PENDENTE,2025-06-06,53210,168780,TJSP DEPRE MOC,https://api.tjsp.jus.br/Handlers/Handler/FileFetch.ashx?codigo=168780
2026,autarquia_municipal,IPMO - INSTITUTO DE PREV. DOS SERV. PÚBL. DO MUN. DE OURINHOS,1,33338.47,0.00,0.00,33338.47,PENDENTE,2025-06-06,53210,168780,TJSP DEPRE MOC,https://api.tjsp.jus.br/Handlers/Handler/FileFetch.ashx?codigo=168780
2026,autarquia_municipal,IPMT - INSTITUTO DE PREVIDÊNCIA DO MUNICÍPIO DE TAUBATÉ,2,713022.51,0.00,0.00,713022.51,PENDENTE,2025-06-06,53210,168780,TJSP DEPRE MOC,https://api.tjsp.jus.br/Handlers/Handler/FileFetch.ashx?codigo=168780
2026,autarquia_municipal,IPMU - INSTITUTO DE PREVIDÊNCIA MUNICIPAL DE UBATUBA,7,1224277.52,0.00,0.00,1224277.52,PENDENTE,2025-06-06,53210,168780,TJSP DEPRE MOC,https://api.tjsp.jus.br/Handlers/Handler/FileFetch.ashx?codigo=168780
2026,autarquia_municipal,IPRC - INSTITUTO DE PREVIDÊNCIA DO MUNICÍPIO DE RIO CLARO,3,426218.53,0.00,0.00,426218.53,PENDENTE,2025-06-06,53210,168780,TJSP DEPRE MOC,https://api.tjsp.jus.br/Handlers/Handler/FileFetch.ashx?codigo=168780
2026,autarquia_municipal,IPREF - INSTITUTO DE PREV. DOS FUNC. PÚBL. MUN. DE GUARULHOS,1,196649.17,0.00,0.00,196649.17,PENDENTE,2025-06-06,53210,168780,TJSP DEPRE MOC,https://api.tjsp.jus.br/Handlers/Handler/FileFetch.ashx?codigo=168780
2026,autarquia_municipal,IPREJAN - INSTITUTO DE PREVIDÊNCIA MUNICIPAL DE JANDIRA,1,30453.32,0.00,0.00,30453.32,PENDENTE,2025-06-06,53210,168780,TJSP DEPRE MOC,https://api.tjsp.jus.br/Handlers/Handler/FileFetch.ashx?codigo=168780
2026,autarquia_municipal,IPREJUN - INSTITUTO DE PREV. DO MUNICÍPIO DE JUNDIAÍ,2,224456.56,0.00,0.00,224456.56,PENDENTE,2025-06-06,53210,168780,TJSP DEPRE MOC,https://api.tjsp.jus.br/Handlers/Handler/FileFetch.ashx?codigo=168780
2026,autarquia_municipal,IPREM - INST. DE PREV. SOC. SERV. PÚBL. DO MUN. DE CERQUEIRA CÉSAR,7,648141.85,0.00,0.00,648141.85,PENDENTE,2025-06-06,53210,168780,TJSP DEPRE MOC,https://api.tjsp.jus.br/Handlers/Handler/FileFetch.ashx?codigo=168780
2026,autarquia_municipal,IPREM - INSTITUTO DE PREV. MUNICIPAL DE FERNANDÓPOLIS,6,152030.59,0.00,0.00,152030.59,PENDENTE,2025-06-06,53210,168780,TJSP DEPRE MOC,https://api.tjsp.jus.br/Handlers/Handler/FileFetch.ashx?codigo=168780
2026,autarquia_municipal,IPREM - INSTITUTO DE PREVIDÊNCIA MUNICIPAL DE ILHA SOLTEIRA,2,87424.44,0.00,0.00,87424.44,PENDENTE,2025-06-06,53210,168780,TJSP DEPRE MOC,https://api.tjsp.jus.br/Handlers/Handler/FileFetch.ashx?codigo=168780
2026,autarquia_municipal,IPREM - INSTITUTO DE PREVIDÊNCIA MUNICIPAL DE MAGDA,1,23453.72,0.00,0.00,23453.72,PENDENTE,2025-06-06,53210,168780,TJSP DEPRE MOC,https://api.tjsp.jus.br/Handlers/Handler/FileFetch.ashx?codigo=168780
2026,autarquia_municipal,IPREM - INSTITUTO DE PREVIDÊNCIA MUNICIPAL DE PARANAPUÃ,1,43183.49,0.00,0.00,43183.49,PENDENTE,2025-06-06,53210,168780,TJSP DEPRE MOC,https://api.tjsp.jus.br/Handlers/Handler/FileFetch.ashx?codigo=168780
2026,autarquia_municipal,IPREM - INSTITUTO DE PREVIDÊNCIA MUNICIPAL DE SÃO MANUEL,3,355955.27,0.00,0.00,355955.27,PENDENTE,2025-06-06,53210,168780,TJSP DEPRE MOC,https://api.tjsp.jus.br/Handlers/Handler/FileFetch.ashx?codigo=168780
2026,autarquia_municipal,IPREM POSSE - INST. DE PREV. MUN. DE SANTO ANTÔNIO DE POSSE,1,20205.56,0.00,0.00,20205.56,PENDENTE,2025-06-06,53210,168780,TJSP DEPRE MOC,https://api.tjsp.jus.br/Handlers/Handler/FileFetch.ashx?codigo=168780
2026,autarquia_municipal,IPREMA - INSTITUTO DE PREVIDÊNCIA MUNICIPAL DE ASPÁSIA,1,18327.38,0.00,0.00,18327.38,PENDENTE,2025-06-06,53210,168780,TJSP DEPRE MOC,https://api.tjsp.jus.br/Handlers/Handler/FileFetch.ashx?codigo=168780
2026,autarquia_municipal,IPREMM - INSTITUTO DE PREVIDÊNCIA MUNICIPAL DE MARÍLIA,2,382388.48,0.00,0.00,382388.48,PENDENTE,2025-06-06,53210,168780,TJSP DEPRE MOC,https://api.tjsp.jus.br/Handlers/Handler/FileFetch.ashx?codigo=168780
2026,autarquia_municipal,IPREMO - INSTITUTO DE PREVIDÊNCIA MUNICIPAL DE OUROESTE,1,58668.60,0.00,0.00,58668.60,PENDENTE,2025-06-06,53210,168780,TJSP DEPRE MOC,https://api.tjsp.jus.br/Handlers/Handler/FileFetch.ashx?codigo=168780
2026,autarquia_municipal,IPREMU - INSTITUTO DE PREVIDÊNCIA MUNICIPAL DE URÂNIA,2,202015.09,0.00,0.00,202015.09,PENDENTE,2025-06-06,53210,168780,TJSP DEPRE MOC,https://api.tjsp.jus.br/Handlers/Handler/FileFetch.ashx?codigo=168780
2026,autarquia_municipal,IPREMUS - INSTITUTO DE PREV. DOS SERV. PÚBL. DO MUN. DE SERRANA,2,73920.28,0.00,0.00,73920.28,PENDENTE,2025-06-06,53210,168780,TJSP DEPRE MOC,https://api.tjsp.jus.br/Handlers/Handler/FileFetch.ashx?codigo=168780
2026,autarquia_municipal,IPREVSANTOS - INST. DE PREV. SOC. DOS SERV. PÚBL. MUN. DE SANTOS,102,11914344.54,0.00,0.00,11914344.54,PENDENTE,2025-06-06,53210,168780,TJSP DEPRE MOC,https://api.tjsp.jus.br/Handlers/Handler/FileFetch.ashx?codigo=168780
2026,autarquia_municipal,IPSJBV - INST. DE PREV. SERV. PÚBL. MUN. DE SÃO JOÃO DA BOA VISTA,33,2594675.55,0.00,0.00,2594675.55,PENDENTE,2025-06-06,53210,168780,TJSP DEPRE MOC,https://api.tjsp.jus.br/Handlers/Handler/FileFetch.ashx?codigo=168780
2026,autarquia_municipal,IPSM - INSTITUTO DE PREV. DO SERV. MUN. DE SÃO JOSÉ DOS CAMPOS,36,3554983.58,0.00,0.00,3554983.58,PENDENTE,2025-06-06,53210,168780,TJSP DEPRE MOC,https://api.tjsp.jus.br/Handlers/Handler/FileFetch.ashx?codigo=168780
2026,autarquia_municipal,IPSPMO - INSTITUTO DE PREV. DOS SERV. PÚBL. MUN. DE OLÍMPIA,4,71479.97,0.00,0.00,71479.97,PENDENTE,2025-06-06,53210,168780,TJSP DEPRE MOC,https://api.tjsp.jus.br/Handlers/Handler/FileFetch.ashx?codigo=168780
2026,autarquia_municipal,IPSSC - INSTITUTO DE PREV. SOCIAL DOS SERVIDORES DE CAJAMAR,1,467451.86,0.00,0.00,467451.86,PENDENTE,2025-06-06,53210,168780,TJSP DEPRE MOC,https://api.tjsp.jus.br/Handlers/Handler/FileFetch.ashx?codigo=168780
2026,autarquia_municipal,ITUPREV - INST. DE PREV. SOC. DOS SERV. MUN. DE ITU,2,19613.11,0.00,22072.71,41685.82,PENDENTE,2025-06-06,53210,168780,TJSP DEPRE MOC,https://api.tjsp.jus.br/Handlers/Handler/FileFetch.ashx?codigo=168780
2026,autarquia_municipal,LEMEPREV - FUNDO ESP. DE PREV. SOC. SERV. PÚBL. DO MUN. DE LEME,5,390991.89,0.00,0.00,390991.89,PENDENTE,2025-06-06,53210,168780,TJSP DEPRE MOC,https://api.tjsp.jus.br/Handlers/Handler/FileFetch.ashx?codigo=168780
2026,municipal,MUNICÍPIO DE ADAMANTINA,10,171893.44,0.00,143977.30,315870.74,PENDENTE,2025-06-06,53210,168780,TJSP DEPRE MOC,https://api.tjsp.jus.br/Handlers/Handler/FileFetch.ashx?codigo=168780
2026,municipal,MUNICÍPIO DE ADOLFO,2,11736.14,248004.48,0.00,259740.62,PENDENTE,2025-06-06,53210,168780,TJSP DEPRE MOC,https://api.tjsp.jus.br/Handlers/Handler/FileFetch.ashx?codigo=168780
2026,municipal,MUNICÍPIO DE AGUAÍ,2,100941.50,0.00,107677.23,208618.73,PENDENTE,2025-06-06,53210,168780,TJSP DEPRE MOC,https://api.tjsp.jus.br/Handlers/Handler/FileFetch.ashx?codigo=168780
2026,municipal,MUNICÍPIO DE ÁGUAS DA PRATA,5,114121.70,0.00,13770.41,127892.11,PENDENTE,2025-06-06,53210,168780,TJSP DEPRE MOC,https://api.tjsp.jus.br/Handlers/Handler/FileFetch.ashx?codigo=168780
2026,municipal,MUNICÍPIO DE ÁGUAS DE LINDÓIA,5,351035.33,0.00,1810345.43,2161380.76,PENDENTE,2025-06-06,53210,168780,TJSP DEPRE MOC,https://api.tjsp.jus.br/Handlers/Handler/FileFetch.ashx?codigo=168780
2026,municipal,MUNICÍPIO DE ÁGUAS DE SANTA BÁRBARA,4,237655.19,0.00,64892.04,302547.23,PENDENTE,2025-06-06,53210,168780,TJSP DEPRE MOC,https://api.tjsp.jus.br/Handlers/Handler/FileFetch.ashx?codigo=168780
2026,municipal,MUNICÍPIO DE ÁGUAS DE SÃO PEDRO,1,21412.23,0.00,0.00,21412.23,PENDENTE,2025-06-06,53210,168780,TJSP DEPRE MOC,https://api.tjsp.jus.br/Handlers/Handler/FileFetch.ashx?codigo=168780
2026,municipal,MUNICÍPIO DE AGUDOS,12,2572156.32,0.00,24777441.31,27349597.63,PENDENTE,2025-06-06,53210,168780,TJSP DEPRE MOC,https://api.tjsp.jus.br/Handlers/Handler/FileFetch.ashx?codigo=168780
2026,municipal,MUNICÍPIO DE ALAMBARI,2,65582.93,0.00,534.48,66117.41,PENDENTE,2025-06-06,53210,168780,TJSP DEPRE MOC,https://api.tjsp.jus.br/Handlers/Handler/FileFetch.ashx?codigo=168780
2026,municipal,MUNICÍPIO DE ALTAIR,4,4051103.74,0.00,0.00,4051103.74,PENDENTE,2025-06-06,53210,168780,TJSP DEPRE MOC,https://api.tjsp.jus.br/Handlers/Handler/FileFetch.ashx?codigo=168780
2026,municipal,MUNICÍPIO DE ALTINÓPOLIS,6,308372.32,0.00,0.00,308372.32,PENDENTE,2025-06-06,53210,168780,TJSP DEPRE MOC,https://api.tjsp.jus.br/Handlers/Handler/FileFetch.ashx?codigo=168780
2026,municipal,MUNICÍPIO DE ALTO ALEGRE,1,14043.55,0.00,0.00,14043.55,PENDENTE,2025-06-06,53210,168780,TJSP DEPRE MOC,https://api.tjsp.jus.br/Handlers/Handler/FileFetch.ashx?codigo=168780
2026,municipal,MUNICÍPIO DE ALTO DO RODRIGUES - RN,1,0.00,0.00,825057.43,825057.43,PENDENTE,2025-06-06,53210,168780,TJSP DEPRE MOC,https://api.tjsp.jus.br/Handlers/Handler/FileFetch.ashx?codigo=168780
2026,municipal,MUNICÍPIO DE ALTO GARÇAS - MT,1,0.00,0.00,58531.35,58531.35,PENDENTE,2025-06-06,53210,168780,TJSP DEPRE MOC,https://api.tjsp.jus.br/Handlers/Handler/FileFetch.ashx?codigo=168780
2026,municipal,MUNICÍPIO DE ALUMÍNIO,2,0.00,0.00,86524.57,86524.57,PENDENTE,2025-06-06,53210,168780,TJSP DEPRE MOC,https://api.tjsp.jus.br/Handlers/Handler/FileFetch.ashx?codigo=168780
2026,municipal,MUNICÍPIO DE ÁLVARES FLORENCE,1,36147.49,0.00,0.00,36147.49,PENDENTE,2025-06-06,53210,168780,TJSP DEPRE MOC,https://api.tjsp.jus.br/Handlers/Handler/FileFetch.ashx?codigo=168780
2026,municipal,MUNICÍPIO DE ÁLVARES MACHADO,3,67576.71,0.00,52455.34,120032.05,PENDENTE,2025-06-06,53210,168780,TJSP DEPRE MOC,https://api.tjsp.jus.br/Handlers/Handler/FileFetch.ashx?codigo=168780
2026,municipal,MUNICÍPIO DE ÁLVARO DE CARVALHO,3,150154.51,0.00,25242.13,175396.64,PENDENTE,2025-06-06,53210,168780,TJSP DEPRE MOC,https://api.tjsp.jus.br/Handlers/Handler/FileFetch.ashx?codigo=168780
2026,municipal,MUNICÍPIO DE ALVINLÂNDIA,1,101140.26,0.00,0.00,101140.26,PENDENTE,2025-06-06,53210,168780,TJSP DEPRE MOC,https://api.tjsp.jus.br/Handlers/Handler/FileFetch.ashx?codigo=168780
2026,municipal,MUNICÍPIO DE AMERICANA,75,29746977.01,1555616.21,39701834.70,71004427.92,PENDENTE,2025-06-06,53210,168780,TJSP DEPRE MOC,https://api.tjsp.jus.br/Handlers/Handler/FileFetch.ashx?codigo=168780
2026,municipal,MUNICÍPIO DE AMÉRICO BRASILIENSE,11,663228.03,0.00,37781.88,701009.91,PENDENTE,2025-06-06,53210,168780,TJSP DEPRE MOC,https://api.tjsp.jus.br/Handlers/Handler/FileFetch.ashx?codigo=168780
2026,municipal,MUNICÍPIO DE AMÉRICO DE CAMPOS,6,239944.14,0.00,11780.67,251724.81,PENDENTE,2025-06-06,53210,168780,TJSP DEPRE MOC,https://api.tjsp.jus.br/Handlers/Handler/FileFetch.ashx?codigo=168780
2026,municipal,MUNICÍPIO DE AMPARO,15,63167.65,1962436.58,1251909.61,3277513.84,PENDENTE,2025-06-06,53210,168780,TJSP DEPRE MOC,https://api.tjsp.jus.br/Handlers/Handler/FileFetch.ashx?codigo=168780
2026,municipal,MUNICÍPIO DE ANALÂNDIA,1,0.00,0.00,78257.78,78257.78,PENDENTE,2025-06-06,53210,168780,TJSP DEPRE MOC,https://api.tjsp.jus.br/Handlers/Handler/FileFetch.ashx?codigo=168780
2026,municipal,MUNICÍPIO DE ANDRADINA,9,520964.23,0.00,611201.65,1132165.88,PENDENTE,2025-06-06,53210,168780,TJSP DEPRE MOC,https://api.tjsp.jus.br/Handlers/Handler/FileFetch.ashx?codigo=168780
2026,municipal,MUNICÍPIO DE ANGATUBA,9,345561.79,0.00,2671959.43,3017521.22,PENDENTE,2025-06-06,53210,168780,TJSP DEPRE MOC,https://api.tjsp.jus.br/Handlers/Handler/FileFetch.ashx?codigo=168780
2026,municipal,MUNICÍPIO DE ANHUMAS,9,34078.35,0.00,17822.26,51900.61,PENDENTE,2025-06-06,53210,168780,TJSP DEPRE MOC,https://api.tjsp.jus.br/Handlers/Handler/FileFetch.ashx?codigo=168780
2026,municipal,MUNICÍPIO DE APARECIDA,16,131287.33,0.00,1547758.48,1679045.81,PENDENTE,2025-06-06,53210,168780,TJSP DEPRE MOC,https://api.tjsp.jus.br/Handlers/Handler/FileFetch.ashx?codigo=168780
2026,municipal,MUNICÍPIO DE APARECIDA D'OESTE,20,602317.47,0.00,0.00,602317.47,PENDENTE,2025-06-06,53210,168780,TJSP DEPRE MOC,https://api.tjsp.jus.br/Handlers/Handler/FileFetch.ashx?codigo=168780
2026,municipal,MUNICÍPIO DE APIAÍ,6,1334797.71,0.00,0.00,1334797.71,PENDENTE,2025-06-06,53210,168780,TJSP DEPRE MOC,https://api.tjsp.jus.br/Handlers/Handler/FileFetch.ashx?codigo=168780
2026,municipal,MUNICÍPIO DE ARAÇARIGUAMA,6,216223.75,0.00,236810.96,453034.71,PENDENTE,2025-06-06,53210,168780,TJSP DEPRE MOC,https://api.tjsp.jus.br/Handlers/Handler/FileFetch.ashx?codigo=168780
2026,municipal,MUNICÍPIO DE ARAÇATUBA,211,6637633.29,740670.76,2316173.01,9694477.06,PENDENTE,2025-06-06,53210,168780,TJSP DEPRE MOC,https://api.tjsp.jus.br/Handlers/Handler/FileFetch.ashx?codigo=168780
2026,municipal,MUNICÍPIO DE ARAÇOIABA DA SERRA,7,165626.49,160378.24,130458.12,456462.85,PENDENTE,2025-06-06,53210,168780,TJSP DEPRE MOC,https://api.tjsp.jus.br/Handlers/Handler/FileFetch.ashx?codigo=168780
2026,municipal,MUNICÍPIO DE ARAMINA,10,220822.27,0.00,696093.31,916915.58,PENDENTE,2025-06-06,53210,168780,TJSP DEPRE MOC,https://api.tjsp.jus.br/Handlers/Handler/FileFetch.ashx?codigo=168780
2026,municipal,MUNICÍPIO DE ARANDU,10,189838.61,0.00,69741.10,259579.71,PENDENTE,2025-06-06,53210,168780,TJSP DEPRE MOC,https://api.tjsp.jus.br/Handlers/Handler/FileFetch.ashx?codigo=168780
2026,municipal,MUNICÍPIO DE ARARAQUARA,38,1936026.66,0.00,999222.72,2935249.38,PENDENTE,2025-06-06,53210,168780,TJSP DEPRE MOC,https://api.tjsp.jus.br/Handlers/Handler/FileFetch.ashx?codigo=168780
2026,municipal,MUNICÍPIO DE ARARAS,34,3076009.33,132033.15,2598357.39,5806399.87,PENDENTE,2025-06-06,53210,168780,TJSP DEPRE MOC,https://api.tjsp.jus.br/Handlers/Handler/FileFetch.ashx?codigo=168780
2026,municipal,MUNICÍPIO DE AREIÓPOLIS,4,0.00,0.00,123443.97,123443.97,PENDENTE,2025-06-06,53210,168780,TJSP DEPRE MOC,https://api.tjsp.jus.br/Handlers/Handler/FileFetch.ashx?codigo=168780
2026,municipal,MUNICÍPIO DE ARIRANHA,5,330566.50,0.00,623947.12,954513.62,PENDENTE,2025-06-06,53210,168780,TJSP DEPRE MOC,https://api.tjsp.jus.br/Handlers/Handler/FileFetch.ashx?codigo=168780
2026,municipal,MUNICÍPIO DE ARTUR NOGUEIRA,24,1086035.41,0.00,388586.53,1474621.94,PENDENTE,2025-06-06,53210,168780,TJSP DEPRE MOC,https://api.tjsp.jus.br/Handlers/Handler/FileFetch.ashx?codigo=168780
2026,municipal,MUNICÍPIO DE ARUJÁ,14,610623.54,16616349.48,1299904.37,18526877.39,PENDENTE,2025-06-06,53210,168780,TJSP DEPRE MOC,https://api.tjsp.jus.br/Handlers/Handler/FileFetch.ashx?codigo=168780
2026,municipal,MUNICÍPIO DE ASPÁSIA,19,843507.84,0.00,29216.16,872724.00,PENDENTE,2025-06-06,53210,168780,TJSP DEPRE MOC,https://api.tjsp.jus.br/Handlers/Handler/FileFetch.ashx?codigo=168780
2026,municipal,MUNICÍPIO DE ASSIS,54,6480520.19,0.00,0.00,6480520.19,PENDENTE,2025-06-06,53210,168780,TJSP DEPRE MOC,https://api.tjsp.jus.br/Handlers/Handler/FileFetch.ashx?codigo=168780
2026,municipal,MUNICÍPIO DE ATIBAIA,13,310684.36,0.00,266902.95,577587.31,PENDENTE,2025-06-06,53210,168780,TJSP DEPRE MOC,https://api.tjsp.jus.br/Handlers/Handler/FileFetch.ashx?codigo=168780
2026,municipal,MUNICÍPIO DE AURIFLAMA,17,342097.29,0.00,102361.60,444458.89,PENDENTE,2025-06-06,53210,168780,TJSP DEPRE MOC,https://api.tjsp.jus.br/Handlers/Handler/FileFetch.ashx?codigo=168780
2026,municipal,MUNICÍPIO DE AVANHANDAVA,5,63007.14,0.00,179218.63,242225.77,PENDENTE,2025-06-06,53210,168780,TJSP DEPRE MOC,https://api.tjsp.jus.br/Handlers/Handler/FileFetch.ashx?codigo=168780
2026,municipal,MUNICÍPIO DE AVARÉ,23,986745.59,1371989.21,359094.93,2717829.73,PENDENTE,2025-06-06,53210,168780,TJSP DEPRE MOC,https://api.tjsp.jus.br/Handlers/Handler/FileFetch.ashx?codigo=168780
2026,municipal,MUNICÍPIO DE BADY BASSITT,10,173142.94,87383.67,468391.03,728917.64,PENDENTE,2025-06-06,53210,168780,TJSP DEPRE MOC,https://api.tjsp.jus.br/Handlers/Handler/FileFetch.ashx?codigo=168780
2026,municipal,MUNICÍPIO DE BALBINOS,27,2160896.31,0.00,11346.48,2172242.79,PENDENTE,2025-06-06,53210,168780,TJSP DEPRE MOC,https://api.tjsp.jus.br/Handlers/Handler/FileFetch.ashx?codigo=168780
2026,municipal,MUNICÍPIO DE BÁLSAMO,3,34961.10,0.00,38202.03,73163.13,PENDENTE,2025-06-06,53210,168780,TJSP DEPRE MOC,https://api.tjsp.jus.br/Handlers/Handler/FileFetch.ashx?codigo=168780
2026,municipal,MUNICÍPIO DE BANANAL,30,379084.65,0.00,42151.93,421236.58,PENDENTE,2025-06-06,53210,168780,TJSP DEPRE MOC,https://api.tjsp.jus.br/Handlers/Handler/FileFetch.ashx?codigo=168780
2026,municipal,MUNICÍPIO DE BARIRI,4,1351040.63,0.00,0.00,1351040.63,PENDENTE,2025-06-06,53210,168780,TJSP DEPRE MOC,https://api.tjsp.jus.br/Handlers/Handler/FileFetch.ashx?codigo=168780
2026,municipal,MUNICÍPIO DE BARRA BONITA,5,291827.05,0.00,28254.24,320081.29,PENDENTE,2025-06-06,53210,168780,TJSP DEPRE MOC,https://api.tjsp.jus.br/Handlers/Handler/FileFetch.ashx?codigo=168780
2026,municipal,MUNICÍPIO DE BARRA DO CHAPÉU,3,569787.81,0.00,300095.47,869883.28,PENDENTE,2025-06-06,53210,168780,TJSP DEPRE MOC,https://api.tjsp.jus.br/Handlers/Handler/FileFetch.ashx?codigo=168780
2026,municipal,MUNICÍPIO DE BARRA DO TURVO,7,123526.83,0.00,58941.60,182468.43,PENDENTE,2025-06-06,53210,168780,TJSP DEPRE MOC,https://api.tjsp.jus.br/Handlers/Handler/FileFetch.ashx?codigo=168780
2026,municipal,MUNICÍPIO DE BARRETOS,144,12359775.96,188969.62,16537469.96,29086215.54,PENDENTE,2025-06-06,53210,168780,TJSP DEPRE MOC,https://api.tjsp.jus.br/Handlers/Handler/FileFetch.ashx?codigo=168780
2026,municipal,MUNICÍPIO DE BARRINHA,14,1922152.10,0.00,43416.22,1965568.32,PENDENTE,2025-06-06,53210,168780,TJSP DEPRE MOC,https://api.tjsp.jus.br/Handlers/Handler/FileFetch.ashx?codigo=168780
2026,municipal,MUNICÍPIO DE BARUERI,63,5219622.32,11875163.06,3897496.00,20992281.38,PENDENTE,2025-06-06,53210,168780,TJSP DEPRE MOC,https://api.tjsp.jus.br/Handlers/Handler/FileFetch.ashx?codigo=168780
2026,municipal,MUNICÍPIO DE BASTOS,13,294361.55,0.00,0.00,294361.55,PENDENTE,2025-06-06,53210,168780,TJSP DEPRE MOC,https://api.tjsp.jus.br/Handlers/Handler/FileFetch.ashx?codigo=168780
2026,municipal,MUNICIPIO DE BATAGUASSU - MS,1,0.00,0.00,10014.28,10014.28,PENDENTE,2025-06-06,53210,168780,TJSP DEPRE MOC,https://api.tjsp.jus.br/Handlers/Handler/FileFetch.ashx?codigo=168780
2026,municipal,MUNICÍPIO DE BATATAIS,7,585211.27,0.00,0.00,585211.27,PENDENTE,2025-06-06,53210,168780,TJSP DEPRE MOC,https://api.tjsp.jus.br/Handlers/Handler/FileFetch.ashx?codigo=168780
2026,municipal,MUNICÍPIO DE BAURU,58,1290805.05,9698822.02,646089.35,11635716.42,PENDENTE,2025-06-06,53210,168780,TJSP DEPRE MOC,https://api.tjsp.jus.br/Handlers/Handler/FileFetch.ashx?codigo=168780
2026,municipal,MUNICÍPIO DE BEBEDOURO,32,3307958.55,0.00,513843.91,3821802.46,PENDENTE,2025-06-06,53210,168780,TJSP DEPRE MOC,https://api.tjsp.jus.br/Handlers/Handler/FileFetch.ashx?codigo=168780
2026,municipal,MUNICÍPIO DE BERNARDINO DE CAMPOS,8,1017208.57,0.00,149839.35,1167047.92,PENDENTE,2025-06-06,53210,168780,TJSP DEPRE MOC,https://api.tjsp.jus.br/Handlers/Handler/FileFetch.ashx?codigo=168780
2026,municipal,MUNICÍPIO DE BERTIOGA,14,2881710.40,0.00,413867.76,3295578.16,PENDENTE,2025-06-06,53210,168780,TJSP DEPRE MOC,https://api.tjsp.jus.br/Handlers/Handler/FileFetch.ashx?codigo=168780
2026,municipal,MUNICÍPIO DE BILAC,1,0.00,0.00,32469.00,32469.00,PENDENTE,2025-06-06,53210,168780,TJSP DEPRE MOC,https://api.tjsp.jus.br/Handlers/Handler/FileFetch.ashx?codigo=168780
2026,municipal,MUNICÍPIO DE BIRIGUI,30,533726.13,0.00,285212.80,818938.93,PENDENTE,2025-06-06,53210,168780,TJSP DEPRE MOC,https://api.tjsp.jus.br/Handlers/Handler/FileFetch.ashx?codigo=168780
2026,municipal,MUNICÍPIO DE BIRITIBA-MIRIM,2,84590.48,0.00,0.00,84590.48,PENDENTE,2025-06-06,53210,168780,TJSP DEPRE MOC,https://api.tjsp.jus.br/Handlers/Handler/FileFetch.ashx?codigo=168780
2026,municipal,MUNICÍPIO DE BOCAINA,3,120971.29,0.00,148284.47,269255.76,PENDENTE,2025-06-06,53210,168780,TJSP DEPRE MOC,https://api.tjsp.jus.br/Handlers/Handler/FileFetch.ashx?codigo=168780
2026,municipal,MUNICÍPIO DE BOITUVA,7,230082.85,0.00,0.00,230082.85,PENDENTE,2025-06-06,53210,168780,TJSP DEPRE MOC,https://api.tjsp.jus.br/Handlers/Handler/FileFetch.ashx?codigo=168780
2026,municipal,MUNICÍPIO DE BOM JESUS DOS PERDÕES,1,13925.97,0.00,0.00,13925.97,PENDENTE,2025-06-06,53210,168780,TJSP DEPRE MOC,https://api.tjsp.jus.br/Handlers/Handler/FileFetch.ashx?codigo=168780
2026,municipal,MUNICÍPIO DE BORBOREMA,9,125084.76,0.00,58806.19,183890.95,PENDENTE,2025-06-06,53210,168780,TJSP DEPRE MOC,https://api.tjsp.jus.br/Handlers/Handler/FileFetch.ashx?codigo=168780
2026,municipal,MUNICÍPIO DE BOTUCATU,72,1231472.94,0.00,1362033.57,2593506.51,PENDENTE,2025-06-06,53210,168780,TJSP DEPRE MOC,https://api.tjsp.jus.br/Handlers/Handler/FileFetch.ashx?codigo=168780
2026,municipal,MUNICÍPIO DE BRAGANÇA PAULISTA,25,455806.58,726936.93,1592247.86,2774991.37,PENDENTE,2025-06-06,53210,168780,TJSP DEPRE MOC,https://api.tjsp.jus.br/Handlers/Handler/FileFetch.ashx?codigo=168780
2026,municipal,MUNICÍPIO DE BRASILÂNDIA - MS,1,0.00,0.00,49771.60,49771.60,PENDENTE,2025-06-06,53210,168780,TJSP DEPRE MOC,https://api.tjsp.jus.br/Handlers/Handler/FileFetch.ashx?codigo=168780
2026,municipal,MUNICÍPIO DE BRODOWSKI,7,58088.63,0.00,256944.49,315033.12,PENDENTE,2025-06-06,53210,168780,TJSP DEPRE MOC,https://api.tjsp.jus.br/Handlers/Handler/FileFetch.ashx?codigo=168780
2026,municipal,MUNICÍPIO DE BROTAS,3,43482.76,0.00,2158987.09,2202469.85,PENDENTE,2025-06-06,53210,168780,TJSP DEPRE MOC,https://api.tjsp.jus.br/Handlers/Handler/FileFetch.ashx?codigo=168780
2026,municipal,MUNICÍPIO DE BURI,12,521480.43,0.00,0.00,521480.43,PENDENTE,2025-06-06,53210,168780,TJSP DEPRE MOC,https://api.tjsp.jus.br/Handlers/Handler/FileFetch.ashx?codigo=168780
2026,municipal,MUNICÍPIO DE BURITAMA,4,202353.40,0.00,11143257.98,11345611.38,PENDENTE,2025-06-06,53210,168780,TJSP DEPRE MOC,https://api.tjsp.jus.br/Handlers/Handler/FileFetch.ashx?codigo=168780
2026,municipal,MUNICÍPIO DE CABRÁLIA PAULISTA,25,1552930.79,0.00,30494.80,1583425.59,PENDENTE,2025-06-06,53210,168780,TJSP DEPRE MOC,https://api.tjsp.jus.br/Handlers/Handler/FileFetch.ashx?codigo=168780
2026,municipal,MUNICÍPIO DE CABREÚVA,2,1127637.69,0.00,0.00,1127637.69,PENDENTE,2025-06-06,53210,168780,TJSP DEPRE MOC,https://api.tjsp.jus.br/Handlers/Handler/FileFetch.ashx?codigo=168780
2026,municipal,MUNICÍPIO DE CAÇAPAVA,8,303535.01,2136383.58,410207.11,2850125.70,PENDENTE,2025-06-06,53210,168780,TJSP DEPRE MOC,https://api.tjsp.jus.br/Handlers/Handler/FileFetch.ashx?codigo=168780
2026,municipal,MUNICÍPIO DE CACHOEIRA PAULISTA,14,1066893.59,0.00,91051.27,1157944.86,PENDENTE,2025-06-06,53210,168780,TJSP DEPRE MOC,https://api.tjsp.jus.br/Handlers/Handler/FileFetch.ashx?codigo=168780
2026,municipal,MUNICÍPIO DE CACONDE,6,1747554.89,0.00,688629.50,2436184.39,PENDENTE,2025-06-06,53210,168780,TJSP DEPRE MOC,https://api.tjsp.jus.br/Handlers/Handler/FileFetch.ashx?codigo=168780
2026,municipal,MUNICÍPIO DE CAFELÂNDIA,4,22518.44,0.00,84092.84,106611.28,PENDENTE,2025-06-06,53210,168780,TJSP DEPRE MOC,https://api.tjsp.jus.br/Handlers/Handler/FileFetch.ashx?codigo=168780
2026,municipal,MUNICÍPIO DE CAIABU,1,0.00,0.00,38265.16,38265.16,PENDENTE,2025-06-06,53210,168780,TJSP DEPRE MOC,https://api.tjsp.jus.br/Handlers/Handler/FileFetch.ashx?codigo=168780
2026,municipal,MUNICÍPIO DE CAIEIRAS,23,1224414.18,401379.36,1708998.60,3334792.14,PENDENTE,2025-06-06,53210,168780,TJSP DEPRE MOC,https://api.tjsp.jus.br/Handlers/Handler/FileFetch.ashx?codigo=168780
2026,municipal,MUNICÍPIO DE CAIUÁ,4,154447.60,0.00,0.00,154447.60,PENDENTE,2025-06-06,53210,168780,TJSP DEPRE MOC,https://api.tjsp.jus.br/Handlers/Handler/FileFetch.ashx?codigo=168780
2026,municipal,MUNICÍPIO DE CAJAMAR,7,1179449.76,4596501.84,0.00,5775951.60,PENDENTE,2025-06-06,53210,168780,TJSP DEPRE MOC,https://api.tjsp.jus.br/Handlers/Handler/FileFetch.ashx?codigo=168780
2026,municipal,MUNICÍPIO DE CAJATI,2,38439.97,0.00,189923.52,228363.49,PENDENTE,2025-06-06,53210,168780,TJSP DEPRE MOC,https://api.tjsp.jus.br/Handlers/Handler/FileFetch.ashx?codigo=168780
2026,municipal,MUNICÍPIO DE CAJOBI,5,104209.75,0.00,19559.91,123769.66,PENDENTE,2025-06-06,53210,168780,TJSP DEPRE MOC,https://api.tjsp.jus.br/Handlers/Handler/FileFetch.ashx?codigo=168780
2026,municipal,MUNICÍPIO DE CAJURU,5,52563.05,0.00,52897.54,105460.59,PENDENTE,2025-06-06,53210,168780,TJSP DEPRE MOC,https://api.tjsp.jus.br/Handlers/Handler/FileFetch.ashx?codigo=168780
2026,municipal,MUNICÍPIO DE CAMBUÍ - MG,2,633412.28,0.00,0.00,633412.28,PENDENTE,2025-06-06,53210,168780,TJSP DEPRE MOC,https://api.tjsp.jus.br/Handlers/Handler/FileFetch.ashx?codigo=168780
2026,municipal,MUNICÍPIO DE CAMPINA DO MONTE ALEGRE,6,76860.35,0.00,121355.77,198216.12,PENDENTE,2025-06-06,53210,168780,TJSP DEPRE MOC,https://api.tjsp.jus.br/Handlers/Handler/FileFetch.ashx?codigo=168780
2026,municipal,MUNICÍPIO DE CAMPINAS,316,39590450.54,2758041.13,16725650.19,59074141.86,PENDENTE,2025-06-06,53210,168780,TJSP DEPRE MOC,https://api.tjsp.jus.br/Handlers/Handler/FileFetch.ashx?codigo=168780
2026,municipal,MUNICÍPIO DE CAMPO LIMPO PAULISTA,35,861987.58,0.00,1035457.33,1897444.91,PENDENTE,2025-06-06,53210,168780,TJSP DEPRE MOC,https://api.tjsp.jus.br/Handlers/Handler/FileFetch.ashx?codigo=168780
2026,municipal,MUNICÍPIO DE CAMPOS DO JORDÃO,11,423593.98,0.00,3664467.18,4088061.16,PENDENTE,2025-06-06,53210,168780,TJSP DEPRE MOC,https://api.tjsp.jus.br/Handlers/Handler/FileFetch.ashx?codigo=168780
2026,municipal,MUNICÍPIO DE CAMPOS NOVOS PAULISTA,1,12178.58,0.00,0.00,12178.58,PENDENTE,2025-06-06,53210,168780,TJSP DEPRE MOC,https://api.tjsp.jus.br/Handlers/Handler/FileFetch.ashx?codigo=168780
2026,municipal,MUNICÍPIO DE CANANÉIA,3,79431.81,0.00,2173315.00,2252746.81,PENDENTE,2025-06-06,53210,168780,TJSP DEPRE MOC,https://api.tjsp.jus.br/Handlers/Handler/FileFetch.ashx?codigo=168780
2026,municipal,MUNICÍPIO DE CANAS,1,0.00,21883208.84,0.00,21883208.84,PENDENTE,2025-06-06,53210,168780,TJSP DEPRE MOC,https://api.tjsp.jus.br/Handlers/Handler/FileFetch.ashx?codigo=168780
2026,municipal,MUNICÍPIO DE CÂNDIDO MOTA,9,599741.22,0.00,58905.10,658646.32,PENDENTE,2025-06-06,53210,168780,TJSP DEPRE MOC,https://api.tjsp.jus.br/Handlers/Handler/FileFetch.ashx?codigo=168780
2026,municipal,MUNICÍPIO DE CÂNDIDO RODRIGUES,18,657452.35,0.00,66998.48,724450.83,PENDENTE,2025-06-06,53210,168780,TJSP DEPRE MOC,https://api.tjsp.jus.br/Handlers/Handler/FileFetch.ashx?codigo=168780
2026,municipal,MUNICÍPIO DE CAPÃO BONITO,1,0.00,0.00,23833.80,23833.80,PENDENTE,2025-06-06,53210,168780,TJSP DEPRE MOC,https://api.tjsp.jus.br/Handlers/Handler/FileFetch.ashx?codigo=168780
2026,municipal,MUNICÍPIO DE CAPELA DO ALTO,3,17119.14,0.00,205620.05,222739.19,PENDENTE,2025-06-06,53210,168780,TJSP DEPRE MOC,https://api.tjsp.jus.br/Handlers/Handler/FileFetch.ashx?codigo=168780
2026,municipal,MUNICÍPIO DE CAPIVARI,7,834122.80,0.00,0.00,834122.80,PENDENTE,2025-06-06,53210,168780,TJSP DEPRE MOC,https://api.tjsp.jus.br/Handlers/Handler/FileFetch.ashx?codigo=168780
2026,municipal,MUNICÍPIO DE CARAGUATATUBA,30,2215883.56,653878.64,535802.55,3405564.75,PENDENTE,2025-06-06,53210,168780,TJSP DEPRE MOC,https://api.tjsp.jus.br/Handlers/Handler/FileFetch.ashx?codigo=168780
2026,municipal,MUNICÍPIO DE CARAPICUÍBA,18,4816499.38,0.00,450468.77,5266968.15,PENDENTE,2025-06-06,53210,168780,TJSP DEPRE MOC,https://api.tjsp.jus.br/Handlers/Handler/FileFetch.ashx?codigo=168780
2026,municipal,MUNICÍPIO DE CARDOSO,24,873820.68,0.00,0.00,873820.68,PENDENTE,2025-06-06,53210,168780,TJSP DEPRE MOC,https://api.tjsp.jus.br/Handlers/Handler/FileFetch.ashx?codigo=168780
2026,municipal,MUNICÍPIO DE CASA BRANCA,10,31742.86,525246.98,63482.78,620472.62,PENDENTE,2025-06-06,53210,168780,TJSP DEPRE MOC,https://api.tjsp.jus.br/Handlers/Handler/FileFetch.ashx?codigo=168780
2026,municipal,MUNICÍPIO DE CÁSSIA DOS COQUEIROS,1,46574.00,0.00,0.00,46574.00,PENDENTE,2025-06-06,53210,168780,TJSP DEPRE MOC,https://api.tjsp.jus.br/Handlers/Handler/FileFetch.ashx?codigo=168780
2026,municipal,MUNICÍPIO DE CASTILHO,2,1058215.00,0.00,0.00,1058215.00,PENDENTE,2025-06-06,53210,168780,TJSP DEPRE MOC,https://api.tjsp.jus.br/Handlers/Handler/FileFetch.ashx?codigo=168780
2026,municipal,MUNICÍPIO DE CATANDUVA,63,9084062.10,600947.36,852368.94,10537378.40,PENDENTE,2025-06-06,53210,168780,TJSP DEPRE MOC,https://api.tjsp.jus.br/Handlers/Handler/FileFetch.ashx?codigo=168780
2026,municipal,MUNICÍPIO DE CATIGUÁ,12,549753.68,0.00,63523.78,613277.46,PENDENTE,2025-06-06,53210,168780,TJSP DEPRE MOC,https://api.tjsp.jus.br/Handlers/Handler/FileFetch.ashx?codigo=168780
2026,municipal,MUNICÍPIO DE CERQUEIRA CÉSAR,5,250057.13,0.00,598643.12,848700.25,PENDENTE,2025-06-06,53210,168780,TJSP DEPRE MOC,https://api.tjsp.jus.br/Handlers/Handler/FileFetch.ashx?codigo=168780
2026,municipal,MUNICÍPIO DE CERQUILHO,7,1032546.87,0.00,76985.60,1109532.47,PENDENTE,2025-06-06,53210,168780,TJSP DEPRE MOC,https://api.tjsp.jus.br/Handlers/Handler/FileFetch.ashx?codigo=168780
2026,municipal,MUNICÍPIO DE CESÁRIO LANGE,11,73656.57,0.00,144171.64,217828.21,PENDENTE,2025-06-06,53210,168780,TJSP DEPRE MOC,https://api.tjsp.jus.br/Handlers/Handler/FileFetch.ashx?codigo=168780
2026,municipal,MUNICÍPIO DE CHARQUEADA,1,228385.74,0.00,0.00,228385.74,PENDENTE,2025-06-06,53210,168780,TJSP DEPRE MOC,https://api.tjsp.jus.br/Handlers/Handler/FileFetch.ashx?codigo=168780
2026,municipal,MUNICÍPIO DE CHAVANTES,3,84898.92,0.00,17318.22,102217.14,PENDENTE,2025-06-06,53210,168780,TJSP DEPRE MOC,https://api.tjsp.jus.br/Handlers/Handler/FileFetch.ashx?codigo=168780
2026,municipal,MUNICÍPIO DE CLEMENTINA,1,0.00,0.00,28059.43,28059.43,PENDENTE,2025-06-06,53210,168780,TJSP DEPRE MOC,https://api.tjsp.jus.br/Handlers/Handler/FileFetch.ashx?codigo=168780
2026,municipal,MUNICÍPIO DE COLINA,1,29849.07,0.00,0.00,29849.07,PENDENTE,2025-06-06,53210,168780,TJSP DEPRE MOC,https://api.tjsp.jus.br/Handlers/Handler/FileFetch.ashx?codigo=168780
2026,municipal,MUNICÍPIO DE COLÔMBIA,1,0.00,0.00,52070.34,52070.34,PENDENTE,2025-06-06,53210,168780,TJSP DEPRE MOC,https://api.tjsp.jus.br/Handlers/Handler/FileFetch.ashx?codigo=168780
2026,municipal,MUNICÍPIO DE CONCHAL,7,46879.34,0.00,1574472.83,1621352.17,PENDENTE,2025-06-06,53210,168780,TJSP DEPRE MOC,https://api.tjsp.jus.br/Handlers/Handler/FileFetch.ashx?codigo=168780
2026,municipal,MUNICÍPIO DE CONCHAS,8,56727.07,0.00,190143.23,246870.30,PENDENTE,2025-06-06,53210,168780,TJSP DEPRE MOC,https://api.tjsp.jus.br/Handlers/Handler/FileFetch.ashx?codigo=168780
2026,municipal,MUNICÍPIO DE CORDEIRÓPOLIS,5,283873.28,0.00,1490156.57,1774029.85,PENDENTE,2025-06-06,53210,168780,TJSP DEPRE MOC,https://api.tjsp.jus.br/Handlers/Handler/FileFetch.ashx?codigo=168780
2026,municipal,MUNICÍPIO DE COROADOS,1,0.00,0.00,196820.57,196820.57,PENDENTE,2025-06-06,53210,168780,TJSP DEPRE MOC,https://api.tjsp.jus.br/Handlers/Handler/FileFetch.ashx?codigo=168780
2026,municipal,MUNICÍPIO DE CORONEL MACEDO,3,68764.50,0.00,0.00,68764.50,PENDENTE,2025-06-06,53210,168780,TJSP DEPRE MOC,https://api.tjsp.jus.br/Handlers/Handler/FileFetch.ashx?codigo=168780
2026,municipal,MUNICÍPIO DE COSMÓPOLIS,4,209510.77,0.00,1266667.40,1476178.17,PENDENTE,2025-06-06,53210,168780,TJSP DEPRE MOC,https://api.tjsp.jus.br/Handlers/Handler/FileFetch.ashx?codigo=168780
2026,municipal,MUNICÍPIO DE COSMORAMA,3,0.00,782113.00,0.00,782113.00,PENDENTE,2025-06-06,53210,168780,TJSP DEPRE MOC,https://api.tjsp.jus.br/Handlers/Handler/FileFetch.ashx?codigo=168780
2026,municipal,MUNICÍPIO DE COTIA,139,5661502.65,5271988.99,364583.47,11298075.11,PENDENTE,2025-06-06,53210,168780,TJSP DEPRE MOC,https://api.tjsp.jus.br/Handlers/Handler/FileFetch.ashx?codigo=168780
2026,municipal,MUNICÍPIO DE CRAVINHOS,2,0.00,0.00,2672378.28,2672378.28,PENDENTE,2025-06-06,53210,168780,TJSP DEPRE MOC,https://api.tjsp.jus.br/Handlers/Handler/FileFetch.ashx?codigo=168780
2026,municipal,MUNICÍPIO DE CRUZEIRO,39,1961307.49,0.00,2030956.03,3992263.52,PENDENTE,2025-06-06,53210,168780,TJSP DEPRE MOC,https://api.tjsp.jus.br/Handlers/Handler/FileFetch.ashx?codigo=168780
2026,municipal,MUNICÍPIO DE CUBATÃO,147,21854460.44,368885.43,16629830.91,38853176.78,PENDENTE,2025-06-06,53210,168780,TJSP DEPRE MOC,https://api.tjsp.jus.br/Handlers/Handler/FileFetch.ashx?codigo=168780
2026,municipal,MUNICÍPIO DE CUNHA,11,211756.51,747409.67,89021.38,1048187.56,PENDENTE,2025-06-06,53210,168780,TJSP DEPRE MOC,https://api.tjsp.jus.br/Handlers/Handler/FileFetch.ashx?codigo=168780
2026,municipal,MUNICÍPIO DE DESCALVADO,7,288388.61,0.00,60417.32,348805.93,PENDENTE,2025-06-06,53210,168780,TJSP DEPRE MOC,https://api.tjsp.jus.br/Handlers/Handler/FileFetch.ashx?codigo=168780
2026,municipal,MUNICÍPIO DE DIADEMA,69,4874066.89,2475998.98,28481845.29,35831911.16,PENDENTE,2025-06-06,53210,168780,TJSP DEPRE MOC,https://api.tjsp.jus.br/Handlers/Handler/FileFetch.ashx?codigo=168780
2026,municipal,MUNICÍPIO DE DIRCE REIS,13,421864.15,0.00,0.00,421864.15,PENDENTE,2025-06-06,53210,168780,TJSP DEPRE MOC,https://api.tjsp.jus.br/Handlers/Handler/FileFetch.ashx?codigo=168780
2026,municipal,MUNICÍPIO DE DIVINOLÂNDIA,42,1168655.39,0.00,0.00,1168655.39,PENDENTE,2025-06-06,53210,168780,TJSP DEPRE MOC,https://api.tjsp.jus.br/Handlers/Handler/FileFetch.ashx?codigo=168780
2026,municipal,MUNICÍPIO DE DOIS CÓRREGOS,1,83999.24,0.00,0.00,83999.24,PENDENTE,2025-06-06,53210,168780,TJSP DEPRE MOC,https://api.tjsp.jus.br/Handlers/Handler/FileFetch.ashx?codigo=168780
2026,municipal,MUNICÍPIO DE DOLCINÓPOLIS,7,278210.73,0.00,0.00,278210.73,PENDENTE,2025-06-06,53210,168780,TJSP DEPRE MOC,https://api.tjsp.jus.br/Handlers/Handler/FileFetch.ashx?codigo=168780
2026,municipal,MUNICÍPIO DE DOURADO,1,0.00,0.00,145029.86,145029.86,PENDENTE,2025-06-06,53210,168780,TJSP DEPRE MOC,https://api.tjsp.jus.br/Handlers/Handler/FileFetch.ashx?codigo=168780
2026,municipal,MUNICÍPIO DE DRACENA,37,1568821.92,0.00,12837253.14,14406075.06,PENDENTE,2025-06-06,53210,168780,TJSP DEPRE MOC,https://api.tjsp.jus.br/Handlers/Handler/FileFetch.ashx?codigo=168780
2026,municipal,MUNICÍPIO DE DUARTINA,2,25264.73,0.00,47377.32,72642.05,PENDENTE,2025-06-06,53210,168780,TJSP DEPRE MOC,https://api.tjsp.jus.br/Handlers/Handler/FileFetch.ashx?codigo=168780
2026,municipal,MUNICÍPIO DE DUMONT,1,425464.85,0.00,0.00,425464.85,PENDENTE,2025-06-06,53210,168780,TJSP DEPRE MOC,https://api.tjsp.jus.br/Handlers/Handler/FileFetch.ashx?codigo=168780
2026,municipal,MUNICÍPIO DE ECHAPORÃ,1,0.00,0.00,105161.97,105161.97,PENDENTE,2025-06-06,53210,168780,TJSP DEPRE MOC,https://api.tjsp.jus.br/Handlers/Handler/FileFetch.ashx?codigo=168780
2026,municipal,MUNICÍPIO DE ELDORADO,14,655567.30,0.00,150444.00,806011.30,PENDENTE,2025-06-06,53210,168780,TJSP DEPRE MOC,https://api.tjsp.jus.br/Handlers/Handler/FileFetch.ashx?codigo=168780
2026,municipal,MUNICÍPIO DE ELIAS FAUSTO,2,0.00,0.00,54260.32,54260.32,PENDENTE,2025-06-06,53210,168780,TJSP DEPRE MOC,https://api.tjsp.jus.br/Handlers/Handler/FileFetch.ashx?codigo=168780
2026,municipal,MUNICÍPIO DE EMBAÚBA,1,33770.31,0.00,0.00,33770.31,PENDENTE,2025-06-06,53210,168780,TJSP DEPRE MOC,https://api.tjsp.jus.br/Handlers/Handler/FileFetch.ashx?codigo=168780
2026,municipal,MUNICÍPIO DE EMBU DAS ARTES,13,559111.83,229118.70,6289356.04,7077586.57,PENDENTE,2025-06-06,53210,168780,TJSP DEPRE MOC,https://api.tjsp.jus.br/Handlers/Handler/FileFetch.ashx?codigo=168780
2026,municipal,MUNICÍPIO DE EMBU-GUAÇU,9,32676.07,324721.64,883417.61,1240815.32,PENDENTE,2025-06-06,53210,168780,TJSP DEPRE MOC,https://api.tjsp.jus.br/Handlers/Handler/FileFetch.ashx?codigo=168780
2026,municipal,MUNICÍPIO DE ENGENHEIRO COELHO,4,102017.47,0.00,725818.15,827835.62,PENDENTE,2025-06-06,53210,168780,TJSP DEPRE MOC,https://api.tjsp.jus.br/Handlers/Handler/FileFetch.ashx?codigo=168780
2026,municipal,MUNICÍPIO DE ESPÍRITO SANTO DO PINHAL,4,51493.77,0.00,101217.35,152711.12,PENDENTE,2025-06-06,53210,168780,TJSP DEPRE MOC,https://api.tjsp.jus.br/Handlers/Handler/FileFetch.ashx?codigo=168780
2026,municipal,MUNICÍPIO DE ESTIVA GERBI,1,70426.64,0.00,0.00,70426.64,PENDENTE,2025-06-06,53210,168780,TJSP DEPRE MOC,https://api.tjsp.jus.br/Handlers/Handler/FileFetch.ashx?codigo=168780
2026,municipal,MUNICÍPIO DE ESTRELA D'OESTE,17,252578.44,0.00,284452.57,537031.01,PENDENTE,2025-06-06,53210,168780,TJSP DEPRE MOC,https://api.tjsp.jus.br/Handlers/Handler/FileFetch.ashx?codigo=168780
2026,municipal,MUNICÍPIO DE ESTRELA DO NORTE,1,0.00,0.00,34970.43,34970.43,PENDENTE,2025-06-06,53210,168780,TJSP DEPRE MOC,https://api.tjsp.jus.br/Handlers/Handler/FileFetch.ashx?codigo=168780
2026,municipal,MUNICÍPIO DE EUCLIDES DA CUNHA PAULISTA,6,55547.68,0.00,131368.73,186916.41,PENDENTE,2025-06-06,53210,168780,TJSP DEPRE MOC,https://api.tjsp.jus.br/Handlers/Handler/FileFetch.ashx?codigo=168780
2026,municipal,MUNICÍPIO DE FARTURA,2,0.00,0.00,94516.67,94516.67,PENDENTE,2025-06-06,53210,168780,TJSP DEPRE MOC,https://api.tjsp.jus.br/Handlers/Handler/FileFetch.ashx?codigo=168780
2026,municipal,MUNICÍPIO DE FERNANDO PRESTES,10,300603.53,0.00,169407.96,470011.49,PENDENTE,2025-06-06,53210,168780,TJSP DEPRE MOC,https://api.tjsp.jus.br/Handlers/Handler/FileFetch.ashx?codigo=168780
2026,municipal,MUNICÍPIO DE FERNANDÓPOLIS,27,679677.53,205141.91,460659.16,1345478.60,PENDENTE,2025-06-06,53210,168780,TJSP DEPRE MOC,https://api.tjsp.jus.br/Handlers/Handler/FileFetch.ashx?codigo=168780
2026,municipal,MUNICÍPIO DE FERRAZ DE VASCONCELOS,73,4299540.48,395521.90,8336151.80,13031214.18,PENDENTE,2025-06-06,53210,168780,TJSP DEPRE MOC,https://api.tjsp.jus.br/Handlers/Handler/FileFetch.ashx?codigo=168780
2026,municipal,MUNICÍPIO DE FLORA RICA,2,28051.69,0.00,109570.57,137622.26,PENDENTE,2025-06-06,53210,168780,TJSP DEPRE MOC,https://api.tjsp.jus.br/Handlers/Handler/FileFetch.ashx?codigo=168780
2026,municipal,MUNICÍPIO DE FLORÍNEA,2,249995.09,0.00,80004.71,329999.80,PENDENTE,2025-06-06,53210,168780,TJSP DEPRE MOC,https://api.tjsp.jus.br/Handlers/Handler/FileFetch.ashx?codigo=168780
2026,municipal,MUNICÍPIO DE FRANCA,52,1679377.54,0.00,8623008.24,10302385.78,PENDENTE,2025-06-06,53210,168780,TJSP DEPRE MOC,https://api.tjsp.jus.br/Handlers/Handler/FileFetch.ashx?codigo=168780
2026,municipal,MUNICÍPIO DE FRANCISCO MORATO,6,180111.00,107174.86,179168.77,466454.63,PENDENTE,2025-06-06,53210,168780,TJSP DEPRE MOC,https://api.tjsp.jus.br/Handlers/Handler/FileFetch.ashx?codigo=168780
2026,municipal,MUNICÍPIO DE FRANCO DA ROCHA,2,0.00,0.00,209295.87,209295.87,PENDENTE,2025-06-06,53210,168780,TJSP DEPRE MOC,https://api.tjsp.jus.br/Handlers/Handler/FileFetch.ashx?codigo=168780
2026,municipal,MUNICÍPIO DE GABRIEL MONTEIRO,1,23412.18,0.00,0.00,23412.18,PENDENTE,2025-06-06,53210,168780,TJSP DEPRE MOC,https://api.tjsp.jus.br/Handlers/Handler/FileFetch.ashx?codigo=168780
2026,municipal,MUNICÍPIO DE GÁLIA,2,0.00,0.00,43957.60,43957.60,PENDENTE,2025-06-06,53210,168780,TJSP DEPRE MOC,https://api.tjsp.jus.br/Handlers/Handler/FileFetch.ashx?codigo=168780
2026,municipal,MUNICÍPIO DE GARÇA,12,530860.71,156828.19,1999854.28,2687543.18,PENDENTE,2025-06-06,53210,168780,TJSP DEPRE MOC,https://api.tjsp.jus.br/Handlers/Handler/FileFetch.ashx?codigo=168780
2026,municipal,MUNICÍPIO DE GASTÃO VIDIGAL,1,10978.63,0.00,0.00,10978.63,PENDENTE,2025-06-06,53210,168780,TJSP DEPRE MOC,https://api.tjsp.jus.br/Handlers/Handler/FileFetch.ashx?codigo=168780
2026,municipal,MUNICÍPIO DE GENERAL SALGADO,26,796111.76,0.00,1134514.95,1930626.71,PENDENTE,2025-06-06,53210,168780,TJSP DEPRE MOC,https://api.tjsp.jus.br/Handlers/Handler/FileFetch.ashx?codigo=168780
2026,municipal,MUNICÍPIO DE GLICÉRIO,1,0.00,0.00,11033.45,11033.45,PENDENTE,2025-06-06,53210,168780,TJSP DEPRE MOC,https://api.tjsp.jus.br/Handlers/Handler/FileFetch.ashx?codigo=168780
2026,municipal,MUNICÍPIO DE GRAMADO - RS,2,106583.48,0.00,1065838.21,1172421.69,PENDENTE,2025-06-06,53210,168780,TJSP DEPRE MOC,https://api.tjsp.jus.br/Handlers/Handler/FileFetch.ashx?codigo=168780
2026,municipal,MUNICÍPIO DE GUAIÇARA,5,524173.98,0.00,117177.32,641351.30,PENDENTE,2025-06-06,53210,168780,TJSP DEPRE MOC,https://api.tjsp.jus.br/Handlers/Handler/FileFetch.ashx?codigo=168780
2026,municipal,MUNICÍPIO DE GUAPIAÇU,2,0.00,0.00,81761.48,81761.48,PENDENTE,2025-06-06,53210,168780,TJSP DEPRE MOC,https://api.tjsp.jus.br/Handlers/Handler/FileFetch.ashx?codigo=168780
2026,municipal,MUNICÍPIO DE GUAPIARA,3,42732.73,0.00,120195.77,162928.50,PENDENTE,2025-06-06,53210,168780,TJSP DEPRE MOC,https://api.tjsp.jus.br/Handlers/Handler/FileFetch.ashx?codigo=168780
2026,municipal,MUNICÍPIO DE GUARÁ,3,138993.68,178640.85,93338.16,410972.69,PENDENTE,2025-06-06,53210,168780,TJSP DEPRE MOC,https://api.tjsp.jus.br/Handlers/Handler/FileFetch.ashx?codigo=168780
2026,municipal,MUNICÍPIO DE GUARAÇAÍ,1,0.00,0.00,19178.86,19178.86,PENDENTE,2025-06-06,53210,168780,TJSP DEPRE MOC,https://api.tjsp.jus.br/Handlers/Handler/FileFetch.ashx?codigo=168780
2026,municipal,MUNICÍPIO DE GUARACI,16,1102611.23,0.00,0.00,1102611.23,PENDENTE,2025-06-06,53210,168780,TJSP DEPRE MOC,https://api.tjsp.jus.br/Handlers/Handler/FileFetch.ashx?codigo=168780
2026,municipal,MUNICÍPIO DE GUARANI D'OESTE,4,61890.56,0.00,378663.95,440554.51,PENDENTE,2025-06-06,53210,168780,TJSP DEPRE MOC,https://api.tjsp.jus.br/Handlers/Handler/FileFetch.ashx?codigo=168780
2026,municipal,MUNICÍPIO DE GUARARAPES,3,34244.39,0.00,34678.14,68922.53,PENDENTE,2025-06-06,53210,168780,TJSP DEPRE MOC,https://api.tjsp.jus.br/Handlers/Handler/FileFetch.ashx?codigo=168780
2026,municipal,MUNICÍPIO DE GUARAREMA,3,230972.68,285920.24,0.00,516892.92,PENDENTE,2025-06-06,53210,168780,TJSP DEPRE MOC,https://api.tjsp.jus.br/Handlers/Handler/FileFetch.ashx?codigo=168780
2026,municipal,MUNICÍPIO DE GUARATINGUETÁ,17,36117239.34,0.00,467613.19,36584852.53,PENDENTE,2025-06-06,53210,168780,TJSP DEPRE MOC,https://api.tjsp.jus.br/Handlers/Handler/FileFetch.ashx?codigo=168780
2026,municipal,MUNICÍPIO DE GUARIBA,9,87946.20,0.00,150004.43,237950.63,PENDENTE,2025-06-06,53210,168780,TJSP DEPRE MOC,https://api.tjsp.jus.br/Handlers/Handler/FileFetch.ashx?codigo=168780
2026,municipal,MUNICÍPIO DE GUARINOS - GO,1,0.00,0.00,183479.26,183479.26,PENDENTE,2025-06-06,53210,168780,TJSP DEPRE MOC,https://api.tjsp.jus.br/Handlers/Handler/FileFetch.ashx?codigo=168780
2026,municipal,MUNICÍPIO DE GUARUJÁ,43,7840733.34,0.00,8147426.34,15988159.68,PENDENTE,2025-06-06,53210,168780,TJSP DEPRE MOC,https://api.tjsp.jus.br/Handlers/Handler/FileFetch.ashx?codigo=168780
2026,municipal,MUNICÍPIO DE GUARULHOS,73,13430733.74,17096267.89,1170534413.41,1201061415.04,PENDENTE,2025-06-06,53210,168780,TJSP DEPRE MOC,https://api.tjsp.jus.br/Handlers/Handler/FileFetch.ashx?codigo=168780
2026,municipal,MUNICÍPIO DE GUATAPARÁ,2,0.00,44164.36,234115.99,278280.35,PENDENTE,2025-06-06,53210,168780,TJSP DEPRE MOC,https://api.tjsp.jus.br/Handlers/Handler/FileFetch.ashx?codigo=168780
2026,municipal,MUNICÍPIO DE GUZOLÂNDIA,2,68035.89,0.00,0.00,68035.89,PENDENTE,2025-06-06,53210,168780,TJSP DEPRE MOC,https://api.tjsp.jus.br/Handlers/Handler/FileFetch.ashx?codigo=168780
2026,municipal,MUNICÍPIO DE HERCULÂNDIA,1,20010.69,0.00,0.00,20010.69,PENDENTE,2025-06-06,53210,168780,TJSP DEPRE MOC,https://api.tjsp.jus.br/Handlers/Handler/FileFetch.ashx?codigo=168780
2026,municipal,MUNICÍPIO DE HOLAMBRA,2,179648.98,0.00,0.00,179648.98,PENDENTE,2025-06-06,53210,168780,TJSP DEPRE MOC,https://api.tjsp.jus.br/Handlers/Handler/FileFetch.ashx?codigo=168780
2026,municipal,MUNICÍPIO DE HORTOLÂNDIA,371,16088493.19,0.00,3642785.32,19731278.51,PENDENTE,2025-06-06,53210,168780,TJSP DEPRE MOC,https://api.tjsp.jus.br/Handlers/Handler/FileFetch.ashx?codigo=168780
2026,municipal,MUNICÍPIO DE IACANGA,3,11511.51,0.00,125468.56,136980.07,PENDENTE,2025-06-06,53210,168780,TJSP DEPRE MOC,https://api.tjsp.jus.br/Handlers/Handler/FileFetch.ashx?codigo=168780
2026,municipal,MUNICÍPIO DE IACRI,7,390137.38,0.00,0.00,390137.38,PENDENTE,2025-06-06,53210,168780,TJSP DEPRE MOC,https://api.tjsp.jus.br/Handlers/Handler/FileFetch.ashx?codigo=168780
2026,municipal,MUNICÍPIO DE IBATÉ,4,13627.49,0.00,55308.45,68935.94,PENDENTE,2025-06-06,53210,168780,TJSP DEPRE MOC,https://api.tjsp.jus.br/Handlers/Handler/FileFetch.ashx?codigo=168780
2026,municipal,MUNICÍPIO DE IBIRÁ,5,5650524.89,0.00,210416.56,5860941.45,PENDENTE,2025-06-06,53210,168780,TJSP DEPRE MOC,https://api.tjsp.jus.br/Handlers/Handler/FileFetch.ashx?codigo=168780
2026,municipal,MUNICÍPIO DE IBIRAREMA,5,148940.03,0.00,37111.19,186051.22,PENDENTE,2025-06-06,53210,168780,TJSP DEPRE MOC,https://api.tjsp.jus.br/Handlers/Handler/FileFetch.ashx?codigo=168780
2026,municipal,MUNICÍPIO DE IBITINGA,13,1017628.13,578927.16,994788.72,2591344.01,PENDENTE,2025-06-06,53210,168780,TJSP DEPRE MOC,https://api.tjsp.jus.br/Handlers/Handler/FileFetch.ashx?codigo=168780
2026,municipal,MUNICÍPIO DE IBIÚNA,18,588944.23,0.00,3587690.84,4176635.07,PENDENTE,2025-06-06,53210,168780,TJSP DEPRE MOC,https://api.tjsp.jus.br/Handlers/Handler/FileFetch.ashx?codigo=168780
2026,municipal,MUNICÍPIO DE ICÉM,2,106336.87,0.00,0.00,106336.87,PENDENTE,2025-06-06,53210,168780,TJSP DEPRE MOC,https://api.tjsp.jus.br/Handlers/Handler/FileFetch.ashx?codigo=168780
2026,municipal,MUNICÍPIO DE IEPÊ,12,827248.80,0.00,177611.13,1004859.93,PENDENTE,2025-06-06,53210,168780,TJSP DEPRE MOC,https://api.tjsp.jus.br/Handlers/Handler/FileFetch.ashx?codigo=168780
2026,municipal,MUNICÍPIO DE IGARAÇU DO TIETÊ,12,253248.11,0.00,0.00,253248.11,PENDENTE,2025-06-06,53210,168780,TJSP DEPRE MOC,https://api.tjsp.jus.br/Handlers/Handler/FileFetch.ashx?codigo=168780
2026,municipal,MUNICÍPIO DE IGARAPAVA,12,456562.82,0.00,655624.31,1112187.13,PENDENTE,2025-06-06,53210,168780,TJSP DEPRE MOC,https://api.tjsp.jus.br/Handlers/Handler/FileFetch.ashx?codigo=168780
2026,municipal,MUNICÍPIO DE IGARATÁ,1,62167.89,0.00,0.00,62167.89,PENDENTE,2025-06-06,53210,168780,TJSP DEPRE MOC,https://api.tjsp.jus.br/Handlers/Handler/FileFetch.ashx?codigo=168780
2026,municipal,MUNICÍPIO DE IGUAPE,17,2149696.98,0.00,146414.49,2296111.47,PENDENTE,2025-06-06,53210,168780,TJSP DEPRE MOC,https://api.tjsp.jus.br/Handlers/Handler/FileFetch.ashx?codigo=168780
2026,municipal,MUNICÍPIO DE ILHA COMPRIDA,1,0.00,0.00,27377.40,27377.40,PENDENTE,2025-06-06,53210,168780,TJSP DEPRE MOC,https://api.tjsp.jus.br/Handlers/Handler/FileFetch.ashx?codigo=168780
2026,municipal,MUNICÍPIO DE ILHA SOLTEIRA,17,907491.53,0.00,103398.65,1010890.18,PENDENTE,2025-06-06,53210,168780,TJSP DEPRE MOC,https://api.tjsp.jus.br/Handlers/Handler/FileFetch.ashx?codigo=168780
2026,municipal,MUNICÍPIO DE ILHABELA,10,236026.51,2613751.86,83071.19,2932849.56,PENDENTE,2025-06-06,53210,168780,TJSP DEPRE MOC,https://api.tjsp.jus.br/Handlers/Handler/FileFetch.ashx?codigo=168780
2026,municipal,MUNICÍPIO DE INDAIATUBA,20,2672791.33,94202.67,1195815.87,3962809.87,PENDENTE,2025-06-06,53210,168780,TJSP DEPRE MOC,https://api.tjsp.jus.br/Handlers/Handler/FileFetch.ashx?codigo=168780
2026,municipal,MUNICÍPIO DE INDIANA,5,338260.94,0.00,0.00,338260.94,PENDENTE,2025-06-06,53210,168780,TJSP DEPRE MOC,https://api.tjsp.jus.br/Handlers/Handler/FileFetch.ashx?codigo=168780
2026,municipal,MUNICÍPIO DE INDIAPORÃ,31,618155.04,0.00,0.00,618155.04,PENDENTE,2025-06-06,53210,168780,TJSP DEPRE MOC,https://api.tjsp.jus.br/Handlers/Handler/FileFetch.ashx?codigo=168780
2026,municipal,MUNICÍPIO DE INÚBIA PAULISTA,1,0.00,0.00,1580616.84,1580616.84,PENDENTE,2025-06-06,53210,168780,TJSP DEPRE MOC,https://api.tjsp.jus.br/Handlers/Handler/FileFetch.ashx?codigo=168780
2026,municipal,MUNICÍPIO DE IPAUSSU,2,32343.55,0.00,269337.47,301681.02,PENDENTE,2025-06-06,53210,168780,TJSP DEPRE MOC,https://api.tjsp.jus.br/Handlers/Handler/FileFetch.ashx?codigo=168780
2026,municipal,MUNICÍPIO DE IPERÓ,1,0.00,0.00,100068.07,100068.07,PENDENTE,2025-06-06,53210,168780,TJSP DEPRE MOC,https://api.tjsp.jus.br/Handlers/Handler/FileFetch.ashx?codigo=168780
2026,municipal,MUNICÍPIO DE IPIGUÁ,4,494164.27,0.00,322707.03,816871.30,PENDENTE,2025-06-06,53210,168780,TJSP DEPRE MOC,https://api.tjsp.jus.br/Handlers/Handler/FileFetch.ashx?codigo=168780
2026,municipal,MUNICÍPIO DE IPORANGA,5,121251.83,0.00,305150.22,426402.05,PENDENTE,2025-06-06,53210,168780,TJSP DEPRE MOC,https://api.tjsp.jus.br/Handlers/Handler/FileFetch.ashx?codigo=168780
2026,municipal,MUNICÍPIO DE IPUÃ,2,1489.56,0.00,14895.69,16385.25,PENDENTE,2025-06-06,53210,168780,TJSP DEPRE MOC,https://api.tjsp.jus.br/Handlers/Handler/FileFetch.ashx?codigo=168780
2026,municipal,MUNICÍPIO DE IRACEMÁPOLIS,1,0.00,0.00,51899.62,51899.62,PENDENTE,2025-06-06,53210,168780,TJSP DEPRE MOC,https://api.tjsp.jus.br/Handlers/Handler/FileFetch.ashx?codigo=168780
2026,municipal,MUNICÍPIO DE IRAPUÃ,3,53100.64,0.00,0.00,53100.64,PENDENTE,2025-06-06,53210,168780,TJSP DEPRE MOC,https://api.tjsp.jus.br/Handlers/Handler/FileFetch.ashx?codigo=168780
2026,municipal,MUNICÍPIO DE IRAPURU,18,501433.17,0.00,59221.17,560654.34,PENDENTE,2025-06-06,53210,168780,TJSP DEPRE MOC,https://api.tjsp.jus.br/Handlers/Handler/FileFetch.ashx?codigo=168780
2026,municipal,MUNICÍPIO DE ITABERÁ,8,119355.24,0.00,268934.59,388289.83,PENDENTE,2025-06-06,53210,168780,TJSP DEPRE MOC,https://api.tjsp.jus.br/Handlers/Handler/FileFetch.ashx?codigo=168780
2026,municipal,MUNICÍPIO DE ITAÍ,7,383890.42,0.00,93299.40,477189.82,PENDENTE,2025-06-06,53210,168780,TJSP DEPRE MOC,https://api.tjsp.jus.br/Handlers/Handler/FileFetch.ashx?codigo=168780
2026,municipal,MUNICÍPIO DE ITAJOBI,1,143106.33,0.00,0.00,143106.33,PENDENTE,2025-06-06,53210,168780,TJSP DEPRE MOC,https://api.tjsp.jus.br/Handlers/Handler/FileFetch.ashx?codigo=168780
2026,municipal,MUNICÍPIO DE ITANHAÉM,36,1776709.41,82166.84,504084.03,2362960.28,PENDENTE,2025-06-06,53210,168780,TJSP DEPRE MOC,https://api.tjsp.jus.br/Handlers/Handler/FileFetch.ashx?codigo=168780
2026,municipal,MUNICÍPIO DE ITAOCA,1,86099.90,0.00,0.00,86099.90,PENDENTE,2025-06-06,53210,168780,TJSP DEPRE MOC,https://api.tjsp.jus.br/Handlers/Handler/FileFetch.ashx?codigo=168780
2026,municipal,MUNICÍPIO DE ITAPECERICA DA SERRA,58,10127144.81,0.00,2994202.00,13121346.81,PENDENTE,2025-06-06,53210,168780,TJSP DEPRE MOC,https://api.tjsp.jus.br/Handlers/Handler/FileFetch.ashx?codigo=168780
2026,municipal,MUNICÍPIO DE ITAPETININGA,177,9881717.32,1267579.34,1757969.65,12907266.31,PENDENTE,2025-06-06,53210,168780,TJSP DEPRE MOC,https://api.tjsp.jus.br/Handlers/Handler/FileFetch.ashx?codigo=168780
2026,municipal,MUNICÍPIO DE ITAPEVA,112,6316902.75,1072603.23,1074676.46,8464182.44,PENDENTE,2025-06-06,53210,168780,TJSP DEPRE MOC,https://api.tjsp.jus.br/Handlers/Handler/FileFetch.ashx?codigo=168780
2026,municipal,MUNICÍPIO DE ITAPEVI,59,3499471.46,0.00,1212413.17,4711884.63,PENDENTE,2025-06-06,53210,168780,TJSP DEPRE MOC,https://api.tjsp.jus.br/Handlers/Handler/FileFetch.ashx?codigo=168780
2026,municipal,MUNICÍPIO DE ITAPIRA,35,2792820.91,0.00,735068.30,3527889.21,PENDENTE,2025-06-06,53210,168780,TJSP DEPRE MOC,https://api.tjsp.jus.br/Handlers/Handler/FileFetch.ashx?codigo=168780
2026,municipal,MUNICÍPIO DE ITAPIRAPUÃ PAULISTA,1,34225.38,0.00,0.00,34225.38,PENDENTE,2025-06-06,53210,168780,TJSP DEPRE MOC,https://api.tjsp.jus.br/Handlers/Handler/FileFetch.ashx?codigo=168780
2026,municipal,MUNICÍPIO DE ITÁPOLIS,11,2824090.16,0.00,1141060.17,3965150.33,PENDENTE,2025-06-06,53210,168780,TJSP DEPRE MOC,https://api.tjsp.jus.br/Handlers/Handler/FileFetch.ashx?codigo=168780
2026,municipal,MUNICÍPIO DE ITAPORANGA,3,87255.01,512890.57,111249.00,711394.58,PENDENTE,2025-06-06,53210,168780,TJSP DEPRE MOC,https://api.tjsp.jus.br/Handlers/Handler/FileFetch.ashx?codigo=168780
2026,municipal,MUNICÍPIO DE ITAPURA,1,116522.20,0.00,0.00,116522.20,PENDENTE,2025-06-06,53210,168780,TJSP DEPRE MOC,https://api.tjsp.jus.br/Handlers/Handler/FileFetch.ashx?codigo=168780
2026,municipal,MUNICÍPIO DE ITAQUAQUECETUBA,29,2370427.48,86695.47,16482792.26,18939915.21,PENDENTE,2025-06-06,53210,168780,TJSP DEPRE MOC,https://api.tjsp.jus.br/Handlers/Handler/FileFetch.ashx?codigo=168780
2026,municipal,MUNICÍPIO DE ITARARÉ,36,529110.80,0.00,568992.08,1098102.88,PENDENTE,2025-06-06,53210,168780,TJSP DEPRE MOC,https://api.tjsp.jus.br/Handlers/Handler/FileFetch.ashx?codigo=168780
2026,municipal,MUNICÍPIO DE ITARIRI,1,10555.51,0.00,0.00,10555.51,PENDENTE,2025-06-06,53210,168780,TJSP DEPRE MOC,https://api.tjsp.jus.br/Handlers/Handler/FileFetch.ashx?codigo=168780
2026,municipal,MUNICÍPIO DE ITATIBA,29,358233.12,0.00,14391517.14,14749750.26,PENDENTE,2025-06-06,53210,168780,TJSP DEPRE MOC,https://api.tjsp.jus.br/Handlers/Handler/FileFetch.ashx?codigo=168780
2026,municipal,MUNICÍPIO DE ITATINGA,27,600682.64,0.00,260497.92,861180.56,PENDENTE,2025-06-06,53210,168780,TJSP DEPRE MOC,https://api.tjsp.jus.br/Handlers/Handler/FileFetch.ashx?codigo=168780
2026,municipal,MUNICÍPIO DE ITIRAPINA,9,800099.80,121621.65,192477.11,1114198.56,PENDENTE,2025-06-06,53210,168780,TJSP DEPRE MOC,https://api.tjsp.jus.br/Handlers/Handler/FileFetch.ashx?codigo=168780
2026,municipal,MUNICÍPIO DE ITOBI,19,299756.92,0.00,0.00,299756.92,PENDENTE,2025-06-06,53210,168780,TJSP DEPRE MOC,https://api.tjsp.jus.br/Handlers/Handler/FileFetch.ashx?codigo=168780
2026,municipal,MUNICÍPIO DE ITU,35,2688789.31,7774574.59,6955410.52,17418774.42,PENDENTE,2025-06-06,53210,168780,TJSP DEPRE MOC,https://api.tjsp.jus.br/Handlers/Handler/FileFetch.ashx?codigo=168780
2026,municipal,MUNICÍPIO DE ITUPEVA,9,218031.13,0.00,2057238.43,2275269.56,PENDENTE,2025-06-06,53210,168780,TJSP DEPRE MOC,https://api.tjsp.jus.br/Handlers/Handler/FileFetch.ashx?codigo=168780
2026,municipal,MUNICÍPIO DE ITUVERAVA,52,1504158.79,0.00,173580.73,1677739.52,PENDENTE,2025-06-06,53210,168780,TJSP DEPRE MOC,https://api.tjsp.jus.br/Handlers/Handler/FileFetch.ashx?codigo=168780
2026,municipal,MUNICÍPIO DE JABORANDI,2,493876.42,0.00,0.00,493876.42,PENDENTE,2025-06-06,53210,168780,TJSP DEPRE MOC,https://api.tjsp.jus.br/Handlers/Handler/FileFetch.ashx?codigo=168780
2026,municipal,MUNICÍPIO DE JABOTICABAL,9,70235.90,78797.36,177250.34,326283.60,PENDENTE,2025-06-06,53210,168780,TJSP DEPRE MOC,https://api.tjsp.jus.br/Handlers/Handler/FileFetch.ashx?codigo=168780
2026,municipal,MUNICÍPIO DE JACAREÍ,13,1391978.60,0.00,262672.78,1654651.38,PENDENTE,2025-06-06,53210,168780,TJSP DEPRE MOC,https://api.tjsp.jus.br/Handlers/Handler/FileFetch.ashx?codigo=168780
2026,municipal,MUNICÍPIO DE JACI,4,167751.50,0.00,169768.49,337519.99,PENDENTE,2025-06-06,53210,168780,TJSP DEPRE MOC,https://api.tjsp.jus.br/Handlers/Handler/FileFetch.ashx?codigo=168780
2026,municipal,MUNICÍPIO DE JAGUARIÚNA,19,670733.70,0.00,969325.73,1640059.43,PENDENTE,2025-06-06,53210,168780,TJSP DEPRE MOC,https://api.tjsp.jus.br/Handlers/Handler/FileFetch.ashx?codigo=168780
2026,municipal,MUNICÍPIO DE JAHU,93,5421600.59,110961.42,9760442.30,15293004.31,PENDENTE,2025-06-06,53210,168780,TJSP DEPRE MOC,https://api.tjsp.jus.br/Handlers/Handler/FileFetch.ashx?codigo=168780
2026,municipal,MUNICÍPIO DE JALES,118,3818921.08,0.00,182316.75,4001237.83,PENDENTE,2025-06-06,53210,168780,TJSP DEPRE MOC,https://api.tjsp.jus.br/Handlers/Handler/FileFetch.ashx?codigo=168780
2026,municipal,MUNICÍPIO DE JAMBEIRO,1,70353.79,0.00,0.00,70353.79,PENDENTE,2025-06-06,53210,168780,TJSP DEPRE MOC,https://api.tjsp.jus.br/Handlers/Handler/FileFetch.ashx?codigo=168780
2026,municipal,MUNICÍPIO DE JANDIRA,54,5584518.71,0.00,4231452.01,9815970.72,PENDENTE,2025-06-06,53210,168780,TJSP DEPRE MOC,https://api.tjsp.jus.br/Handlers/Handler/FileFetch.ashx?codigo=168780
2026,municipal,MUNICÍPIO DE JARDINÓPOLIS,10,642614.34,0.00,79837.11,722451.45,PENDENTE,2025-06-06,53210,168780,TJSP DEPRE MOC,https://api.tjsp.jus.br/Handlers/Handler/FileFetch.ashx?codigo=168780
2026,municipal,MUNICÍPIO DE JARINU,10,162911.90,0.00,1590284.84,1753196.74,PENDENTE,2025-06-06,53210,168780,TJSP DEPRE MOC,https://api.tjsp.jus.br/Handlers/Handler/FileFetch.ashx?codigo=168780
2026,municipal,MUNICÍPIO DE JERIQUARA,23,1154449.26,0.00,0.00,1154449.26,PENDENTE,2025-06-06,53210,168780,TJSP DEPRE MOC,https://api.tjsp.jus.br/Handlers/Handler/FileFetch.ashx?codigo=168780
2026,municipal,MUNICÍPIO DE JOANÓPOLIS,1,0.00,0.00,46223.39,46223.39,PENDENTE,2025-06-06,53210,168780,TJSP DEPRE MOC,https://api.tjsp.jus.br/Handlers/Handler/FileFetch.ashx?codigo=168780
2026,municipal,MUNICÍPIO DE JOÃO RAMALHO,1,27168.82,0.00,0.00,27168.82,PENDENTE,2025-06-06,53210,168780,TJSP DEPRE MOC,https://api.tjsp.jus.br/Handlers/Handler/FileFetch.ashx?codigo=168780
2026,municipal,MUNICÍPIO DE JOSÉ BONIFÁCIO,12,276570.53,1705052.03,139091.15,2120713.71,PENDENTE,2025-06-06,53210,168780,TJSP DEPRE MOC,https://api.tjsp.jus.br/Handlers/Handler/FileFetch.ashx?codigo=168780
2026,municipal,MUNICÍPIO DE JUNDIAÍ,136,12060996.11,1932515.59,16544240.70,30537752.40,PENDENTE,2025-06-06,53210,168780,TJSP DEPRE MOC,https://api.tjsp.jus.br/Handlers/Handler/FileFetch.ashx?codigo=168780
2026,municipal,MUNICÍPIO DE JUNQUEIRÓPOLIS,3,18564.73,0.00,251113.58,269678.31,PENDENTE,2025-06-06,53210,168780,TJSP DEPRE MOC,https://api.tjsp.jus.br/Handlers/Handler/FileFetch.ashx?codigo=168780
2026,municipal,MUNICÍPIO DE JUQUIÁ,8,182047.07,0.00,1256918.00,1438965.07,PENDENTE,2025-06-06,53210,168780,TJSP DEPRE MOC,https://api.tjsp.jus.br/Handlers/Handler/FileFetch.ashx?codigo=168780
2026,municipal,MUNICÍPIO DE JUQUITIBA,8,880897.24,0.00,1005148.42,1886045.66,PENDENTE,2025-06-06,53210,168780,TJSP DEPRE MOC,https://api.tjsp.jus.br/Handlers/Handler/FileFetch.ashx?codigo=168780
2026,municipal,MUNICÍPIO DE LARANJAL PAULISTA,8,6933272.78,0.00,111087.09,7044359.87,PENDENTE,2025-06-06,53210,168780,TJSP DEPRE MOC,https://api.tjsp.jus.br/Handlers/Handler/FileFetch.ashx?codigo=168780
2026,municipal,MUNICÍPIO DE LAVÍNIA,3,71323.38,0.00,27196.58,98519.96,PENDENTE,2025-06-06,53210,168780,TJSP DEPRE MOC,https://api.tjsp.jus.br/Handlers/Handler/FileFetch.ashx?codigo=168780
2026,municipal,MUNICÍPIO DE LAVRINHAS,3,54288.77,0.00,41540.49,95829.26,PENDENTE,2025-06-06,53210,168780,TJSP DEPRE MOC,https://api.tjsp.jus.br/Handlers/Handler/FileFetch.ashx?codigo=168780
2026,municipal,MUNICÍPIO DE LEME,94,5950037.28,0.00,216591.71,6166628.99,PENDENTE,2025-06-06,53210,168780,TJSP DEPRE MOC,https://api.tjsp.jus.br/Handlers/Handler/FileFetch.ashx?codigo=168780
2026,municipal,MUNICÍPIO DE LENÇÓIS PAULISTA,5,3416056.79,0.00,0.00,3416056.79,PENDENTE,2025-06-06,53210,168780,TJSP DEPRE MOC,https://api.tjsp.jus.br/Handlers/Handler/FileFetch.ashx?codigo=168780
2026,municipal,MUNICÍPIO DE LIMEIRA,38,9687103.06,1457137.73,304966.91,11449207.70,PENDENTE,2025-06-06,53210,168780,TJSP DEPRE MOC,https://api.tjsp.jus.br/Handlers/Handler/FileFetch.ashx?codigo=168780
2026,municipal,MUNICÍPIO DE LINDÓIA,12,924962.80,0.00,22551.44,947514.24,PENDENTE,2025-06-06,53210,168780,TJSP DEPRE MOC,https://api.tjsp.jus.br/Handlers/Handler/FileFetch.ashx?codigo=168780
2026,municipal,MUNICÍPIO DE LINS,5,465970.28,0.00,339729.10,805699.38,PENDENTE,2025-06-06,53210,168780,TJSP DEPRE MOC,https://api.tjsp.jus.br/Handlers/Handler/FileFetch.ashx?codigo=168780
2026,municipal,MUNICÍPIO DE LORENA,6,148683.67,0.00,616417.39,765101.06,PENDENTE,2025-06-06,53210,168780,TJSP DEPRE MOC,https://api.tjsp.jus.br/Handlers/Handler/FileFetch.ashx?codigo=168780
2026,municipal,MUNICÍPIO DE LOURDES,1,0.00,0.00,220907.92,220907.92,PENDENTE,2025-06-06,53210,168780,TJSP DEPRE MOC,https://api.tjsp.jus.br/Handlers/Handler/FileFetch.ashx?codigo=168780
2026,municipal,MUNICÍPIO DE LOUVEIRA,36,2259139.31,0.00,323097.18,2582236.49,PENDENTE,2025-06-06,53210,168780,TJSP DEPRE MOC,https://api.tjsp.jus.br/Handlers/Handler/FileFetch.ashx?codigo=168780
2026,municipal,MUNICÍPIO DE LUCÉLIA,19,529703.74,0.00,189723.89,719427.63,PENDENTE,2025-06-06,53210,168780,TJSP DEPRE MOC,https://api.tjsp.jus.br/Handlers/Handler/FileFetch.ashx?codigo=168780
2026,municipal,MUNICÍPIO DE LUIZ ANTÔNIO,2,0.00,0.00,110358.85,110358.85,PENDENTE,2025-06-06,53210,168780,TJSP DEPRE MOC,https://api.tjsp.jus.br/Handlers/Handler/FileFetch.ashx?codigo=168780
2026,municipal,MUNICÍPIO DE LUIZIÂNIA,1,0.00,0.00,13720.41,13720.41,PENDENTE,2025-06-06,53210,168780,TJSP DEPRE MOC,https://api.tjsp.jus.br/Handlers/Handler/FileFetch.ashx?codigo=168780
2026,municipal,MUNICÍPIO DE LUPÉRCIO,1,61533.89,0.00,0.00,61533.89,PENDENTE,2025-06-06,53210,168780,TJSP DEPRE MOC,https://api.tjsp.jus.br/Handlers/Handler/FileFetch.ashx?codigo=168780
2026,municipal,MUNICÍPIO DE LUTÉCIA,1,0.00,0.00,28074.76,28074.76,PENDENTE,2025-06-06,53210,168780,TJSP DEPRE MOC,https://api.tjsp.jus.br/Handlers/Handler/FileFetch.ashx?codigo=168780
2026,municipal,MUNICÍPIO DE MACAUBAL,9,175444.72,0.00,36205.08,211649.80,PENDENTE,2025-06-06,53210,168780,TJSP DEPRE MOC,https://api.tjsp.jus.br/Handlers/Handler/FileFetch.ashx?codigo=168780
2026,municipal,MUNICÍPIO DE MAGDA,1,0.00,0.00,24830.44,24830.44,PENDENTE,2025-06-06,53210,168780,TJSP DEPRE MOC,https://api.tjsp.jus.br/Handlers/Handler/FileFetch.ashx?codigo=168780
2026,municipal,MUNICÍPIO DE MAIRINQUE,8,562095.14,138988.83,942551.27,1643635.24,PENDENTE,2025-06-06,53210,168780,TJSP DEPRE MOC,https://api.tjsp.jus.br/Handlers/Handler/FileFetch.ashx?codigo=168780
2026,municipal,MUNICÍPIO DE MAIRIPORÃ,41,3524299.41,0.00,0.00,3524299.41,PENDENTE,2025-06-06,53210,168780,TJSP DEPRE MOC,https://api.tjsp.jus.br/Handlers/Handler/FileFetch.ashx?codigo=168780
2026,municipal,MUNICÍPIO DE MARABÁ PAULISTA,4,0.00,0.00,1749816.16,1749816.16,PENDENTE,2025-06-06,53210,168780,TJSP DEPRE MOC,https://api.tjsp.jus.br/Handlers/Handler/FileFetch.ashx?codigo=168780
2026,municipal,MUNICÍPIO DE MARACAÍ,5,440350.49,6679612.98,424240.28,7544203.75,PENDENTE,2025-06-06,53210,168780,TJSP DEPRE MOC,https://api.tjsp.jus.br/Handlers/Handler/FileFetch.ashx?codigo=168780
2026,municipal,MUNICÍPIO DE MARIÁPOLIS,1,0.00,0.00,31683.00,31683.00,PENDENTE,2025-06-06,53210,168780,TJSP DEPRE MOC,https://api.tjsp.jus.br/Handlers/Handler/FileFetch.ashx?codigo=168780
2026,municipal,MUNICÍPIO DE MARÍLIA,8,1171065.13,2091363.32,575750.00,3838178.45,PENDENTE,2025-06-06,53210,168780,TJSP DEPRE MOC,https://api.tjsp.jus.br/Handlers/Handler/FileFetch.ashx?codigo=168780
2026,municipal,MUNICÍPIO DE MARINGÁ - PR,2,250268.95,0.00,77910.54,328179.49,PENDENTE,2025-06-06,53210,168780,TJSP DEPRE MOC,https://api.tjsp.jus.br/Handlers/Handler/FileFetch.ashx?codigo=168780
2026,municipal,MUNICÍPIO DE MARINÓPOLIS,17,435065.21,0.00,0.00,435065.21,PENDENTE,2025-06-06,53210,168780,TJSP DEPRE MOC,https://api.tjsp.jus.br/Handlers/Handler/FileFetch.ashx?codigo=168780
2026,municipal,MUNICÍPIO DE MARTINÓPOLIS,11,488025.13,0.00,24408.80,512433.93,PENDENTE,2025-06-06,53210,168780,TJSP DEPRE MOC,https://api.tjsp.jus.br/Handlers/Handler/FileFetch.ashx?codigo=168780
2026,municipal,MUNICÍPIO DE MATÃO,7,70605.19,0.00,1001066.75,1071671.94,PENDENTE,2025-06-06,53210,168780,TJSP DEPRE MOC,https://api.tjsp.jus.br/Handlers/Handler/FileFetch.ashx?codigo=168780
2026,municipal,MUNICÍPIO DE MAUÁ,30,5793842.32,2211861.46,55400872.59,63406576.37,PENDENTE,2025-06-06,53210,168780,TJSP DEPRE MOC,https://api.tjsp.jus.br/Handlers/Handler/FileFetch.ashx?codigo=168780
2026,municipal,MUNICÍPIO DE MERIDIANO,5,398366.33,0.00,0.00,398366.33,PENDENTE,2025-06-06,53210,168780,TJSP DEPRE MOC,https://api.tjsp.jus.br/Handlers/Handler/FileFetch.ashx?codigo=168780
2026,municipal,MUNICÍPIO DE MESÓPOLIS,4,157087.60,0.00,0.00,157087.60,PENDENTE,2025-06-06,53210,168780,TJSP DEPRE MOC,https://api.tjsp.jus.br/Handlers/Handler/FileFetch.ashx?codigo=168780
2026,municipal,MUNICÍPIO DE MIGUELÓPOLIS,65,7099501.27,0.00,1685671.00,8785172.27,PENDENTE,2025-06-06,53210,168780,TJSP DEPRE MOC,https://api.tjsp.jus.br/Handlers/Handler/FileFetch.ashx?codigo=168780
2026,municipal,MUNICÍPIO DE MINEIROS DO TIETÊ,5,666643.65,0.00,35957.31,702600.96,PENDENTE,2025-06-06,53210,168780,TJSP DEPRE MOC,https://api.tjsp.jus.br/Handlers/Handler/FileFetch.ashx?codigo=168780
2026,municipal,MUNICÍPIO DE MIRA ESTRELA,9,516388.75,0.00,0.00,516388.75,PENDENTE,2025-06-06,53210,168780,TJSP DEPRE MOC,https://api.tjsp.jus.br/Handlers/Handler/FileFetch.ashx?codigo=168780
2026,municipal,MUNICÍPIO DE MIRACATU,5,247887.48,0.00,103460.51,351347.99,PENDENTE,2025-06-06,53210,168780,TJSP DEPRE MOC,https://api.tjsp.jus.br/Handlers/Handler/FileFetch.ashx?codigo=168780
2026,municipal,MUNICÍPIO DE MIRANDÓPOLIS,8,460629.32,0.00,24688.96,485318.28,PENDENTE,2025-06-06,53210,168780,TJSP DEPRE MOC,https://api.tjsp.jus.br/Handlers/Handler/FileFetch.ashx?codigo=168780
2026,municipal,MUNICÍPIO DE MIRANTE DO PARANAPANEMA,45,2248438.52,0.00,31448.65,2279887.17,PENDENTE,2025-06-06,53210,168780,TJSP DEPRE MOC,https://api.tjsp.jus.br/Handlers/Handler/FileFetch.ashx?codigo=168780
2026,municipal,MUNICÍPIO DE MIRASSOL,22,1064638.51,0.00,233924.19,1298562.70,PENDENTE,2025-06-06,53210,168780,TJSP DEPRE MOC,https://api.tjsp.jus.br/Handlers/Handler/FileFetch.ashx?codigo=168780
2026,municipal,MUNICÍPIO DE MIRASSOLÂNDIA,4,45508.57,0.00,119631.79,165140.36,PENDENTE,2025-06-06,53210,168780,TJSP DEPRE MOC,https://api.tjsp.jus.br/Handlers/Handler/FileFetch.ashx?codigo=168780
2026,municipal,MUNICÍPIO DE MOCOCA,7,0.00,0.00,751132.18,751132.18,PENDENTE,2025-06-06,53210,168780,TJSP DEPRE MOC,https://api.tjsp.jus.br/Handlers/Handler/FileFetch.ashx?codigo=168780
2026,municipal,MUNICÍPIO DE MOGI DAS CRUZES,90,8929298.93,2119905.56,1910219.25,12959423.74,PENDENTE,2025-06-06,53210,168780,TJSP DEPRE MOC,https://api.tjsp.jus.br/Handlers/Handler/FileFetch.ashx?codigo=168780
2026,municipal,MUNICÍPIO DE MOGI GUAÇU,25,3143940.92,1189364.71,27434348.16,31767653.79,PENDENTE,2025-06-06,53210,168780,TJSP DEPRE MOC,https://api.tjsp.jus.br/Handlers/Handler/FileFetch.ashx?codigo=168780
2026,municipal,MUNICÍPIO DE MOGI MIRIM,15,1149315.30,0.00,54351828.22,55501143.52,PENDENTE,2025-06-06,53210,168780,TJSP DEPRE MOC,https://api.tjsp.jus.br/Handlers/Handler/FileFetch.ashx?codigo=168780
2026,municipal,MUNICÍPIO DE MOMBUCA,2,0.00,0.00,63029.28,63029.28,PENDENTE,2025-06-06,53210,168780,TJSP DEPRE MOC,https://api.tjsp.jus.br/Handlers/Handler/FileFetch.ashx?codigo=168780
2026,municipal,MUNICÍPIO DE MONÇÕES,3,57554.91,0.00,41119.89,98674.80,PENDENTE,2025-06-06,53210,168780,TJSP DEPRE MOC,https://api.tjsp.jus.br/Handlers/Handler/FileFetch.ashx?codigo=168780
2026,municipal,MUNICÍPIO DE MONGAGUÁ,18,3893667.03,284921.05,1497293.76,5675881.84,PENDENTE,2025-06-06,53210,168780,TJSP DEPRE MOC,https://api.tjsp.jus.br/Handlers/Handler/FileFetch.ashx?codigo=168780
2026,municipal,MUNICÍPIO DE MONTE ALEGRE DO SUL,6,76389.14,0.00,1293579.23,1369968.37,PENDENTE,2025-06-06,53210,168780,TJSP DEPRE MOC,https://api.tjsp.jus.br/Handlers/Handler/FileFetch.ashx?codigo=168780
2026,municipal,MUNICÍPIO DE MONTE ALTO,31,1653105.99,0.00,101029.43,1754135.42,PENDENTE,2025-06-06,53210,168780,TJSP DEPRE MOC,https://api.tjsp.jus.br/Handlers/Handler/FileFetch.ashx?codigo=168780
2026,municipal,MUNICÍPIO DE MONTE APRAZÍVEL,2,13202.32,0.00,13563.04,26765.36,PENDENTE,2025-06-06,53210,168780,TJSP DEPRE MOC,https://api.tjsp.jus.br/Handlers/Handler/FileFetch.ashx?codigo=168780
2026,municipal,MUNICÍPIO DE MONTE AZUL PAULISTA,2,15834.76,0.00,19534.04,35368.80,PENDENTE,2025-06-06,53210,168780,TJSP DEPRE MOC,https://api.tjsp.jus.br/Handlers/Handler/FileFetch.ashx?codigo=168780
2026,municipal,MUNICÍPIO DE MONTE CASTELO,11,542634.56,0.00,414813.86,957448.42,PENDENTE,2025-06-06,53210,168780,TJSP DEPRE MOC,https://api.tjsp.jus.br/Handlers/Handler/FileFetch.ashx?codigo=168780
2026,municipal,MUNICÍPIO DE MONTE MOR,10,558794.04,73034.85,1670260.80,2302089.69,PENDENTE,2025-06-06,53210,168780,TJSP DEPRE MOC,https://api.tjsp.jus.br/Handlers/Handler/FileFetch.ashx?codigo=168780
2026,municipal,MUNICÍPIO DE MORRO AGUDO,2,128049.75,0.00,67768.37,195818.12,PENDENTE,2025-06-06,53210,168780,TJSP DEPRE MOC,https://api.tjsp.jus.br/Handlers/Handler/FileFetch.ashx?codigo=168780
2026,municipal,MUNICÍPIO DE MORUNGABA,1,29690.93,0.00,0.00,29690.93,PENDENTE,2025-06-06,53210,168780,TJSP DEPRE MOC,https://api.tjsp.jus.br/Handlers/Handler/FileFetch.ashx?codigo=168780
2026,municipal,MUNICÍPIO DE MURUTINGA DO SUL,2,78322.51,0.00,0.00,78322.51,PENDENTE,2025-06-06,53210,168780,TJSP DEPRE MOC,https://api.tjsp.jus.br/Handlers/Handler/FileFetch.ashx?codigo=168780
2026,municipal,MUNICÍPIO DE NATIVIDADE DA SERRA,1,0.00,0.00,37768.20,37768.20,PENDENTE,2025-06-06,53210,168780,TJSP DEPRE MOC,https://api.tjsp.jus.br/Handlers/Handler/FileFetch.ashx?codigo=168780
2026,municipal,MUNICÍPIO DE NAZARÉ PAULISTA,1,59956.37,0.00,0.00,59956.37,PENDENTE,2025-06-06,53210,168780,TJSP DEPRE MOC,https://api.tjsp.jus.br/Handlers/Handler/FileFetch.ashx?codigo=168780
2026,municipal,MUNICÍPIO DE NIPOÃ,6,153698.73,0.00,36230.54,189929.27,PENDENTE,2025-06-06,53210,168780,TJSP DEPRE MOC,https://api.tjsp.jus.br/Handlers/Handler/FileFetch.ashx?codigo=168780
2026,municipal,MUNICÍPIO DE NOVA ALIANÇA,2,17933.10,0.00,71583.28,89516.38,PENDENTE,2025-06-06,53210,168780,TJSP DEPRE MOC,https://api.tjsp.jus.br/Handlers/Handler/FileFetch.ashx?codigo=168780
2026,municipal,MUNICÍPIO DE NOVA CAMPINA,19,229022.98,0.00,12324.15,241347.13,PENDENTE,2025-06-06,53210,168780,TJSP DEPRE MOC,https://api.tjsp.jus.br/Handlers/Handler/FileFetch.ashx?codigo=168780
2026,municipal,MUNICÍPIO DE NOVA CANAÃ PAULISTA,7,257119.19,0.00,0.00,257119.19,PENDENTE,2025-06-06,53210,168780,TJSP DEPRE MOC,https://api.tjsp.jus.br/Handlers/Handler/FileFetch.ashx?codigo=168780
2026,municipal,MUNICÍPIO DE NOVA CASTILHO,10,567321.04,0.00,0.00,567321.04,PENDENTE,2025-06-06,53210,168780,TJSP DEPRE MOC,https://api.tjsp.jus.br/Handlers/Handler/FileFetch.ashx?codigo=168780
2026,municipal,MUNICÍPIO DE NOVA EUROPA,3,129878.01,0.00,0.00,129878.01,PENDENTE,2025-06-06,53210,168780,TJSP DEPRE MOC,https://api.tjsp.jus.br/Handlers/Handler/FileFetch.ashx?codigo=168780
2026,municipal,MUNICÍPIO DE NOVA GRANADA,6,101472.98,0.00,630555.96,732028.94,PENDENTE,2025-06-06,53210,168780,TJSP DEPRE MOC,https://api.tjsp.jus.br/Handlers/Handler/FileFetch.ashx?codigo=168780
2026,municipal,MUNICÍPIO DE NOVA GUATAPORANGA,2,45450.33,0.00,0.00,45450.33,PENDENTE,2025-06-06,53210,168780,TJSP DEPRE MOC,https://api.tjsp.jus.br/Handlers/Handler/FileFetch.ashx?codigo=168780
2026,municipal,MUNICÍPIO DE NOVA INDEPENDÊNCIA,1,187069.73,0.00,0.00,187069.73,PENDENTE,2025-06-06,53210,168780,TJSP DEPRE MOC,https://api.tjsp.jus.br/Handlers/Handler/FileFetch.ashx?codigo=168780
2026,municipal,MUNICÍPIO DE NOVA LUZITÂNIA,1,17118.51,0.00,0.00,17118.51,PENDENTE,2025-06-06,53210,168780,TJSP DEPRE MOC,https://api.tjsp.jus.br/Handlers/Handler/FileFetch.ashx?codigo=168780
2026,municipal,MUNICÍPIO DE NOVA ODESSA,19,1885106.11,5269504.83,139577.97,7294188.91,PENDENTE,2025-06-06,53210,168780,TJSP DEPRE MOC,https://api.tjsp.jus.br/Handlers/Handler/FileFetch.ashx?codigo=168780
2026,municipal,MUNICÍPIO DE NOVAIS,2,36574.70,0.00,35958.53,72533.23,PENDENTE,2025-06-06,53210,168780,TJSP DEPRE MOC,https://api.tjsp.jus.br/Handlers/Handler/FileFetch.ashx?codigo=168780
2026,municipal,MUNICÍPIO DE NOVO HORIZONTE,6,619697.27,1450941.68,145938.19,2216577.14,PENDENTE,2025-06-06,53210,168780,TJSP DEPRE MOC,https://api.tjsp.jus.br/Handlers/Handler/FileFetch.ashx?codigo=168780
2026,municipal,MUNICÍPIO DE NUPORANGA,3,64114.87,0.00,141224.28,205339.15,PENDENTE,2025-06-06,53210,168780,TJSP DEPRE MOC,https://api.tjsp.jus.br/Handlers/Handler/FileFetch.ashx?codigo=168780
2026,municipal,MUNICÍPIO DE ÓLEO,3,123819.29,0.00,0.00,123819.29,PENDENTE,2025-06-06,53210,168780,TJSP DEPRE MOC,https://api.tjsp.jus.br/Handlers/Handler/FileFetch.ashx?codigo=168780
2026,municipal,MUNICÍPIO DE OLÍMPIA,24,385229.09,694295.59,164045.74,1243570.42,PENDENTE,2025-06-06,53210,168780,TJSP DEPRE MOC,https://api.tjsp.jus.br/Handlers/Handler/FileFetch.ashx?codigo=168780
2026,municipal,MUNICÍPIO DE ONDA VERDE,1,66084.57,0.00,0.00,66084.57,PENDENTE,2025-06-06,53210,168780,TJSP DEPRE MOC,https://api.tjsp.jus.br/Handlers/Handler/FileFetch.ashx?codigo=168780
2026,municipal,MUNICÍPIO DE ORIENTE,6,237110.60,0.00,0.00,237110.60,PENDENTE,2025-06-06,53210,168780,TJSP DEPRE MOC,https://api.tjsp.jus.br/Handlers/Handler/FileFetch.ashx?codigo=168780
2026,municipal,MUNICÍPIO DE ORINDIÚVA,4,423041.48,0.00,0.00,423041.48,PENDENTE,2025-06-06,53210,168780,TJSP DEPRE MOC,https://api.tjsp.jus.br/Handlers/Handler/FileFetch.ashx?codigo=168780
2026,municipal,MUNICÍPIO DE ORLÂNDIA,15,1832661.60,1741096.63,0.00,3573758.23,PENDENTE,2025-06-06,53210,168780,TJSP DEPRE MOC,https://api.tjsp.jus.br/Handlers/Handler/FileFetch.ashx?codigo=168780
2026,municipal,MUNICÍPIO DE OSASCO,70,8208059.32,10239251.24,21140727.23,39588037.79,PENDENTE,2025-06-06,53210,168780,TJSP DEPRE MOC,https://api.tjsp.jus.br/Handlers/Handler/FileFetch.ashx?codigo=168780
2026,municipal,MUNICÍPIO DE OSCAR BRESSANE,1,36580.76,0.00,0.00,36580.76,PENDENTE,2025-06-06,53210,168780,TJSP DEPRE MOC,https://api.tjsp.jus.br/Handlers/Handler/FileFetch.ashx?codigo=168780
2026,municipal,MUNICÍPIO DE OSVALDO CRUZ,5,93530.55,0.00,1622575.68,1716106.23,PENDENTE,2025-06-06,53210,168780,TJSP DEPRE MOC,https://api.tjsp.jus.br/Handlers/Handler/FileFetch.ashx?codigo=168780
2026,municipal,MUNICÍPIO DE OURINHOS,20,546109.59,1936814.88,2485731.46,4968655.93,PENDENTE,2025-06-06,53210,168780,TJSP DEPRE MOC,https://api.tjsp.jus.br/Handlers/Handler/FileFetch.ashx?codigo=168780
2026,municipal,MUNICÍPIO DE OURO VERDE,14,193285.57,0.00,238885.83,432171.40,PENDENTE,2025-06-06,53210,168780,TJSP DEPRE MOC,https://api.tjsp.jus.br/Handlers/Handler/FileFetch.ashx?codigo=168780
2026,municipal,MUNICÍPIO DE OUROESTE,4,160610.75,0.00,17672.16,178282.91,PENDENTE,2025-06-06,53210,168780,TJSP DEPRE MOC,https://api.tjsp.jus.br/Handlers/Handler/FileFetch.ashx?codigo=168780
2026,municipal,MUNICÍPIO DE PACAEMBU,5,87989.76,0.00,25592.98,113582.74,PENDENTE,2025-06-06,53210,168780,TJSP DEPRE MOC,https://api.tjsp.jus.br/Handlers/Handler/FileFetch.ashx?codigo=168780
2026,municipal,MUNICÍPIO DE PALESTINA,2,26272.11,0.00,0.00,26272.11,PENDENTE,2025-06-06,53210,168780,TJSP DEPRE MOC,https://api.tjsp.jus.br/Handlers/Handler/FileFetch.ashx?codigo=168780
2026,municipal,MUNICÍPIO DE PALMARES PAULISTA,3,0.00,0.00,275501.56,275501.56,PENDENTE,2025-06-06,53210,168780,TJSP DEPRE MOC,https://api.tjsp.jus.br/Handlers/Handler/FileFetch.ashx?codigo=168780
2026,municipal,MUNICÍPIO DE PALMEIRA D'OESTE,20,419247.99,0.00,24040.01,443288.00,PENDENTE,2025-06-06,53210,168780,TJSP DEPRE MOC,https://api.tjsp.jus.br/Handlers/Handler/FileFetch.ashx?codigo=168780
2026,municipal,MUNICÍPIO DE PALMITAL,9,606056.25,0.00,133025.71,739081.96,PENDENTE,2025-06-06,53210,168780,TJSP DEPRE MOC,https://api.tjsp.jus.br/Handlers/Handler/FileFetch.ashx?codigo=168780
2026,municipal,MUNICÍPIO DE PANORAMA,9,87939.60,0.00,703193.09,791132.69,PENDENTE,2025-06-06,53210,168780,TJSP DEPRE MOC,https://api.tjsp.jus.br/Handlers/Handler/FileFetch.ashx?codigo=168780
2026,municipal,MUNICÍPIO DE PARAGUAÇU PAULISTA,296,18668978.86,0.00,1292098.28,19961077.14,PENDENTE,2025-06-06,53210,168780,TJSP DEPRE MOC,https://api.tjsp.jus.br/Handlers/Handler/FileFetch.ashx?codigo=168780
2026,municipal,MUNICÍPIO DE PARAIBUNA,40,4338924.24,0.00,0.00,4338924.24,PENDENTE,2025-06-06,53210,168780,TJSP DEPRE MOC,https://api.tjsp.jus.br/Handlers/Handler/FileFetch.ashx?codigo=168780
2026,municipal,MUNICÍPIO DE PARANAPANEMA,9,173487.13,1484318.73,1725354.04,3383159.90,PENDENTE,2025-06-06,53210,168780,TJSP DEPRE MOC,https://api.tjsp.jus.br/Handlers/Handler/FileFetch.ashx?codigo=168780
2026,municipal,MUNICÍPIO DE PARANAPUÃ,10,882885.35,0.00,0.00,882885.35,PENDENTE,2025-06-06,53210,168780,TJSP DEPRE MOC,https://api.tjsp.jus.br/Handlers/Handler/FileFetch.ashx?codigo=168780
2026,municipal,MUNICÍPIO DE PARAPUÃ,4,156430.24,0.00,1622317.66,1778747.90,PENDENTE,2025-06-06,53210,168780,TJSP DEPRE MOC,https://api.tjsp.jus.br/Handlers/Handler/FileFetch.ashx?codigo=168780
2026,municipal,MUNICÍPIO DE PARDINHO,7,156038.59,0.00,194333.71,350372.30,PENDENTE,2025-06-06,53210,168780,TJSP DEPRE MOC,https://api.tjsp.jus.br/Handlers/Handler/FileFetch.ashx?codigo=168780
2026,municipal,MUNICÍPIO DE PARIQUERA-AÇU,2,24621.72,0.00,31910.96,56532.68,PENDENTE,2025-06-06,53210,168780,TJSP DEPRE MOC,https://api.tjsp.jus.br/Handlers/Handler/FileFetch.ashx?codigo=168780
2026,municipal,MUNICÍPIO DE PATROCÍNIO PAULISTA,3,81313.65,0.00,13774.89,95088.54,PENDENTE,2025-06-06,53210,168780,TJSP DEPRE MOC,https://api.tjsp.jus.br/Handlers/Handler/FileFetch.ashx?codigo=168780
2026,municipal,MUNICÍPIO DE PAULICÉIA,9,434184.52,0.00,11808.56,445993.08,PENDENTE,2025-06-06,53210,168780,TJSP DEPRE MOC,https://api.tjsp.jus.br/Handlers/Handler/FileFetch.ashx?codigo=168780
2026,municipal,MUNICÍPIO DE PAULÍNIA,392,13648267.57,446736.17,20922814.71,35017818.45,PENDENTE,2025-06-06,53210,168780,TJSP DEPRE MOC,https://api.tjsp.jus.br/Handlers/Handler/FileFetch.ashx?codigo=168780
2026,municipal,MUNICÍPIO DE PAULO DE FARIA,4,232901.27,0.00,31131.89,264033.16,PENDENTE,2025-06-06,53210,168780,TJSP DEPRE MOC,https://api.tjsp.jus.br/Handlers/Handler/FileFetch.ashx?codigo=168780
2026,municipal,MUNICÍPIO DE PEDERNEIRAS,4,511873.53,0.00,0.00,511873.53,PENDENTE,2025-06-06,53210,168780,TJSP DEPRE MOC,https://api.tjsp.jus.br/Handlers/Handler/FileFetch.ashx?codigo=168780
2026,municipal,MUNICÍPIO DE PEDRANÓPOLIS,13,561418.52,0.00,0.00,561418.52,PENDENTE,2025-06-06,53210,168780,TJSP DEPRE MOC,https://api.tjsp.jus.br/Handlers/Handler/FileFetch.ashx?codigo=168780
2026,municipal,MUNICÍPIO DE PEDREGULHO,2,0.00,741895.87,26775.29,768671.16,PENDENTE,2025-06-06,53210,168780,TJSP DEPRE MOC,https://api.tjsp.jus.br/Handlers/Handler/FileFetch.ashx?codigo=168780
2026,municipal,MUNICÍPIO DE PEDREIRA,4,185644.38,0.00,471636.50,657280.88,PENDENTE,2025-06-06,53210,168780,TJSP DEPRE MOC,https://api.tjsp.jus.br/Handlers/Handler/FileFetch.ashx?codigo=168780
2026,municipal,MUNICÍPIO DE PEDRO DE TOLEDO,11,43353.59,106189.20,445200.73,594743.52,PENDENTE,2025-06-06,53210,168780,TJSP DEPRE MOC,https://api.tjsp.jus.br/Handlers/Handler/FileFetch.ashx?codigo=168780
2026,municipal,MUNICIPIO DE PEDRO LEOPOLDO - MG,1,10259.99,0.00,0.00,10259.99,PENDENTE,2025-06-06,53210,168780,TJSP DEPRE MOC,https://api.tjsp.jus.br/Handlers/Handler/FileFetch.ashx?codigo=168780
2026,municipal,MUNICÍPIO DE PENÁPOLIS,6,218773.30,0.00,159688.92,378462.22,PENDENTE,2025-06-06,53210,168780,TJSP DEPRE MOC,https://api.tjsp.jus.br/Handlers/Handler/FileFetch.ashx?codigo=168780
2026,municipal,MUNICÍPIO DE PEREIRA BARRETO,18,734527.04,0.00,0.00,734527.04,PENDENTE,2025-06-06,53210,168780,TJSP DEPRE MOC,https://api.tjsp.jus.br/Handlers/Handler/FileFetch.ashx?codigo=168780
2026,municipal,MUNICÍPIO DE PERUÍBE,35,1515516.56,0.00,6551584.68,8067101.24,PENDENTE,2025-06-06,53210,168780,TJSP DEPRE MOC,https://api.tjsp.jus.br/Handlers/Handler/FileFetch.ashx?codigo=168780
2026,municipal,MUNICÍPIO DE PIEDADE,2,60587.12,0.00,66311.41,126898.53,PENDENTE,2025-06-06,53210,168780,TJSP DEPRE MOC,https://api.tjsp.jus.br/Handlers/Handler/FileFetch.ashx?codigo=168780
2026,municipal,MUNICÍPIO DE PILAR DO SUL,1,0.00,0.00,58211.75,58211.75,PENDENTE,2025-06-06,53210,168780,TJSP DEPRE MOC,https://api.tjsp.jus.br/Handlers/Handler/FileFetch.ashx?codigo=168780
2026,municipal,MUNICÍPIO DE PINDAMONHANGABA,8,116000.29,0.00,245005.12,361005.41,PENDENTE,2025-06-06,53210,168780,TJSP DEPRE MOC,https://api.tjsp.jus.br/Handlers/Handler/FileFetch.ashx?codigo=168780
2026,municipal,MUNICÍPIO DE PINHALZINHO,1,61213.54,0.00,0.00,61213.54,PENDENTE,2025-06-06,53210,168780,TJSP DEPRE MOC,https://api.tjsp.jus.br/Handlers/Handler/FileFetch.ashx?codigo=168780
2026,municipal,MUNICÍPIO DE PIQUETE,3,43548.63,0.00,40494.56,84043.19,PENDENTE,2025-06-06,53210,168780,TJSP DEPRE MOC,https://api.tjsp.jus.br/Handlers/Handler/FileFetch.ashx?codigo=168780
2026,municipal,MUNICÍPIO DE PIRACAIA,14,2699422.83,0.00,0.00,2699422.83,PENDENTE,2025-06-06,53210,168780,TJSP DEPRE MOC,https://api.tjsp.jus.br/Handlers/Handler/FileFetch.ashx?codigo=168780
2026,municipal,MUNICÍPIO DE PIRACICABA,120,22207645.51,5620285.15,1271628.69,29099559.35,PENDENTE,2025-06-06,53210,168780,TJSP DEPRE MOC,https://api.tjsp.jus.br/Handlers/Handler/FileFetch.ashx?codigo=168780
2026,municipal,MUNICÍPIO DE PIRAJU,12,351746.89,0.00,87800.32,439547.21,PENDENTE,2025-06-06,53210,168780,TJSP DEPRE MOC,https://api.tjsp.jus.br/Handlers/Handler/FileFetch.ashx?codigo=168780
2026,municipal,MUNICÍPIO DE PIRAJUÍ,2,0.00,0.00,59943.45,59943.45,PENDENTE,2025-06-06,53210,168780,TJSP DEPRE MOC,https://api.tjsp.jus.br/Handlers/Handler/FileFetch.ashx?codigo=168780
2026,municipal,MUNICÍPIO DE PIRANGI,5,526718.59,1559030.90,0.00,2085749.49,PENDENTE,2025-06-06,53210,168780,TJSP DEPRE MOC,https://api.tjsp.jus.br/Handlers/Handler/FileFetch.ashx?codigo=168780
2026,municipal,MUNICÍPIO DE PIRAPORA DO BOM JESUS,4,134235.01,0.00,131465.59,265700.60,PENDENTE,2025-06-06,53210,168780,TJSP DEPRE MOC,https://api.tjsp.jus.br/Handlers/Handler/FileFetch.ashx?codigo=168780
2026,municipal,MUNICÍPIO DE PIRAPOZINHO,60,3071331.91,612793.41,0.00,3684125.32,PENDENTE,2025-06-06,53210,168780,TJSP DEPRE MOC,https://api.tjsp.jus.br/Handlers/Handler/FileFetch.ashx?codigo=168780
2026,municipal,MUNICÍPIO DE PIRASSUNUNGA,12,636164.09,1386768.37,1434175.67,3457108.13,PENDENTE,2025-06-06,53210,168780,TJSP DEPRE MOC,https://api.tjsp.jus.br/Handlers/Handler/FileFetch.ashx?codigo=168780
2026,municipal,MUNICÍPIO DE PIRATININGA,2,0.00,0.00,453690.91,453690.91,PENDENTE,2025-06-06,53210,168780,TJSP DEPRE MOC,https://api.tjsp.jus.br/Handlers/Handler/FileFetch.ashx?codigo=168780
2026,municipal,MUNICÍPIO DE PITANGUEIRAS,47,2250574.31,0.00,1020349.43,3270923.74,PENDENTE,2025-06-06,53210,168780,TJSP DEPRE MOC,https://api.tjsp.jus.br/Handlers/Handler/FileFetch.ashx?codigo=168780
2026,municipal,MUNICÍPIO DE PLATINA,1,0.00,0.00,32239.56,32239.56,PENDENTE,2025-06-06,53210,168780,TJSP DEPRE MOC,https://api.tjsp.jus.br/Handlers/Handler/FileFetch.ashx?codigo=168780
2026,municipal,MUNICÍPIO DE POÁ,38,2586341.43,0.00,3614500.45,6200841.88,PENDENTE,2025-06-06,53210,168780,TJSP DEPRE MOC,https://api.tjsp.jus.br/Handlers/Handler/FileFetch.ashx?codigo=168780
2026,municipal,MUNICÍPIO DE POMPÉIA,2,0.00,0.00,47889.72,47889.72,PENDENTE,2025-06-06,53210,168780,TJSP DEPRE MOC,https://api.tjsp.jus.br/Handlers/Handler/FileFetch.ashx?codigo=168780
2026,municipal,MUNICÍPIO DE PONGAÍ,1,29594.11,0.00,0.00,29594.11,PENDENTE,2025-06-06,53210,168780,TJSP DEPRE MOC,https://api.tjsp.jus.br/Handlers/Handler/FileFetch.ashx?codigo=168780
2026,municipal,MUNICÍPIO DE PONTAL,8,32022.20,0.00,3399530.30,3431552.50,PENDENTE,2025-06-06,53210,168780,TJSP DEPRE MOC,https://api.tjsp.jus.br/Handlers/Handler/FileFetch.ashx?codigo=168780
2026,municipal,MUNICÍPIO DE PONTALINDA,19,758457.52,0.00,59610.58,818068.10,PENDENTE,2025-06-06,53210,168780,TJSP DEPRE MOC,https://api.tjsp.jus.br/Handlers/Handler/FileFetch.ashx?codigo=168780
2026,municipal,MUNICÍPIO DE PONTES GESTAL,1,157174.49,0.00,0.00,157174.49,PENDENTE,2025-06-06,53210,168780,TJSP DEPRE MOC,https://api.tjsp.jus.br/Handlers/Handler/FileFetch.ashx?codigo=168780
2026,municipal,MUNICÍPIO DE POPULINA,47,2029142.47,0.00,0.00,2029142.47,PENDENTE,2025-06-06,53210,168780,TJSP DEPRE MOC,https://api.tjsp.jus.br/Handlers/Handler/FileFetch.ashx?codigo=168780
2026,municipal,MUNICÍPIO DE PORANGABA,3,62195.31,0.00,101581.10,163776.41,PENDENTE,2025-06-06,53210,168780,TJSP DEPRE MOC,https://api.tjsp.jus.br/Handlers/Handler/FileFetch.ashx?codigo=168780
2026,municipal,MUNICÍPIO DE PORTO FELIZ,7,316333.72,0.00,0.00,316333.72,PENDENTE,2025-06-06,53210,168780,TJSP DEPRE MOC,https://api.tjsp.jus.br/Handlers/Handler/FileFetch.ashx?codigo=168780
2026,municipal,MUNICÍPIO DE PORTO FERREIRA,11,321527.22,0.00,111891.91,433419.13,PENDENTE,2025-06-06,53210,168780,TJSP DEPRE MOC,https://api.tjsp.jus.br/Handlers/Handler/FileFetch.ashx?codigo=168780
2026,municipal,MUNICÍPIO DE POTIM,10,158504.20,0.00,4504613.54,4663117.74,PENDENTE,2025-06-06,53210,168780,TJSP DEPRE MOC,https://api.tjsp.jus.br/Handlers/Handler/FileFetch.ashx?codigo=168780
2026,municipal,MUNICÍPIO DE POTIRENDABA,10,246185.24,0.00,312938.43,559123.67,PENDENTE,2025-06-06,53210,168780,TJSP DEPRE MOC,https://api.tjsp.jus.br/Handlers/Handler/FileFetch.ashx?codigo=168780
2026,municipal,MUNICÍPIO DE PRADÓPOLIS,3,5635.18,0.00,249496.40,255131.58,PENDENTE,2025-06-06,53210,168780,TJSP DEPRE MOC,https://api.tjsp.jus.br/Handlers/Handler/FileFetch.ashx?codigo=168780
2026,municipal,MUNICÍPIO DE PRAIA GRANDE,29,6614487.49,2414886.43,481502.65,9510876.57,PENDENTE,2025-06-06,53210,168780,TJSP DEPRE MOC,https://api.tjsp.jus.br/Handlers/Handler/FileFetch.ashx?codigo=168780
2026,municipal,MUNICÍPIO DE PRATÂNIA,6,0.00,365423.13,85956.72,451379.85,PENDENTE,2025-06-06,53210,168780,TJSP DEPRE MOC,https://api.tjsp.jus.br/Handlers/Handler/FileFetch.ashx?codigo=168780
2026,municipal,MUNICÍPIO DE PRESIDENTE ALVES,3,14478.25,0.00,104775.62,119253.87,PENDENTE,2025-06-06,53210,168780,TJSP DEPRE MOC,https://api.tjsp.jus.br/Handlers/Handler/FileFetch.ashx?codigo=168780
2026,municipal,MUNICÍPIO DE PRESIDENTE EPITÁCIO,38,1636436.44,0.00,39654.85,1676091.29,PENDENTE,2025-06-06,53210,168780,TJSP DEPRE MOC,https://api.tjsp.jus.br/Handlers/Handler/FileFetch.ashx?codigo=168780
2026,municipal,MUNICÍPIO DE PRESIDENTE PRUDENTE,38,3743893.39,1195587.46,11500247.29,16439728.14,PENDENTE,2025-06-06,53210,168780,TJSP DEPRE MOC,https://api.tjsp.jus.br/Handlers/Handler/FileFetch.ashx?codigo=168780
2026,municipal,MUNICÍPIO DE PRESIDENTE VENCESLAU,11,1345256.40,0.00,66412.11,1411668.51,PENDENTE,2025-06-06,53210,168780,TJSP DEPRE MOC,https://api.tjsp.jus.br/Handlers/Handler/FileFetch.ashx?codigo=168780
2026,municipal,MUNICÍPIO DE PROMISSÃO,4,16511.95,0.00,465529.08,482041.03,PENDENTE,2025-06-06,53210,168780,TJSP DEPRE MOC,https://api.tjsp.jus.br/Handlers/Handler/FileFetch.ashx?codigo=168780
2026,municipal,MUNICÍPIO DE QUATÁ,1,40731.30,0.00,0.00,40731.30,PENDENTE,2025-06-06,53210,168780,TJSP DEPRE MOC,https://api.tjsp.jus.br/Handlers/Handler/FileFetch.ashx?codigo=168780
2026,municipal,MUNICÍPIO DE QUEIROZ,3,110553.22,0.00,0.00,110553.22,PENDENTE,2025-06-06,53210,168780,TJSP DEPRE MOC,https://api.tjsp.jus.br/Handlers/Handler/FileFetch.ashx?codigo=168780
2026,municipal,MUNICÍPIO DE QUINTANA,3,454207.97,0.00,0.00,454207.97,PENDENTE,2025-06-06,53210,168780,TJSP DEPRE MOC,https://api.tjsp.jus.br/Handlers/Handler/FileFetch.ashx?codigo=168780
2026,municipal,MUNICÍPIO DE RAFARD,4,137335.08,0.00,0.00,137335.08,PENDENTE,2025-06-06,53210,168780,TJSP DEPRE MOC,https://api.tjsp.jus.br/Handlers/Handler/FileFetch.ashx?codigo=168780
2026,municipal,MUNICÍPIO DE RANCHARIA,15,1052239.64,0.00,134513.71,1186753.35,PENDENTE,2025-06-06,53210,168780,TJSP DEPRE MOC,https://api.tjsp.jus.br/Handlers/Handler/FileFetch.ashx?codigo=168780
2026,municipal,MUNICÍPIO DE REDENÇÃO DA SERRA,1,0.00,0.00,15651.31,15651.31,PENDENTE,2025-06-06,53210,168780,TJSP DEPRE MOC,https://api.tjsp.jus.br/Handlers/Handler/FileFetch.ashx?codigo=168780
2026,municipal,MUNICÍPIO DE REGENTE FEIJÓ,1,255885.13,0.00,0.00,255885.13,PENDENTE,2025-06-06,53210,168780,TJSP DEPRE MOC,https://api.tjsp.jus.br/Handlers/Handler/FileFetch.ashx?codigo=168780
2026,municipal,MUNICÍPIO DE REGINÓPOLIS,1,0.00,0.00,8501.77,8501.77,PENDENTE,2025-06-06,53210,168780,TJSP DEPRE MOC,https://api.tjsp.jus.br/Handlers/Handler/FileFetch.ashx?codigo=168780
2026,municipal,MUNICÍPIO DE REGISTRO,1,0.00,0.00,17994.79,17994.79,PENDENTE,2025-06-06,53210,168780,TJSP DEPRE MOC,https://api.tjsp.jus.br/Handlers/Handler/FileFetch.ashx?codigo=168780
2026,municipal,MUNICÍPIO DE RESTINGA,6,40148.88,0.00,111524.63,151673.51,PENDENTE,2025-06-06,53210,168780,TJSP DEPRE MOC,https://api.tjsp.jus.br/Handlers/Handler/FileFetch.ashx?codigo=168780
2026,municipal,MUNICÍPIO DE RIBEIRÃO BONITO,15,44850.69,0.00,352224.53,397075.22,PENDENTE,2025-06-06,53210,168780,TJSP DEPRE MOC,https://api.tjsp.jus.br/Handlers/Handler/FileFetch.ashx?codigo=168780
2026,municipal,MUNICÍPIO DE RIBEIRÃO BRANCO,3,206687.75,0.00,14170.61,220858.36,PENDENTE,2025-06-06,53210,168780,TJSP DEPRE MOC,https://api.tjsp.jus.br/Handlers/Handler/FileFetch.ashx?codigo=168780
2026,municipal,MUNICÍPIO DE RIBEIRÃO DO SUL,1,39212.59,0.00,0.00,39212.59,PENDENTE,2025-06-06,53210,168780,TJSP DEPRE MOC,https://api.tjsp.jus.br/Handlers/Handler/FileFetch.ashx?codigo=168780
2026,municipal,MUNICÍPIO DE RIBEIRÃO DOS ÍNDIOS,1,48740.68,0.00,0.00,48740.68,PENDENTE,2025-06-06,53210,168780,TJSP DEPRE MOC,https://api.tjsp.jus.br/Handlers/Handler/FileFetch.ashx?codigo=168780
2026,municipal,MUNICÍPIO DE RIBEIRÃO GRANDE,26,1225402.38,0.00,83687.70,1309090.08,PENDENTE,2025-06-06,53210,168780,TJSP DEPRE MOC,https://api.tjsp.jus.br/Handlers/Handler/FileFetch.ashx?codigo=168780
2026,municipal,MUNICÍPIO DE RIBEIRÃO PIRES,47,1404390.19,25795.54,8623468.40,10053654.13,PENDENTE,2025-06-06,53210,168780,TJSP DEPRE MOC,https://api.tjsp.jus.br/Handlers/Handler/FileFetch.ashx?codigo=168780
2026,municipal,MUNICÍPIO DE RIBEIRÃO PRETO,804,55250343.10,1733371.77,10877579.17,67861294.04,PENDENTE,2025-06-06,53210,168780,TJSP DEPRE MOC,https://api.tjsp.jus.br/Handlers/Handler/FileFetch.ashx?codigo=168780
2026,municipal,MUNICÍPIO DE RINCÃO,3,64758.85,0.00,24907.83,89666.68,PENDENTE,2025-06-06,53210,168780,TJSP DEPRE MOC,https://api.tjsp.jus.br/Handlers/Handler/FileFetch.ashx?codigo=168780
2026,municipal,MUNICÍPIO DE RINÓPOLIS,13,404096.12,0.00,1580616.84,1984712.96,PENDENTE,2025-06-06,53210,168780,TJSP DEPRE MOC,https://api.tjsp.jus.br/Handlers/Handler/FileFetch.ashx?codigo=168780
2026,municipal,MUNICÍPIO DE RIO CLARO,226,13344789.05,177949.62,5964584.81,19487323.48,PENDENTE,2025-06-06,53210,168780,TJSP DEPRE MOC,https://api.tjsp.jus.br/Handlers/Handler/FileFetch.ashx?codigo=168780
2026,municipal,MUNICÍPIO DE RIO DAS PEDRAS,7,1153058.77,0.00,13637.13,1166695.90,PENDENTE,2025-06-06,53210,168780,TJSP DEPRE MOC,https://api.tjsp.jus.br/Handlers/Handler/FileFetch.ashx?codigo=168780
2026,municipal,MUNICÍPIO DE RIO GRANDE DA SERRA,12,1322888.62,0.00,80507.92,1403396.54,PENDENTE,2025-06-06,53210,168780,TJSP DEPRE MOC,https://api.tjsp.jus.br/Handlers/Handler/FileFetch.ashx?codigo=168780
2026,municipal,MUNICÍPIO DE RIOLÂNDIA,7,68651.52,0.00,813443.21,882094.73,PENDENTE,2025-06-06,53210,168780,TJSP DEPRE MOC,https://api.tjsp.jus.br/Handlers/Handler/FileFetch.ashx?codigo=168780
2026,municipal,MUNICÍPIO DE ROSANA,46,3794476.01,0.00,3822757.82,7617233.83,PENDENTE,2025-06-06,53210,168780,TJSP DEPRE MOC,https://api.tjsp.jus.br/Handlers/Handler/FileFetch.ashx?codigo=168780
2026,municipal,MUNICÍPIO DE ROSEIRA,18,122169.37,258971.05,29037.50,410177.92,PENDENTE,2025-06-06,53210,168780,TJSP DEPRE MOC,https://api.tjsp.jus.br/Handlers/Handler/FileFetch.ashx?codigo=168780
2026,municipal,MUNICÍPIO DE RUBINÉIA,18,457995.83,0.00,11871.66,469867.49,PENDENTE,2025-06-06,53210,168780,TJSP DEPRE MOC,https://api.tjsp.jus.br/Handlers/Handler/FileFetch.ashx?codigo=168780
2026,municipal,MUNICÍPIO DE SABINO,3,17591.49,0.00,68430.47,86021.96,PENDENTE,2025-06-06,53210,168780,TJSP DEPRE MOC,https://api.tjsp.jus.br/Handlers/Handler/FileFetch.ashx?codigo=168780
2026,municipal,MUNICÍPIO DE SAGRES,10,916428.98,0.00,1300702.28,2217131.26,PENDENTE,2025-06-06,53210,168780,TJSP DEPRE MOC,https://api.tjsp.jus.br/Handlers/Handler/FileFetch.ashx?codigo=168780
2026,municipal,MUNICÍPIO DE SALES,2,224584.45,0.00,0.00,224584.45,PENDENTE,2025-06-06,53210,168780,TJSP DEPRE MOC,https://api.tjsp.jus.br/Handlers/Handler/FileFetch.ashx?codigo=168780
2026,municipal,MUNICÍPIO DE SALES OLIVEIRA,4,123891.28,0.00,0.00,123891.28,PENDENTE,2025-06-06,53210,168780,TJSP DEPRE MOC,https://api.tjsp.jus.br/Handlers/Handler/FileFetch.ashx?codigo=168780
2026,municipal,MUNICÍPIO DE SALMOURÃO,4,184670.39,0.00,3575139.97,3759810.36,PENDENTE,2025-06-06,53210,168780,TJSP DEPRE MOC,https://api.tjsp.jus.br/Handlers/Handler/FileFetch.ashx?codigo=168780
2026,municipal,MUNICÍPIO DE SALTO,15,538750.14,490278.65,4639465.47,5668494.26,PENDENTE,2025-06-06,53210,168780,TJSP DEPRE MOC,https://api.tjsp.jus.br/Handlers/Handler/FileFetch.ashx?codigo=168780
2026,municipal,MUNICÍPIO DE SALTO DE PIRAPORA,2,203277.47,0.00,0.00,203277.47,PENDENTE,2025-06-06,53210,168780,TJSP DEPRE MOC,https://api.tjsp.jus.br/Handlers/Handler/FileFetch.ashx?codigo=168780
2026,municipal,MUNICÍPIO DE SANTA ADÉLIA,8,938588.55,0.00,762980.57,1701569.12,PENDENTE,2025-06-06,53210,168780,TJSP DEPRE MOC,https://api.tjsp.jus.br/Handlers/Handler/FileFetch.ashx?codigo=168780
2026,municipal,MUNICÍPIO DE SANTA ALBERTINA,14,1026117.94,0.00,0.00,1026117.94,PENDENTE,2025-06-06,53210,168780,TJSP DEPRE MOC,https://api.tjsp.jus.br/Handlers/Handler/FileFetch.ashx?codigo=168780
2026,municipal,MUNICÍPIO DE SANTA BÁRBARA D'OESTE,46,2880904.53,0.00,1154467.75,4035372.28,PENDENTE,2025-06-06,53210,168780,TJSP DEPRE MOC,https://api.tjsp.jus.br/Handlers/Handler/FileFetch.ashx?codigo=168780
2026,municipal,MUNICÍPIO DE SANTA CLARA D'OESTE,2,34975.40,0.00,0.00,34975.40,PENDENTE,2025-06-06,53210,168780,TJSP DEPRE MOC,https://api.tjsp.jus.br/Handlers/Handler/FileFetch.ashx?codigo=168780
2026,municipal,MUNICÍPIO DE SANTA CRUZ DAS PALMEIRAS,3,0.00,28954.56,51310.00,80264.56,PENDENTE,2025-06-06,53210,168780,TJSP DEPRE MOC,https://api.tjsp.jus.br/Handlers/Handler/FileFetch.ashx?codigo=168780
2026,municipal,MUNICÍPIO DE SANTA CRUZ DO RIO PARDO,3,0.00,0.00,325818.42,325818.42,PENDENTE,2025-06-06,53210,168780,TJSP DEPRE MOC,https://api.tjsp.jus.br/Handlers/Handler/FileFetch.ashx?codigo=168780
2026,municipal,MUNICÍPIO DE SANTA ERNESTINA,1,16184.47,0.00,0.00,16184.47,PENDENTE,2025-06-06,53210,168780,TJSP DEPRE MOC,https://api.tjsp.jus.br/Handlers/Handler/FileFetch.ashx?codigo=168780
2026,municipal,MUNICÍPIO DE SANTA FÉ DO SUL,41,1373347.39,0.00,0.00,1373347.39,PENDENTE,2025-06-06,53210,168780,TJSP DEPRE MOC,https://api.tjsp.jus.br/Handlers/Handler/FileFetch.ashx?codigo=168780
2026,municipal,MUNICÍPIO DE SANTA ISABEL,4,96243.84,628143.08,338337.87,1062724.79,PENDENTE,2025-06-06,53210,168780,TJSP DEPRE MOC,https://api.tjsp.jus.br/Handlers/Handler/FileFetch.ashx?codigo=168780
2026,municipal,MUNICÍPIO DE SANTA MARIA DA SERRA,1,0.00,0.00,167736.86,167736.86,PENDENTE,2025-06-06,53210,168780,TJSP DEPRE MOC,https://api.tjsp.jus.br/Handlers/Handler/FileFetch.ashx?codigo=168780
2026,municipal,MUNICÍPIO DE SANTA MERCEDES,1,0.00,0.00,1279917.18,1279917.18,PENDENTE,2025-06-06,53210,168780,TJSP DEPRE MOC,https://api.tjsp.jus.br/Handlers/Handler/FileFetch.ashx?codigo=168780
2026,municipal,MUNICÍPIO DE SANTA RITA D'OESTE,6,1383087.31,0.00,3259987.66,4643074.97,PENDENTE,2025-06-06,53210,168780,TJSP DEPRE MOC,https://api.tjsp.jus.br/Handlers/Handler/FileFetch.ashx?codigo=168780
2026,municipal,MUNICÍPIO DE SANTA RITA DO PASSA QUATRO,6,57860.76,157589.74,302860.32,518310.82,PENDENTE,2025-06-06,53210,168780,TJSP DEPRE MOC,https://api.tjsp.jus.br/Handlers/Handler/FileFetch.ashx?codigo=168780
2026,municipal,MUNICÍPIO DE SANTA ROSA DE VITERBO,4,61479.31,0.00,0.00,61479.31,PENDENTE,2025-06-06,53210,168780,TJSP DEPRE MOC,https://api.tjsp.jus.br/Handlers/Handler/FileFetch.ashx?codigo=168780
2026,municipal,MUNICÍPIO DE SANTA SALETE,2,58062.34,0.00,0.00,58062.34,PENDENTE,2025-06-06,53210,168780,TJSP DEPRE MOC,https://api.tjsp.jus.br/Handlers/Handler/FileFetch.ashx?codigo=168780
2026,municipal,MUNICÍPIO DE SANTANA DE PARNAÍBA,30,1157082.46,31189249.38,1411162.56,33757494.40,PENDENTE,2025-06-06,53210,168780,TJSP DEPRE MOC,https://api.tjsp.jus.br/Handlers/Handler/FileFetch.ashx?codigo=168780
2026,municipal,MUNICÍPIO DE SANTO ANASTÁCIO,3,65477.52,0.00,149886.58,215364.10,PENDENTE,2025-06-06,53210,168780,TJSP DEPRE MOC,https://api.tjsp.jus.br/Handlers/Handler/FileFetch.ashx?codigo=168780
2026,municipal,MUNICÍPIO DE SANTO ANDRÉ,66,5629645.77,487515.62,26217409.73,32334571.12,PENDENTE,2025-06-06,53210,168780,TJSP DEPRE MOC,https://api.tjsp.jus.br/Handlers/Handler/FileFetch.ashx?codigo=168780
2026,municipal,MUNICÍPIO DE SANTO ANTÔNIO DA ALEGRIA,2,46338.17,0.00,0.00,46338.17,PENDENTE,2025-06-06,53210,168780,TJSP DEPRE MOC,https://api.tjsp.jus.br/Handlers/Handler/FileFetch.ashx?codigo=168780
2026,municipal,MUNICÍPIO DE SANTO ANTÔNIO DE POSSE,6,295641.56,0.00,408300.69,703942.25,PENDENTE,2025-06-06,53210,168780,TJSP DEPRE MOC,https://api.tjsp.jus.br/Handlers/Handler/FileFetch.ashx?codigo=168780
2026,municipal,MUNICÍPIO DE SANTO EXPEDITO,10,315111.98,0.00,0.00,315111.98,PENDENTE,2025-06-06,53210,168780,TJSP DEPRE MOC,https://api.tjsp.jus.br/Handlers/Handler/FileFetch.ashx?codigo=168780
2026,municipal,MUNICÍPIO DE SANTOS,277,29792943.60,0.00,101754036.12,131546979.72,PENDENTE,2025-06-06,53210,168780,TJSP DEPRE MOC,https://api.tjsp.jus.br/Handlers/Handler/FileFetch.ashx?codigo=168780
2026,municipal,MUNICÍPIO DE SÃO BENTO DO SAPUCAÍ,1,47114.49,0.00,0.00,47114.49,PENDENTE,2025-06-06,53210,168780,TJSP DEPRE MOC,https://api.tjsp.jus.br/Handlers/Handler/FileFetch.ashx?codigo=168780
2026,municipal,MUNICÍPIO DE SÃO BERNARDO DO CAMPO,177,17037289.31,16689456.66,8420703.75,42147449.72,PENDENTE,2025-06-06,53210,168780,TJSP DEPRE MOC,https://api.tjsp.jus.br/Handlers/Handler/FileFetch.ashx?codigo=168780
2026,municipal,MUNICÍPIO DE SÃO CAETANO DO SUL,11,3951471.57,0.00,25745596.68,29697068.25,PENDENTE,2025-06-06,53210,168780,TJSP DEPRE MOC,https://api.tjsp.jus.br/Handlers/Handler/FileFetch.ashx?codigo=168780
2026,municipal,MUNICÍPIO DE SÃO CARLOS,16,3560211.72,0.00,2385144.27,5945355.99,PENDENTE,2025-06-06,53210,168780,TJSP DEPRE MOC,https://api.tjsp.jus.br/Handlers/Handler/FileFetch.ashx?codigo=168780
2026,municipal,MUNICÍPIO DE SÃO FRANCISCO,23,1287545.68,0.00,0.00,1287545.68,PENDENTE,2025-06-06,53210,168780,TJSP DEPRE MOC,https://api.tjsp.jus.br/Handlers/Handler/FileFetch.ashx?codigo=168780
2026,municipal,MUNICÍPIO DE SÃO JOÃO DA BOA VISTA,98,3287295.97,593829.00,385006.68,4266131.65,PENDENTE,2025-06-06,53210,168780,TJSP DEPRE MOC,https://api.tjsp.jus.br/Handlers/Handler/FileFetch.ashx?codigo=168780
2026,municipal,MUNICÍPIO DE SÃO JOÃO DAS DUAS PONTES,20,2081315.82,0.00,0.00,2081315.82,PENDENTE,2025-06-06,53210,168780,TJSP DEPRE MOC,https://api.tjsp.jus.br/Handlers/Handler/FileFetch.ashx?codigo=168780
2026,municipal,MUNICÍPIO DE SÃO JOÃO DE IRACEMA,17,496867.25,0.00,0.00,496867.25,PENDENTE,2025-06-06,53210,168780,TJSP DEPRE MOC,https://api.tjsp.jus.br/Handlers/Handler/FileFetch.ashx?codigo=168780
2026,municipal,MUNICÍPIO DE SÃO JOAQUIM DA BARRA,9,791092.71,0.00,3314576.59,4105669.30,PENDENTE,2025-06-06,53210,168780,TJSP DEPRE MOC,https://api.tjsp.jus.br/Handlers/Handler/FileFetch.ashx?codigo=168780
2026,municipal,MUNICÍPIO DE SÃO JOSÉ DA BELA VISTA,3,37277.32,0.00,16430.46,53707.78,PENDENTE,2025-06-06,53210,168780,TJSP DEPRE MOC,https://api.tjsp.jus.br/Handlers/Handler/FileFetch.ashx?codigo=168780
2026,municipal,MUNICÍPIO DE SÃO JOSÉ DO RIO PARDO,103,3492223.89,0.00,888123.93,4380347.82,PENDENTE,2025-06-06,53210,168780,TJSP DEPRE MOC,https://api.tjsp.jus.br/Handlers/Handler/FileFetch.ashx?codigo=168780
2026,municipal,MUNICÍPIO DE SÃO JOSÉ DO RIO PRETO,119,9490490.66,4024254.42,3637776.58,17152521.66,PENDENTE,2025-06-06,53210,168780,TJSP DEPRE MOC,https://api.tjsp.jus.br/Handlers/Handler/FileFetch.ashx?codigo=168780
2026,municipal,MUNICÍPIO DE SÃO JOSÉ DOS CAMPOS,106,7164177.90,10781962.43,13226198.66,31172338.99,PENDENTE,2025-06-06,53210,168780,TJSP DEPRE MOC,https://api.tjsp.jus.br/Handlers/Handler/FileFetch.ashx?codigo=168780
2026,municipal,MUNICÍPIO DE SÃO LOURENÇO DA SERRA,15,512000.53,0.00,696782.20,1208782.73,PENDENTE,2025-06-06,53210,168780,TJSP DEPRE MOC,https://api.tjsp.jus.br/Handlers/Handler/FileFetch.ashx?codigo=168780
2026,municipal,MUNICÍPIO DE SÃO LUIZ DO PARAITINGA,4,65228.64,0.00,448139.07,513367.71,PENDENTE,2025-06-06,53210,168780,TJSP DEPRE MOC,https://api.tjsp.jus.br/Handlers/Handler/FileFetch.ashx?codigo=168780
2026,municipal,MUNICÍPIO DE SÃO MANUEL,24,1229055.35,0.00,200601.84,1429657.19,PENDENTE,2025-06-06,53210,168780,TJSP DEPRE MOC,https://api.tjsp.jus.br/Handlers/Handler/FileFetch.ashx?codigo=168780
2026,municipal,MUNICÍPIO DE SÃO PAULO,17766,7617012297.91,188387499.70,489278397.06,8294678194.67,PENDENTE,2025-06-06,53210,168780,TJSP DEPRE MOC,https://api.tjsp.jus.br/Handlers/Handler/FileFetch.ashx?codigo=168780
2026,municipal,MUNICÍPIO DE SÃO PEDRO,2,0.00,0.00,203998.76,203998.76,PENDENTE,2025-06-06,53210,168780,TJSP DEPRE MOC,https://api.tjsp.jus.br/Handlers/Handler/FileFetch.ashx?codigo=168780
2026,municipal,MUNICÍPIO DE SÃO PEDRO DO TURVO,1,20501.48,0.00,0.00,20501.48,PENDENTE,2025-06-06,53210,168780,TJSP DEPRE MOC,https://api.tjsp.jus.br/Handlers/Handler/FileFetch.ashx?codigo=168780
2026,municipal,MUNICÍPIO DE SÃO ROQUE,16,743751.21,0.00,298430.72,1042181.93,PENDENTE,2025-06-06,53210,168780,TJSP DEPRE MOC,https://api.tjsp.jus.br/Handlers/Handler/FileFetch.ashx?codigo=168780
2026,municipal,MUNICÍPIO DE SÃO SEBASTIÃO,66,2946624.44,0.00,5561753.28,8508377.72,PENDENTE,2025-06-06,53210,168780,TJSP DEPRE MOC,https://api.tjsp.jus.br/Handlers/Handler/FileFetch.ashx?codigo=168780
2026,municipal,MUNICÍPIO DE SÃO SEBASTIÃO DA GRAMA,5,32683.95,0.00,78939.46,111623.41,PENDENTE,2025-06-06,53210,168780,TJSP DEPRE MOC,https://api.tjsp.jus.br/Handlers/Handler/FileFetch.ashx?codigo=168780
2026,municipal,MUNICÍPIO DE SÃO SIMÃO,7,717676.63,0.00,1444185.74,2161862.37,PENDENTE,2025-06-06,53210,168780,TJSP DEPRE MOC,https://api.tjsp.jus.br/Handlers/Handler/FileFetch.ashx?codigo=168780
2026,municipal,MUNICÍPIO DE SÃO VICENTE,55,1431923.51,0.00,4888114.57,6320038.08,PENDENTE,2025-06-06,53210,168780,TJSP DEPRE MOC,https://api.tjsp.jus.br/Handlers/Handler/FileFetch.ashx?codigo=168780
2026,municipal,MUNICÍPIO DE SARAPUÍ,1,248696.60,0.00,0.00,248696.60,PENDENTE,2025-06-06,53210,168780,TJSP DEPRE MOC,https://api.tjsp.jus.br/Handlers/Handler/FileFetch.ashx?codigo=168780
2026,municipal,MUNICÍPIO DE SERRA AZUL,1,39704.76,0.00,0.00,39704.76,PENDENTE,2025-06-06,53210,168780,TJSP DEPRE MOC,https://api.tjsp.jus.br/Handlers/Handler/FileFetch.ashx?codigo=168780
2026,municipal,MUNICÍPIO DE SERRA NEGRA,4,178471.47,0.00,0.00,178471.47,PENDENTE,2025-06-06,53210,168780,TJSP DEPRE MOC,https://api.tjsp.jus.br/Handlers/Handler/FileFetch.ashx?codigo=168780
2026,municipal,MUNICÍPIO DE SERRANA,20,2643326.75,0.00,3063327.78,5706654.53,PENDENTE,2025-06-06,53210,168780,TJSP DEPRE MOC,https://api.tjsp.jus.br/Handlers/Handler/FileFetch.ashx?codigo=168780
2026,municipal,MUNICÍPIO DE SERTÃOZINHO,12,693241.80,0.00,190423.18,883664.98,PENDENTE,2025-06-06,53210,168780,TJSP DEPRE MOC,https://api.tjsp.jus.br/Handlers/Handler/FileFetch.ashx?codigo=168780
2026,municipal,MUNICÍPIO DE SETE BARRAS,3,26802.26,0.00,190483.16,217285.42,PENDENTE,2025-06-06,53210,168780,TJSP DEPRE MOC,https://api.tjsp.jus.br/Handlers/Handler/FileFetch.ashx?codigo=168780
2026,municipal,MUNICÍPIO DE SEVERÍNIA,8,488536.36,0.00,52621.26,541157.62,PENDENTE,2025-06-06,53210,168780,TJSP DEPRE MOC,https://api.tjsp.jus.br/Handlers/Handler/FileFetch.ashx?codigo=168780
2026,municipal,MUNICÍPIO DE SOCORRO,3,235651.91,144555.83,20095.59,400303.33,PENDENTE,2025-06-06,53210,168780,TJSP DEPRE MOC,https://api.tjsp.jus.br/Handlers/Handler/FileFetch.ashx?codigo=168780
2026,municipal,MUNICÍPIO DE SOROCABA,278,39409246.45,17578393.25,34065793.52,91053433.22,PENDENTE,2025-06-06,53210,168780,TJSP DEPRE MOC,https://api.tjsp.jus.br/Handlers/Handler/FileFetch.ashx?codigo=168780
2026,municipal,MUNICÍPIO DE SUD MENNUCCI,6,77603.95,0.00,516454.85,594058.80,PENDENTE,2025-06-06,53210,168780,TJSP DEPRE MOC,https://api.tjsp.jus.br/Handlers/Handler/FileFetch.ashx?codigo=168780
2026,municipal,MUNICÍPIO DE SUMARÉ,40,1445307.77,0.00,4938433.10,6383740.87,PENDENTE,2025-06-06,53210,168780,TJSP DEPRE MOC,https://api.tjsp.jus.br/Handlers/Handler/FileFetch.ashx?codigo=168780
2026,municipal,MUNICÍPIO DE SUZANÁPOLIS,1,0.00,0.00,27670.46,27670.46,PENDENTE,2025-06-06,53210,168780,TJSP DEPRE MOC,https://api.tjsp.jus.br/Handlers/Handler/FileFetch.ashx?codigo=168780
2026,municipal,MUNICÍPIO DE SUZANO,33,4202731.48,2799652.44,6775843.06,13778226.98,PENDENTE,2025-06-06,53210,168780,TJSP DEPRE MOC,https://api.tjsp.jus.br/Handlers/Handler/FileFetch.ashx?codigo=168780
2026,municipal,MUNICÍPIO DE TABATINGA,1,0.00,0.00,21905.76,21905.76,PENDENTE,2025-06-06,53210,168780,TJSP DEPRE MOC,https://api.tjsp.jus.br/Handlers/Handler/FileFetch.ashx?codigo=168780
2026,municipal,MUNICÍPIO DE TABOÃO DA SERRA,118,10403679.79,0.00,784659.09,11188338.88,PENDENTE,2025-06-06,53210,168780,TJSP DEPRE MOC,https://api.tjsp.jus.br/Handlers/Handler/FileFetch.ashx?codigo=168780
2026,municipal,MUNICÍPIO DE TAMBAÚ,17,738684.86,0.00,0.00,738684.86,PENDENTE,2025-06-06,53210,168780,TJSP DEPRE MOC,https://api.tjsp.jus.br/Handlers/Handler/FileFetch.ashx?codigo=168780
2026,municipal,MUNICÍPIO DE TANABI,10,204011.38,0.00,66211.11,270222.49,PENDENTE,2025-06-06,53210,168780,TJSP DEPRE MOC,https://api.tjsp.jus.br/Handlers/Handler/FileFetch.ashx?codigo=168780
2026,municipal,MUNICÍPIO DE TAPIRAÍ,1,54205.88,0.00,0.00,54205.88,PENDENTE,2025-06-06,53210,168780,TJSP DEPRE MOC,https://api.tjsp.jus.br/Handlers/Handler/FileFetch.ashx?codigo=168780
2026,municipal,MUNICÍPIO DE TAPIRATIBA,36,796855.56,0.00,294879.02,1091734.58,PENDENTE,2025-06-06,53210,168780,TJSP DEPRE MOC,https://api.tjsp.jus.br/Handlers/Handler/FileFetch.ashx?codigo=168780
2026,municipal,MUNICÍPIO DE TAQUARITINGA,106,5088938.88,0.00,6944509.87,12033448.75,PENDENTE,2025-06-06,53210,168780,TJSP DEPRE MOC,https://api.tjsp.jus.br/Handlers/Handler/FileFetch.ashx?codigo=168780
2026,municipal,MUNICÍPIO DE TAQUARITUBA,3,379683.67,0.00,0.00,379683.67,PENDENTE,2025-06-06,53210,168780,TJSP DEPRE MOC,https://api.tjsp.jus.br/Handlers/Handler/FileFetch.ashx?codigo=168780
2026,municipal,MUNICÍPIO DE TAQUARIVAÍ,1,11662.42,0.00,0.00,11662.42,PENDENTE,2025-06-06,53210,168780,TJSP DEPRE MOC,https://api.tjsp.jus.br/Handlers/Handler/FileFetch.ashx?codigo=168780
2026,municipal,MUNICÍPIO DE TARUMÃ,5,365721.63,0.00,0.00,365721.63,PENDENTE,2025-06-06,53210,168780,TJSP DEPRE MOC,https://api.tjsp.jus.br/Handlers/Handler/FileFetch.ashx?codigo=168780
2026,municipal,MUNICÍPIO DE TATUÍ,22,1791694.99,0.00,22041174.35,23832869.34,PENDENTE,2025-06-06,53210,168780,TJSP DEPRE MOC,https://api.tjsp.jus.br/Handlers/Handler/FileFetch.ashx?codigo=168780
2026,municipal,MUNICÍPIO DE TAUBATÉ,94,9050259.25,16402707.06,11145134.82,36598101.13,PENDENTE,2025-06-06,53210,168780,TJSP DEPRE MOC,https://api.tjsp.jus.br/Handlers/Handler/FileFetch.ashx?codigo=168780
2026,municipal,MUNICÍPIO DE TEJUPÁ,1,1333.57,0.00,0.00,1333.57,PENDENTE,2025-06-06,53210,168780,TJSP DEPRE MOC,https://api.tjsp.jus.br/Handlers/Handler/FileFetch.ashx?codigo=168780
2026,municipal,MUNICÍPIO DE TEODORO SAMPAIO,7,262960.89,0.00,0.00,262960.89,PENDENTE,2025-06-06,53210,168780,TJSP DEPRE MOC,https://api.tjsp.jus.br/Handlers/Handler/FileFetch.ashx?codigo=168780
2026,municipal,MUNICÍPIO DE TERRA ROXA,1,732551.87,0.00,0.00,732551.87,PENDENTE,2025-06-06,53210,168780,TJSP DEPRE MOC,https://api.tjsp.jus.br/Handlers/Handler/FileFetch.ashx?codigo=168780
2026,municipal,MUNICÍPIO DE TIETÊ,2,0.00,0.00,177868.87,177868.87,PENDENTE,2025-06-06,53210,168780,TJSP DEPRE MOC,https://api.tjsp.jus.br/Handlers/Handler/FileFetch.ashx?codigo=168780
2026,municipal,MUNICÍPIO DE TIMBURI,1,86963.06,0.00,0.00,86963.06,PENDENTE,2025-06-06,53210,168780,TJSP DEPRE MOC,https://api.tjsp.jus.br/Handlers/Handler/FileFetch.ashx?codigo=168780
2026,municipal,MUNICÍPIO DE TOLEDO - MG,1,393491.34,0.00,0.00,393491.34,PENDENTE,2025-06-06,53210,168780,TJSP DEPRE MOC,https://api.tjsp.jus.br/Handlers/Handler/FileFetch.ashx?codigo=168780
2026,municipal,MUNICÍPIO DE TREMEMBÉ,9,359387.01,0.00,1412734.98,1772121.99,PENDENTE,2025-06-06,53210,168780,TJSP DEPRE MOC,https://api.tjsp.jus.br/Handlers/Handler/FileFetch.ashx?codigo=168780
2026,municipal,MUNICÍPIO DE TRÊS FRONTEIRAS,13,212711.55,0.00,0.00,212711.55,PENDENTE,2025-06-06,53210,168780,TJSP DEPRE MOC,https://api.tjsp.jus.br/Handlers/Handler/FileFetch.ashx?codigo=168780
2026,municipal,MUNICÍPIO DE TUPÃ,9,766118.35,0.00,1051468.15,1817586.50,PENDENTE,2025-06-06,53210,168780,TJSP DEPRE MOC,https://api.tjsp.jus.br/Handlers/Handler/FileFetch.ashx?codigo=168780
2026,municipal,MUNICÍPIO DE TURIÚBA,2,139742.09,0.00,115077.54,254819.63,PENDENTE,2025-06-06,53210,168780,TJSP DEPRE MOC,https://api.tjsp.jus.br/Handlers/Handler/FileFetch.ashx?codigo=168780
2026,municipal,MUNICÍPIO DE TURMALINA,3,84086.66,0.00,0.00,84086.66,PENDENTE,2025-06-06,53210,168780,TJSP DEPRE MOC,https://api.tjsp.jus.br/Handlers/Handler/FileFetch.ashx?codigo=168780
2026,municipal,MUNICÍPIO DE UBARANA,1,31234.76,0.00,0.00,31234.76,PENDENTE,2025-06-06,53210,168780,TJSP DEPRE MOC,https://api.tjsp.jus.br/Handlers/Handler/FileFetch.ashx?codigo=168780
2026,municipal,MUNICÍPIO DE UBATUBA,29,1285318.94,0.00,1050614.19,2335933.13,PENDENTE,2025-06-06,53210,168780,TJSP DEPRE MOC,https://api.tjsp.jus.br/Handlers/Handler/FileFetch.ashx?codigo=168780
2026,municipal,MUNICÍPIO DE URÂNIA,5,96820.49,0.00,36601.09,133421.58,PENDENTE,2025-06-06,53210,168780,TJSP DEPRE MOC,https://api.tjsp.jus.br/Handlers/Handler/FileFetch.ashx?codigo=168780
2026,municipal,MUNICÍPIO DE URUPÊS,6,1214.07,0.00,348768.73,349982.80,PENDENTE,2025-06-06,53210,168780,TJSP DEPRE MOC,https://api.tjsp.jus.br/Handlers/Handler/FileFetch.ashx?codigo=168780
2026,municipal,MUNICÍPIO DE VALENTIM GENTIL,6,330396.05,0.00,13007.45,343403.50,PENDENTE,2025-06-06,53210,168780,TJSP DEPRE MOC,https://api.tjsp.jus.br/Handlers/Handler/FileFetch.ashx?codigo=168780
2026,municipal,MUNICÍPIO DE VALINHOS,13,691062.88,0.00,1343867.65,2034930.53,PENDENTE,2025-06-06,53210,168780,TJSP DEPRE MOC,https://api.tjsp.jus.br/Handlers/Handler/FileFetch.ashx?codigo=168780
2026,municipal,MUNICÍPIO DE VALPARAISO,2,353482.74,0.00,0.00,353482.74,PENDENTE,2025-06-06,53210,168780,TJSP DEPRE MOC,https://api.tjsp.jus.br/Handlers/Handler/FileFetch.ashx?codigo=168780
2026,municipal,MUNICÍPIO DE VARGEM GRANDE DO SUL,12,269369.44,0.00,195683.43,465052.87,PENDENTE,2025-06-06,53210,168780,TJSP DEPRE MOC,https://api.tjsp.jus.br/Handlers/Handler/FileFetch.ashx?codigo=168780
2026,municipal,MUNICÍPIO DE VARGEM GRANDE PAULISTA,4,228366.11,0.00,0.00,228366.11,PENDENTE,2025-06-06,53210,168780,TJSP DEPRE MOC,https://api.tjsp.jus.br/Handlers/Handler/FileFetch.ashx?codigo=168780
2026,municipal,MUNICÍPIO DE VÁRZEA PAULISTA,25,1759909.57,0.00,1787883.02,3547792.59,PENDENTE,2025-06-06,53210,168780,TJSP DEPRE MOC,https://api.tjsp.jus.br/Handlers/Handler/FileFetch.ashx?codigo=168780
2026,municipal,MUNICÍPIO DE VERA CRUZ,2,40130.03,0.00,376725.08,416855.11,PENDENTE,2025-06-06,53210,168780,TJSP DEPRE MOC,https://api.tjsp.jus.br/Handlers/Handler/FileFetch.ashx?codigo=168780
2026,municipal,MUNICÍPIO DE VINHEDO,31,1340612.56,7253889.93,220769.42,8815271.91,PENDENTE,2025-06-06,53210,168780,TJSP DEPRE MOC,https://api.tjsp.jus.br/Handlers/Handler/FileFetch.ashx?codigo=168780
2026,municipal,MUNICÍPIO DE VIRADOURO,5,33827.08,0.00,495827.08,529654.16,PENDENTE,2025-06-06,53210,168780,TJSP DEPRE MOC,https://api.tjsp.jus.br/Handlers/Handler/FileFetch.ashx?codigo=168780
2026,municipal,MUNICÍPIO DE VISTA ALEGRE DO ALTO,2,129508.63,0.00,0.00,129508.63,PENDENTE,2025-06-06,53210,168780,TJSP DEPRE MOC,https://api.tjsp.jus.br/Handlers/Handler/FileFetch.ashx?codigo=168780
2026,municipal,MUNICÍPIO DE VITÓRIA BRASIL,5,185695.05,0.00,0.00,185695.05,PENDENTE,2025-06-06,53210,168780,TJSP DEPRE MOC,https://api.tjsp.jus.br/Handlers/Handler/FileFetch.ashx?codigo=168780
2026,municipal,MUNICÍPIO DE VOTORANTIM,6,370352.80,4070154.47,85087.76,4525595.03,PENDENTE,2025-06-06,53210,168780,TJSP DEPRE MOC,https://api.tjsp.jus.br/Handlers/Handler/FileFetch.ashx?codigo=168780
2026,municipal,MUNICÍPIO DE VOTUPORANGA,53,2925204.95,0.00,215207.59,3140412.54,PENDENTE,2025-06-06,53210,168780,TJSP DEPRE MOC,https://api.tjsp.jus.br/Handlers/Handler/FileFetch.ashx?codigo=168780
2026,municipal,MUNICÍPIO DO RIO DE JANEIRO - RJ,2,827071.34,0.00,464693.74,1291765.08,PENDENTE,2025-06-06,53210,168780,TJSP DEPRE MOC,https://api.tjsp.jus.br/Handlers/Handler/FileFetch.ashx?codigo=168780
2026,autarquia_municipal,PAULINIAPREV - INST. DE PREV. DOS FUNC. PÚBL. DO MUN. DE PAULÍNIA,293,8419370.16,0.00,0.00,8419370.16,PENDENTE,2025-06-06,53210,168780,TJSP DEPRE MOC,https://api.tjsp.jus.br/Handlers/Handler/FileFetch.ashx?codigo=168780
2026,autarquia_municipal,PERUIBEPREV - INST. DE PREV. MUN. DE PERUÍBE,2,148733.70,0.00,0.00,148733.70,PENDENTE,2025-06-06,53210,168780,TJSP DEPRE MOC,https://api.tjsp.jus.br/Handlers/Handler/FileFetch.ashx?codigo=168780
2026,autarquia_municipal,PITANPREV - INST. DE PREV. SOC. DOS SERV. PÚBL. DE PITANGUEIRAS,1,58765.14,0.00,0.00,58765.14,PENDENTE,2025-06-06,53210,168780,TJSP DEPRE MOC,https://api.tjsp.jus.br/Handlers/Handler/FileFetch.ashx?codigo=168780
2026,autarquia_municipal,PORTOPREV - INST. PREV. SOC. SERV. PÚBL. MUN. DE PORTO FELIZ,2,153850.68,0.00,0.00,153850.68,PENDENTE,2025-06-06,53210,168780,TJSP DEPRE MOC,https://api.tjsp.jus.br/Handlers/Handler/FileFetch.ashx?codigo=168780
2026,autarquia_municipal,PREVIGARAPAVA - INSTITUTO DE PREVIDENCIA MUNICIPAL DE IGARAPAVA,1,15884.56,0.00,0.00,15884.56,PENDENTE,2025-06-06,53210,168780,TJSP DEPRE MOC,https://api.tjsp.jus.br/Handlers/Handler/FileFetch.ashx?codigo=168780
2026,autarquia_municipal,PRUDENPREV - SIST. DE PREV. SERV. PÚBL. MUN. DE PRES. PRUDENTE,3,403079.43,0.00,0.00,403079.43,PENDENTE,2025-06-06,53210,168780,TJSP DEPRE MOC,https://api.tjsp.jus.br/Handlers/Handler/FileFetch.ashx?codigo=168780
2026,autarquia_municipal,RIOPRETOPREV - REG. PR. PREV. SOC. MUN. DE SÃO JOSÉ DO RIO PRETO,74,6491403.28,0.00,0.00,6491403.28,PENDENTE,2025-06-06,53210,168780,TJSP DEPRE MOC,https://api.tjsp.jus.br/Handlers/Handler/FileFetch.ashx?codigo=168780
2026,autarquia_municipal,SAAE AMPARO - SERVIÇO AUTÔNOMO DE ÁGUA E ESGOTOS DE AMPARO,1,0.00,0.00,33408.54,33408.54,PENDENTE,2025-06-06,53210,168780,TJSP DEPRE MOC,https://api.tjsp.jus.br/Handlers/Handler/FileFetch.ashx?codigo=168780
2026,autarquia_municipal,SAAE APARECIDA - SERVIÇO AUTÔNOMO DE ÁGUAS E ESGOTOS DE APARE,3,82423.87,0.00,0.00,82423.87,PENDENTE,2025-06-06,53210,168780,TJSP DEPRE MOC,https://api.tjsp.jus.br/Handlers/Handler/FileFetch.ashx?codigo=168780
2026,autarquia_municipal,SAAE BARRA BONITA - SERV. AUT. DE ÁGUA E ESGOTO DE BARRA BONITA,4,0.00,0.00,173828.33,173828.33,PENDENTE,2025-06-06,53210,168780,TJSP DEPRE MOC,https://api.tjsp.jus.br/Handlers/Handler/FileFetch.ashx?codigo=168780
2026,autarquia_municipal,SAAE CAPIVARI - SERVIÇO AUTÔNOMO DE ÁGUA E ESGOTO DE CAPIVARI,2,43178.01,0.00,148167.43,191345.44,PENDENTE,2025-06-06,53210,168780,TJSP DEPRE MOC,https://api.tjsp.jus.br/Handlers/Handler/FileFetch.ashx?codigo=168780
2026,autarquia_municipal,SAAE CRUZEIRO - SERVIÇO AUTÔNOMO DE ÁGUA E ESGOTO DE CRUZEIRO,1,0.00,0.00,256735.16,256735.16,PENDENTE,2025-06-06,53210,168780,TJSP DEPRE MOC,https://api.tjsp.jus.br/Handlers/Handler/FileFetch.ashx?codigo=168780
2026,autarquia_municipal,SAAE IGARAÇU DO TIETÊ - SERVIÇO AUT. DE ÁGUA E ESGOTO DE IGARAÇU,2,33168.90,0.00,26492.24,59661.14,PENDENTE,2025-06-06,53210,168780,TJSP DEPRE MOC,https://api.tjsp.jus.br/Handlers/Handler/FileFetch.ashx?codigo=168780
2026,autarquia_municipal,SAAE INDAIATUBA - SERV. AUT. DE ÁGUA E ESGOTOS DE INDAIATUBA,9,621436.55,0.00,759865.97,1381302.52,PENDENTE,2025-06-06,53210,168780,TJSP DEPRE MOC,https://api.tjsp.jus.br/Handlers/Handler/FileFetch.ashx?codigo=168780
2026,autarquia_municipal,SAAE ITAPIRA - SERVIÇO AUTONOMO DE ÁGUA E ESGOTO DE ITAPIRA,8,581791.46,0.00,0.00,581791.46,PENDENTE,2025-06-06,53210,168780,TJSP DEPRE MOC,https://api.tjsp.jus.br/Handlers/Handler/FileFetch.ashx?codigo=168780
2026,autarquia_municipal,SAAE JACAREÍ - SERVIÇO AUTÔNOMO DE ÁGUAS E ESGOTOS DE JACAREÍ,24,579752.43,0.00,212620.15,792372.58,PENDENTE,2025-06-06,53210,168780,TJSP DEPRE MOC,https://api.tjsp.jus.br/Handlers/Handler/FileFetch.ashx?codigo=168780
2026,autarquia_municipal,SAAE MOGI MIRIM - SERV. AUT. DE ÁGUA E ESG. DE MOGI MIRIM,1,0.00,0.00,182089.25,182089.25,PENDENTE,2025-06-06,53210,168780,TJSP DEPRE MOC,https://api.tjsp.jus.br/Handlers/Handler/FileFetch.ashx?codigo=168780
2026,autarquia_municipal,SAAE PIRAJUÍ - SERVIÇO AUTÔNOMO DE ÁGUA E ESGOTO DE PIRAJUÍ,1,0.00,0.00,26238.22,26238.22,PENDENTE,2025-06-06,53210,168780,TJSP DEPRE MOC,https://api.tjsp.jus.br/Handlers/Handler/FileFetch.ashx?codigo=168780
2026,autarquia_municipal,SAAE RIO DAS PEDRAS - SERVIÇO AUTÔNOMO DE ÁGUA E ESGOTO DE RIO,1,0.00,0.00,209854.77,209854.77,PENDENTE,2025-06-06,53210,168780,TJSP DEPRE MOC,https://api.tjsp.jus.br/Handlers/Handler/FileFetch.ashx?codigo=168780
2026,autarquia_municipal,SAAE SALTO - SERV. AUT. DE ÁGUA E ESGOTO DE SALTO,1,0.00,0.00,17188.96,17188.96,PENDENTE,2025-06-06,53210,168780,TJSP DEPRE MOC,https://api.tjsp.jus.br/Handlers/Handler/FileFetch.ashx?codigo=168780
2026,autarquia_municipal,SAAE SÃO CARLOS - SERV. AUT. DE ÁGUAS E ESG. DE SÃO CARLOS,1,0.00,0.00,137655.19,137655.19,PENDENTE,2025-06-06,53210,168780,TJSP DEPRE MOC,https://api.tjsp.jus.br/Handlers/Handler/FileFetch.ashx?codigo=168780
2026,autarquia_municipal,SAAE SOROCABA - SERVIÇO AUT. DE ÁGUA E ESGOTO DE SOROCABA,35,3379435.32,158236.07,233473.14,3771144.53,PENDENTE,2025-06-06,53210,168780,TJSP DEPRE MOC,https://api.tjsp.jus.br/Handlers/Handler/FileFetch.ashx?codigo=168780
2026,autarquia_municipal,SAAEB - SERVIÇO AUTÔNOMO DE ÁGUA E ESGOTO DE BARRETOS,18,718851.44,0.00,157838.79,876690.23,PENDENTE,2025-06-06,53210,168780,TJSP DEPRE MOC,https://api.tjsp.jus.br/Handlers/Handler/FileFetch.ashx?codigo=168780
2026,autarquia_municipal,SAAEB - SERVIÇO AUTÔNOMO DE ÁGUA E ESGOTOS DE BEBEDOURO,3,62174.79,0.00,34445.02,96619.81,PENDENTE,2025-06-06,53210,168780,TJSP DEPRE MOC,https://api.tjsp.jus.br/Handlers/Handler/FileFetch.ashx?codigo=168780
2026,autarquia_municipal,SAAEJ - SERVIÇO AUTÔNOMO DE ÁGUA E ESGOTO DE JABOTICABAL,1,17187.20,0.00,0.00,17187.20,PENDENTE,2025-06-06,53210,168780,TJSP DEPRE MOC,https://api.tjsp.jus.br/Handlers/Handler/FileFetch.ashx?codigo=168780
2026,autarquia_municipal,SAE - SERV. AUT. DE ÁGUA E ESG. DE VARGEM GRANDE DO SUL,2,24117.48,0.00,0.00,24117.48,PENDENTE,2025-06-06,53210,168780,TJSP DEPRE MOC,https://api.tjsp.jus.br/Handlers/Handler/FileFetch.ashx?codigo=168780
2026,autarquia_municipal,SAEAN - SERVIÇO DE ÁGUA E ESGOTO DE ARTUR NOGUEIRA,1,12391.87,0.00,0.00,12391.87,PENDENTE,2025-06-06,53210,168780,TJSP DEPRE MOC,https://api.tjsp.jus.br/Handlers/Handler/FileFetch.ashx?codigo=168780
2026,autarquia_municipal,SAEC - SUPERINTENDÊNCIA DE ÁGUA E ESGOTO DE CATANDUVA,2,260650.73,0.00,0.00,260650.73,PENDENTE,2025-06-06,53210,168780,TJSP DEPRE MOC,https://api.tjsp.jus.br/Handlers/Handler/FileFetch.ashx?codigo=168780
2026,autarquia_municipal,SAECIL - SUPERINTENDÊNCIA DE ÁGUA E ESGOTOS DA CIDADE DE LEME,3,0.00,0.00,84325.45,84325.45,PENDENTE,2025-06-06,53210,168780,TJSP DEPRE MOC,https://api.tjsp.jus.br/Handlers/Handler/FileFetch.ashx?codigo=168780
2026,autarquia_municipal,SAEMA - SERV. DE ÁGUA ESG. E MEIO AMBIENTE DO MUN. DE ARARAS,2,77730.08,0.00,6949.60,84679.68,PENDENTE,2025-06-06,53210,168780,TJSP DEPRE MOC,https://api.tjsp.jus.br/Handlers/Handler/FileFetch.ashx?codigo=168780
2026,autarquia_municipal,SAERP - SUPERINT. AUT. DE ÁGUA E ESG. DE SÃO JOSÉ DO RIO PARDO,1,0.00,0.00,34606.69,34606.69,PENDENTE,2025-06-06,53210,168780,TJSP DEPRE MOC,https://api.tjsp.jus.br/Handlers/Handler/FileFetch.ashx?codigo=168780
2026,autarquia_municipal,"SAESA - SIST. DE ÁGUA, ESG. E SAN. AMBIENTAL SÃO CAETANO DO SUL",2,0.00,0.00,472702.91,472702.91,PENDENTE,2025-06-06,53210,168780,TJSP DEPRE MOC,https://api.tjsp.jus.br/Handlers/Handler/FileFetch.ashx?codigo=168780
2026,autarquia_municipal,"SAEV AMBIENTAL - SUP. DE ÁGUA, ESG. E MEIO AMB. DE VOTUPORANGA",9,338257.52,68647.49,0.00,406905.01,PENDENTE,2025-06-06,53210,168780,TJSP DEPRE MOC,https://api.tjsp.jus.br/Handlers/Handler/FileFetch.ashx?codigo=168780
2026,autarquia_municipal,SANEBAVI - SANEAMENTO BÁSICO DE VINHEDO,3,82541.55,0.00,807477.02,890018.57,PENDENTE,2025-06-06,53210,168780,TJSP DEPRE MOC,https://api.tjsp.jus.br/Handlers/Handler/FileFetch.ashx?codigo=168780
2026,autarquia_municipal,SANTAFEPREV - INST. MUN. DE PREV. SOC. DE SANTA FÉ DO SUL,10,375057.37,0.00,0.00,375057.37,PENDENTE,2025-06-06,53210,168780,TJSP DEPRE MOC,https://api.tjsp.jus.br/Handlers/Handler/FileFetch.ashx?codigo=168780
2026,autarquia_municipal,SÃO SEBASTIÃO PREV - INST. PREV. DO MUN. DE SÃO SEBASTIÃO,7,2071589.59,0.00,0.00,2071589.59,PENDENTE,2025-06-06,53210,168780,TJSP DEPRE MOC,https://api.tjsp.jus.br/Handlers/Handler/FileFetch.ashx?codigo=168780
2026,autarquia_municipal,SASEMB - SERVIÇO ASSIST. DOS FUNC. E SERV. MUN. DE BEBEDOURO,9,539307.99,0.00,0.00,539307.99,PENDENTE,2025-06-06,53210,168780,TJSP DEPRE MOC,https://api.tjsp.jus.br/Handlers/Handler/FileFetch.ashx?codigo=168780
2026,autarquia_municipal,SASSOM - SERV. DE ASSIST. À SAÚDE DOS MUN. PRESIDENTE PRUDENTE,1,0.00,0.00,2964725.29,2964725.29,PENDENTE,2025-06-06,53210,168780,TJSP DEPRE MOC,https://api.tjsp.jus.br/Handlers/Handler/FileFetch.ashx?codigo=168780
2026,autarquia_municipal,SASSOM - SERV. DE ASSIST. À SAÚDE DOS MUNIC. DE RIBEIRÃO PRETO,9,611038.41,0.00,0.00,611038.41,PENDENTE,2025-06-06,53210,168780,TJSP DEPRE MOC,https://api.tjsp.jus.br/Handlers/Handler/FileFetch.ashx?codigo=168780
2026,autarquia_municipal,SBCPREV - INSTITUTO DE PREV. DO MUN. DE SÃO BERNARDO DO CAMPO,22,1306646.28,0.00,0.00,1306646.28,PENDENTE,2025-06-06,53210,168780,TJSP DEPRE MOC,https://api.tjsp.jus.br/Handlers/Handler/FileFetch.ashx?codigo=168780
2026,autarquia_municipal,SEMAE - SERV. MUN. AUT. DE ÁGUA E ESG. DE SÃO JOSÉ DO RIO PRETO,3,195909.79,0.00,41836.19,237745.98,PENDENTE,2025-06-06,53210,168780,TJSP DEPRE MOC,https://api.tjsp.jus.br/Handlers/Handler/FileFetch.ashx?codigo=168780
2026,autarquia_municipal,SEMAE - SERVIÇO MUN. DE ÁGUAS E ESGOTOS DE MOGI DAS CRUZES,7,484529.42,93420.92,0.00,577950.34,PENDENTE,2025-06-06,53210,168780,TJSP DEPRE MOC,https://api.tjsp.jus.br/Handlers/Handler/FileFetch.ashx?codigo=168780
2026,autarquia_municipal,SEMAE - SERVIÇO MUNICIPAL DE ÁGUA E ESGOTO DE PIRACICABA,1,0.00,0.00,142141.77,142141.77,PENDENTE,2025-06-06,53210,168780,TJSP DEPRE MOC,https://api.tjsp.jus.br/Handlers/Handler/FileFetch.ashx?codigo=168780
2026,autarquia_municipal,"SEPREM - SERV. DE PREV., SAÚDE E ASSIST. MUN. DE JABOTICABAL",3,124693.86,0.00,0.00,124693.86,PENDENTE,2025-06-06,53210,168780,TJSP DEPRE MOC,https://api.tjsp.jus.br/Handlers/Handler/FileFetch.ashx?codigo=168780
2026,autarquia_municipal,SEPREM - SERVIÇO DE PREVIDÊNCIA MUNICIPAL DE ITAPETININGA,4,184793.61,0.00,0.00,184793.61,PENDENTE,2025-06-06,53210,168780,TJSP DEPRE MOC,https://api.tjsp.jus.br/Handlers/Handler/FileFetch.ashx?codigo=168780
2026,autarquia_municipal,SERVIÇO AUTÔNOMO DE ÁGUA E ESGOTO DE PEREIRA BARRETO,7,230823.91,0.00,231380.10,462204.01,PENDENTE,2025-06-06,53210,168780,TJSP DEPRE MOC,https://api.tjsp.jus.br/Handlers/Handler/FileFetch.ashx?codigo=168780
2026,autarquia_municipal,SETEC - SERVIÇOS TÉCNICOS GERAIS - CAMPINAS,1,0.00,0.00,46305.71,46305.71,PENDENTE,2025-06-06,53210,168780,TJSP DEPRE MOC,https://api.tjsp.jus.br/Handlers/Handler/FileFetch.ashx?codigo=168780
2026,autarquia_municipal,TABOÃOPREV - UNID. GEST. ÚNICA DO RPPS DO MUN. TABOÃO DA SERRA,4,863095.23,0.00,0.00,863095.23,PENDENTE,2025-06-06,53210,168780,TJSP DEPRE MOC,https://api.tjsp.jus.br/Handlers/Handler/FileFetch.ashx?codigo=168780
2026,autarquia_municipal,TAPIRATIBAPREV - INST. DE PREV. DOS SERV. PÚBL. MUN. DE TAPIRATIBA,13,316534.05,0.00,0.00,316534.05,PENDENTE,2025-06-06,53210,168780,TJSP DEPRE MOC,https://api.tjsp.jus.br/Handlers/Handler/FileFetch.ashx?codigo=168780
2026,autarquia_municipal,TCA - SERVIÇO MUNICIPAL DE TRANSPORTES COLETIVOS DE ARARAS,23,905552.97,0.00,358597.10,1264150.07,PENDENTE,2025-06-06,53210,168780,TJSP DEPRE MOC,https://api.tjsp.jus.br/Handlers/Handler/FileFetch.ashx?codigo=168780
2026,estadual,UNESP - UNIVERSIDADE ESTADUAL PAULISTA (JÚLIO DE MESQUITA FILHO),268,23694549.57,0.00,239364.13,23933913.70,PENDENTE,2025-06-06,53210,168780,TJSP DEPRE MOC,https://api.tjsp.jus.br/Handlers/Handler/FileFetch.ashx?codigo=168780
2026,estadual,UNICAMP - UNIVERSIDADE ESTADUAL DE CAMPINAS,56,15063015.41,0.00,4231980.73,19294996.14,PENDENTE,2025-06-06,53210,168780,TJSP DEPRE MOC,https://api.tjsp.jus.br/Handlers/Handler/FileFetch.ashx?codigo=168780
2026,estadual,UNITAU - UNIVERSIDADE DE TAUBATÉ,16,37898.38,0.00,1991623.92,2029522.30,PENDENTE,2025-06-06,53210,168780,TJSP DEPRE MOC,https://api.tjsp.jus.br/Handlers/Handler/FileFetch.ashx?codigo=168780
2026,estadual,USP - UNIVERSIDADE DE SÃO PAULO,63,11437581.51,0.00,39743586.95,51181168.46,PENDENTE,2025-06-06,53210,168780,TJSP DEPRE MOC,https://api.tjsp.jus.br/Handlers/Handler/FileFetch.ashx?codigo=168780
