UO_Cadastradora_Codigo,UO_Cadastradora_Nome,UO_Devedora_Codigo,UO_Devedora_Nome,Ano,Precatorio,Tipo_Causa,Valor_RS,conciliacao_status,conciliacao_tipo,cnj_processo_execucao,cnj_processo_originario,cnj_candidato,match_metodo,cnpj_entidade_devedora,causa_provavel,tribunal_cobertura,siop_chave,siop_tribunal,siop_data_ajuizamento,siop_data_autuacao,siop_tipo_despesa,siop_tributario,siop_natureza_despesa,siop_valor_original,siop_valor_atualizado,siop_fundef,siop_anos_decorridos,siop_class_tempo,siop_class_nfgc,siop_faixa_valor,siop_match_status
12102,TRF - 1a. Região,71103,EFU - Sentenças Judiciais,2026,1363102520254010000,FUNDEF/Fundo de Manutenção e Desenvolvimento do Ensino Fundamental e,1044686858,NAO_IDENTIFICADO,PENDENTE,,,0136310-25.2025.4.01.9198,,,UO generica EFU - sem CNPJ especifico para busca,NAO_TESTADO,0806822,Tribunal Regional Federal da 1a. Região,"2003-12-03 00:00:00,000","2025-03-31 00:00:00,000",41,Não,33909100,10353638.33,10680023.421620805,Fundef,21,20 anos ou mais,OCC,Acima de R$ 10 milhões e até R$ 100 milhões,MATCH_VALOR_-4.1%
12102,TRF - 1a. Região,71103,EFU - Sentenças Judiciais,2026,1248755420254010000,Reajuste da Tabela do SUS - Saúde - Serviços - Administrativo,962822245,NAO_IDENTIFICADO,PENDENTE,,,0124875-54.2025.4.01.9198,,,UO generica EFU - sem CNPJ especifico para busca,NAO_TESTADO,0804535,Tribunal Regional Federal da 1a. Região,"2021-03-25 00:00:00,000","2025-03-27 00:00:00,000",21,Não,33909100,9820799.52,10130387.555525359,Não Fundef,4,Até 5 anos,OCC,Acima de R$ 10 milhões e até R$ 100 milhões,MATCH_VALOR_-3.0%
12102,TRF - 1a. Região,71103,EFU - Sentenças Judiciais,2026,1346023720254010000,FUNDEF/Fundo de Manutenção e Desenvolvimento do Ensino Fundamental e,904279181,NAO_IDENTIFICADO,PENDENTE,,,0134602-37.2025.4.01.9198,,,UO generica EFU - sem CNPJ especifico para busca,NAO_TESTADO,0923744,Tribunal Regional Federal da 5a. Região,"2010-05-05 00:00:00,000","2025-04-01 00:00:00,000",41,Não,33909100,9024388.58,9308870.7880534325,Fundef,14,De 10 até 15 anos,OCC,Acima de R$ 1 milhão e até R$ 10 milhões,MATCH_VALOR_-4.8%
10101,Supremo Tribunal Federal,71103,EFU - Sentenças Judiciais,2025,07,COMUM - FUNDEF,561755825,NAO_IDENTIFICADO,PENDENTE,,,,,,UO generica EFU - sem CNPJ especifico para busca,NAO_TESTADO,0875177,Tribunal Regional Federal da 3a. Região,"2019-03-19 00:00:00,000","2024-11-07 00:00:00,000",11,Não,31909100,5604866.87,5781553.0675067045,Não Fundef,5,De 5 até 10 anos,Pessoal,Acima de R$ 1 milhão e até R$ 10 milhões,MATCH_VALOR_0.2%
12102,TRF - 1a. Região,71103,EFU - Sentenças Judiciais,2026,7617735120244010000,Desapropriação Indireta - Intervenção na Propriedade - Administrativo,504641115,NAO_IDENTIFICADO,PENDENTE,,,0761773-51.2024.4.01.9198,,,UO generica EFU - sem CNPJ especifico para busca,NAO_TESTADO,0884243,Tribunal Regional Federal da 4a. Região,"2023-07-17 00:00:00,000","2025-02-25 00:00:00,000",21,Sim,33909100,5047197.37,5206303.7559418911,Não Fundef,1,Até 5 anos,OCC,Acima de R$ 1 milhão e até R$ 10 milhões,MATCH_VALOR_0.0%
12102,TRF - 1a. Região,71103,EFU - Sentenças Judiciais,2026,1405566420254010000,Reajuste da Tabela do SUS - Saúde - Serviços - Administrativo,427737764,NAO_IDENTIFICADO,PENDENTE,,,0140556-64.2025.4.01.9198,,,UO generica EFU - sem CNPJ especifico para busca,NAO_TESTADO,0808942,Tribunal Regional Federal da 1a. Região,"2019-02-27 00:00:00,000","2025-03-31 00:00:00,000",21,Não,33909100,44010906.4,45398293.44789958,Não Fundef,6,De 5 até 10 anos,OCC,Acima de R$ 10 milhões e até R$ 100 milhões,MATCH_VALOR_-2.1%
12102,TRF - 1a. Região,71103,EFU - Sentenças Judiciais,2026,1324484620254010000,Reajuste da tabela do SUS,417703071,NAO_IDENTIFICADO,PENDENTE,,,0132448-46.2025.4.01.9198,,,UO generica EFU - sem CNPJ especifico para busca,NAO_TESTADO,0814574,Tribunal Regional Federal da 1a. Região,"2019-02-26 00:00:00,000","2024-05-07 00:00:00,000",21,Não,33909100,3969296.59,4094423.5444005113,Não Fundef,5,De 5 até 10 anos,OCC,Acima de R$ 1 milhão e até R$ 10 milhões,MATCH_VALOR_-0.0%
12102,TRF - 1a. Região,71103,EFU - Sentenças Judiciais,2026,1405574920254010000,Reajuste da Tabela do SUS - Saúde - Serviços - Administrativo,370749594,NAO_IDENTIFICADO,PENDENTE,,,0140557-49.2025.4.01.9198,,,UO generica EFU - sem CNPJ especifico para busca,NAO_TESTADO,0809518,Tribunal Regional Federal da 1a. Região,"2000-03-22 00:00:00,000","2025-03-31 00:00:00,000",21,Não,33909100,3651754.09,3766870.9267343674,Não Fundef,25,20 anos ou mais,OCC,Acima de R$ 1 milhão e até R$ 10 milhões,MATCH_VALOR_-3.5%
12102,TRF - 1a. Região,71103,EFU - Sentenças Judiciais,2026,7617752120244010000,Desapropriação Indireta - Intervenção na Propriedade - Administrativo,334664975,NAO_IDENTIFICADO,PENDENTE,,,0761775-21.2024.4.01.9198,,,UO generica EFU - sem CNPJ especifico para busca,NAO_TESTADO,0934995,Tribunal Regional Federal da 6ª Região,"1995-09-12 00:00:00,000","2025-03-28 00:00:00,000",31,Não,45909100,3425462.51,3533445.7966027861,Não Fundef,29,20 anos ou mais,OCC,Acima de R$ 1 milhão e até R$ 10 milhões,MATCH_VALOR_-2.6%
12102,TRF - 1a. Região,71103,EFU - Sentenças Judiciais,2026,1019341320254010000,FUNDEF/Fundo de Manutenção e Desenvolvimento do Ensino Fundamental e,318972544,NAO_IDENTIFICADO,PENDENTE,,,0101934-13.2025.4.01.9198,,,UO generica EFU - sem CNPJ especifico para busca,NAO_TESTADO,0807588,Tribunal Regional Federal da 1a. Região,"1999-10-01 00:00:00,000","2025-03-31 00:00:00,000",41,Não,33909100,32092374.2,33104044.895821586,Fundef,25,20 anos ou mais,OCC,Acima de R$ 10 milhões e até R$ 100 milhões,MATCH_VALOR_-4.4%
12102,TRF - 1a. Região,71103,EFU - Sentenças Judiciais,2026,1648499820254010000,FUNDEF/Fundo de Manutenção e Desenvolvimento do Ensino Fundamental e,309890303,NAO_IDENTIFICADO,PENDENTE,,,0164849-98.2025.4.01.9198,,,UO generica EFU - sem CNPJ especifico para busca,NAO_TESTADO,0810544,Tribunal Regional Federal da 1a. Região,"2003-07-15 00:00:00,000","2025-04-01 00:00:00,000",41,Não,33909100,3102369.42,3200167.6137474421,Fundef,21,20 anos ou mais,OCC,Acima de R$ 1 milhão e até R$ 10 milhões,MATCH_VALOR_-4.9%
12102,TRF - 1a. Região,71103,EFU - Sentenças Judiciais,2026,1683185520254010000,Reajuste da Tabela do SUS - Saúde - Serviços - Administrativo,305531362,NAO_IDENTIFICADO,PENDENTE,,,0168318-55.2025.4.01.9198,,,UO generica EFU - sem CNPJ especifico para busca,NAO_TESTADO,0809159,Tribunal Regional Federal da 1a. Região,"1999-07-30 00:00:00,000","2025-03-31 00:00:00,000",21,Não,33909100,2937432.75,3030031.528002583,Não Fundef,25,20 anos ou mais,OCC,Acima de R$ 1 milhão e até R$ 10 milhões,MATCH_VALOR_-1.1%
12102,TRF - 1a. Região,71103,EFU - Sentenças Judiciais,2026,7726418820244010000,AFRMM/Adicional ao Frete para Renovação da Marinha Mercante - Contribuições,301565843,NAO_IDENTIFICADO,PENDENTE,,,0772641-88.2024.4.01.9198,,,UO generica EFU - sem CNPJ especifico para busca,NAO_TESTADO,0812302,Tribunal Regional Federal da 1a. Região,"2021-08-31 00:00:00,000","2025-04-02 00:00:00,000",21,Sim,33909100,3015947.32,3111021.16853395,Não Fundef,3,Até 5 anos,OCC,Acima de R$ 1 milhão e até R$ 10 milhões,MATCH_VALOR_0.0%
12102,TRF - 1a. Região,71103,EFU - Sentenças Judiciais,2026,2794748220244010000,Reajuste da Tabela do SUS - Saúde - Serviços - Administrativo,297752288,NAO_IDENTIFICADO,PENDENTE,,,0279474-82.2024.4.01.9198,,,UO generica EFU - sem CNPJ especifico para busca,NAO_TESTADO,0809159,Tribunal Regional Federal da 1a. Região,"1999-07-30 00:00:00,000","2025-03-31 00:00:00,000",21,Não,33909100,2937432.75,3030031.528002583,Não Fundef,25,20 anos ou mais,OCC,Acima de R$ 1 milhão e até R$ 10 milhões,MATCH_VALOR_-3.7%
12102,TRF - 1a. Região,71103,EFU - Sentenças Judiciais,2026,7617743620244010000,Desapropriação Indireta - Intervenção na Propriedade - Administrativo,289060389,NAO_IDENTIFICADO,PENDENTE,,,0761774-36.2024.4.01.9198,,,UO generica EFU - sem CNPJ especifico para busca,NAO_TESTADO,0932588,Tribunal Regional Federal da 6ª Região,"2006-12-27 00:00:00,000","2024-09-09 00:00:00,000",31,Não,45909100,2942772.89,3035540.0090270243,Não Fundef,17,De 15 até 20 anos,OCC,Acima de R$ 1 milhão e até R$ 10 milhões,MATCH_VALOR_-3.2%
12102,TRF - 1a. Região,71103,EFU - Sentenças Judiciais,2026,1684147020254010000,Reajuste da tabela do SUS,270653156,NAO_IDENTIFICADO,PENDENTE,,,0168414-70.2025.4.01.9198,,,UO generica EFU - sem CNPJ especifico para busca,NAO_TESTADO,0891580,Tribunal Regional Federal da 4a. Região,"2020-10-02 00:00:00,000","2025-03-28 00:00:00,000",21,Não,33909100,2698989.76,2784071.9303467027,Não Fundef,4,Até 5 anos,OCC,Acima de R$ 1 milhão e até R$ 10 milhões,MATCH_VALOR_0.3%
12102,TRF - 1a. Região,71103,EFU - Sentenças Judiciais,2026,1435410620254010000,Reajuste da tabela do SUS,261604944,NAO_IDENTIFICADO,PENDENTE,,,0143541-06.2025.4.01.9198,,,UO generica EFU - sem CNPJ especifico para busca,NAO_TESTADO,0899484,Tribunal Regional Federal da 4a. Região,"2022-10-07 00:00:00,000","2024-06-26 00:00:00,000",21,Sim,33909100,2617427.42,2699938.4427978676,Não Fundef,1,Até 5 anos,OCC,Acima de R$ 1 milhão e até R$ 10 milhões,MATCH_VALOR_0.1%
12102,TRF - 1a. Região,71103,EFU - Sentenças Judiciais,2026,1477537020254010000,Desapropriação Indireta - Intervenção na Propriedade - Administrativo,210284639,NAO_IDENTIFICADO,PENDENTE,,,0147753-70.2025.4.01.9198,,,UO generica EFU - sem CNPJ especifico para busca,NAO_TESTADO,0832643,Tribunal Regional Federal da 2a. Região,"2010-07-12 00:00:00,000","2025-03-13 00:00:00,000",21,Sim,33909100,2101740.48,2167995.1372773666,Não Fundef,14,De 10 até 15 anos,OCC,Acima de R$ 1 milhão e até R$ 10 milhões,MATCH_VALOR_0.1%
12102,TRF - 1a. Região,71103,EFU - Sentenças Judiciais,2026,532704820254019000,Entidades sem Fins Lucrativos - Imunidade Tributária - Limitações ao Poder de Tributar,208453952,NAO_IDENTIFICADO,PENDENTE,,,0053270-48.2025.4.01.9198,,,UO generica EFU - sem CNPJ especifico para busca,NAO_TESTADO,0892833,Tribunal Regional Federal da 4a. Região,"2007-04-02 00:00:00,000","2025-03-31 00:00:00,000",11,Não,31909100,2083874.11,2149565.5530116637,Não Fundef,17,De 15 até 20 anos,Pessoal,Acima de R$ 1 milhão e até R$ 10 milhões,MATCH_VALOR_0.0%
12102,TRF - 1a. Região,71103,EFU - Sentenças Judiciais,2026,1600050820254010000,FUNDEF/Fundo de Manutenção e Desenvolvimento do Ensino Fundamental e,206645758,NAO_IDENTIFICADO,PENDENTE,,,0160005-08.2025.4.01.9198,,,UO generica EFU - sem CNPJ especifico para busca,NAO_TESTADO,0806486,Tribunal Regional Federal da 1a. Região,"2018-10-17 00:00:00,000","2025-03-29 00:00:00,000",41,Não,33909100,20698212.6,21350697.050443221,Fundef,6,De 5 até 10 anos,OCC,Acima de R$ 10 milhões e até R$ 100 milhões,MATCH_VALOR_-4.8%
12102,TRF - 1a. Região,71103,EFU - Sentenças Judiciais,2026,1145900220254010000,IPI/ Imposto sobre Produtos Industrializados - Impostos - Direito Tributário,200529000,NAO_IDENTIFICADO,PENDENTE,,,0114590-02.2025.4.01.9198,,,UO generica EFU - sem CNPJ especifico para busca,NAO_TESTADO,0807343,Tribunal Regional Federal da 1a. Região,"1997-12-04 00:00:00,000","2025-03-31 00:00:00,000",11,Não,31909100,2007146.67,2070419.3794480558,Não Fundef,27,20 anos ou mais,Pessoal,Acima de R$ 1 milhão e até R$ 10 milhões,MATCH_VALOR_0.1%
12102,TRF - 1a. Região,71103,EFU - Sentenças Judiciais,2026,1361916420254010000,Reajuste da tabela do SUS,188959461,NAO_IDENTIFICADO,PENDENTE,,,0136191-64.2025.4.01.9198,,,UO generica EFU - sem CNPJ especifico para busca,NAO_TESTADO,0842379,Tribunal Regional Federal da 3a. Região,"2016-01-08 00:00:00,000","2025-02-06 00:00:00,000",12,Não,33909100,1889593.41,1949160.4045763807,Não Fundef,9,De 5 até 10 anos,OCC,Acima de R$ 1 milhão e até R$ 10 milhões,MATCH_VALOR_0.0%
12102,TRF - 1a. Região,71103,EFU - Sentenças Judiciais,2026,1683055620254010000,Reajuste da Tabela do SUS - Saúde - Serviços - Administrativo,181941856,NAO_IDENTIFICADO,PENDENTE,,,0168305-56.2025.4.01.9198,,,UO generica EFU - sem CNPJ especifico para busca,NAO_TESTADO,0807680,Tribunal Regional Federal da 1a. Região,"2007-06-15 00:00:00,000","2025-03-31 00:00:00,000",11,Não,31909100,1819919.55,1877290.1660227876,Não Fundef,17,De 15 até 20 anos,Pessoal,Acima de R$ 1 milhão e até R$ 10 milhões,MATCH_VALOR_0.0%
12102,TRF - 1a. Região,71103,EFU - Sentenças Judiciais,2026,1668549320254010000,Reajuste da Tabela do SUS - Saúde - Serviços - Administrativo,179240901,NAO_IDENTIFICADO,PENDENTE,,,0166854-93.2025.4.01.9198,,,UO generica EFU - sem CNPJ especifico para busca,NAO_TESTADO,0889394,Tribunal Regional Federal da 4a. Região,"2006-08-29 00:00:00,000","2025-03-25 00:00:00,000",11,Não,31909100,1793665.75,1850208.7488465563,Não Fundef,18,De 15 até 20 anos,Pessoal,Acima de R$ 1 milhão e até R$ 10 milhões,MATCH_VALOR_0.1%
12102,TRF - 1a. Região,71103,EFU - Sentenças Judiciais,2026,328034820254019000,1/3 de férias - Contribuições Previdenciárias - Contribuições - Direito Tributário,167034734,NAO_IDENTIFICADO,PENDENTE,,,0032803-48.2025.4.01.9198,,,UO generica EFU - sem CNPJ especifico para busca,NAO_TESTADO,0813353,Tribunal Regional Federal da 1a. Região,"2022-03-21 00:00:00,000","2025-04-02 00:00:00,000",12,Não,33909100,1668871.48,1721480.5004759112,Não Fundef,3,Até 5 anos,OCC,Acima de R$ 1 milhão e até R$ 10 milhões,MATCH_VALOR_0.1%
12102,TRF - 1a. Região,71103,EFU - Sentenças Judiciais,2026,1543392620254010000,FUNDEF/Fundo de Manutenção e Desenvolvimento do Ensino Fundamental e,165702220,NAO_IDENTIFICADO,PENDENTE,,,0154339-26.2025.4.01.9198,,,UO generica EFU - sem CNPJ especifico para busca,NAO_TESTADO,0924277,Tribunal Regional Federal da 5a. Região,"2015-03-27 00:00:00,000","2025-04-02 00:00:00,000",41,Não,33909100,1712026.01,1765995.421362571,Fundef,10,De 10 até 15 anos,OCC,Acima de R$ 1 milhão e até R$ 10 milhões,MATCH_VALOR_-1.7%
12102,TRF - 1a. Região,71103,EFU - Sentenças Judiciais,2026,1245256620254010000,Reajuste da tabela do SUS,165325318,NAO_IDENTIFICADO,PENDENTE,,,0124525-66.2025.4.01.9198,,,UO generica EFU - sem CNPJ especifico para busca,NAO_TESTADO,0810031,Tribunal Regional Federal da 1a. Região,"2006-09-05 00:00:00,000","2025-04-01 00:00:00,000",12,Não,33909100,1653012.02,1705121.0914589402,Não Fundef,18,De 15 até 20 anos,OCC,Acima de R$ 1 milhão e até R$ 10 milhões,MATCH_VALOR_0.0%
12102,TRF - 1a. Região,71103,EFU - Sentenças Judiciais,2026,1646411720254010000,Princípio da Seletividade,163068757,NAO_IDENTIFICADO,PENDENTE,,,0164641-17.2025.4.01.9198,,,UO generica EFU - sem CNPJ especifico para busca,NAO_TESTADO,0924557,Tribunal Regional Federal da 5a. Região,"2010-01-22 00:00:00,000","2024-05-20 00:00:00,000",21,Sim,33909100,1631313.73,1682738.7908586138,Não Fundef,14,De 10 até 15 anos,OCC,Acima de R$ 1 milhão e até R$ 10 milhões,MATCH_VALOR_0.0%
12102,TRF - 1a. Região,71103,EFU - Sentenças Judiciais,2026,1646819620254010000,Reajuste da Tabela do SUS - Saúde - Serviços - Administrativo,162403039,NAO_IDENTIFICADO,PENDENTE,,,0164681-96.2025.4.01.9198,,,UO generica EFU - sem CNPJ especifico para busca,NAO_TESTADO,0938171,Tribunal Regional Federal da 6ª Região,"1992-07-16 00:00:00,000","2025-04-02 00:00:00,000",21,Não,33909100,1625245.74,1676479.5153018869,Não Fundef,32,20 anos ou mais,OCC,Acima de R$ 1 milhão e até R$ 10 milhões,MATCH_VALOR_0.1%
12102,TRF - 1a. Região,71103,EFU - Sentenças Judiciais,2026,1683177020254010000,FUNDEF/Fundo de Manutenção e Desenvolvimento do Ensino Fundamental e,161088822,NAO_IDENTIFICADO,PENDENTE,,,0168317-70.2025.4.01.9198,,,UO generica EFU - sem CNPJ especifico para busca,NAO_TESTADO,0919867,Tribunal Regional Federal da 5a. Região,"2003-11-03 00:00:00,000","2025-03-25 00:00:00,000",41,Não,33909100,1567438.54,1616850.0178961842,Fundef,21,20 anos ou mais,OCC,Acima de R$ 1 milhão e até R$ 10 milhões,MATCH_VALOR_-2.3%
12102,TRF - 1a. Região,71103,EFU - Sentenças Judiciais,2026,1668531120254010000,Reajuste da Tabela do SUS - Saúde - Serviços - Administrativo,158092724,NAO_IDENTIFICADO,PENDENTE,,,0166853-11.2025.4.01.9198,,,UO generica EFU - sem CNPJ especifico para busca,NAO_TESTADO,0795528,Superior Tribunal de Justiça,"2005-03-31 00:00:00,000","2025-02-27 00:00:00,000",21,Não,33909100,1580810.58,1630643.5942065567,Não Fundef,19,De 15 até 20 anos,OCC,Acima de R$ 1 milhão e até R$ 10 milhões,MATCH_VALOR_0.0%
12102,TRF - 1a. Região,71103,EFU - Sentenças Judiciais,2026,1662079820254010000,Reajuste da Tabela do SUS - Saúde - Serviços - Administrativo,156054760,NAO_IDENTIFICADO,PENDENTE,,,0166207-98.2025.4.01.9198,,,UO generica EFU - sem CNPJ especifico para busca,NAO_TESTADO,0926510,Tribunal Regional Federal da 5a. Região,"2018-03-13 00:00:00,000","2024-09-27 00:00:00,000",11,Não,31909100,1560584.22,1609779.6243006138,Não Fundef,6,De 5 até 10 anos,Pessoal,Acima de R$ 1 milhão e até R$ 10 milhões,MATCH_VALOR_0.0%
12102,TRF - 1a. Região,71103,EFU - Sentenças Judiciais,2026,1324476120254010000,Reajuste da tabela do SUS,145082360,NAO_IDENTIFICADO,PENDENTE,,,0132447-61.2025.4.01.9198,,,UO generica EFU - sem CNPJ especifico para busca,NAO_TESTADO,0841937,Tribunal Regional Federal da 3a. Região,"2016-11-30 00:00:00,000","2025-02-04 00:00:00,000",12,Não,33909100,1449006.88,1494684.952597691,Não Fundef,8,De 5 até 10 anos,OCC,Acima de R$ 1 milhão e até R$ 10 milhões,MATCH_VALOR_0.1%
12102,TRF - 1a. Região,71103,EFU - Sentenças Judiciais,2026,1186051420254010000,FUNDEF/Fundo de Manutenção e Desenvolvimento do Ensino Fundamental e,142961388,NAO_IDENTIFICADO,PENDENTE,,,0118605-14.2025.4.01.9198,,,UO generica EFU - sem CNPJ especifico para busca,NAO_TESTADO,0921023,Tribunal Regional Federal da 5a. Região,"2009-02-10 00:00:00,000","2025-03-28 00:00:00,000",41,Não,33909100,1470621.29,1516980.728989227,Fundef,16,De 15 até 20 anos,OCC,Acima de R$ 1 milhão e até R$ 10 milhões,MATCH_VALOR_-2.1%
12102,TRF - 1a. Região,71103,EFU - Sentenças Judiciais,2026,1092983620254010000,EXCLUSÃO DE ICMS - BASE DE CÁLCULO - CRÉDITO TRIBUTÁRIO,142461836,NAO_IDENTIFICADO,PENDENTE,,,0109298-36.2025.4.01.9198,,,UO generica EFU - sem CNPJ especifico para busca,NAO_TESTADO,0922097,Tribunal Regional Federal da 5a. Região,"2016-10-06 00:00:00,000","2025-03-31 00:00:00,000",21,Sim,33909100,1356289.42,1399044.694281541,Não Fundef,8,De 5 até 10 anos,OCC,Acima de R$ 1 milhão e até R$ 10 milhões,MATCH_VALOR_-0.2%
12102,TRF - 1a. Região,71103,EFU - Sentenças Judiciais,2026,948436620254019000,Reajuste da tabela do SUS,140780805,NAO_IDENTIFICADO,PENDENTE,,,0094843-66.2025.4.01.9198,,,UO generica EFU - sem CNPJ especifico para busca,NAO_TESTADO,0845296,Tribunal Regional Federal da 3a. Região,"2004-08-20 00:00:00,000","2025-02-26 00:00:00,000",21,Não,33909100,1407670.32,1452045.3108700055,Não Fundef,20,20 anos ou mais,OCC,Acima de R$ 1 milhão e até R$ 10 milhões,MATCH_VALOR_0.0%
12102,TRF - 1a. Região,71103,EFU - Sentenças Judiciais,2026,1670896020254010000,IPI/ Imposto sobre Produtos Industrializados - Impostos - Direito Tributário,140053569,NAO_IDENTIFICADO,PENDENTE,,,0167089-60.2025.4.01.9198,,,UO generica EFU - sem CNPJ especifico para busca,NAO_TESTADO,0807930,Tribunal Regional Federal da 1a. Região,"1986-06-23 00:00:00,000","2025-03-31 00:00:00,000",21,Sim,33909100,1382577.76,1426161.7402867142,Não Fundef,38,20 anos ou mais,OCC,Acima de R$ 1 milhão e até R$ 10 milhões,MATCH_VALOR_-3.7%
12102,TRF - 1a. Região,71103,EFU - Sentenças Judiciais,2026,1646403220254010000,Reajuste da Tabela do SUS - Saúde - Serviços - Administrativo,138998141,NAO_IDENTIFICADO,PENDENTE,,,0164640-32.2025.4.01.9198,,,UO generica EFU - sem CNPJ especifico para busca,NAO_TESTADO,0800034,Tribunal Regional Federal da 1a. Região,"2022-03-31 00:00:00,000","2025-03-10 00:00:00,000",21,Não,33909100,1320623.64,1362254.596577754,Não Fundef,2,Até 5 anos,OCC,Acima de R$ 1 milhão e até R$ 10 milhões,MATCH_VALOR_-0.0%
12102,TRF - 1a. Região,71103,EFU - Sentenças Judiciais,2026,1668505620254010000,Reajuste da Tabela do SUS - Saúde - Serviços - Administrativo,135848606,NAO_IDENTIFICADO,PENDENTE,,,0166850-56.2025.4.01.9198,,,UO generica EFU - sem CNPJ especifico para busca,NAO_TESTADO,0800034,Tribunal Regional Federal da 1a. Região,"2022-03-31 00:00:00,000","2025-03-10 00:00:00,000",21,Não,33909100,1320623.64,1362254.596577754,Não Fundef,2,Até 5 anos,OCC,Acima de R$ 1 milhão e até R$ 10 milhões,MATCH_VALOR_-2.2%
12102,TRF - 1a. Região,71103,EFU - Sentenças Judiciais,2026,1662088320254010000,FUNDEF/Fundo de Manutenção e Desenvolvimento do Ensino Fundamental e,132517798,NAO_IDENTIFICADO,PENDENTE,,,0166208-83.2025.4.01.9198,,,UO generica EFU - sem CNPJ especifico para busca,NAO_TESTADO,0801066,Tribunal Regional Federal da 1a. Região,"2006-03-15 00:00:00,000","2025-03-17 00:00:00,000",41,Não,33909100,1278831.16,1319144.662560229,Fundef,19,De 15 até 20 anos,OCC,Acima de R$ 1 milhão e até R$ 10 milhões,MATCH_VALOR_-1.5%
12102,TRF - 1a. Região,49201,INCRA,2026,1344378720254010000,Desapropriação por Interesse Social para Reforma Agrária - Intervenção do Estado na,130604993,NAO_IDENTIFICADO,PENDENTE,,,0134437-87.2025.4.01.9198,,00375972000160,Precatorio de 2025 mas PRC extraidos ate 2022 - nao sincronizado no TRF1 publico,TRF1,0812233,Tribunal Regional Federal da 1a. Região,"1994-10-20 00:00:00,000","2025-04-02 00:00:00,000",39,Não,45909100,1304448.02,1345569.061024646,Não Fundef,30,20 anos ou mais,OCC,Acima de R$ 1 milhão e até R$ 10 milhões,MATCH_VALOR_-4.9%
12102,TRF - 1a. Região,71103,EFU - Sentenças Judiciais,2026,1681323220254010000,IPI/ Imposto sobre Produtos Industrializados - Impostos - Direito Tributário,126740316,NAO_IDENTIFICADO,PENDENTE,,,0168132-32.2025.4.01.9198,,,UO generica EFU - sem CNPJ especifico para busca,NAO_TESTADO,0886329,Tribunal Regional Federal da 4a. Região,"2020-05-20 00:00:00,000","2025-03-10 00:00:00,000",21,Sim,33909100,1280671.53,1321043.0478503059,Não Fundef,4,Até 5 anos,OCC,Acima de R$ 1 milhão e até R$ 10 milhões,MATCH_VALOR_-4.0%
12102,TRF - 1a. Região,71103,EFU - Sentenças Judiciais,2026,1289045020254010000,FUNDEF/Fundo de Manutenção e Desenvolvimento do Ensino Fundamental e,122800919,NAO_IDENTIFICADO,PENDENTE,,,0128904-50.2025.4.01.9198,,,UO generica EFU - sem CNPJ especifico para busca,NAO_TESTADO,0803248,Tribunal Regional Federal da 1a. Região,"1999-10-15 00:00:00,000","2025-03-25 00:00:00,000",41,Não,33909100,1234472.72,1273387.8799639258,Fundef,25,20 anos ou mais,OCC,Acima de R$ 1 milhão e até R$ 10 milhões,MATCH_VALOR_-4.5%
12102,TRF - 1a. Região,71103,EFU - Sentenças Judiciais,2026,1015496520254010000,FUNDEF/Fundo de Manutenção e Desenvolvimento do Ensino Fundamental e,122449648,NAO_IDENTIFICADO,PENDENTE,,,0101549-65.2025.4.01.9198,,,UO generica EFU - sem CNPJ especifico para busca,NAO_TESTADO,0803248,Tribunal Regional Federal da 1a. Região,"1999-10-15 00:00:00,000","2025-03-25 00:00:00,000",41,Não,33909100,1234472.72,1273387.8799639258,Fundef,25,20 anos ou mais,OCC,Acima de R$ 1 milhão e até R$ 10 milhões,MATCH_VALOR_-4.2%
12102,TRF - 1a. Região,71103,EFU - Sentenças Judiciais,2026,1668522620254010000,Reajuste da Tabela do SUS - Saúde - Serviços - Administrativo,120332955,NAO_IDENTIFICADO,PENDENTE,,,0166852-26.2025.4.01.9198,,,UO generica EFU - sem CNPJ especifico para busca,NAO_TESTADO,0826980,Tribunal Regional Federal da 2a. Região,"1989-06-26 00:00:00,000","2025-01-13 00:00:00,000",11,Não,31909100,1203611.59,1241553.8926531402,Não Fundef,35,20 anos ou mais,Pessoal,Acima de R$ 1 milhão e até R$ 10 milhões,MATCH_VALOR_0.0%
12102,TRF - 1a. Região,71103,EFU - Sentenças Judiciais,2026,1687386020254010000,Equilíbrio Financeiro - Contratos Administrativos - Direito Administrativo e outras,119179000,NAO_IDENTIFICADO,PENDENTE,,,0168738-60.2025.4.01.9198,,,UO generica EFU - sem CNPJ especifico para busca,NAO_TESTADO,0852624,Tribunal Regional Federal da 3a. Região,"2019-11-06 00:00:00,000","2025-03-26 00:00:00,000",12,Não,33909100,1191741.38,1229309.4895960789,Não Fundef,5,De 5 até 10 anos,OCC,Acima de R$ 1 milhão e até R$ 10 milhões,MATCH_VALOR_0.0%
12102,TRF - 1a. Região,71103,EFU - Sentenças Judiciais,2026,1545150520254010000,Reajuste da tabela do SUS,117872983,NAO_IDENTIFICADO,PENDENTE,,,0154515-05.2025.4.01.9198,,,UO generica EFU - sem CNPJ especifico para busca,NAO_TESTADO,0938948,Tribunal Regional do Trabalho da 1a. Região - Rio de Janeiro,"2017-11-07 00:00:00,000","2025-03-07 00:00:00,000",11,Não,31909100,1179215.19,1216388.4276157662,Não Fundef,7,De 5 até 10 anos,Pessoal,Acima de R$ 1 milhão e até R$ 10 milhões,MATCH_VALOR_0.0%
12102,TRF - 1a. Região,71103,EFU - Sentenças Judiciais,2026,1668514120254010000,Reajuste da Tabela do SUS - Saúde - Serviços - Administrativo,110795907,NAO_IDENTIFICADO,PENDENTE,,,0166851-41.2025.4.01.9198,,,UO generica EFU - sem CNPJ especifico para busca,NAO_TESTADO,0923237,Tribunal Regional Federal da 5a. Região,"2003-11-03 00:00:00,000","2025-04-01 00:00:00,000",41,Não,33909100,1107680.53,1142598.7297427016,Fundef,21,20 anos ou mais,OCC,Acima de R$ 1 milhão e até R$ 10 milhões,MATCH_VALOR_0.0%
12102,TRF - 1a. Região,71103,EFU - Sentenças Judiciais,2026,1248539320254010000,Reajuste da tabela do SUS,109959684,NAO_IDENTIFICADO,PENDENTE,,,0124853-93.2025.4.01.9198,,,UO generica EFU - sem CNPJ especifico para busca,NAO_TESTADO,0827796,Tribunal Regional Federal da 2a. Região,"2006-02-14 00:00:00,000","2025-02-07 00:00:00,000",11,Não,31909100,1099312.79,1133967.2075340219,Não Fundef,18,De 15 até 20 anos,Pessoal,Acima de R$ 1 milhão e até R$ 10 milhões,MATCH_VALOR_0.0%
12102,TRF - 1a. Região,71103,EFU - Sentenças Judiciais,2026,1325879520254010000,Incentivos fiscais - Crédito Tributário - Direito Tributário,103971017,NAO_IDENTIFICADO,PENDENTE,,,0132587-95.2025.4.01.9198,,,UO generica EFU - sem CNPJ especifico para busca,NAO_TESTADO,0920656,Tribunal Regional Federal da 5a. Região,"1997-09-25 00:00:00,000","2025-03-28 00:00:00,000",11,Não,31909100,1039694.77,1072469.8063638713,Não Fundef,27,20 anos ou mais,Pessoal,Acima de R$ 1 milhão e até R$ 10 milhões,MATCH_VALOR_0.0%
12102,TRF - 1a. Região,71103,EFU - Sentenças Judiciais,2026,1668497120254010000,FUNDEF/Fundo de Manutenção e Desenvolvimento do Ensino Fundamental e,99028489,NAO_IDENTIFICADO,PENDENTE,,,0166849-71.2025.4.01.9198,,,UO generica EFU - sem CNPJ especifico para busca,NAO_TESTADO,0920467,Tribunal Regional Federal da 5a. Região,"2003-11-03 00:00:00,000","2025-03-27 00:00:00,000",41,Não,33909100,9604468.2,9907236.6697410233,Fundef,21,20 anos ou mais,OCC,Acima de R$ 1 milhão e até R$ 10 milhões,MATCH_VALOR_-2.0%
12102,TRF - 1a. Região,71103,EFU - Sentenças Judiciais,2026,1152430420254010000,FUNDEF/Fundo de Manutenção e Desenvolvimento do Ensino Fundamental e,91790105,NAO_IDENTIFICADO,PENDENTE,,,0115243-04.2025.4.01.9198,,,UO generica EFU - sem CNPJ especifico para busca,NAO_TESTADO,0798052,Tribunal Regional Federal da 1a. Região,"2017-02-21 00:00:00,000","2025-02-18 00:00:00,000",41,Não,33909100,8786946.6,9063943.7559464462,Fundef,7,De 5 até 10 anos,OCC,Acima de R$ 1 milhão e até R$ 10 milhões,MATCH_VALOR_-0.7%
12102,TRF - 1a. Região,71103,EFU - Sentenças Judiciais,2026,5500658520244010000,Competência da Justiça Federal - Competência - Jurisdição e Competência - DIREITO,91601009,NAO_IDENTIFICADO,PENDENTE,,,0550065-85.2024.4.01.9198,,,UO generica EFU - sem CNPJ especifico para busca,NAO_TESTADO,0798052,Tribunal Regional Federal da 1a. Região,"2017-02-21 00:00:00,000","2025-02-18 00:00:00,000",41,Não,33909100,8786946.6,9063943.7559464462,Fundef,7,De 5 até 10 anos,OCC,Acima de R$ 1 milhão e até R$ 10 milhões,MATCH_VALOR_4.1%
12102,TRF - 1a. Região,71103,EFU - Sentenças Judiciais,2026,1649599720254010000,FUNDEF/Fundo de Manutenção e Desenvolvimento do Ensino Fundamental e,87571875,NAO_IDENTIFICADO,PENDENTE,,,0164959-97.2025.4.01.9198,,,UO generica EFU - sem CNPJ especifico para busca,NAO_TESTADO,0798052,Tribunal Regional Federal da 1a. Região,"2017-02-21 00:00:00,000","2025-02-18 00:00:00,000",41,Não,33909100,8786946.6,9063943.7559464462,Fundef,7,De 5 até 10 anos,OCC,Acima de R$ 1 milhão e até R$ 10 milhões,MATCH_VALOR_-4.7%
12102,TRF - 1a. Região,71103,EFU - Sentenças Judiciais,2026,180421220254019000,EXCLUSÃO DE ICMS - BASE DE CÁLCULO - CRÉDITO TRIBUTÁRIO,86518927,NAO_IDENTIFICADO,PENDENTE,,,0018042-12.2025.4.01.9198,,,UO generica EFU - sem CNPJ especifico para busca,NAO_TESTADO,0914409,Tribunal Regional Federal da 4a. Região,"2022-05-17 00:00:00,000","2024-11-29 00:00:00,000",21,Sim,33909100,8578566.1,8848994.32950564,Não Fundef,2,Até 5 anos,OCC,Acima de R$ 1 milhão e até R$ 10 milhões,MATCH_VALOR_0.8%
12102,TRF - 1a. Região,71103,EFU - Sentenças Judiciais,2026,1646663020254010000,FUNDEF/Fundo de Manutenção e Desenvolvimento do Ensino Fundamental e,86269765,NAO_IDENTIFICADO,PENDENTE,,,0164666-30.2025.4.01.9198,,,UO generica EFU - sem CNPJ especifico para busca,NAO_TESTADO,0798052,Tribunal Regional Federal da 1a. Região,"2017-02-21 00:00:00,000","2025-02-18 00:00:00,000",41,Não,33909100,8786946.6,9063943.7559464462,Fundef,7,De 5 até 10 anos,OCC,Acima de R$ 1 milhão e até R$ 10 milhões,MATCH_VALOR_-3.1%
12102,TRF - 1a. Região,71103,EFU - Sentenças Judiciais,2026,1651686620254010000,FUNDEF/Fundo de Manutenção e Desenvolvimento do Ensino Fundamental e,85987511,NAO_IDENTIFICADO,PENDENTE,,,0165168-66.2025.4.01.9198,,,UO generica EFU - sem CNPJ especifico para busca,NAO_TESTADO,0798052,Tribunal Regional Federal da 1a. Região,"2017-02-21 00:00:00,000","2025-02-18 00:00:00,000",41,Não,33909100,8786946.6,9063943.7559464462,Fundef,7,De 5 até 10 anos,OCC,Acima de R$ 1 milhão e até R$ 10 milhões,MATCH_VALOR_-2.8%
12102,TRF - 1a. Região,71103,EFU - Sentenças Judiciais,2026,180412720254019000,EXCLUSÃO DE ICMS - BASE DE CÁLCULO - CRÉDITO TRIBUTÁRIO,84132420,NAO_IDENTIFICADO,PENDENTE,,,0018041-27.2025.4.01.9198,,,UO generica EFU - sem CNPJ especifico para busca,NAO_TESTADO,0914409,Tribunal Regional Federal da 4a. Região,"2022-05-17 00:00:00,000","2024-11-29 00:00:00,000",21,Sim,33909100,8578566.1,8848994.32950564,Não Fundef,2,Até 5 anos,OCC,Acima de R$ 1 milhão e até R$ 10 milhões,MATCH_VALOR_2.0%
12102,TRF - 1a. Região,71103,EFU - Sentenças Judiciais,2026,4908602820244010000,MULTAS E DEMAIS SANÇÕES - DÍVIDA ATIVA NÃO-TRIBUTÁRIA,82535490,NAO_IDENTIFICADO,PENDENTE,,,0490860-28.2024.4.01.9198,,,UO generica EFU - sem CNPJ especifico para busca,NAO_TESTADO,0891852,Tribunal Regional Federal da 4a. Região,"2023-11-14 00:00:00,000","2025-03-31 00:00:00,000",21,Sim,33909100,8171549.7,8429147.2625679858,Não Fundef,1,Até 5 anos,OCC,Acima de R$ 1 milhão e até R$ 10 milhões,MATCH_VALOR_1.0%
12102,TRF - 1a. Região,71103,EFU - Sentenças Judiciais,2026,5500640320244010000,Competência da Justiça Federal - Competência - Jurisdição e Competência - DIREITO,81145838,NAO_IDENTIFICADO,PENDENTE,,,0550064-03.2024.4.01.9198,,,UO generica EFU - sem CNPJ especifico para busca,NAO_TESTADO,0891852,Tribunal Regional Federal da 4a. Região,"2023-11-14 00:00:00,000","2025-03-31 00:00:00,000",21,Sim,33909100,8171549.7,8429147.2625679858,Não Fundef,1,Até 5 anos,OCC,Acima de R$ 1 milhão e até R$ 10 milhões,MATCH_VALOR_0.7%
12102,TRF - 1a. Região,71103,EFU - Sentenças Judiciais,2026,1151763920254010000,FUNDEF/Fundo de Manutenção e Desenvolvimento do Ensino Fundamental e,74370547,NAO_IDENTIFICADO,PENDENTE,,,0115176-39.2025.4.01.9198,,,UO generica EFU - sem CNPJ especifico para busca,NAO_TESTADO,0807912,Tribunal Regional Federal da 1a. Região,"1986-06-09 00:00:00,000","2025-03-31 00:00:00,000",21,Não,33909100,7557924.3,7796178.1134416955,Não Fundef,38,20 anos ou mais,OCC,Acima de R$ 1 milhão e até R$ 10 milhões,MATCH_VALOR_1.6%
12102,TRF - 1a. Região,71103,EFU - Sentenças Judiciais,2026,5233397420244010000,FUNDEF/Fundo de Manutenção e Desenvolvimento do Ensino Fundamental e,73815684,NAO_IDENTIFICADO,PENDENTE,,,0523339-74.2024.4.01.9198,,,UO generica EFU - sem CNPJ especifico para busca,NAO_TESTADO,0807912,Tribunal Regional Federal da 1a. Região,"1986-06-09 00:00:00,000","2025-03-31 00:00:00,000",21,Não,33909100,7557924.3,7796178.1134416955,Não Fundef,38,20 anos ou mais,OCC,Acima de R$ 1 milhão e até R$ 10 milhões,MATCH_VALOR_2.4%
12102,TRF - 1a. Região,71103,EFU - Sentenças Judiciais,2026,5887688520244010000,Reajuste da Tabela do SUS - Saúde - Serviços - Administrativo,72922521,NAO_IDENTIFICADO,PENDENTE,,,0588768-85.2024.4.01.9198,,,UO generica EFU - sem CNPJ especifico para busca,NAO_TESTADO,0807912,Tribunal Regional Federal da 1a. Região,"1986-06-09 00:00:00,000","2025-03-31 00:00:00,000",21,Não,33909100,7557924.3,7796178.1134416955,Não Fundef,38,20 anos ou mais,OCC,Acima de R$ 1 milhão e até R$ 10 milhões,MATCH_VALOR_3.6%
12102,TRF - 1a. Região,71103,EFU - Sentenças Judiciais,2026,1331733520254010000,PIS - Contribuição Social - Contribuições - Direito Tributário,71595129,NAO_IDENTIFICADO,PENDENTE,,,0133173-35.2025.4.01.9198,,,UO generica EFU - sem CNPJ especifico para busca,NAO_TESTADO,0807912,Tribunal Regional Federal da 1a. Região,"1986-06-09 00:00:00,000","2025-03-31 00:00:00,000",21,Não,33909100,7557924.3,7796178.1134416955,Não Fundef,38,20 anos ou mais,OCC,Acima de R$ 1 milhão e até R$ 10 milhões,MATCH_VALOR_5.6%
12102,TRF - 1a. Região,71103,EFU - Sentenças Judiciais,2026,1671918220254010000,FUNDEF/Fundo de Manutenção e Desenvolvimento do Ensino Fundamental e,68399404,NAO_IDENTIFICADO,PENDENTE,,,0167191-82.2025.4.01.9198,,,UO generica EFU - sem CNPJ especifico para busca,NAO_TESTADO,0887848,Tribunal Regional Federal da 4a. Região,"2007-01-12 00:00:00,000","2025-03-19 00:00:00,000",21,Sim,33909100,6475219.8,6679342.7508243648,Não Fundef,18,De 15 até 20 anos,OCC,Acima de R$ 1 milhão e até R$ 10 milhões,MATCH_VALOR_5.3%
12102,TRF - 1a. Região,71103,EFU - Sentenças Judiciais,2026,1250842320254010000,Princípio da Seletividade,67358231,NAO_IDENTIFICADO,PENDENTE,,,0125084-23.2025.4.01.9198,,,UO generica EFU - sem CNPJ especifico para busca,NAO_TESTADO,0887848,Tribunal Regional Federal da 4a. Região,"2007-01-12 00:00:00,000","2025-03-19 00:00:00,000",21,Sim,33909100,6475219.8,6679342.7508243648,Não Fundef,18,De 15 até 20 anos,OCC,Acima de R$ 1 milhão e até R$ 10 milhões,MATCH_VALOR_3.9%
12102,TRF - 1a. Região,71103,EFU - Sentenças Judiciais,2026,1667579320254010000,FUNDEF/Fundo de Manutenção e Desenvolvimento do Ensino Fundamental e,65990331,NAO_IDENTIFICADO,PENDENTE,,,0166757-93.2025.4.01.9198,,,UO generica EFU - sem CNPJ especifico para busca,NAO_TESTADO,0887848,Tribunal Regional Federal da 4a. Região,"2007-01-12 00:00:00,000","2025-03-19 00:00:00,000",21,Sim,33909100,6475219.8,6679342.7508243648,Não Fundef,18,De 15 até 20 anos,OCC,Acima de R$ 1 milhão e até R$ 10 milhões,MATCH_VALOR_1.9%
12102,TRF - 1a. Região,71103,EFU - Sentenças Judiciais,2026,4451533720244010000,FUNDEF/Fundo de Manutenção e Desenvolvimento do Ensino Fundamental e,64736177,NAO_IDENTIFICADO,PENDENTE,,,0445153-37.2024.4.01.9198,,,UO generica EFU - sem CNPJ especifico para busca,NAO_TESTADO,0887848,Tribunal Regional Federal da 4a. Região,"2007-01-12 00:00:00,000","2025-03-19 00:00:00,000",21,Sim,33909100,6475219.8,6679342.7508243648,Não Fundef,18,De 15 até 20 anos,OCC,Acima de R$ 1 milhão e até R$ 10 milhões,MATCH_VALOR_0.0%
12102,TRF - 1a. Região,71103,EFU - Sentenças Judiciais,2026,1250833820254010000,FUNDEF/Fundo de Manutenção e Desenvolvimento do Ensino Fundamental e,62874635,NAO_IDENTIFICADO,PENDENTE,,,0125083-38.2025.4.01.9198,,,UO generica EFU - sem CNPJ especifico para busca,NAO_TESTADO,0839559,Tribunal Regional Federal da 2a. Região,"1991-03-25 00:00:00,000","2025-04-02 00:00:00,000",21,Sim,33909100,6240210.5,6436925.0858160965,Não Fundef,34,20 anos ou mais,OCC,Acima de R$ 1 milhão e até R$ 10 milhões,MATCH_VALOR_0.8%
12102,TRF - 1a. Região,71103,EFU - Sentenças Judiciais,2026,1252002920254010000,FUNDEF/Fundo de Manutenção e Desenvolvimento do Ensino Fundamental e,61710038,NAO_IDENTIFICADO,PENDENTE,,,0125200-29.2025.4.01.9198,,,UO generica EFU - sem CNPJ especifico para busca,NAO_TESTADO,0838501,Tribunal Regional Federal da 2a. Região,"1989-06-16 00:00:00,000","2025-04-01 00:00:00,000",11,Não,31909100,6223625.5,6419817.26508661,Não Fundef,35,20 anos ou mais,Pessoal,Acima de R$ 1 milhão e até R$ 10 milhões,MATCH_VALOR_0.9%
12102,TRF - 1a. Região,49201,INCRA,2026,1656329020254010000,Desapropriação - Intervenção na Propriedade - Administrativo,59514394,NAO_IDENTIFICADO,PENDENTE,,,0165632-90.2025.4.01.9198,,00375972000160,Precatorio de 2025 mas PRC extraidos ate 2022 - nao sincronizado no TRF1 publico,TRF1,0924002,Tribunal Regional Federal da 5a. Região,"2000-09-26 00:00:00,000","2025-04-02 00:00:00,000",21,Não,33909100,4799161.4,4950448.7719669556,Não Fundef,24,20 anos ou mais,OCC,Acima de R$ 1 milhão e até R$ 10 milhões,MATCH_APROX_14.4%
12102,TRF - 1a. Região,71103,EFU - Sentenças Judiciais,2026,1546779720254010000,Juros/Correção Monetária - Crédito Tributário - Direito Tributário,58365129,NAO_IDENTIFICADO,PENDENTE,,,0154677-97.2025.4.01.9198,,,UO generica EFU - sem CNPJ especifico para busca,NAO_TESTADO,0834341,Tribunal Regional Federal da 2a. Região,"2023-07-04 00:00:00,000","2024-09-23 00:00:00,000",12,Não,33909100,5962922.6,6150896.0424844222,Não Fundef,1,Até 5 anos,OCC,Acima de R$ 1 milhão e até R$ 10 milhões,MATCH_VALOR_2.2%
12102,TRF - 1a. Região,71103,EFU - Sentenças Judiciais,2026,1667457920254010000,FUNDEF/Fundo de Manutenção e Desenvolvimento do Ensino Fundamental e,58080658,NAO_IDENTIFICADO,PENDENTE,,,0166745-79.2025.4.01.9198,,,UO generica EFU - sem CNPJ especifico para busca,NAO_TESTADO,0810925,Tribunal Regional Federal da 1a. Região,"2003-02-04 00:00:00,000","2025-04-01 00:00:00,000",11,Não,31909100,5665444.9,5844040.7417536424,Não Fundef,22,20 anos ou mais,Pessoal,Acima de R$ 1 milhão e até R$ 10 milhões,MATCH_VALOR_2.5%
12102,TRF - 1a. Região,71103,EFU - Sentenças Judiciais,2026,6073053220244010000,Entidades sem Fins Lucrativos - Imunidade Tributária - Limitações ao Poder de Tributar,55546702,NAO_IDENTIFICADO,PENDENTE,,,0607305-32.2024.4.01.9198,,,UO generica EFU - sem CNPJ especifico para busca,NAO_TESTADO,0810925,Tribunal Regional Federal da 1a. Região,"2003-02-04 00:00:00,000","2025-04-01 00:00:00,000",11,Não,31909100,5665444.9,5844040.7417536424,Não Fundef,22,20 anos ou mais,Pessoal,Acima de R$ 1 milhão e até R$ 10 milhões,MATCH_VALOR_2.0%
12102,TRF - 1a. Região,71103,EFU - Sentenças Judiciais,2026,1683038620254010000,FUNDEF/Fundo de Manutenção e Desenvolvimento do Ensino Fundamental e,55202428,NAO_IDENTIFICADO,PENDENTE,,,0168303-86.2025.4.01.9198,,,UO generica EFU - sem CNPJ especifico para busca,NAO_TESTADO,0810546,Tribunal Regional Federal da 1a. Região,"2011-06-09 00:00:00,000","2025-04-01 00:00:00,000",41,Não,33909100,5178905.1,5342163.4022203125,Fundef,13,De 10 até 15 anos,OCC,Acima de R$ 1 milhão e até R$ 10 milhões,MATCH_VALOR_1.2%
12102,TRF - 1a. Região,71103,EFU - Sentenças Judiciais,2026,1151772420254010000,FUNDEF/Fundo de Manutenção e Desenvolvimento do Ensino Fundamental e,53453726,NAO_IDENTIFICADO,PENDENTE,,,0115177-24.2025.4.01.9198,,,UO generica EFU - sem CNPJ especifico para busca,NAO_TESTADO,0810546,Tribunal Regional Federal da 1a. Região,"2011-06-09 00:00:00,000","2025-04-01 00:00:00,000",41,Não,33909100,5178905.1,5342163.4022203125,Fundef,13,De 10 até 15 anos,OCC,Acima de R$ 1 milhão e até R$ 10 milhões,MATCH_VALOR_-1.9%
12102,TRF - 1a. Região,28233,SUFRAMA,2026,1477103620254010000,Taxa de Guia de Importação - Taxas Federais - Taxas - Direito Tributário,53295167,IDENTIFICADO_PRC,PRC,0147710-36.2025.4.01.9198,0000902-54.2001.4.01.3200/AM,0147710-36.2025.4.01.9198,prefix16_exato,04407029000143,,TRF1,0807080,Tribunal Regional Federal da 1a. Região,"2001-02-02 00:00:00,000","2025-03-31 00:00:00,000",12,Não,33909100,4386186.2,4524455.0615464617,Não Fundef,24,20 anos ou mais,OCC,Acima de R$ 1 milhão e até R$ 10 milhões,MATCH_APROX_17.7%
12102,TRF - 1a. Região,71103,EFU - Sentenças Judiciais,2026,7291919520244010000,PIS - Contribuição Social - Contribuições - Direito Tributário,52477730,NAO_IDENTIFICADO,PENDENTE,,,0729191-95.2024.4.01.9198,,,UO generica EFU - sem CNPJ especifico para busca,NAO_TESTADO,0810546,Tribunal Regional Federal da 1a. Região,"2011-06-09 00:00:00,000","2025-04-01 00:00:00,000",41,Não,33909100,5178905.1,5342163.4022203125,Fundef,13,De 10 até 15 anos,OCC,Acima de R$ 1 milhão e até R$ 10 milhões,MATCH_VALOR_1.3%
12102,TRF - 1a. Região,71103,EFU - Sentenças Judiciais,2026,1460804220254010000,PIS - Importação - Contribuição Social - Contribuições - Tributário - Direito Tributário,50266354,NAO_IDENTIFICADO,PENDENTE,,,0146080-42.2025.4.01.9198,,,UO generica EFU - sem CNPJ especifico para busca,NAO_TESTADO,0921402,Tribunal Regional Federal da 5a. Região,"2003-11-03 00:00:00,000","2025-03-31 00:00:00,000",41,Não,33909100,4999933.2,5157549.6439558808,Fundef,21,20 anos ou mais,OCC,Acima de R$ 1 milhão e até R$ 10 milhões,MATCH_VALOR_0.5%
12102,TRF - 1a. Região,71103,EFU - Sentenças Judiciais,2026,1476705420254010000,Cofins - Contribuição Social - Contribuições - Direito Tributário,47389952,NAO_IDENTIFICADO,PENDENTE,,,0147670-54.2025.4.01.9198,,,UO generica EFU - sem CNPJ especifico para busca,NAO_TESTADO,0920997,Tribunal Regional Federal da 5a. Região,"1993-08-17 00:00:00,000","2025-03-28 00:00:00,000",12,Não,33909100,4805177.2,4956654.21230126,Não Fundef,31,20 anos ou mais,OCC,Acima de R$ 1 milhão e até R$ 10 milhões,MATCH_VALOR_1.4%
12102,TRF - 1a. Região,71103,EFU - Sentenças Judiciais,2026,1611543920254010000,FUNDEF/Fundo de Manutenção e Desenvolvimento do Ensino Fundamental e,46600785,NAO_IDENTIFICADO,PENDENTE,,,0161154-39.2025.4.01.9198,,,UO generica EFU - sem CNPJ especifico para busca,NAO_TESTADO,0797488,Tribunal Regional Federal da 1a. Região,"2011-12-13 00:00:00,000","2025-02-07 00:00:00,000",12,Não,33909100,4553470.7,4697012.9896032484,Não Fundef,13,De 10 até 15 anos,OCC,Acima de R$ 1 milhão e até R$ 10 milhões,MATCH_VALOR_2.3%
12102,TRF - 1a. Região,71103,EFU - Sentenças Judiciais,2026,1324467620254010000,Entidades sem Fins Lucrativos - Imunidade Tributária - Limitações ao Poder de Tributar,44020553,NAO_IDENTIFICADO,PENDENTE,,,0132446-76.2025.4.01.9198,,,UO generica EFU - sem CNPJ especifico para busca,NAO_TESTADO,0812142,Tribunal Regional Federal da 1a. Região,"1998-05-12 00:00:00,000","2025-04-02 00:00:00,000",11,Não,31909100,4393012.4,4531496.4486953085,Não Fundef,26,20 anos ou mais,Pessoal,Acima de R$ 1 milhão e até R$ 10 milhões,MATCH_VALOR_0.2%
12102,TRF - 1a. Região,71103,EFU - Sentenças Judiciais,2026,1601298820254010000,Reajuste da Tabela do SUS - Saúde - Serviços - Administrativo,44010906,NAO_IDENTIFICADO,PENDENTE,,,0160129-88.2025.4.01.9198,,,UO generica EFU - sem CNPJ especifico para busca,NAO_TESTADO,0812142,Tribunal Regional Federal da 1a. Região,"1998-05-12 00:00:00,000","2025-04-02 00:00:00,000",11,Não,31909100,4393012.4,4531496.4486953085,Não Fundef,26,20 anos ou mais,Pessoal,Acima de R$ 1 milhão e até R$ 10 milhões,MATCH_VALOR_0.2%
12102,TRF - 1a. Região,71103,EFU - Sentenças Judiciais,2026,7332477420244010000,Crédito Presumido - Crédito Tributário - Direito Tributário,43901882,NAO_IDENTIFICADO,PENDENTE,,,0733247-74.2024.4.01.9198,,,UO generica EFU - sem CNPJ especifico para busca,NAO_TESTADO,0812142,Tribunal Regional Federal da 1a. Região,"1998-05-12 00:00:00,000","2025-04-02 00:00:00,000",11,Não,31909100,4393012.4,4531496.4486953085,Não Fundef,26,20 anos ou mais,Pessoal,Acima de R$ 1 milhão e até R$ 10 milhões,MATCH_VALOR_0.1%
12102,TRF - 1a. Região,71103,EFU - Sentenças Judiciais,2026,1251994420254010000,FUNDEF/Fundo de Manutenção e Desenvolvimento do Ensino Fundamental e,43874447,NAO_IDENTIFICADO,PENDENTE,,,0125199-44.2025.4.01.9198,,,UO generica EFU - sem CNPJ especifico para busca,NAO_TESTADO,0812142,Tribunal Regional Federal da 1a. Região,"1998-05-12 00:00:00,000","2025-04-02 00:00:00,000",11,Não,31909100,4393012.4,4531496.4486953085,Não Fundef,26,20 anos ou mais,Pessoal,Acima de R$ 1 milhão e até R$ 10 milhões,MATCH_VALOR_0.1%
12102,TRF - 1a. Região,71103,EFU - Sentenças Judiciais,2026,1469716320254010000,FUNDEF/Fundo de Manutenção e Desenvolvimento do Ensino Fundamental e,42575536,NAO_IDENTIFICADO,PENDENTE,,,0146971-63.2025.4.01.9198,,,UO generica EFU - sem CNPJ especifico para busca,NAO_TESTADO,0921819,Tribunal Regional Federal da 5a. Região,"2003-11-03 00:00:00,000","2025-03-31 00:00:00,000",41,Não,33909100,4129274.2,4259444.2421763167,Fundef,21,20 anos ou mais,OCC,Acima de R$ 1 milhão e até R$ 10 milhões,MATCH_VALOR_-2.0%
12102,TRF - 1a. Região,71103,EFU - Sentenças Judiciais,2026,1678153420254010000,FUNDEF/Fundo de Manutenção e Desenvolvimento do Ensino Fundamental e,42296068,NAO_IDENTIFICADO,PENDENTE,,,0167815-34.2025.4.01.9198,,,UO generica EFU - sem CNPJ especifico para busca,NAO_TESTADO,0921819,Tribunal Regional Federal da 5a. Região,"2003-11-03 00:00:00,000","2025-03-31 00:00:00,000",41,Não,33909100,4129274.2,4259444.2421763167,Fundef,21,20 anos ou mais,OCC,Acima de R$ 1 milhão e até R$ 10 milhões,MATCH_VALOR_-2.6%
12102,TRF - 1a. Região,71103,EFU - Sentenças Judiciais,2026,1649581520254010000,FUNDEF/Fundo de Manutenção e Desenvolvimento do Ensino Fundamental e,42043954,NAO_IDENTIFICADO,PENDENTE,,,0164958-15.2025.4.01.9198,,,UO generica EFU - sem CNPJ especifico para busca,NAO_TESTADO,0921819,Tribunal Regional Federal da 5a. Região,"2003-11-03 00:00:00,000","2025-03-31 00:00:00,000",41,Não,33909100,4129274.2,4259444.2421763167,Fundef,21,20 anos ou mais,OCC,Acima de R$ 1 milhão e até R$ 10 milhões,MATCH_VALOR_-3.2%
12102,TRF - 1a. Região,71103,EFU - Sentenças Judiciais,2026,1228532320254010000,Reajuste da tabela do SUS,41959927,NAO_IDENTIFICADO,PENDENTE,,,0122853-23.2025.4.01.9198,,,UO generica EFU - sem CNPJ especifico para busca,NAO_TESTADO,0797485,Tribunal Regional Federal da 1a. Região,"2011-12-13 00:00:00,000","2025-02-07 00:00:00,000",12,Não,33909100,4141945.5,4272514.98856218,Não Fundef,13,De 10 até 15 anos,OCC,Acima de R$ 1 milhão e até R$ 10 milhões,MATCH_VALOR_1.3%
12102,TRF - 1a. Região,71103,EFU - Sentenças Judiciais,2026,1664235920254010000,FUNDEF/Fundo de Manutenção e Desenvolvimento do Ensino Fundamental e,39855671,NAO_IDENTIFICADO,PENDENTE,,,0166423-59.2025.4.01.9198,,,UO generica EFU - sem CNPJ especifico para busca,NAO_TESTADO,0921819,Tribunal Regional Federal da 5a. Região,"2003-11-03 00:00:00,000","2025-03-31 00:00:00,000",41,Não,33909100,4129274.2,4259444.2421763167,Fundef,21,20 anos ou mais,OCC,Acima de R$ 1 milhão e até R$ 10 milhões,MATCH_VALOR_-1.4%
12102,TRF - 1a. Região,71103,EFU - Sentenças Judiciais,2026,1646394720254010000,FUNDEF/Fundo de Manutenção e Desenvolvimento do Ensino Fundamental e,39801325,NAO_IDENTIFICADO,PENDENTE,,,0164639-47.2025.4.01.9198,,,UO generica EFU - sem CNPJ especifico para busca,NAO_TESTADO,0921819,Tribunal Regional Federal da 5a. Região,"2003-11-03 00:00:00,000","2025-03-31 00:00:00,000",41,Não,33909100,4129274.2,4259444.2421763167,Fundef,21,20 anos ou mais,OCC,Acima de R$ 1 milhão e até R$ 10 milhões,MATCH_VALOR_-1.3%
12102,TRF - 1a. Região,71103,EFU - Sentenças Judiciais,2026,284653120254019000,Crédito Prêmio - Crédito Tributário - Direito Tributário,39668896,NAO_IDENTIFICADO,PENDENTE,,,0028465-31.2025.4.01.9198,,,UO generica EFU - sem CNPJ especifico para busca,NAO_TESTADO,0808218,Tribunal Regional Federal da 1a. Região,"1998-10-02 00:00:00,000","2025-03-31 00:00:00,000",21,Sim,33909100,4141543.7,4272100.5223355228,Não Fundef,26,20 anos ou mais,OCC,Acima de R$ 1 milhão e até R$ 10 milhões,MATCH_VALOR_-0.6%
12102,TRF - 1a. Região,71103,EFU - Sentenças Judiciais,2026,1093754520254010000,Crédito Prêmio - Crédito Tributário - Direito Tributário,39167309,NAO_IDENTIFICADO,PENDENTE,,,0109375-45.2025.4.01.9198,,,UO generica EFU - sem CNPJ especifico para busca,NAO_TESTADO,0809963,Tribunal Regional Federal da 1a. Região,"2000-02-29 00:00:00,000","2025-04-01 00:00:00,000",21,Não,33909100,3929059.2,4052917.7225890895,Não Fundef,25,20 anos ou mais,OCC,Acima de R$ 1 milhão e até R$ 10 milhões,MATCH_VALOR_0.3%
12102,TRF - 1a. Região,71103,EFU - Sentenças Judiciais,2026,1541747620254010000,FUNDEF/Fundo de Manutenção e Desenvolvimento do Ensino Fundamental e,39073243,NAO_IDENTIFICADO,PENDENTE,,,0154174-76.2025.4.01.9198,,,UO generica EFU - sem CNPJ especifico para busca,NAO_TESTADO,0797484,Tribunal Regional Federal da 1a. Região,"2011-12-13 00:00:00,000","2025-02-07 00:00:00,000",12,Não,33909100,3887226.2,4009765.9912308375,Não Fundef,13,De 10 até 15 anos,OCC,Acima de R$ 1 milhão e até R$ 10 milhões,MATCH_VALOR_0.5%
12102,TRF - 1a. Região,71103,EFU - Sentenças Judiciais,2026,1322241120254010000,FUNDEF/Fundo de Manutenção e Desenvolvimento do Ensino Fundamental e,37556953,NAO_IDENTIFICADO,PENDENTE,,,0132224-11.2025.4.01.9198,,,UO generica EFU - sem CNPJ especifico para busca,NAO_TESTADO,0809316,Tribunal Regional Federal da 1a. Região,"2007-06-22 00:00:00,000","2025-03-31 00:00:00,000",41,Não,33909100,3464076.1,3573276.630213995,Fundef,17,De 15 até 20 anos,OCC,Acima de R$ 1 milhão e até R$ 10 milhões,MATCH_VALOR_2.8%
12102,TRF - 1a. Região,71103,EFU - Sentenças Judiciais,2026,6153935920244010000,Desapropriação Indireta - Intervenção na Propriedade - Administrativo,37171690,NAO_IDENTIFICADO,PENDENTE,,,0615393-59.2024.4.01.9198,,,UO generica EFU - sem CNPJ especifico para busca,NAO_TESTADO,0854538,Tribunal Regional Federal da 3a. Região,"2017-03-14 00:00:00,000","2025-03-28 00:00:00,000",21,Sim,33909100,3639651.4,3754386.7150452174,Não Fundef,8,De 5 até 10 anos,OCC,Acima de R$ 1 milhão e até R$ 10 milhões,MATCH_VALOR_2.1%
12102,TRF - 1a. Região,71103,EFU - Sentenças Judiciais,2026,1252461820254010000,FUNDEF/Fundo de Manutenção e Desenvolvimento do Ensino Fundamental e,35895353,NAO_IDENTIFICADO,PENDENTE,,,0125246-18.2025.4.01.9198,,,UO generica EFU - sem CNPJ especifico para busca,NAO_TESTADO,0809316,Tribunal Regional Federal da 1a. Região,"2007-06-22 00:00:00,000","2025-03-31 00:00:00,000",41,Não,33909100,3464076.1,3573276.630213995,Fundef,17,De 15 até 20 anos,OCC,Acima de R$ 1 milhão e até R$ 10 milhões,MATCH_VALOR_-1.5%
12102,TRF - 1a. Região,71103,EFU - Sentenças Judiciais,2026,1661395120254010000,Cofins - Contribuição Social - Contribuições - Direito Tributário,35831770,NAO_IDENTIFICADO,PENDENTE,,,0166139-51.2025.4.01.9198,,,UO generica EFU - sem CNPJ especifico para busca,NAO_TESTADO,0854538,Tribunal Regional Federal da 3a. Região,"2017-03-14 00:00:00,000","2025-03-28 00:00:00,000",21,Sim,33909100,3639651.4,3754386.7150452174,Não Fundef,8,De 5 até 10 anos,OCC,Acima de R$ 1 milhão e até R$ 10 milhões,MATCH_VALOR_-3.4%
12102,TRF - 1a. Região,71103,EFU - Sentenças Judiciais,2026,1684008620254010000,Reajuste da tabela do SUS,35557015,NAO_IDENTIFICADO,PENDENTE,,,0168400-86.2025.4.01.9198,,,UO generica EFU - sem CNPJ especifico para busca,NAO_TESTADO,0854538,Tribunal Regional Federal da 3a. Região,"2017-03-14 00:00:00,000","2025-03-28 00:00:00,000",21,Sim,33909100,3639651.4,3754386.7150452174,Não Fundef,8,De 5 até 10 anos,OCC,Acima de R$ 1 milhão e até R$ 10 milhões,MATCH_VALOR_2.4%
12102,TRF - 1a. Região,71103,EFU - Sentenças Judiciais,2026,1406293620254010000,FUNDEF/Fundo de Manutenção e Desenvolvimento do Ensino Fundamental e,35270787,NAO_IDENTIFICADO,PENDENTE,,,0140629-36.2025.4.01.9198,,,UO generica EFU - sem CNPJ especifico para busca,NAO_TESTADO,0809316,Tribunal Regional Federal da 1a. Região,"2007-06-22 00:00:00,000","2025-03-31 00:00:00,000",41,Não,33909100,3464076.1,3573276.630213995,Fundef,17,De 15 até 20 anos,OCC,Acima de R$ 1 milhão e até R$ 10 milhões,MATCH_VALOR_-3.2%
12102,TRF - 1a. Região,71103,EFU - Sentenças Judiciais,2026,7617458320244010000,PIS - Contribuição Social - Contribuições - Direito Tributário,34830603,NAO_IDENTIFICADO,PENDENTE,,,0761745-83.2024.4.01.9198,,,UO generica EFU - sem CNPJ especifico para busca,NAO_TESTADO,0809316,Tribunal Regional Federal da 1a. Região,"2007-06-22 00:00:00,000","2025-03-31 00:00:00,000",41,Não,33909100,3464076.1,3573276.630213995,Fundef,17,De 15 até 20 anos,OCC,Acima de R$ 1 milhão e até R$ 10 milhões,MATCH_VALOR_0.5%
12102,TRF - 1a. Região,71103,EFU - Sentenças Judiciais,2026,1681314720254010000,Repetição de Indébito - Crédito Tributário - Direito Tributário,34313621,NAO_IDENTIFICADO,PENDENTE,,,0168131-47.2025.4.01.9198,,,UO generica EFU - sem CNPJ especifico para busca,NAO_TESTADO,0831920,Tribunal Regional Federal da 2a. Região,"1989-07-29 00:00:00,000","2024-08-16 00:00:00,000",21,Não,33909100,34345972,35428684.459208108,Não Fundef,35,20 anos ou mais,OCC,Acima de R$ 10 milhões e até R$ 100 milhões,MATCH_VALOR_0.1%
12102,TRF - 1a. Região,71103,EFU - Sentenças Judiciais,2026,1646801420254010000,FUNDEF/Fundo de Manutenção e Desenvolvimento do Ensino Fundamental e,34158178,NAO_IDENTIFICADO,PENDENTE,,,0164680-14.2025.4.01.9198,,,UO generica EFU - sem CNPJ especifico para busca,NAO_TESTADO,0809316,Tribunal Regional Federal da 1a. Região,"2007-06-22 00:00:00,000","2025-03-31 00:00:00,000",41,Não,33909100,3464076.1,3573276.630213995,Fundef,17,De 15 até 20 anos,OCC,Acima de R$ 1 milhão e até R$ 10 milhões,MATCH_VALOR_-3.6%
12102,TRF - 1a. Região,71103,EFU - Sentenças Judiciais,2026,1661386620254010000,Cofins - Contribuição Social - Contribuições - Direito Tributário,33945887,NAO_IDENTIFICADO,PENDENTE,,,0166138-66.2025.4.01.9198,,,UO generica EFU - sem CNPJ especifico para busca,NAO_TESTADO,0831920,Tribunal Regional Federal da 2a. Região,"1989-07-29 00:00:00,000","2024-08-16 00:00:00,000",21,Não,33909100,34345972,35428684.459208108,Não Fundef,35,20 anos ou mais,OCC,Acima de R$ 10 milhões e até R$ 100 milhões,MATCH_VALOR_1.2%
12102,TRF - 1a. Região,71103,EFU - Sentenças Judiciais,2026,1678040520254010000,FUNDEF/Fundo de Manutenção e Desenvolvimento do Ensino Fundamental e,33641409,NAO_IDENTIFICADO,PENDENTE,,,0167804-05.2025.4.01.9198,,,UO generica EFU - sem CNPJ especifico para busca,NAO_TESTADO,0809316,Tribunal Regional Federal da 1a. Região,"2007-06-22 00:00:00,000","2025-03-31 00:00:00,000",41,Não,33909100,3464076.1,3573276.630213995,Fundef,17,De 15 até 20 anos,OCC,Acima de R$ 1 milhão e até R$ 10 milhões,MATCH_VALOR_-2.0%
12102,TRF - 1a. Região,71103,EFU - Sentenças Judiciais,2026,273212220254019000,Contribuição INCRA - Contribuição Social - Contribuições - Direito Tributário,33453824,NAO_IDENTIFICADO,PENDENTE,,,0027321-22.2025.4.01.9198,,,UO generica EFU - sem CNPJ especifico para busca,NAO_TESTADO,0803879,Tribunal Regional Federal da 1a. Região,"2013-10-28 00:00:00,000","2025-03-26 00:00:00,000",21,Não,33909100,3297792.8,3401751.4636956081,Não Fundef,11,De 10 até 15 anos,OCC,Acima de R$ 1 milhão e até R$ 10 milhões,MATCH_VALOR_1.4%
12102,TRF - 1a. Região,71103,EFU - Sentenças Judiciais,2026,1601619320254010000,FUNDEF/Fundo de Manutenção e Desenvolvimento do Ensino Fundamental e,33155192,NAO_IDENTIFICADO,PENDENTE,,,0160161-93.2025.4.01.9198,,,UO generica EFU - sem CNPJ especifico para busca,NAO_TESTADO,0809316,Tribunal Regional Federal da 1a. Região,"2007-06-22 00:00:00,000","2025-03-31 00:00:00,000",41,Não,33909100,3464076.1,3573276.630213995,Fundef,17,De 15 até 20 anos,OCC,Acima de R$ 1 milhão e até R$ 10 milhões,MATCH_VALOR_-0.5%
12102,TRF - 1a. Região,71103,EFU - Sentenças Judiciais,2026,7726496520244010000,Honorários Advocatícios - Sucumbência - Partes e Procuradores - DIREITO,32946273,NAO_IDENTIFICADO,PENDENTE,,,0772649-65.2024.4.01.9198,,,UO generica EFU - sem CNPJ especifico para busca,NAO_TESTADO,0803879,Tribunal Regional Federal da 1a. Região,"2013-10-28 00:00:00,000","2025-03-26 00:00:00,000",21,Não,33909100,3297792.8,3401751.4636956081,Não Fundef,11,De 10 até 15 anos,OCC,Acima de R$ 1 milhão e até R$ 10 milhões,MATCH_VALOR_-4.9%
12102,TRF - 1a. Região,71103,EFU - Sentenças Judiciais,2026,1659637220254010000,FUNDEF/Fundo de Manutenção e Desenvolvimento do Ensino Fundamental e,32693623,NAO_IDENTIFICADO,PENDENTE,,,0165963-72.2025.4.01.9198,,,UO generica EFU - sem CNPJ especifico para busca,NAO_TESTADO,0803879,Tribunal Regional Federal da 1a. Região,"2013-10-28 00:00:00,000","2025-03-26 00:00:00,000",21,Não,33909100,3297792.8,3401751.4636956081,Não Fundef,11,De 10 até 15 anos,OCC,Acima de R$ 1 milhão e até R$ 10 milhões,MATCH_VALOR_0.9%
12102,TRF - 1a. Região,71103,EFU - Sentenças Judiciais,2026,1672653920254010000,Entidades sem Fins Lucrativos - Imunidade Tributária - Limitações ao Poder de Tributar,32106705,NAO_IDENTIFICADO,PENDENTE,,,0167265-39.2025.4.01.9198,,,UO generica EFU - sem CNPJ especifico para busca,NAO_TESTADO,0808939,Tribunal Regional Federal da 1a. Região,"1990-02-06 00:00:00,000","2025-03-31 00:00:00,000",11,Não,31909100,3229997.9,3331819.4169320585,Não Fundef,35,20 anos ou mais,Pessoal,Acima de R$ 1 milhão e até R$ 10 milhões,MATCH_VALOR_0.6%
12102,TRF - 1a. Região,71103,EFU - Sentenças Judiciais,2026,1543384120254010000,FUNDEF/Fundo de Manutenção e Desenvolvimento do Ensino Fundamental e,32092374,NAO_IDENTIFICADO,PENDENTE,,,0154338-41.2025.4.01.9198,,,UO generica EFU - sem CNPJ especifico para busca,NAO_TESTADO,0808939,Tribunal Regional Federal da 1a. Região,"1990-02-06 00:00:00,000","2025-03-31 00:00:00,000",11,Não,31909100,3229997.9,3331819.4169320585,Não Fundef,35,20 anos ou mais,Pessoal,Acima de R$ 1 milhão e até R$ 10 milhões,MATCH_VALOR_0.6%
12102,TRF - 1a. Região,71103,EFU - Sentenças Judiciais,2026,1661378120254010000,FUNDEF/Fundo de Manutenção e Desenvolvimento do Ensino Fundamental e,29767278,NAO_IDENTIFICADO,PENDENTE,,,0166137-81.2025.4.01.9198,,,UO generica EFU - sem CNPJ especifico para busca,NAO_TESTADO,0800296,Tribunal Regional Federal da 1a. Região,"2015-06-23 00:00:00,000","2025-03-12 00:00:00,000",21,Não,33909100,2972441.5,3066143.8836832228,Não Fundef,9,De 5 até 10 anos,OCC,Acima de R$ 1 milhão e até R$ 10 milhões,MATCH_VALOR_0.1%
12102,TRF - 1a. Região,71103,EFU - Sentenças Judiciais,2026,6125805920244010000,Contribuições Previdenciárias - Contribuições - Direito Tributário,29058822,NAO_IDENTIFICADO,PENDENTE,,,0612580-59.2024.4.01.9198,,,UO generica EFU - sem CNPJ especifico para busca,NAO_TESTADO,0813245,Tribunal Regional Federal da 1a. Região,"2006-02-07 00:00:00,000","2025-04-02 00:00:00,000",12,Não,33909100,2881368.1,2972199.5122376503,Não Fundef,19,De 15 até 20 anos,OCC,Acima de R$ 1 milhão e até R$ 10 milhões,MATCH_VALOR_0.8%
12102,TRF - 1a. Região,39252,DNIT,2026,3650677920244010000,Prestação de serviços - Espécies de contrato - Obrigações - Direito Civil e outras matérias,28116915,IDENTIFICADO_PRC,PRC,0000517-32.2016.4.01.9198,0001648-37.2015.4.01.3100/AP,0365067-79.2024.4.01.9198,1_prc_entidade,04892707000100,,TRF1,,,,,,,,,,,,,,,SEM_MATCH_VALOR_33_cand
12102,TRF - 1a. Região,71103,EFU - Sentenças Judiciais,2026,1228341720254010000,Reajuste da Tabela do SUS - Saúde - Serviços - Administrativo,27922174,NAO_IDENTIFICADO,PENDENTE,,,0122834-17.2025.4.01.9198,,,UO generica EFU - sem CNPJ especifico para busca,NAO_TESTADO,0878116,Tribunal Regional Federal da 3a. Região,"2008-03-07 00:00:00,000","2024-12-10 00:00:00,000",12,Não,33909100,2826880.1,2915993.8483300069,Não Fundef,16,De 15 até 20 anos,OCC,Acima de R$ 1 milhão e até R$ 10 milhões,MATCH_VALOR_1.2%
12102,TRF - 1a. Região,71103,EFU - Sentenças Judiciais,2026,1463558820254010000,FUNDEF/Fundo de Manutenção e Desenvolvimento do Ensino Fundamental e,27829129,NAO_IDENTIFICADO,PENDENTE,,,0146355-88.2025.4.01.9198,,,UO generica EFU - sem CNPJ especifico para busca,NAO_TESTADO,0878116,Tribunal Regional Federal da 3a. Região,"2008-03-07 00:00:00,000","2024-12-10 00:00:00,000",12,Não,33909100,2826880.1,2915993.8483300069,Não Fundef,16,De 15 até 20 anos,OCC,Acima de R$ 1 milhão e até R$ 10 milhões,MATCH_VALOR_1.6%
12102,TRF - 1a. Região,49201,INCRA,2026,569062220254019000,Reintegração de Posse - Imóvel Funcional - Domínio Público - Administrativo,27210917,NAO_IDENTIFICADO,PENDENTE,,,0056906-22.2025.4.01.9198,,00375972000160,Precatorio de 2025 mas PRC extraidos ate 2022 - nao sincronizado no TRF1 publico,TRF1,0838230,Tribunal Regional Federal da 2a. Região,"1991-09-20 00:00:00,000","2025-04-01 00:00:00,000",11,Não,31909100,2821520.5,2910465.2938541695,Não Fundef,33,20 anos ou mais,Pessoal,Acima de R$ 1 milhão e até R$ 10 milhões,MATCH_VALOR_3.7%
12102,TRF - 1a. Região,71103,EFU - Sentenças Judiciais,2026,1653712820254010000,Reajuste da Tabela do SUS - Saúde - Serviços - Administrativo,27094316,NAO_IDENTIFICADO,PENDENTE,,,0165371-28.2025.4.01.9198,,,UO generica EFU - sem CNPJ especifico para busca,NAO_TESTADO,0800014,Tribunal Regional Federal da 1a. Região,"2018-11-23 00:00:00,000","2025-03-10 00:00:00,000",21,Sim,33909100,26807599,27652673.975276716,Não Fundef,6,De 5 até 10 anos,OCC,Acima de R$ 10 milhões e até R$ 100 milhões,MATCH_VALOR_1.1%
12102,TRF - 1a. Região,71103,EFU - Sentenças Judiciais,2026,938598220254019000,Entidades sem Fins Lucrativos - Imunidade Tributária - Limitações ao Poder de Tributar,26807599,NAO_IDENTIFICADO,PENDENTE,,,0093859-82.2025.4.01.9198,,,UO generica EFU - sem CNPJ especifico para busca,NAO_TESTADO,0800014,Tribunal Regional Federal da 1a. Região,"2018-11-23 00:00:00,000","2025-03-10 00:00:00,000",21,Sim,33909100,26807599,27652673.975276716,Não Fundef,6,De 5 até 10 anos,OCC,Acima de R$ 10 milhões e até R$ 100 milhões,MATCH_VALOR_-5.0%
12102,TRF - 1a. Região,71103,EFU - Sentenças Judiciais,2026,1602338020254010000,FUNDEF/Fundo de Manutenção e Desenvolvimento do Ensino Fundamental e,26597641,NAO_IDENTIFICADO,PENDENTE,,,0160233-80.2025.4.01.9198,,,UO generica EFU - sem CNPJ especifico para busca,NAO_TESTADO,0846056,Tribunal Regional Federal da 3a. Região,"2017-03-14 00:00:00,000","2025-03-05 00:00:00,000",12,Não,33909100,2652595.2,2736214.8416941008,Não Fundef,7,De 5 até 10 anos,OCC,Acima de R$ 1 milhão e até R$ 10 milhões,MATCH_VALOR_0.3%
12102,TRF - 1a. Região,49201,INCRA,2026,1666808420254010000,Desapropriação por Interesse Social para Reforma Agrária - Intervenção do Estado na,26400020,NAO_IDENTIFICADO,PENDENTE,,,0166680-84.2025.4.01.9198,,00375972000160,Precatorio de 2025 mas PRC extraidos ate 2022 - nao sincronizado no TRF1 publico,TRF1,0838230,Tribunal Regional Federal da 2a. Região,"1991-09-20 00:00:00,000","2025-04-01 00:00:00,000",11,Não,31909100,2821520.5,2910465.2938541695,Não Fundef,33,20 anos ou mais,Pessoal,Acima de R$ 1 milhão e até R$ 10 milhões,MATCH_VALOR_6.9%
12102,TRF - 1a. Região,71103,EFU - Sentenças Judiciais,2026,1683168520254010000,FUNDEF/Fundo de Manutenção e Desenvolvimento do Ensino Fundamental e,25679566,NAO_IDENTIFICADO,PENDENTE,,,0168316-85.2025.4.01.9198,,,UO generica EFU - sem CNPJ especifico para busca,NAO_TESTADO,0828320,Tribunal Regional Federal da 2a. Região,"1991-01-17 00:00:00,000","2025-02-20 00:00:00,000",12,Não,33909100,2571639.6,2652707.2208410394,Não Fundef,34,20 anos ou mais,OCC,Acima de R$ 1 milhão e até R$ 10 milhões,MATCH_VALOR_0.1%
12102,TRF - 1a. Região,71103,EFU - Sentenças Judiciais,2026,1207261520254010000,FUNDEF/Fundo de Manutenção e Desenvolvimento do Ensino Fundamental e,25146601,NAO_IDENTIFICADO,PENDENTE,,,0120726-15.2025.4.01.9198,,,UO generica EFU - sem CNPJ especifico para busca,NAO_TESTADO,0833523,Tribunal Regional Federal da 2a. Região,"1995-10-02 00:00:00,000","2025-03-19 00:00:00,000",21,Não,33909100,2556859.6,2637461.3004080085,Não Fundef,29,20 anos ou mais,OCC,Acima de R$ 1 milhão e até R$ 10 milhões,MATCH_VALOR_1.7%
12102,TRF - 1a. Região,71103,EFU - Sentenças Judiciais,2026,1404110820254010000,Reajuste da tabela do SUS,24698513,NAO_IDENTIFICADO,PENDENTE,,,0140411-08.2025.4.01.9198,,,UO generica EFU - sem CNPJ especifico para busca,NAO_TESTADO,0869787,Tribunal Regional Federal da 3a. Região,"2008-01-07 00:00:00,000","2024-09-18 00:00:00,000",12,Não,33909100,2453393.1,2530733.15247268,Não Fundef,16,De 15 até 20 anos,OCC,Acima de R$ 1 milhão e até R$ 10 milhões,MATCH_VALOR_0.7%
12102,TRF - 1a. Região,71103,EFU - Sentenças Judiciais,2026,1251985920254010000,"Contribuição de autônomos, Empresários (Pró-labore) e Facultativos - Contribuições",24128665,NAO_IDENTIFICADO,PENDENTE,,,0125198-59.2025.4.01.9198,,,UO generica EFU - sem CNPJ especifico para busca,NAO_TESTADO,0869787,Tribunal Regional Federal da 3a. Região,"2008-01-07 00:00:00,000","2024-09-18 00:00:00,000",12,Não,33909100,2453393.1,2530733.15247268,Não Fundef,16,De 15 até 20 anos,OCC,Acima de R$ 1 milhão e até R$ 10 milhões,MATCH_VALOR_1.7%
12102,TRF - 1a. Região,71103,EFU - Sentenças Judiciais,2026,1624560620254010000,Reajuste da Tabela do SUS - Saúde - Serviços - Administrativo,24057054,NAO_IDENTIFICADO,PENDENTE,,,0162456-06.2025.4.01.9198,,,UO generica EFU - sem CNPJ especifico para busca,NAO_TESTADO,0869787,Tribunal Regional Federal da 3a. Região,"2008-01-07 00:00:00,000","2024-09-18 00:00:00,000",12,Não,33909100,2453393.1,2530733.15247268,Não Fundef,16,De 15 até 20 anos,OCC,Acima de R$ 1 milhão e até R$ 10 milhões,MATCH_VALOR_2.0%
12102,TRF - 1a. Região,71103,EFU - Sentenças Judiciais,2026,1666929820254010000,FUNDEF/Fundo de Manutenção e Desenvolvimento do Ensino Fundamental e,23594344,NAO_IDENTIFICADO,PENDENTE,,,0166692-98.2025.4.01.9198,,,UO generica EFU - sem CNPJ especifico para busca,NAO_TESTADO,0889396,Tribunal Regional Federal da 4a. Região,"2004-12-03 00:00:00,000","2025-03-25 00:00:00,000",11,Não,31909100,2355370.8,2429620.82591905,Não Fundef,20,20 anos ou mais,Pessoal,Acima de R$ 1 milhão e até R$ 10 milhões,MATCH_VALOR_0.2%
12102,TRF - 1a. Região,71103,EFU - Sentenças Judiciais,2026,1646792920254010000,FUNDEF/Fundo de Manutenção e Desenvolvimento do Ensino Fundamental e,23044151,NAO_IDENTIFICADO,PENDENTE,,,0164679-29.2025.4.01.9198,,,UO generica EFU - sem CNPJ especifico para busca,NAO_TESTADO,0833095,Tribunal Regional Federal da 2a. Região,"1994-04-18 00:00:00,000","2025-03-17 00:00:00,000",11,Não,31909100,2320161.9,2393302.0107678636,Não Fundef,30,20 anos ou mais,Pessoal,Acima de R$ 1 milhão e até R$ 10 milhões,MATCH_VALOR_0.7%
10101,Supremo Tribunal Federal,71103,EFU - Sentenças Judiciais,2025,14,COMUM,22678422,NAO_IDENTIFICADO,PENDENTE,,,,,,UO generica EFU - sem CNPJ especifico para busca,NAO_TESTADO,0939342,Tribunal Regional do Trabalho da 1a. Região - Rio de Janeiro,"1997-06-23 00:00:00,000","2024-07-04 00:00:00,000",11,Não,31909100,2279406.7,2351262.0556641938,Não Fundef,27,20 anos ou mais,Pessoal,Acima de R$ 1 milhão e até R$ 10 milhões,MATCH_VALOR_0.5%
12102,TRF - 1a. Região,71103,EFU - Sentenças Judiciais,2026,1678327020254010000,FUNDEF/Fundo de Manutenção e Desenvolvimento do Ensino Fundamental e,21483827,NAO_IDENTIFICADO,PENDENTE,,,0167832-70.2025.4.01.9198,,,UO generica EFU - sem CNPJ especifico para busca,NAO_TESTADO,0809665,Tribunal Regional Federal da 1a. Região,"1999-10-15 00:00:00,000","2025-03-31 00:00:00,000",41,Não,33909100,2139320.9,2206760.2315371679,Fundef,25,20 anos ou mais,OCC,Acima de R$ 1 milhão e até R$ 10 milhões,MATCH_VALOR_-4.6%
12102,TRF - 1a. Região,71103,EFU - Sentenças Judiciais,2026,1646654520254010000,FUNDEF/Fundo de Manutenção e Desenvolvimento do Ensino Fundamental e,21243301,NAO_IDENTIFICADO,PENDENTE,,,0164665-45.2025.4.01.9198,,,UO generica EFU - sem CNPJ especifico para busca,NAO_TESTADO,0809665,Tribunal Regional Federal da 1a. Região,"1999-10-15 00:00:00,000","2025-03-31 00:00:00,000",41,Não,33909100,2139320.9,2206760.2315371679,Fundef,25,20 anos ou mais,OCC,Acima de R$ 1 milhão e até R$ 10 milhões,MATCH_VALOR_-4.3%
12102,TRF - 1a. Região,71103,EFU - Sentenças Judiciais,2026,5931589820244010000,Cofins - Importação - Contribuição Social - Contribuições - Tributário - Direito Tributário,21226992,NAO_IDENTIFICADO,PENDENTE,,,0593158-98.2024.4.01.9198,,,UO generica EFU - sem CNPJ especifico para busca,NAO_TESTADO,0922211,Tribunal Regional Federal da 5a. Região,"2007-07-31 00:00:00,000","2025-03-31 00:00:00,000",21,Sim,33909100,21197677,21865906.42131814,Não Fundef,17,De 15 até 20 anos,OCC,Acima de R$ 10 milhões e até R$ 100 milhões,MATCH_VALOR_0.1%
12102,TRF - 1a. Região,28233,SUFRAMA,2026,1471249620254010000,Taxa de Despacho Aduaneiro - Taxas Federais - Taxas - Direito Tributário,21203221,IDENTIFICADO_PRC,PRC,0147124-96.2025.4.01.9198,0011318-81.2001.4.01.3200/AM,0147124-96.2025.4.01.9198,prefix16_exato,04407029000143,,TRF1,0807082,Tribunal Regional Federal da 1a. Região,"2001-02-02 00:00:00,000","2025-03-31 00:00:00,000",12,Não,33909100,2403389.7,2479153.4597946694,Não Fundef,24,20 anos ou mais,OCC,Acima de R$ 1 milhão e até R$ 10 milhões,MATCH_APROX_13.4%
12102,TRF - 1a. Região,71103,EFU - Sentenças Judiciais,2026,1683150320254010000,FUNDEF/Fundo de Manutenção e Desenvolvimento do Ensino Fundamental e,20902463,NAO_IDENTIFICADO,PENDENTE,,,0168315-03.2025.4.01.9198,,,UO generica EFU - sem CNPJ especifico para busca,NAO_TESTADO,0809665,Tribunal Regional Federal da 1a. Região,"1999-10-15 00:00:00,000","2025-03-31 00:00:00,000",41,Não,33909100,2139320.9,2206760.2315371679,Fundef,25,20 anos ou mais,OCC,Acima de R$ 1 milhão e até R$ 10 milhões,MATCH_VALOR_-2.7%
12102,TRF - 1a. Região,71103,EFU - Sentenças Judiciais,2026,1469733320254010000,FUNDEF/Fundo de Manutenção e Desenvolvimento do Ensino Fundamental e,20698213,NAO_IDENTIFICADO,PENDENTE,,,0146973-33.2025.4.01.9198,,,UO generica EFU - sem CNPJ especifico para busca,NAO_TESTADO,0809665,Tribunal Regional Federal da 1a. Região,"1999-10-15 00:00:00,000","2025-03-31 00:00:00,000",41,Não,33909100,2139320.9,2206760.2315371679,Fundef,25,20 anos ou mais,OCC,Acima de R$ 1 milhão e até R$ 10 milhões,MATCH_VALOR_-1.6%
12102,TRF - 1a. Região,26232,UFBA,2026,218745320254019000,Gratificações da Lei 8.112/90 - Sistema Remuneratório - Servidor Público Civil,20471732,IDENTIFICADO_PRC,PRC,0021874-53.2025.4.01.9198,0013267-78.1994.4.01.3300/BA,0021874-53.2025.4.01.9198,prefix16_exato,15180714000104,,TRF1,,,,,,,,,,,,,,,SEM_MATCH_VALOR_11_cand
12102,TRF - 1a. Região,71103,EFU - Sentenças Judiciais,2026,3432298020244010000,Contribuições Previdenciárias - Contribuições - Direito Tributário,20421542,NAO_IDENTIFICADO,PENDENTE,,,0343229-80.2024.4.01.9198,,,UO generica EFU - sem CNPJ especifico para busca,NAO_TESTADO,0830997,Tribunal Regional Federal da 2a. Região,"2015-07-30 00:00:00,000","2024-07-22 00:00:00,000",11,Não,31909100,2039487.7,2103779.9186971933,Não Fundef,8,De 5 até 10 anos,Pessoal,Acima de R$ 1 milhão e até R$ 10 milhões,MATCH_VALOR_0.1%
12103,TRF - 2a. Região,49201,INCRA,2026,50105307220254000000,Desapropriação por Interesse Social Comum / L 4.132/1962,20113212,NAO_IDENTIFICADO,PENDENTE,,,5010530-72.2025.4.00.9198,,00375972000160,Formato 20 dig com tribunal 00 - provavel outro TRF (nao TRF1),TRF1,0802056,Tribunal Regional Federal da 1a. Região,"2011-05-04 00:00:00,000","2025-03-20 00:00:00,000",39,Não,45909100,1976103.2,2038397.3041039982,Não Fundef,13,De 10 até 15 anos,OCC,Acima de R$ 1 milhão e até R$ 10 milhões,MATCH_VALOR_-3.2%
12103,TRF - 2a. Região,36213,ANS,2026,50016456920254000000,Federais,19545622,NAO_IDENTIFICADO,PENDENTE,,,5001645-69.2025.4.00.9198,,03589068000146,Formato 20 dig com tribunal 00 - provavel outro TRF (nao TRF1),TRF1,0830698,Tribunal Regional Federal da 2a. Região,"2017-03-09 00:00:00,000","2024-07-08 00:00:00,000",21,Sim,33909100,2047009.4,2111538.730586309,Não Fundef,7,De 5 até 10 anos,OCC,Acima de R$ 1 milhão e até R$ 10 milhões,MATCH_VALOR_4.7%
12103,TRF - 2a. Região,36201,FIOCRUZ,2026,50118956420254000000,Pagamento Atrasado / Correção Monetária,19520346,IDENTIFICADO_PRC,PRC,0243529-39.2021.4.01.9198,0007915-27.2017.4.01.3400/DF,5011895-64.2025.4.00.9198,1_prc_entidade,33781055000135,,TRF1,,,,,,,,,,,,,,,SEM_MATCH_VALOR_1_cand
12102,TRF - 1a. Região,71103,EFU - Sentenças Judiciais,2026,1652483020254010000,FUNDEF/Fundo de Manutenção e Desenvolvimento do Ensino Fundamental e,19439007,NAO_IDENTIFICADO,PENDENTE,,,0165248-30.2025.4.01.9198,,,UO generica EFU - sem CNPJ especifico para busca,NAO_TESTADO,0919094,Tribunal Regional Federal da 5a. Região,"1999-11-23 00:00:00,000","2025-03-17 00:00:00,000",11,Não,31909100,1943332.7,2004593.7563671491,Não Fundef,25,20 anos ou mais,Pessoal,Acima de R$ 1 milhão e até R$ 10 milhões,MATCH_VALOR_0.0%
12102,TRF - 1a. Região,71103,EFU - Sentenças Judiciais,2026,1251925220254010000,Reajuste da tabela do SUS,19161065,NAO_IDENTIFICADO,PENDENTE,,,0125192-52.2025.4.01.9198,,,UO generica EFU - sem CNPJ especifico para busca,NAO_TESTADO,0807682,Tribunal Regional Federal da 1a. Região,"2007-06-15 00:00:00,000","2025-03-31 00:00:00,000",11,Não,31909100,1904400.9,1964434.6815961979,Não Fundef,17,De 15 até 20 anos,Pessoal,Acima de R$ 1 milhão e até R$ 10 milhões,MATCH_VALOR_0.6%
12102,TRF - 1a. Região,71103,EFU - Sentenças Judiciais,2026,661966120254019000,Contribuições Previdenciárias - Contribuições - Direito Tributário,19120432,NAO_IDENTIFICADO,PENDENTE,,,0066196-61.2025.4.01.9198,,,UO generica EFU - sem CNPJ especifico para busca,NAO_TESTADO,0807682,Tribunal Regional Federal da 1a. Região,"2007-06-15 00:00:00,000","2025-03-31 00:00:00,000",11,Não,31909100,1904400.9,1964434.6815961979,Não Fundef,17,De 15 até 20 anos,Pessoal,Acima de R$ 1 milhão e até R$ 10 milhões,MATCH_VALOR_0.4%
12102,TRF - 1a. Região,71103,EFU - Sentenças Judiciais,2026,1540327220254010000,Contribuição INCRA - Contribuição Social - Contribuições - Direito Tributário,18991336,NAO_IDENTIFICADO,PENDENTE,,,0154032-72.2025.4.01.9198,,,UO generica EFU - sem CNPJ especifico para busca,NAO_TESTADO,0807918,Tribunal Regional Federal da 1a. Região,"1986-06-09 00:00:00,000","2025-03-31 00:00:00,000",21,Não,33909100,1895088.3,1954828.5138949368,Não Fundef,38,20 anos ou mais,OCC,Acima de R$ 1 milhão e até R$ 10 milhões,MATCH_VALOR_0.2%
12102,TRF - 1a. Região,71103,EFU - Sentenças Judiciais,2026,1667449420254010000,FUNDEF/Fundo de Manutenção e Desenvolvimento do Ensino Fundamental e,18706957,NAO_IDENTIFICADO,PENDENTE,,,0166744-94.2025.4.01.9198,,,UO generica EFU - sem CNPJ especifico para busca,NAO_TESTADO,0812437,Tribunal Regional Federal da 1a. Região,"2007-06-15 00:00:00,000","2025-04-02 00:00:00,000",11,Não,31909100,1873637.8,1932701.8145546985,Não Fundef,17,De 15 até 20 anos,Pessoal,Acima de R$ 1 milhão e até R$ 10 milhões,MATCH_VALOR_0.2%
12103,TRF - 2a. Região,49201,INCRA,2026,50102674020254000000,Desapropriação,18699398,NAO_IDENTIFICADO,PENDENTE,,,5010267-40.2025.4.00.9198,,00375972000160,Formato 20 dig com tribunal 00 - provavel outro TRF (nao TRF1),TRF1,0819129,Tribunal Regional Federal da 1a. Região,"1995-11-29 00:00:00,000","2024-08-23 00:00:00,000",39,Não,45909100,1914217.7,1974560.9435520149,Não Fundef,28,20 anos ou mais,OCC,Acima de R$ 1 milhão e até R$ 10 milhões,MATCH_VALOR_-2.6%
12102,TRF - 1a. Região,39252,DNIT,2026,1676898120254010000,Edital - Licitações e Contratos - Administrativo,18644430,IDENTIFICADO_PRC,PRC,0000517-32.2016.4.01.9198,0001648-37.2015.4.01.3100/AP,0167689-81.2025.4.01.9198,1_prc_entidade,04892707000100,,TRF1,0812636,Tribunal Regional Federal da 1a. Região,"2018-12-19 00:00:00,000","2025-04-02 00:00:00,000",21,Não,33909100,18644430,19232171.603464689,Não Fundef,6,De 5 até 10 anos,OCC,Acima de R$ 10 milhões e até R$ 100 milhões,MATCH_VALOR_-5.0%
12102,TRF - 1a. Região,71103,EFU - Sentenças Judiciais,2026,1667483420254010000,FUNDEF/Fundo de Manutenção e Desenvolvimento do Ensino Fundamental e,18348163,NAO_IDENTIFICADO,PENDENTE,,,0166748-34.2025.4.01.9198,,,UO generica EFU - sem CNPJ especifico para busca,NAO_TESTADO,0850747,Tribunal Regional Federal da 3a. Região,"2005-06-07 00:00:00,000","2025-03-24 00:00:00,000",21,Sim,33909100,1839493.3,1897480.9532403811,Não Fundef,19,De 15 até 20 anos,OCC,Acima de R$ 1 milhão e até R$ 10 milhões,MATCH_VALOR_0.3%
12102,TRF - 1a. Região,26239,UFPA,2026,160008720254019000,Execução Contratual - Contratos Administrativos - Direito Administrativo e outras,17918119,IDENTIFICADO_PRC,PRC,0016000-87.2025.4.01.9198,0006111-43.1998.4.01.3900/PA,0016000-87.2025.4.01.9198,prefix16_exato,34621748000123,,TRF1,,,,,,,,,,,,,,,SEM_MATCH_VALOR_1_cand
12102,TRF - 1a. Região,71103,EFU - Sentenças Judiciais,2026,1185921520254010000,FUNDEF/Fundo de Manutenção e Desenvolvimento do Ensino Fundamental e,17474988,NAO_IDENTIFICADO,PENDENTE,,,0118592-15.2025.4.01.9198,,,UO generica EFU - sem CNPJ especifico para busca,NAO_TESTADO,0923986,Tribunal Regional Federal da 5a. Região,"1990-03-23 00:00:00,000","2025-04-02 00:00:00,000",11,Não,31909100,1746658.9,1801720.0685415897,Não Fundef,35,20 anos ou mais,Pessoal,Acima de R$ 1 milhão e até R$ 10 milhões,MATCH_VALOR_0.0%
12102,TRF - 1a. Região,71103,EFU - Sentenças Judiciais,2026,1252331920254010000,FUNDEF/Fundo de Manutenção e Desenvolvimento do Ensino Fundamental e,17343362,NAO_IDENTIFICADO,PENDENTE,,,0125233-19.2025.4.01.9198,,,UO generica EFU - sem CNPJ especifico para busca,NAO_TESTADO,0833301,Tribunal Regional Federal da 2a. Região,"2016-04-15 00:00:00,000","2024-09-03 00:00:00,000",11,Não,31909100,1745784.2,1800817.7947524984,Não Fundef,8,De 5 até 10 anos,Pessoal,Acima de R$ 1 milhão e até R$ 10 milhões,MATCH_VALOR_0.7%
12102,TRF - 1a. Região,71103,EFU - Sentenças Judiciais,2026,802832220254019000,EXCLUSÃO DE ICMS - BASE DE CÁLCULO - CRÉDITO TRIBUTÁRIO,17012649,NAO_IDENTIFICADO,PENDENTE,,,0080283-22.2025.4.01.9198,,,UO generica EFU - sem CNPJ especifico para busca,NAO_TESTADO,0804514,Tribunal Regional Federal da 1a. Região,"2005-01-18 00:00:00,000","2025-03-27 00:00:00,000",11,Não,31909100,1697669.1,1751185.9282959823,Não Fundef,20,20 anos ou mais,Pessoal,Acima de R$ 1 milhão e até R$ 10 milhões,MATCH_VALOR_0.2%
12102,TRF - 1a. Região,71103,EFU - Sentenças Judiciais,2026,1116081520254010000,Salário-Educação - Contribuição Social - Contribuições - Direito Tributário,16996575,NAO_IDENTIFICADO,PENDENTE,,,0111608-15.2025.4.01.9198,,,UO generica EFU - sem CNPJ especifico para busca,NAO_TESTADO,0804514,Tribunal Regional Federal da 1a. Região,"2005-01-18 00:00:00,000","2025-03-27 00:00:00,000",11,Não,31909100,1697669.1,1751185.9282959823,Não Fundef,20,20 anos ou mais,Pessoal,Acima de R$ 1 milhão e até R$ 10 milhões,MATCH_VALOR_0.1%
12102,TRF - 1a. Região,71103,EFU - Sentenças Judiciais,2026,1543375620254010000,FUNDEF/Fundo de Manutenção e Desenvolvimento do Ensino Fundamental e,16956216,NAO_IDENTIFICADO,PENDENTE,,,0154337-56.2025.4.01.9198,,,UO generica EFU - sem CNPJ especifico para busca,NAO_TESTADO,0804514,Tribunal Regional Federal da 1a. Região,"2005-01-18 00:00:00,000","2025-03-27 00:00:00,000",11,Não,31909100,1697669.1,1751185.9282959823,Não Fundef,20,20 anos ou mais,Pessoal,Acima de R$ 1 milhão e até R$ 10 milhões,MATCH_VALOR_0.1%
12102,TRF - 1a. Região,71103,EFU - Sentenças Judiciais,2026,5711710620244010000,FUNDEF/Fundo de Manutenção e Desenvolvimento do Ensino Fundamental e,16855416,NAO_IDENTIFICADO,PENDENTE,,,0571171-06.2024.4.01.9198,,,UO generica EFU - sem CNPJ especifico para busca,NAO_TESTADO,0838513,Tribunal Regional Federal da 2a. Região,"2018-09-28 00:00:00,000","2025-04-01 00:00:00,000",21,Não,33909100,1687306.9,1740497.0733087596,Não Fundef,6,De 5 até 10 anos,OCC,Acima de R$ 1 milhão e até R$ 10 milhões,MATCH_VALOR_0.1%
10101,Supremo Tribunal Federal,71103,EFU - Sentenças Judiciais,2025,11,COMUM,15632135,NAO_IDENTIFICADO,PENDENTE,,,,,,UO generica EFU - sem CNPJ especifico para busca,NAO_TESTADO,0807575,Tribunal Regional Federal da 1a. Região,"1986-08-15 00:00:00,000","2025-03-31 00:00:00,000",21,Não,33909100,1578363.4,1628119.270014046,Não Fundef,38,20 anos ou mais,OCC,Acima de R$ 1 milhão e até R$ 10 milhões,MATCH_VALOR_1.0%
12102,TRF - 1a. Região,83201,EGPA,2026,1159818920254010000,PROAGRO - Incentivo - Intervenção no Domínio Econômico - Administrativo,15405050,NAO_IDENTIFICADO,PENDENTE,,,0115981-89.2025.4.01.9198,,,Entidade nao mapeada para extracao TRF1,NAO_TESTADO,0811330,Tribunal Regional Federal da 1a. Região,"2001-02-13 00:00:00,000","2025-04-01 00:00:00,000",11,Não,31909100,1317198.4,1358721.3803054919,Não Fundef,24,20 anos ou mais,Pessoal,Acima de R$ 1 milhão e até R$ 10 milhões,MATCH_APROX_14.5%
12102,TRF - 1a. Região,71103,EFU - Sentenças Judiciais,2026,1476713920254010000,Cofins - Contribuição Social - Contribuições - Direito Tributário,14961811,NAO_IDENTIFICADO,PENDENTE,,,0147671-39.2025.4.01.9198,,,UO generica EFU - sem CNPJ especifico para busca,NAO_TESTADO,0795618,Superior Tribunal de Justiça,"2008-02-22 00:00:00,000","2025-03-21 00:00:00,000",21,Não,33909100,1495415.1,1542556.1318641715,Não Fundef,17,De 15 até 20 anos,OCC,Acima de R$ 1 milhão e até R$ 10 milhões,MATCH_VALOR_0.1%
12102,TRF - 1a. Região,71103,EFU - Sentenças Judiciais,2026,1092715320254010000,Pagamento Atrasado/Correção Monetária - Contratos Administrativos - Direito,14803607,NAO_IDENTIFICADO,PENDENTE,,,0109271-53.2025.4.01.9198,,,UO generica EFU - sem CNPJ especifico para busca,NAO_TESTADO,0795618,Superior Tribunal de Justiça,"2008-02-22 00:00:00,000","2025-03-21 00:00:00,000",21,Não,33909100,1495415.1,1542556.1318641715,Não Fundef,17,De 15 até 20 anos,OCC,Acima de R$ 1 milhão e até R$ 10 milhões,MATCH_VALOR_1.0%
12102,TRF - 1a. Região,71103,EFU - Sentenças Judiciais,2026,1460795720254010000,Pagamento Atrasado/Correção Monetária - Contratos Administrativos - Direito,14402423,NAO_IDENTIFICADO,PENDENTE,,,0146079-57.2025.4.01.9198,,,UO generica EFU - sem CNPJ especifico para busca,NAO_TESTADO,0919790,Tribunal Regional Federal da 5a. Região,"2020-07-22 00:00:00,000","2025-03-25 00:00:00,000",21,Sim,33909100,1435328.5,1480575.3793140133,Não Fundef,4,Até 5 anos,OCC,Acima de R$ 1 milhão e até R$ 10 milhões,MATCH_VALOR_0.3%
12102,TRF - 1a. Região,71103,EFU - Sentenças Judiciais,2026,1656570620254010000,PIS - Importação - Contribuição Social - Contribuições - Tributário - Direito Tributário,13965940,NAO_IDENTIFICADO,PENDENTE,,,0165657-06.2025.4.01.9198,,,UO generica EFU - sem CNPJ especifico para busca,NAO_TESTADO,0837919,Tribunal Regional Federal da 2a. Região,"1999-12-15 00:00:00,000","2025-04-01 00:00:00,000",21,Sim,33909100,1396320.7,1440337.908741106,Não Fundef,25,20 anos ou mais,OCC,Acima de R$ 1 milhão e até R$ 10 milhões,MATCH_VALOR_0.0%
12102,TRF - 1a. Região,71103,EFU - Sentenças Judiciais,2026,1054244320254010000,Inscrição/Documentação - Concurso Público/Edital - Administrativo,13964273,NAO_IDENTIFICADO,PENDENTE,,,0105424-43.2025.4.01.9198,,,UO generica EFU - sem CNPJ especifico para busca,NAO_TESTADO,0837919,Tribunal Regional Federal da 2a. Região,"1999-12-15 00:00:00,000","2025-04-01 00:00:00,000",21,Sim,33909100,1396320.7,1440337.908741106,Não Fundef,25,20 anos ou mais,OCC,Acima de R$ 1 milhão e até R$ 10 milhões,MATCH_VALOR_0.0%
12103,TRF - 2a. Região,49201,INCRA,2026,50073403820244000000,Desapropriação por Interesse Social para Reforma Agrária,13871929,NAO_IDENTIFICADO,PENDENTE,,,5007340-38.2024.4.00.9198,,00375972000160,Formato 20 dig com tribunal 00 - provavel outro TRF (nao TRF1),TRF1,,,,,,,,,,,,,,,SEM_MATCH_VALOR_138_cand
12103,TRF - 2a. Região,49201,INCRA,2026,50073412320244000000,Desapropriação por Interesse Social para Reforma Agrária,13871929,NAO_IDENTIFICADO,PENDENTE,,,5007341-23.2024.4.00.9198,,00375972000160,Formato 20 dig com tribunal 00 - provavel outro TRF (nao TRF1),TRF1,,,,,,,,,,,,,,,SEM_MATCH_VALOR_138_cand
12103,TRF - 2a. Região,49201,INCRA,2026,50073420820244000000,Desapropriação por Interesse Social para Reforma Agrária,13871929,NAO_IDENTIFICADO,PENDENTE,,,5007342-08.2024.4.00.9198,,00375972000160,Formato 20 dig com tribunal 00 - provavel outro TRF (nao TRF1),TRF1,,,,,,,,,,,,,,,SEM_MATCH_VALOR_138_cand
12103,TRF - 2a. Região,49201,INCRA,2026,50073439020244000000,Desapropriação por Interesse Social para Reforma Agrária,13871929,NAO_IDENTIFICADO,PENDENTE,,,5007343-90.2024.4.00.9198,,00375972000160,Formato 20 dig com tribunal 00 - provavel outro TRF (nao TRF1),TRF1,,,,,,,,,,,,,,,SEM_MATCH_VALOR_138_cand
12103,TRF - 2a. Região,49201,INCRA,2026,50073447520244000000,Desapropriação por Interesse Social para Reforma Agrária,13871929,NAO_IDENTIFICADO,PENDENTE,,,5007344-75.2024.4.00.9198,,00375972000160,Formato 20 dig com tribunal 00 - provavel outro TRF (nao TRF1),TRF1,,,,,,,,,,,,,,,SEM_MATCH_VALOR_138_cand
12102,TRF - 1a. Região,71103,EFU - Sentenças Judiciais,2026,628751820254019000,IPI/ Imposto sobre Produtos Industrializados - Impostos - Direito Tributário,13435918,NAO_IDENTIFICADO,PENDENTE,,,0062875-18.2025.4.01.9198,,,UO generica EFU - sem CNPJ especifico para busca,NAO_TESTADO,0891912,Tribunal Regional Federal da 4a. Região,"2018-10-31 00:00:00,000","2025-03-31 00:00:00,000",11,Não,31909100,1343094.3,1385433.6151459329,Não Fundef,6,De 5 até 10 anos,Pessoal,Acima de R$ 1 milhão e até R$ 10 milhões,MATCH_VALOR_0.0%
12102,TRF - 1a. Região,71103,EFU - Sentenças Judiciais,2026,1673364120254010000,Cofins - Contribuição Social - Contribuições - Direito Tributário,13182412,NAO_IDENTIFICADO,PENDENTE,,,0167336-41.2025.4.01.9198,,,UO generica EFU - sem CNPJ especifico para busca,NAO_TESTADO,0891470,Tribunal Regional Federal da 4a. Região,"2008-06-04 00:00:00,000","2025-03-28 00:00:00,000",11,Não,31909100,1319881.3,1361488.8552669114,Não Fundef,16,De 15 até 20 anos,Pessoal,Acima de R$ 1 milhão e até R$ 10 milhões,MATCH_VALOR_0.1%
12102,TRF - 1a. Região,39252,DNIT,2026,5104620520244010000,Pagamento Atrasado/Correção Monetária - Contratos Administrativos - Direito,13136939,IDENTIFICADO_PRC,PRC,0000517-32.2016.4.01.9198,0001648-37.2015.4.01.3100/AP,0510462-05.2024.4.01.9198,1_prc_entidade,04892707000100,,TRF1,,,,,,,,,,,,,,,SEM_MATCH_VALOR_33_cand
12102,TRF - 1a. Região,71103,EFU - Sentenças Judiciais,2026,1667422720254010000,FUNDEF/Fundo de Manutenção e Desenvolvimento do Ensino Fundamental e,13136085,NAO_IDENTIFICADO,PENDENTE,,,0166742-27.2025.4.01.9198,,,UO generica EFU - sem CNPJ especifico para busca,NAO_TESTADO,0844742,Tribunal Regional Federal da 3a. Região,"2005-01-12 00:00:00,000","2025-02-24 00:00:00,000",11,Não,31909100,1309014.1,1350279.0808061652,Não Fundef,20,20 anos ou mais,Pessoal,Acima de R$ 1 milhão e até R$ 10 milhões,MATCH_VALOR_0.3%
12102,TRF - 1a. Região,71103,EFU - Sentenças Judiciais,2026,1670887520254010000,Finsocial - Contribuição Social - Contribuições - Direito Tributário,12945592,NAO_IDENTIFICADO,PENDENTE,,,0167088-75.2025.4.01.9198,,,UO generica EFU - sem CNPJ especifico para busca,NAO_TESTADO,0796391,Tribunal Regional Federal da 1a. Região,"2003-11-03 00:00:00,000","2025-01-27 00:00:00,000",21,Sim,33909100,1300266.8,1341256.0334581377,Não Fundef,21,20 anos ou mais,OCC,Acima de R$ 1 milhão e até R$ 10 milhões,MATCH_VALOR_0.4%
12102,TRF - 1a. Região,71103,EFU - Sentenças Judiciais,2026,1648533820254010000,FUNDEF/Fundo de Manutenção e Desenvolvimento do Ensino Fundamental e,12617047,NAO_IDENTIFICADO,PENDENTE,,,0164853-38.2025.4.01.9198,,,UO generica EFU - sem CNPJ especifico para busca,NAO_TESTADO,0902904,Tribunal Regional Federal da 4a. Região,"2017-03-14 00:00:00,000","2024-07-31 00:00:00,000",21,Sim,33909100,1262873.2,1302683.6484578282,Não Fundef,7,De 5 até 10 anos,OCC,Acima de R$ 1 milhão e até R$ 10 milhões,MATCH_VALOR_0.1%
12102,TRF - 1a. Região,71103,EFU - Sentenças Judiciais,2026,1678603820254010000,Reajuste da Tabela do SUS - Saúde - Serviços - Administrativo,12616844,NAO_IDENTIFICADO,PENDENTE,,,0167860-38.2025.4.01.9198,,,UO generica EFU - sem CNPJ especifico para busca,NAO_TESTADO,0902904,Tribunal Regional Federal da 4a. Região,"2017-03-14 00:00:00,000","2024-07-31 00:00:00,000",21,Sim,33909100,1262873.2,1302683.6484578282,Não Fundef,7,De 5 até 10 anos,OCC,Acima de R$ 1 milhão e até R$ 10 milhões,MATCH_VALOR_0.1%
12102,TRF - 1a. Região,71103,EFU - Sentenças Judiciais,2026,1683141820254010000,IPI/ Imposto sobre Produtos Industrializados - Impostos - Direito Tributário,12546405,NAO_IDENTIFICADO,PENDENTE,,,0168314-18.2025.4.01.9198,,,UO generica EFU - sem CNPJ especifico para busca,NAO_TESTADO,0795323,Superior Tribunal de Justiça,"2017-01-05 00:00:00,000","2025-02-10 00:00:00,000",21,Não,33909100,1259840.2,1299555.0370455561,Não Fundef,8,De 5 até 10 anos,OCC,Acima de R$ 1 milhão e até R$ 10 milhões,MATCH_VALOR_0.4%
12102,TRF - 1a. Região,71103,EFU - Sentenças Judiciais,2026,1659628720254010000,Salário-Educação - Contribuição Social - Contribuições - Direito Tributário,12275037,NAO_IDENTIFICADO,PENDENTE,,,0165962-87.2025.4.01.9198,,,UO generica EFU - sem CNPJ especifico para busca,NAO_TESTADO,0806441,Tribunal Regional Federal da 1a. Região,"1997-04-08 00:00:00,000","2025-03-29 00:00:00,000",11,Não,31909100,1223952.1,1262535.6109905734,Não Fundef,27,20 anos ou mais,Pessoal,Acima de R$ 1 milhão e até R$ 10 milhões,MATCH_VALOR_0.3%
12102,TRF - 1a. Região,71103,EFU - Sentenças Judiciais,2026,1450186420254010000,Anistia Política - Direitos e Garantias Fundamentais,12248131,NAO_IDENTIFICADO,PENDENTE,,,0145018-64.2025.4.01.9198,,,UO generica EFU - sem CNPJ especifico para busca,NAO_TESTADO,0806441,Tribunal Regional Federal da 1a. Região,"1997-04-08 00:00:00,000","2025-03-29 00:00:00,000",11,Não,31909100,1223952.1,1262535.6109905734,Não Fundef,27,20 anos ou mais,Pessoal,Acima de R$ 1 milhão e até R$ 10 milhões,MATCH_VALOR_0.1%
12102,TRF - 1a. Região,71103,EFU - Sentenças Judiciais,2026,1649547520254010000,FUNDEF/Fundo de Manutenção e Desenvolvimento do Ensino Fundamental e,11542446,NAO_IDENTIFICADO,PENDENTE,,,0164954-75.2025.4.01.9198,,,UO generica EFU - sem CNPJ especifico para busca,NAO_TESTADO,0809458,Tribunal Regional Federal da 1a. Região,"2011-12-01 00:00:00,000","2025-03-31 00:00:00,000",12,Não,33909100,1142611.4,1178630.7503568109,Não Fundef,13,De 10 até 15 anos,OCC,Acima de R$ 1 milhão e até R$ 10 milhões,MATCH_VALOR_1.0%
12102,TRF - 1a. Região,44207,Instituto Chico Mendes,2026,1652786520254010000,Desapropriação por Utilidade Pública/DL 3.365/41 - Intervenção na Propriedade,11234588,NAO_IDENTIFICADO,PENDENTE,,,0165278-65.2025.4.01.9198,,08829974000194,CNJ candidato nao encontrado na consulta publica TRF1 - possivel delay de sincronizacao,TRF1,,,,,,,,,,,,,,,SEM_MATCH_VALOR_5_cand
12102,TRF - 1a. Região,71103,EFU - Sentenças Judiciais,2026,1599298120254010000,Cofins - Contribuição Social - Contribuições - Direito Tributário,11086770,NAO_IDENTIFICADO,PENDENTE,,,0159929-81.2025.4.01.9198,,,UO generica EFU - sem CNPJ especifico para busca,NAO_TESTADO,0804948,Tribunal Regional Federal da 1a. Região,"1993-12-03 00:00:00,000","2025-03-27 00:00:00,000",21,Não,33909100,1109304.6,1144273.9964543169,Não Fundef,31,20 anos ou mais,OCC,Acima de R$ 1 milhão e até R$ 10 milhões,MATCH_VALOR_0.1%
12102,TRF - 1a. Região,71103,EFU - Sentenças Judiciais,2026,1404059820254010000,Reajuste da tabela do SUS,11079163,NAO_IDENTIFICADO,PENDENTE,,,0140405-98.2025.4.01.9198,,,UO generica EFU - sem CNPJ especifico para busca,NAO_TESTADO,0804948,Tribunal Regional Federal da 1a. Região,"1993-12-03 00:00:00,000","2025-03-27 00:00:00,000",21,Não,33909100,1109304.6,1144273.9964543169,Não Fundef,31,20 anos ou mais,OCC,Acima de R$ 1 milhão e até R$ 10 milhões,MATCH_VALOR_0.1%
10101,Supremo Tribunal Federal,71103,EFU - Sentenças Judiciais,2025,10,COMUM,11001721,NAO_IDENTIFICADO,PENDENTE,,,,,,UO generica EFU - sem CNPJ especifico para busca,NAO_TESTADO,0844632,Tribunal Regional Federal da 3a. Região,"2005-09-27 00:00:00,000","2025-02-21 00:00:00,000",11,Não,31909100,1099339.3,1133994.5532275727,Não Fundef,19,De 15 até 20 anos,Pessoal,Acima de R$ 1 milhão e até R$ 10 milhões,MATCH_VALOR_0.1%
12102,TRF - 1a. Região,71103,EFU - Sentenças Judiciais,2026,1477545520254010000,Indenização por dano material - Responsabilidade civil - Direito Civil e outras matérias,10895545,NAO_IDENTIFICADO,PENDENTE,,,0147754-55.2025.4.01.9198,,,UO generica EFU - sem CNPJ especifico para busca,NAO_TESTADO,0891513,Tribunal Regional Federal da 4a. Região,"2009-12-04 00:00:00,000","2025-03-28 00:00:00,000",11,Não,31909100,1096880.6,1131458.3458819236,Não Fundef,15,De 15 até 20 anos,Pessoal,Acima de R$ 1 milhão e até R$ 10 milhões,MATCH_VALOR_0.7%
10101,Supremo Tribunal Federal,71103,EFU - Sentenças Judiciais,2025,23,COMUM,10681803,NAO_IDENTIFICADO,PENDENTE,,,,,,UO generica EFU - sem CNPJ especifico para busca,NAO_TESTADO,0939255,Tribunal Regional do Trabalho da 1a. Região - Rio de Janeiro,"1993-12-16 00:00:00,000","2025-04-10 00:00:00,000",11,Não,31909100,1067305.3,1100950.7227031002,Não Fundef,31,20 anos ou mais,Pessoal,Acima de R$ 1 milhão e até R$ 10 milhões,MATCH_VALOR_0.1%
12102,TRF - 1a. Região,71103,EFU - Sentenças Judiciais,2026,1474401220254010000,FUNDEF/Fundo de Manutenção e Desenvolvimento do Ensino Fundamental e,10353638,NAO_IDENTIFICADO,PENDENTE,,,0147440-12.2025.4.01.9198,,,UO generica EFU - sem CNPJ especifico para busca,NAO_TESTADO,0904056,Tribunal Regional Federal da 4a. Região,"2018-02-28 00:00:00,000","2024-08-13 00:00:00,000",21,Sim,33909100,1035586.3,1068231.8221472616,Não Fundef,6,De 5 até 10 anos,OCC,Acima de R$ 1 milhão e até R$ 10 milhões,MATCH_VALOR_0.0%
12103,TRF - 2a. Região,33201,INSS,2026,50088124020254000000,Enquadramento,10342553,NAO_IDENTIFICADO,PENDENTE,,,5008812-40.2025.4.00.9198,,29979036000140,Formato 20 dig com tribunal 00 - provavel outro TRF (nao TRF1),TRF1,0808386,Tribunal Regional Federal da 1a. Região,"1993-07-26 00:00:00,000","2025-03-31 00:00:00,000",11,Não,31909100,1034954.2,1067579.7960102034,Não Fundef,31,20 anos ou mais,Pessoal,Acima de R$ 1 milhão e até R$ 10 milhões,MATCH_VALOR_0.1%
12102,TRF - 1a. Região,71103,EFU - Sentenças Judiciais,2026,1686944120254010000,FUNDEF/Fundo de Manutenção e Desenvolvimento do Ensino Fundamental e,10340514,NAO_IDENTIFICADO,PENDENTE,,,0168694-41.2025.4.01.9198,,,UO generica EFU - sem CNPJ especifico para busca,NAO_TESTADO,0904056,Tribunal Regional Federal da 4a. Região,"2018-02-28 00:00:00,000","2024-08-13 00:00:00,000",21,Sim,33909100,1035586.3,1068231.8221472616,Não Fundef,6,De 5 até 10 anos,OCC,Acima de R$ 1 milhão e até R$ 10 milhões,MATCH_VALOR_0.1%
12102,TRF - 1a. Região,71103,EFU - Sentenças Judiciais,2026,4574568320244010000,Crédito Prêmio - Crédito Tributário - Direito Tributário,10238668,NAO_IDENTIFICADO,PENDENTE,,,0457456-83.2024.4.01.9198,,,UO generica EFU - sem CNPJ especifico para busca,NAO_TESTADO,0811801,Tribunal Regional Federal da 1a. Região,"1987-02-04 00:00:00,000","2025-04-02 00:00:00,000",21,Sim,33909100,1016587.9,1048634.5220961866,Não Fundef,38,20 anos ou mais,OCC,Acima de R$ 1 milhão e até R$ 10 milhões,MATCH_VALOR_-4.3%
12102,TRF - 1a. Região,71103,EFU - Sentenças Judiciais,2026,1450238620254010000,FUNDEF/Fundo de Manutenção e Desenvolvimento do Ensino Fundamental e,10185380,NAO_IDENTIFICADO,PENDENTE,,,0145023-86.2025.4.01.9198,,,UO generica EFU - sem CNPJ especifico para busca,NAO_TESTADO,0811801,Tribunal Regional Federal da 1a. Região,"1987-02-04 00:00:00,000","2025-04-02 00:00:00,000",21,Sim,33909100,1016587.9,1048634.5220961866,Não Fundef,38,20 anos ou mais,OCC,Acima de R$ 1 milhão e até R$ 10 milhões,MATCH_VALOR_0.2%
12102,TRF - 1a. Região,71103,EFU - Sentenças Judiciais,2026,1662061620254010000,FUNDEF/Fundo de Manutenção e Desenvolvimento do Ensino Fundamental e,10141616,NAO_IDENTIFICADO,PENDENTE,,,0166206-16.2025.4.01.9198,,,UO generica EFU - sem CNPJ especifico para busca,NAO_TESTADO,0811801,Tribunal Regional Federal da 1a. Região,"1987-02-04 00:00:00,000","2025-04-02 00:00:00,000",21,Sim,33909100,1016587.9,1048634.5220961866,Não Fundef,38,20 anos ou mais,OCC,Acima de R$ 1 milhão e até R$ 10 milhões,MATCH_VALOR_0.2%
12102,TRF - 1a. Região,71103,EFU - Sentenças Judiciais,2026,1322978020254010000,Anistia Política - Direitos e Garantias Fundamentais,10077295,NAO_IDENTIFICADO,PENDENTE,,,0132297-80.2025.4.01.9198,,,UO generica EFU - sem CNPJ especifico para busca,NAO_TESTADO,0836079,Tribunal Regional Federal da 2a. Região,"1994-04-26 00:00:00,000","2024-10-17 00:00:00,000",11,Não,31909100,1003221.9,1034847.1761890224,Não Fundef,30,20 anos ou mais,Pessoal,Acima de R$ 1 milhão e até R$ 10 milhões,MATCH_VALOR_0.4%
12102,TRF - 1a. Região,71103,EFU - Sentenças Judiciais,2026,1145849220254010000,Honorários Advocatícios - Sucumbência - Partes e Procuradores - DIREITO,10026451,NAO_IDENTIFICADO,PENDENTE,,,0114584-92.2025.4.01.9198,,,UO generica EFU - sem CNPJ especifico para busca,NAO_TESTADO,0901476,Tribunal Regional Federal da 4a. Região,"2007-04-30 00:00:00,000","2024-07-18 00:00:00,000",12,Não,33909100,1022881.5,1055126.519717115,Não Fundef,17,De 15 até 20 anos,OCC,Acima de R$ 1 milhão e até R$ 10 milhões,MATCH_VALOR_-3.0%
12102,TRF - 1a. Região,71103,EFU - Sentenças Judiciais,2026,1661351420254010000,FUNDEF/Fundo de Manutenção e Desenvolvimento do Ensino Fundamental e,9995666,NAO_IDENTIFICADO,PENDENTE,,,0166135-14.2025.4.01.9198,,,UO generica EFU - sem CNPJ especifico para busca,NAO_TESTADO,0840015,Tribunal Regional Federal da 2a. Região,"2009-07-15 00:00:00,000","2024-12-16 00:00:00,000",21,Sim,33909100,1001841.8,1033423.5703169232,Não Fundef,15,De 15 até 20 anos,OCC,Acima de R$ 1 milhão e até R$ 10 milhões,MATCH_VALOR_0.2%
12102,TRF - 1a. Região,49201,INCRA,2026,1667016020254010000,Desapropriação por Interesse Social para Reforma Agrária - Intervenção do Estado na,9857140,NAO_IDENTIFICADO,PENDENTE,,,0166701-60.2025.4.01.9198,,00375972000160,Precatorio de 2025 mas PRC extraidos ate 2022 - nao sincronizado no TRF1 publico,TRF1,,,,,,,,,,,,,,,SEM_MATCH_VALOR_138_cand
12102,TRF - 1a. Região,71103,EFU - Sentenças Judiciais,2026,4402107420244010000,PIS - Contribuição Social - Contribuições - Direito Tributário,9840010,NAO_IDENTIFICADO,PENDENTE,,,0440210-74.2024.4.01.9198,,,UO generica EFU - sem CNPJ especifico para busca,NAO_TESTADO,0840015,Tribunal Regional Federal da 2a. Região,"2009-07-15 00:00:00,000","2024-12-16 00:00:00,000",21,Sim,33909100,1001841.8,1033423.5703169232,Não Fundef,15,De 15 até 20 anos,OCC,Acima de R$ 1 milhão e até R$ 10 milhões,MATCH_VALOR_1.8%
12102,TRF - 1a. Região,71103,EFU - Sentenças Judiciais,2026,939160320254019000,EXCLUSÃO DE ICMS - BASE DE CÁLCULO - CRÉDITO TRIBUTÁRIO,9826479,NAO_IDENTIFICADO,PENDENTE,,,0093916-03.2025.4.01.9198,,,UO generica EFU - sem CNPJ especifico para busca,NAO_TESTADO,0840015,Tribunal Regional Federal da 2a. Região,"2009-07-15 00:00:00,000","2024-12-16 00:00:00,000",21,Sim,33909100,1001841.8,1033423.5703169232,Não Fundef,15,De 15 até 20 anos,OCC,Acima de R$ 1 milhão e até R$ 10 milhões,MATCH_VALOR_2.0%
12102,TRF - 1a. Região,71103,EFU - Sentenças Judiciais,2026,1357187820254010000,Reajuste da tabela do SUS,9820800,NAO_IDENTIFICADO,PENDENTE,,,0135718-78.2025.4.01.9198,,,UO generica EFU - sem CNPJ especifico para busca,NAO_TESTADO,0840015,Tribunal Regional Federal da 2a. Região,"2009-07-15 00:00:00,000","2024-12-16 00:00:00,000",21,Sim,33909100,1001841.8,1033423.5703169232,Não Fundef,15,De 15 até 20 anos,OCC,Acima de R$ 1 milhão e até R$ 10 milhões,MATCH_VALOR_2.0%
12102,TRF - 1a. Região,49201,INCRA,2026,1449675320254010000,Desapropriação por Interesse Social para Reforma Agrária - Intervenção do Estado na,9666559,NAO_IDENTIFICADO,PENDENTE,,,0144967-53.2025.4.01.9198,,00375972000160,Precatorio de 2025 mas PRC extraidos ate 2022 - nao sincronizado no TRF1 publico,TRF1,,,,,,,,,,,,,,,SEM_MATCH_VALOR_138_cand
12102,TRF - 1a. Região,33904,F. Regime Geral Prev. Social,2026,1660096120254010000,"Revisão do valor do benefício no primeiro reajuste após a concessão (Art. 21, § 3º, da Lei",9557876,NAO_IDENTIFICADO,PENDENTE,,,0166009-61.2025.4.01.9198,,,Entidade nao mapeada para extracao TRF1,NAO_TESTADO,0859104,Tribunal Regional Federal da 3a. Região,"1999-07-29 00:00:00,000","2025-04-02 00:00:00,000",12,Não,33909100,1014751.4,1046740.1288028671,Não Fundef,25,20 anos ou mais,Previdência,Acima de R$ 1 milhão e até R$ 10 milhões,MATCH_VALOR_6.2%
12102,TRF - 1a. Região,71103,EFU - Sentenças Judiciais,2026,1652171020254010000,DANO AO ERÁRIO - IMPROBIDADE ADMINISTRATIVA - ATOS,9530640,NAO_IDENTIFICADO,PENDENTE,,,0165217-10.2025.4.01.9198,,,UO generica EFU - sem CNPJ especifico para busca,NAO_TESTADO,0840015,Tribunal Regional Federal da 2a. Região,"2009-07-15 00:00:00,000","2024-12-16 00:00:00,000",21,Sim,33909100,1001841.8,1033423.5703169232,Não Fundef,15,De 15 até 20 anos,OCC,Acima de R$ 1 milhão e até R$ 10 milhões,MATCH_VALOR_5.1%
12102,TRF - 1a. Região,71103,EFU - Sentenças Judiciais,2026,1665717020254010000,Reintegração - Regime Estatutário - Servidor Público Civil - Administrativo,9396818,NAO_IDENTIFICADO,PENDENTE,,,0166571-70.2025.4.01.9198,,,UO generica EFU - sem CNPJ especifico para busca,NAO_TESTADO,0840015,Tribunal Regional Federal da 2a. Região,"2009-07-15 00:00:00,000","2024-12-16 00:00:00,000",21,Sim,33909100,1001841.8,1033423.5703169232,Não Fundef,15,De 15 até 20 anos,OCC,Acima de R$ 1 milhão e até R$ 10 milhões,MATCH_VALOR_6.6%
12102,TRF - 1a. Região,71103,EFU - Sentenças Judiciais,2026,1668488620254010000,IPI/ Imposto sobre Produtos Industrializados - Impostos - Direito Tributário,9248280,NAO_IDENTIFICADO,PENDENTE,,,0166848-86.2025.4.01.9198,,,UO generica EFU - sem CNPJ especifico para busca,NAO_TESTADO,0840015,Tribunal Regional Federal da 2a. Região,"2009-07-15 00:00:00,000","2024-12-16 00:00:00,000",21,Sim,33909100,1001841.8,1033423.5703169232,Não Fundef,15,De 15 até 20 anos,OCC,Acima de R$ 1 milhão e até R$ 10 milhões,MATCH_VALOR_8.3%
12102,TRF - 1a. Região,71103,EFU - Sentenças Judiciais,2026,1054963020254010000,Reintegração - Regime Estatutário - Servidor Público Civil - Administrativo,9209093,NAO_IDENTIFICADO,PENDENTE,,,0105496-30.2025.4.01.9198,,,UO generica EFU - sem CNPJ especifico para busca,NAO_TESTADO,0840015,Tribunal Regional Federal da 2a. Região,"2009-07-15 00:00:00,000","2024-12-16 00:00:00,000",21,Sim,33909100,1001841.8,1033423.5703169232,Não Fundef,15,De 15 até 20 anos,OCC,Acima de R$ 1 milhão e até R$ 10 milhões,MATCH_VALOR_8.8%
12103,TRF - 2a. Região,49201,INCRA,2026,50000442820254000000,Desapropriação por Interesse Social para Reforma Agrária,9146717,NAO_IDENTIFICADO,PENDENTE,,,5000044-28.2025.4.00.9198,,00375972000160,Formato 20 dig com tribunal 00 - provavel outro TRF (nao TRF1),TRF1,,,,,,,,,,,,,,,SEM_MATCH_VALOR_138_cand
12103,TRF - 2a. Região,49201,INCRA,2026,50000451320254000000,Desapropriação por Interesse Social para Reforma Agrária,9146717,NAO_IDENTIFICADO,PENDENTE,,,5000045-13.2025.4.00.9198,,00375972000160,Formato 20 dig com tribunal 00 - provavel outro TRF (nao TRF1),TRF1,,,,,,,,,,,,,,,SEM_MATCH_VALOR_138_cand
12102,TRF - 1a. Região,71103,EFU - Sentenças Judiciais,2026,1662053120254010000,FUNDEF/Fundo de Manutenção e Desenvolvimento do Ensino Fundamental e,9078712,NAO_IDENTIFICADO,PENDENTE,,,0166205-31.2025.4.01.9198,,,UO generica EFU - sem CNPJ especifico para busca,NAO_TESTADO,0840015,Tribunal Regional Federal da 2a. Região,"2009-07-15 00:00:00,000","2024-12-16 00:00:00,000",21,Sim,33909100,1001841.8,1033423.5703169232,Não Fundef,15,De 15 até 20 anos,OCC,Acima de R$ 1 milhão e até R$ 10 milhões,MATCH_APROX_10.4%
12102,TRF - 1a. Região,71103,EFU - Sentenças Judiciais,2026,1645320320254010000,Reajuste da Tabela do SUS - Saúde - Serviços - Administrativo,9031709,NAO_IDENTIFICADO,PENDENTE,,,0164532-03.2025.4.01.9198,,,UO generica EFU - sem CNPJ especifico para busca,NAO_TESTADO,0840015,Tribunal Regional Federal da 2a. Região,"2009-07-15 00:00:00,000","2024-12-16 00:00:00,000",21,Sim,33909100,1001841.8,1033423.5703169232,Não Fundef,15,De 15 até 20 anos,OCC,Acima de R$ 1 milhão e até R$ 10 milhões,MATCH_APROX_10.9%
12102,TRF - 1a. Região,71103,EFU - Sentenças Judiciais,2026,2284622920244010000,FUNDEF/Fundo de Manutenção e Desenvolvimento do Ensino Fundamental e,8966006,NAO_IDENTIFICADO,PENDENTE,,,0228462-29.2024.4.01.9198,,,UO generica EFU - sem CNPJ especifico para busca,NAO_TESTADO,0840015,Tribunal Regional Federal da 2a. Região,"2009-07-15 00:00:00,000","2024-12-16 00:00:00,000",21,Sim,33909100,1001841.8,1033423.5703169232,Não Fundef,15,De 15 até 20 anos,OCC,Acima de R$ 1 milhão e até R$ 10 milhões,MATCH_APROX_11.7%
12102,TRF - 1a. Região,49201,INCRA,2026,1648118620254010000,Desapropriação por Interesse Social para Reforma Agrária - Intervenção do Estado na,8934739,NAO_IDENTIFICADO,PENDENTE,,,0164811-86.2025.4.01.9198,,00375972000160,Precatorio de 2025 mas PRC extraidos ate 2022 - nao sincronizado no TRF1 publico,TRF1,,,,,,,,,,,,,,,SEM_MATCH_VALOR_138_cand
12102,TRF - 1a. Região,71103,EFU - Sentenças Judiciais,2026,1681678920254010000,FUNDEF/Fundo de Manutenção e Desenvolvimento do Ensino Fundamental e,8885518,NAO_IDENTIFICADO,PENDENTE,,,0168167-89.2025.4.01.9198,,,UO generica EFU - sem CNPJ especifico para busca,NAO_TESTADO,0840015,Tribunal Regional Federal da 2a. Região,"2009-07-15 00:00:00,000","2024-12-16 00:00:00,000",21,Sim,33909100,1001841.8,1033423.5703169232,Não Fundef,15,De 15 até 20 anos,OCC,Acima de R$ 1 milhão e até R$ 10 milhões,MATCH_APROX_12.7%
12102,TRF - 1a. Região,71103,EFU - Sentenças Judiciais,2026,1666634820254010000,FUNDEF/Fundo de Manutenção e Desenvolvimento do Ensino Fundamental e,8866824,NAO_IDENTIFICADO,PENDENTE,,,0166663-48.2025.4.01.9198,,,UO generica EFU - sem CNPJ especifico para busca,NAO_TESTADO,0840015,Tribunal Regional Federal da 2a. Região,"2009-07-15 00:00:00,000","2024-12-16 00:00:00,000",21,Sim,33909100,1001841.8,1033423.5703169232,Não Fundef,15,De 15 até 20 anos,OCC,Acima de R$ 1 milhão e até R$ 10 milhões,MATCH_APROX_13.0%
12102,TRF - 1a. Região,71103,EFU - Sentenças Judiciais,2026,509797520254019000,FUNDEF/Fundo de Manutenção e Desenvolvimento do Ensino Fundamental e,8786947,NAO_IDENTIFICADO,PENDENTE,,,0050979-75.2025.4.01.9198,,,UO generica EFU - sem CNPJ especifico para busca,NAO_TESTADO,0840015,Tribunal Regional Federal da 2a. Região,"2009-07-15 00:00:00,000","2024-12-16 00:00:00,000",21,Sim,33909100,1001841.8,1033423.5703169232,Não Fundef,15,De 15 até 20 anos,OCC,Acima de R$ 1 milhão e até R$ 10 milhões,MATCH_APROX_14.0%
12102,TRF - 1a. Região,28233,SUFRAMA,2026,1656779420254010000,Taxa de Despacho Aduaneiro - Taxas Federais - Taxas - Direito Tributário,8753765,IDENTIFICADO_PRC,PRC,0165677-94.2025.4.01.9198,0006924-74.2014.4.01.3200/AM,0165677-94.2025.4.01.9198,prefix16_exato,04407029000143,,TRF1,,,,,,,,,,,,,,,SEM_MATCH_VALOR_9_cand
12102,TRF - 1a. Região,49201,INCRA,2026,1672861520254010000,Honorários Advocatícios - Sucumbência - Partes e Procuradores - DIREITO,8683263,NAO_IDENTIFICADO,PENDENTE,,,0167286-15.2025.4.01.9198,,00375972000160,Precatorio de 2025 mas PRC extraidos ate 2022 - nao sincronizado no TRF1 publico,TRF1,,,,,,,,,,,,,,,SEM_MATCH_VALOR_138_cand
12102,TRF - 1a. Região,71103,EFU - Sentenças Judiciais,2026,6362035520244010000,Honorários Advocatícios em Execução Contra a Fazenda Pública - Sucumbência,8558346,NAO_IDENTIFICADO,PENDENTE,,,0636203-55.2024.4.01.9198,,,UO generica EFU - sem CNPJ especifico para busca,NAO_TESTADO,0901476,Tribunal Regional Federal da 4a. Região,"2007-04-30 00:00:00,000","2024-07-18 00:00:00,000",12,Não,33909100,1022881.5,1055126.519717115,Não Fundef,17,De 15 até 20 anos,OCC,Acima de R$ 1 milhão e até R$ 10 milhões,MATCH_APROX_14.5%
12102,TRF - 1a. Região,71103,EFU - Sentenças Judiciais,2026,1687057020254010000,FUNDEF/Fundo de Manutenção e Desenvolvimento do Ensino Fundamental e,8464365,NAO_IDENTIFICADO,PENDENTE,,,0168705-70.2025.4.01.9198,,,UO generica EFU - sem CNPJ especifico para busca,NAO_TESTADO,0840015,Tribunal Regional Federal da 2a. Região,"2009-07-15 00:00:00,000","2024-12-16 00:00:00,000",21,Sim,33909100,1001841.8,1033423.5703169232,Não Fundef,15,De 15 até 20 anos,OCC,Acima de R$ 1 milhão e até R$ 10 milhões,MATCH_APROX_18.4%
12102,TRF - 1a. Região,44201,Ibama,2026,1645173420254010000,Restituição de área - Intervenção na Propriedade - Administrativo,8461045,NAO_IDENTIFICADO,PENDENTE,,,0164517-34.2025.4.01.9198,,,Entidade nao mapeada para extracao TRF1,NAO_TESTADO,,,,,,,,,,,,,,,SEM_MATCH_VALOR_16_cand
12102,TRF - 1a. Região,49201,INCRA,2026,1477597720254010000,Desapropriação por Utilidade Pública/DL 3.365/41 - Intervenção na Propriedade,8240452,NAO_IDENTIFICADO,PENDENTE,,,0147759-77.2025.4.01.9198,,00375972000160,Precatorio de 2025 mas PRC extraidos ate 2022 - nao sincronizado no TRF1 publico,TRF1,,,,,,,,,,,,,,,SEM_MATCH_VALOR_138_cand
12102,TRF - 1a. Região,49201,INCRA,2026,1477606220254010000,Desapropriação por Utilidade Pública/DL 3.365/41 - Intervenção na Propriedade,8240452,NAO_IDENTIFICADO,PENDENTE,,,0147760-62.2025.4.01.9198,,00375972000160,Precatorio de 2025 mas PRC extraidos ate 2022 - nao sincronizado no TRF1 publico,TRF1,,,,,,,,,,,,,,,SEM_MATCH_VALOR_138_cand
12102,TRF - 1a. Região,49201,INCRA,2026,1477614720254010000,Desapropriação por Utilidade Pública/DL 3.365/41 - Intervenção na Propriedade,8240452,NAO_IDENTIFICADO,PENDENTE,,,0147761-47.2025.4.01.9198,,00375972000160,Precatorio de 2025 mas PRC extraidos ate 2022 - nao sincronizado no TRF1 publico,TRF1,,,,,,,,,,,,,,,SEM_MATCH_VALOR_138_cand
12102,TRF - 1a. Região,71103,EFU - Sentenças Judiciais,2026,1344213620254010000,FUNDEF/Fundo de Manutenção e Desenvolvimento do Ensino Fundamental e,8226456,NAO_IDENTIFICADO,PENDENTE,,,0134421-36.2025.4.01.9198,,,UO generica EFU - sem CNPJ especifico para busca,NAO_TESTADO,0840015,Tribunal Regional Federal da 2a. Região,"2009-07-15 00:00:00,000","2024-12-16 00:00:00,000",21,Sim,33909100,1001841.8,1033423.5703169232,Não Fundef,15,De 15 até 20 anos,OCC,Acima de R$ 1 milhão e até R$ 10 milhões,MATCH_APROX_21.8%
12102,TRF - 1a. Região,49201,INCRA,2026,1666444220254010000,Desapropriação por Interesse Social para Reforma Agrária - Intervenção do Estado na,8224491,NAO_IDENTIFICADO,PENDENTE,,,0166644-42.2025.4.01.9198,,00375972000160,Precatorio de 2025 mas PRC extraidos ate 2022 - nao sincronizado no TRF1 publico,TRF1,,,,,,,,,,,,,,,SEM_MATCH_VALOR_138_cand
12103,TRF - 2a. Região,33201,INSS,2026,50108935920254000000,Enquadramento,8204677,NAO_IDENTIFICADO,PENDENTE,,,5010893-59.2025.4.00.9198,,29979036000140,Formato 20 dig com tribunal 00 - provavel outro TRF (nao TRF1),TRF1,0807650,Tribunal Regional Federal da 1a. Região,"1993-07-26 00:00:00,000","2025-03-31 00:00:00,000",11,Não,31909100,1000130.4,1031658.2206397183,Não Fundef,31,20 anos ou mais,Pessoal,Acima de R$ 1 milhão e até R$ 10 milhões,MATCH_APROX_21.9%
12103,TRF - 2a. Região,26236,UF - Fluminense/RJ,2026,50016170420254000000,Pagamento Atrasado / Correção Monetária,8200699,NAO_IDENTIFICADO,PENDENTE,,,5001617-04.2025.4.00.9198,,,Entidade nao mapeada para extracao TRF1,NAO_TESTADO,,,,,,,,,,,,,,,SEM_MATCH_VALOR_7_cand
12102,TRF - 1a. Região,71103,EFU - Sentenças Judiciais,2026,1684086320254010000,Honorários Advocatícios - Sucumbência - Partes e Procuradores - DIREITO,8162958,NAO_IDENTIFICADO,PENDENTE,,,0168408-63.2025.4.01.9198,,,UO generica EFU - sem CNPJ especifico para busca,NAO_TESTADO,0901476,Tribunal Regional Federal da 4a. Região,"2007-04-30 00:00:00,000","2024-07-18 00:00:00,000",12,Não,33909100,1022881.5,1055126.519717115,Não Fundef,17,De 15 até 20 anos,OCC,Acima de R$ 1 milhão e até R$ 10 milhões,MATCH_APROX_20.3%
12102,TRF - 1a. Região,71103,EFU - Sentenças Judiciais,2026,1646602320254010000,Honorários Advocatícios - Sucumbência - Partes e Procuradores - DIREITO,8153438,NAO_IDENTIFICADO,PENDENTE,,,0164660-23.2025.4.01.9198,,,UO generica EFU - sem CNPJ especifico para busca,NAO_TESTADO,0901476,Tribunal Regional Federal da 4a. Região,"2007-04-30 00:00:00,000","2024-07-18 00:00:00,000",12,Não,33909100,1022881.5,1055126.519717115,Não Fundef,17,De 15 até 20 anos,OCC,Acima de R$ 1 milhão e até R$ 10 milhões,MATCH_APROX_20.5%
12102,TRF - 1a. Região,49201,INCRA,2026,2809652720244010000,Desapropriação por Interesse Social para Reforma Agrária - Intervenção do Estado na,8072704,NAO_IDENTIFICADO,PENDENTE,,,0280965-27.2024.4.01.9198,,00375972000160,Precatorio de 2024 mas PRC extraidos ate 2022 - nao sincronizado no TRF1 publico,TRF1,,,,,,,,,,,,,,,SEM_MATCH_VALOR_138_cand
12102,TRF - 1a. Região,71103,EFU - Sentenças Judiciais,2026,1681306220254010000,Honorários Advocatícios em Execução Contra a Fazenda Pública - Sucumbência,8016036,NAO_IDENTIFICADO,PENDENTE,,,0168130-62.2025.4.01.9198,,,UO generica EFU - sem CNPJ especifico para busca,NAO_TESTADO,0901476,Tribunal Regional Federal da 4a. Região,"2007-04-30 00:00:00,000","2024-07-18 00:00:00,000",12,Não,33909100,1022881.5,1055126.519717115,Não Fundef,17,De 15 até 20 anos,OCC,Acima de R$ 1 milhão e até R$ 10 milhões,MATCH_APROX_22.6%
12102,TRF - 1a. Região,71103,EFU - Sentenças Judiciais,2026,1271541320254010000,FUNDEF/Fundo de Manutenção e Desenvolvimento do Ensino Fundamental e,7880904,NAO_IDENTIFICADO,PENDENTE,,,0127154-13.2025.4.01.9198,,,UO generica EFU - sem CNPJ especifico para busca,NAO_TESTADO,0840015,Tribunal Regional Federal da 2a. Região,"2009-07-15 00:00:00,000","2024-12-16 00:00:00,000",21,Sim,33909100,1001841.8,1033423.5703169232,Não Fundef,15,De 15 até 20 anos,OCC,Acima de R$ 1 milhão e até R$ 10 milhões,MATCH_APROX_27.1%
12102,TRF - 1a. Região,71103,EFU - Sentenças Judiciais,2026,948575020254019000,Cofins - Contribuição Social - Contribuições - Direito Tributário,7874381,NAO_IDENTIFICADO,PENDENTE,,,0094857-50.2025.4.01.9198,,,UO generica EFU - sem CNPJ especifico para busca,NAO_TESTADO,0840015,Tribunal Regional Federal da 2a. Região,"2009-07-15 00:00:00,000","2024-12-16 00:00:00,000",21,Sim,33909100,1001841.8,1033423.5703169232,Não Fundef,15,De 15 até 20 anos,OCC,Acima de R$ 1 milhão e até R$ 10 milhões,MATCH_APROX_27.2%
12103,TRF - 2a. Região,33904,F. Regime Geral Prev. Social,2026,50117752120254000000,RMI - Renda Mensal Inicial,7838270,NAO_IDENTIFICADO,PENDENTE,,,5011775-21.2025.4.00.9198,,,Entidade nao mapeada para extracao TRF1,NAO_TESTADO,0859104,Tribunal Regional Federal da 3a. Região,"1999-07-29 00:00:00,000","2025-04-02 00:00:00,000",12,Não,33909100,1014751.4,1046740.1288028671,Não Fundef,25,20 anos ou mais,Previdência,Acima de R$ 1 milhão e até R$ 10 milhões,MATCH_APROX_29.5%
12103,TRF - 2a. Região,33201,INSS,2026,50108944420254000000,Enquadramento,7826289,NAO_IDENTIFICADO,PENDENTE,,,5010894-44.2025.4.00.9198,,29979036000140,Formato 20 dig com tribunal 00 - provavel outro TRF (nao TRF1),TRF1,0807650,Tribunal Regional Federal da 1a. Região,"1993-07-26 00:00:00,000","2025-03-31 00:00:00,000",11,Não,31909100,1000130.4,1031658.2206397183,Não Fundef,31,20 anos ou mais,Pessoal,Acima de R$ 1 milhão e até R$ 10 milhões,MATCH_APROX_27.8%
12102,TRF - 1a. Região,71103,EFU - Sentenças Judiciais,2026,1477683920254010000,FUNDEF/Fundo de Manutenção e Desenvolvimento do Ensino Fundamental e,7666549,NAO_IDENTIFICADO,PENDENTE,,,0147768-39.2025.4.01.9198,,,UO generica EFU - sem CNPJ especifico para busca,NAO_TESTADO,,,,,,,,,,,,,,,SEM_MATCH_VALOR_2086_cand
12103,TRF - 2a. Região,33201,INSS,2026,50108858220254000000,Enquadramento,7666002,NAO_IDENTIFICADO,PENDENTE,,,5010885-82.2025.4.00.9198,,29979036000140,Formato 20 dig com tribunal 00 - provavel outro TRF (nao TRF1),TRF1,,,,,,,,,,,,,,,SEM_MATCH_VALOR_361_cand
12102,TRF - 1a. Região,49201,INCRA,2026,1666886120254010000,Desapropriação por Interesse Social para Reforma Agrária - Intervenção do Estado na,7664537,NAO_IDENTIFICADO,PENDENTE,,,0166688-61.2025.4.01.9198,,00375972000160,Precatorio de 2025 mas PRC extraidos ate 2022 - nao sincronizado no TRF1 publico,TRF1,,,,,,,,,,,,,,,SEM_MATCH_VALOR_138_cand
12102,TRF - 1a. Região,49201,INCRA,2026,1666894620254010000,Desapropriação por Interesse Social para Reforma Agrária - Intervenção do Estado na,7664537,NAO_IDENTIFICADO,PENDENTE,,,0166689-46.2025.4.01.9198,,00375972000160,Precatorio de 2025 mas PRC extraidos ate 2022 - nao sincronizado no TRF1 publico,TRF1,,,,,,,,,,,,,,,SEM_MATCH_VALOR_138_cand
12102,TRF - 1a. Região,49201,INCRA,2026,3954019620244010000,Desapropriação por Interesse Social para Reforma Agrária - Intervenção do Estado na,7646551,NAO_IDENTIFICADO,PENDENTE,,,0395401-96.2024.4.01.9198,,00375972000160,Precatorio de 2024 mas PRC extraidos ate 2022 - nao sincronizado no TRF1 publico,TRF1,,,,,,,,,,,,,,,SEM_MATCH_VALOR_138_cand
12102,TRF - 1a. Região,71103,EFU - Sentenças Judiciais,2026,1206829320254010000,EX-COMBATENTES - REGIME - SERVIDOR PÚBLICO MILITAR,7617286,NAO_IDENTIFICADO,PENDENTE,,,0120682-93.2025.4.01.9198,,,UO generica EFU - sem CNPJ especifico para busca,NAO_TESTADO,,,,,,,,,,,,,,,SEM_MATCH_VALOR_2086_cand
12103,TRF - 2a. Região,33201,INSS,2026,50049032420244000000,Pensão,7617206,NAO_IDENTIFICADO,PENDENTE,,,5004903-24.2024.4.00.9198,,29979036000140,Formato 20 dig com tribunal 00 - provavel outro TRF (nao TRF1),TRF1,,,,,,,,,,,,,,,SEM_MATCH_VALOR_361_cand
12102,TRF - 1a. Região,71103,EFU - Sentenças Judiciais,2026,6362607320244010000,Repetição de Indébito - Crédito Tributário - Direito Tributário,7577342,NAO_IDENTIFICADO,PENDENTE,,,0636260-73.2024.4.01.9198,,,UO generica EFU - sem CNPJ especifico para busca,NAO_TESTADO,,,,,,,,,,,,,,,SEM_MATCH_VALOR_2086_cand
12102,TRF - 1a. Região,71103,EFU - Sentenças Judiciais,2026,1546822220254010000,FUNDO DE PARTICIPAÇÃO DOS MUNICÍPIOS - ENTIDADES,7557924,NAO_IDENTIFICADO,PENDENTE,,,0154682-22.2025.4.01.9198,,,UO generica EFU - sem CNPJ especifico para busca,NAO_TESTADO,,,,,,,,,,,,,,,SEM_MATCH_VALOR_2086_cand
12102,TRF - 1a. Região,71103,EFU - Sentenças Judiciais,2026,1145441320254010000,VOLUNTÁRIA - APOSENTADORIA - SERVIDOR PÚBLICO CIVIL,7545999,NAO_IDENTIFICADO,PENDENTE,,,0114544-13.2025.4.01.9198,,,UO generica EFU - sem CNPJ especifico para busca,NAO_TESTADO,,,,,,,,,,,,,,,SEM_MATCH_VALOR_2086_cand
12102,TRF - 1a. Região,71103,EFU - Sentenças Judiciais,2026,1659117620254010000,FUNDEF/Fundo de Manutenção e Desenvolvimento do Ensino Fundamental e,7512223,NAO_IDENTIFICADO,PENDENTE,,,0165911-76.2025.4.01.9198,,,UO generica EFU - sem CNPJ especifico para busca,NAO_TESTADO,,,,,,,,,,,,,,,SEM_MATCH_VALOR_2086_cand
12102,TRF - 1a. Região,71103,EFU - Sentenças Judiciais,2026,1678058720254010000,FUNDEF/Fundo de Manutenção e Desenvolvimento do Ensino Fundamental e,7382703,NAO_IDENTIFICADO,PENDENTE,,,0167805-87.2025.4.01.9198,,,UO generica EFU - sem CNPJ especifico para busca,NAO_TESTADO,,,,,,,,,,,,,,,SEM_MATCH_VALOR_2086_cand
12102,TRF - 1a. Região,71103,EFU - Sentenças Judiciais,2026,1653704320254010000,"Índice de 28,86% Lei 8.622/1993 e 8.627/1993 - Reajuste de Vencimentos - Servidor",7317903,NAO_IDENTIFICADO,PENDENTE,,,0165370-43.2025.4.01.9198,,,UO generica EFU - sem CNPJ especifico para busca,NAO_TESTADO,,,,,,,,,,,,,,,SEM_MATCH_VALOR_2086_cand
12102,TRF - 1a. Região,49201,INCRA,2026,1678647520254010000,Desapropriação por Interesse Social para Reforma Agrária - Intervenção do Estado na,7278948,NAO_IDENTIFICADO,PENDENTE,,,0167864-75.2025.4.01.9198,,00375972000160,Precatorio de 2025 mas PRC extraidos ate 2022 - nao sincronizado no TRF1 publico,TRF1,,,,,,,,,,,,,,,SEM_MATCH_VALOR_138_cand
12102,TRF - 1a. Região,44201,Ibama,2026,5233579520244010000,Indenização por dano moral - Responsabilidade civil - Direito Civil e outras matérias do,7258280,NAO_IDENTIFICADO,PENDENTE,,,0523357-95.2024.4.01.9198,,,Entidade nao mapeada para extracao TRF1,NAO_TESTADO,,,,,,,,,,,,,,,SEM_MATCH_VALOR_16_cand
12102,TRF - 1a. Região,49201,INCRA,2026,274511220254019000,Desapropriação por Interesse Social para Reforma Agrária - Intervenção do Estado na,7237797,NAO_IDENTIFICADO,PENDENTE,,,0027451-12.2025.4.01.9198,,00375972000160,Precatorio de 2025 mas PRC extraidos ate 2022 - nao sincronizado no TRF1 publico,TRF1,,,,,,,,,,,,,,,SEM_MATCH_VALOR_138_cand
12102,TRF - 1a. Região,49201,INCRA,2026,274529420254019000,Desapropriação por Interesse Social para Reforma Agrária - Intervenção do Estado na,7237797,NAO_IDENTIFICADO,PENDENTE,,,0027452-94.2025.4.01.9198,,00375972000160,Precatorio de 2025 mas PRC extraidos ate 2022 - nao sincronizado no TRF1 publico,TRF1,,,,,,,,,,,,,,,SEM_MATCH_VALOR_138_cand
12103,TRF - 2a. Região,33201,INSS,2026,50108918920254000000,Enquadramento,7193897,NAO_IDENTIFICADO,PENDENTE,,,5010891-89.2025.4.00.9198,,29979036000140,Formato 20 dig com tribunal 00 - provavel outro TRF (nao TRF1),TRF1,,,,,,,,,,,,,,,SEM_MATCH_VALOR_361_cand
12103,TRF - 2a. Região,26269,Fund. Univ. do Rio de Janeiro,2026,50105445620254000000,Sistema Remuneratório e Benefícios,7157075,NAO_IDENTIFICADO,PENDENTE,,,5010544-56.2025.4.00.9198,,,Entidade nao mapeada para extracao TRF1,NAO_TESTADO,,,,,,,,,,,,,,,SEM_MATCH_VALOR_5_cand
12102,TRF - 1a. Região,71103,EFU - Sentenças Judiciais,2026,1186069620254010000,Honorários Advocatícios - Sucumbência - Partes e Procuradores - DIREITO,7148069,NAO_IDENTIFICADO,PENDENTE,,,0118606-96.2025.4.01.9198,,,UO generica EFU - sem CNPJ especifico para busca,NAO_TESTADO,,,,,,,,,,,,,,,SEM_MATCH_VALOR_2086_cand
12102,TRF - 1a. Região,71103,EFU - Sentenças Judiciais,2026,1289174920254010000,CONCESSÃO - PENSÃO - SERVIDOR PÚBLICO CIVIL - ADMINISTRATIVO,7121482,NAO_IDENTIFICADO,PENDENTE,,,0128917-49.2025.4.01.9198,,,UO generica EFU - sem CNPJ especifico para busca,NAO_TESTADO,,,,,,,,,,,,,,,SEM_MATCH_VALOR_2086_cand
12102,TRF - 1a. Região,71103,EFU - Sentenças Judiciais,2026,781362320254019000,Pagamento Atrasado/Correção Monetária - Contratos Administrativos - Direito,7091369,NAO_IDENTIFICADO,PENDENTE,,,0078136-23.2025.4.01.9198,,,UO generica EFU - sem CNPJ especifico para busca,NAO_TESTADO,,,,,,,,,,,,,,,SEM_MATCH_VALOR_2086_cand
12102,TRF - 1a. Região,71103,EFU - Sentenças Judiciais,2026,1649902020254010000,FUNDO DE PARTICIPAÇÃO DOS MUNICÍPIOS - ENTIDADES,7087779,NAO_IDENTIFICADO,PENDENTE,,,0164990-20.2025.4.01.9198,,,UO generica EFU - sem CNPJ especifico para busca,NAO_TESTADO,,,,,,,,,,,,,,,SEM_MATCH_VALOR_2086_cand
12102,TRF - 1a. Região,71103,EFU - Sentenças Judiciais,2026,1546848920254010000,FUNDO DE PARTICIPAÇÃO DOS MUNICÍPIOS - ENTIDADES,7071107,NAO_IDENTIFICADO,PENDENTE,,,0154684-89.2025.4.01.9198,,,UO generica EFU - sem CNPJ especifico para busca,NAO_TESTADO,,,,,,,,,,,,,,,SEM_MATCH_VALOR_2086_cand
12102,TRF - 1a. Região,32265,ANP,2026,1662763320254010000,Honorários Advocatícios - Sucumbência - Partes e Procuradores - DIREITO,6966532,NAO_IDENTIFICADO,PENDENTE,,,0166276-33.2025.4.01.9198,,,Entidade nao mapeada para extracao TRF1,NAO_TESTADO,,,,,,,,,,,,,,,SEM_MATCH_VALOR_6_cand
12102,TRF - 1a. Região,71103,EFU - Sentenças Judiciais,2026,1540941520254010000,Reintegração - Regime Estatutário - Servidor Público Civil - Administrativo,6941616,NAO_IDENTIFICADO,PENDENTE,,,0154094-15.2025.4.01.9198,,,UO generica EFU - sem CNPJ especifico para busca,NAO_TESTADO,0800011,Tribunal Regional Federal da 1a. Região,"2013-07-02 00:00:00,000","2025-03-10 00:00:00,000",12,Não,33909100,4866821,5020241.2535725487,Não Fundef,11,De 10 até 15 anos,OCC,Acima de R$ 1 milhão e até R$ 10 milhões,MATCH_APROX_29.9%
12102,TRF - 1a. Região,71103,EFU - Sentenças Judiciais,2026,1646585320254010000,Honorários Advocatícios - Sucumbência - Partes e Procuradores - DIREITO,6895887,NAO_IDENTIFICADO,PENDENTE,,,0164658-53.2025.4.01.9198,,,UO generica EFU - sem CNPJ especifico para busca,NAO_TESTADO,0800011,Tribunal Regional Federal da 1a. Região,"2013-07-02 00:00:00,000","2025-03-10 00:00:00,000",12,Não,33909100,4866821,5020241.2535725487,Não Fundef,11,De 10 até 15 anos,OCC,Acima de R$ 1 milhão e até R$ 10 milhões,MATCH_APROX_29.4%
12102,TRF - 1a. Região,71103,EFU - Sentenças Judiciais,2026,1667414220254010000,FUNDEF/Fundo de Manutenção e Desenvolvimento do Ensino Fundamental e,6786566,NAO_IDENTIFICADO,PENDENTE,,,0166741-42.2025.4.01.9198,,,UO generica EFU - sem CNPJ especifico para busca,NAO_TESTADO,0800011,Tribunal Regional Federal da 1a. Região,"2013-07-02 00:00:00,000","2025-03-10 00:00:00,000",12,Não,33909100,4866821,5020241.2535725487,Não Fundef,11,De 10 até 15 anos,OCC,Acima de R$ 1 milhão e até R$ 10 milhões,MATCH_APROX_28.3%
12102,TRF - 1a. Região,71103,EFU - Sentenças Judiciais,2026,1435445820254010000,Honorários Advocatícios - Sucumbência - Partes e Procuradores - DIREITO,6725683,NAO_IDENTIFICADO,PENDENTE,,,0143544-58.2025.4.01.9198,,,UO generica EFU - sem CNPJ especifico para busca,NAO_TESTADO,0800011,Tribunal Regional Federal da 1a. Região,"2013-07-02 00:00:00,000","2025-03-10 00:00:00,000",12,Não,33909100,4866821,5020241.2535725487,Não Fundef,11,De 10 até 15 anos,OCC,Acima de R$ 1 milhão e até R$ 10 milhões,MATCH_APROX_27.6%
12102,TRF - 1a. Região,71103,EFU - Sentenças Judiciais,2026,938814320254019000,Reajuste da tabela do SUS,6693002,NAO_IDENTIFICADO,PENDENTE,,,0093881-43.2025.4.01.9198,,,UO generica EFU - sem CNPJ especifico para busca,NAO_TESTADO,0800011,Tribunal Regional Federal da 1a. Região,"2013-07-02 00:00:00,000","2025-03-10 00:00:00,000",12,Não,33909100,4866821,5020241.2535725487,Não Fundef,11,De 10 até 15 anos,OCC,Acima de R$ 1 milhão e até R$ 10 milhões,MATCH_APROX_27.3%
12102,TRF - 1a. Região,71103,EFU - Sentenças Judiciais,2026,382051320254019000,Anistia Política - Direitos e Garantias Fundamentais,6655165,NAO_IDENTIFICADO,PENDENTE,,,0038205-13.2025.4.01.9198,,,UO generica EFU - sem CNPJ especifico para busca,NAO_TESTADO,0800011,Tribunal Regional Federal da 1a. Região,"2013-07-02 00:00:00,000","2025-03-10 00:00:00,000",12,Não,33909100,4866821,5020241.2535725487,Não Fundef,11,De 10 até 15 anos,OCC,Acima de R$ 1 milhão e até R$ 10 milhões,MATCH_APROX_26.9%
12103,TRF - 2a. Região,39252,DNIT,2026,50074443020244000000,Equilíbrio Financeiro,6575071,IDENTIFICADO_PRC,PRC,0000517-32.2016.4.01.9198,0001648-37.2015.4.01.3100/AP,5007444-30.2024.4.00.9198,1_prc_entidade,04892707000100,,TRF1,,,,,,,,,,,,,,,SEM_MATCH_VALOR_33_cand
12102,TRF - 1a. Região,71103,EFU - Sentenças Judiciais,2026,1324459120254010000,Cofins - Contribuição Social - Contribuições - Direito Tributário,6463839,NAO_IDENTIFICADO,PENDENTE,,,0132445-91.2025.4.01.9198,,,UO generica EFU - sem CNPJ especifico para busca,NAO_TESTADO,0800011,Tribunal Regional Federal da 1a. Região,"2013-07-02 00:00:00,000","2025-03-10 00:00:00,000",12,Não,33909100,4866821,5020241.2535725487,Não Fundef,11,De 10 até 15 anos,OCC,Acima de R$ 1 milhão e até R$ 10 milhões,MATCH_APROX_24.7%
12102,TRF - 1a. Região,71103,EFU - Sentenças Judiciais,2026,1323489120254010000,Contribuição sobre a folha de salários - Contribuições Previdenciárias - Contribuições,6387070,NAO_IDENTIFICADO,PENDENTE,,,0132348-91.2025.4.01.9198,,,UO generica EFU - sem CNPJ especifico para busca,NAO_TESTADO,0800011,Tribunal Regional Federal da 1a. Região,"2013-07-02 00:00:00,000","2025-03-10 00:00:00,000",12,Não,33909100,4866821,5020241.2535725487,Não Fundef,11,De 10 até 15 anos,OCC,Acima de R$ 1 milhão e até R$ 10 milhões,MATCH_APROX_23.8%
12102,TRF - 1a. Região,49201,INCRA,2026,6146574120244010000,Indenização por Dano Moral - Responsabilidade da Administração - Direito,6306970,NAO_IDENTIFICADO,PENDENTE,,,0614657-41.2024.4.01.9198,,00375972000160,Precatorio de 2024 mas PRC extraidos ate 2022 - nao sincronizado no TRF1 publico,TRF1,,,,,,,,,,,,,,,SEM_MATCH_VALOR_138_cand
12102,TRF - 1a. Região,71103,EFU - Sentenças Judiciais,2026,1546995820254010000,FUNDO DE PARTICIPAÇÃO DOS MUNICÍPIOS - ENTIDADES,6277945,NAO_IDENTIFICADO,PENDENTE,,,0154699-58.2025.4.01.9198,,,UO generica EFU - sem CNPJ especifico para busca,NAO_TESTADO,0800011,Tribunal Regional Federal da 1a. Região,"2013-07-02 00:00:00,000","2025-03-10 00:00:00,000",12,Não,33909100,4866821,5020241.2535725487,Não Fundef,11,De 10 até 15 anos,OCC,Acima de R$ 1 milhão e até R$ 10 milhões,MATCH_APROX_22.5%
12102,TRF - 1a. Região,71103,EFU - Sentenças Judiciais,2026,1178421320254010000,FUNDEF/Fundo de Manutenção e Desenvolvimento do Ensino Fundamental e,6210720,NAO_IDENTIFICADO,PENDENTE,,,0117842-13.2025.4.01.9198,,,UO generica EFU - sem CNPJ especifico para busca,NAO_TESTADO,0800011,Tribunal Regional Federal da 1a. Região,"2013-07-02 00:00:00,000","2025-03-10 00:00:00,000",12,Não,33909100,4866821,5020241.2535725487,Não Fundef,11,De 10 até 15 anos,OCC,Acima de R$ 1 milhão e até R$ 10 milhões,MATCH_APROX_21.6%
12102,TRF - 1a. Região,71103,EFU - Sentenças Judiciais,2026,1546987320254010000,FUNDO DE PARTICIPAÇÃO DOS MUNICÍPIOS - ENTIDADES,6209351,NAO_IDENTIFICADO,PENDENTE,,,0154698-73.2025.4.01.9198,,,UO generica EFU - sem CNPJ especifico para busca,NAO_TESTADO,0800011,Tribunal Regional Federal da 1a. Região,"2013-07-02 00:00:00,000","2025-03-10 00:00:00,000",12,Não,33909100,4866821,5020241.2535725487,Não Fundef,11,De 10 até 15 anos,OCC,Acima de R$ 1 milhão e até R$ 10 milhões,MATCH_APROX_21.6%
10101,Supremo Tribunal Federal,71103,EFU - Sentenças Judiciais,2025,12,COMUM,6157399,NAO_IDENTIFICADO,PENDENTE,,,,,,UO generica EFU - sem CNPJ especifico para busca,NAO_TESTADO,0800011,Tribunal Regional Federal da 1a. Região,"2013-07-02 00:00:00,000","2025-03-10 00:00:00,000",12,Não,33909100,4866821,5020241.2535725487,Não Fundef,11,De 10 até 15 anos,OCC,Acima de R$ 1 milhão e até R$ 10 milhões,MATCH_APROX_21.0%
10101,Supremo Tribunal Federal,71103,EFU - Sentenças Judiciais,2025,13,COMUM,6157399,NAO_IDENTIFICADO,PENDENTE,,,,,,UO generica EFU - sem CNPJ especifico para busca,NAO_TESTADO,0800011,Tribunal Regional Federal da 1a. Região,"2013-07-02 00:00:00,000","2025-03-10 00:00:00,000",12,Não,33909100,4866821,5020241.2535725487,Não Fundef,11,De 10 até 15 anos,OCC,Acima de R$ 1 milhão e até R$ 10 milhões,MATCH_APROX_21.0%
12102,TRF - 1a. Região,71103,EFU - Sentenças Judiciais,2026,1435454320254010000,Honorários Advocatícios - Sucumbência - Partes e Procuradores - DIREITO,6053115,NAO_IDENTIFICADO,PENDENTE,,,0143545-43.2025.4.01.9198,,,UO generica EFU - sem CNPJ especifico para busca,NAO_TESTADO,0800011,Tribunal Regional Federal da 1a. Região,"2013-07-02 00:00:00,000","2025-03-10 00:00:00,000",12,Não,33909100,4866821,5020241.2535725487,Não Fundef,11,De 10 até 15 anos,OCC,Acima de R$ 1 milhão e até R$ 10 milhões,MATCH_APROX_19.6%
12102,TRF - 1a. Região,71103,EFU - Sentenças Judiciais,2026,1679305520254010000,Cofins - Importação - Contribuição Social - Contribuições - Tributário - Direito Tributário,6052155,NAO_IDENTIFICADO,PENDENTE,,,0167930-55.2025.4.01.9198,,,UO generica EFU - sem CNPJ especifico para busca,NAO_TESTADO,0800011,Tribunal Regional Federal da 1a. Região,"2013-07-02 00:00:00,000","2025-03-10 00:00:00,000",12,Não,33909100,4866821,5020241.2535725487,Não Fundef,11,De 10 até 15 anos,OCC,Acima de R$ 1 milhão e até R$ 10 milhões,MATCH_APROX_19.6%
12102,TRF - 1a. Região,49201,INCRA,2026,1611267120254010000,Desapropriação - Intervenção na Propriedade - Administrativo,6003070,NAO_IDENTIFICADO,PENDENTE,,,0161126-71.2025.4.01.9198,,00375972000160,Precatorio de 2025 mas PRC extraidos ate 2022 - nao sincronizado no TRF1 publico,TRF1,,,,,,,,,,,,,,,SEM_MATCH_VALOR_138_cand
12102,TRF - 1a. Região,71103,EFU - Sentenças Judiciais,2026,1655497420254010000,CONCESSÃO - PENSÃO - SERVIDOR PÚBLICO CIVIL - ADMINISTRATIVO,6000036,NAO_IDENTIFICADO,PENDENTE,,,0165549-74.2025.4.01.9198,,,UO generica EFU - sem CNPJ especifico para busca,NAO_TESTADO,0800011,Tribunal Regional Federal da 1a. Região,"2013-07-02 00:00:00,000","2025-03-10 00:00:00,000",12,Não,33909100,4866821,5020241.2535725487,Não Fundef,11,De 10 até 15 anos,OCC,Acima de R$ 1 milhão e até R$ 10 milhões,MATCH_APROX_18.9%
12102,TRF - 1a. Região,71103,EFU - Sentenças Judiciais,2026,1345244320254010000,FUNDO DE PARTICIPAÇÃO DOS MUNICÍPIOS - ENTIDADES,5995245,NAO_IDENTIFICADO,PENDENTE,,,0134524-43.2025.4.01.9198,,,UO generica EFU - sem CNPJ especifico para busca,NAO_TESTADO,0800011,Tribunal Regional Federal da 1a. Região,"2013-07-02 00:00:00,000","2025-03-10 00:00:00,000",12,Não,33909100,4866821,5020241.2535725487,Não Fundef,11,De 10 até 15 anos,OCC,Acima de R$ 1 milhão e até R$ 10 milhões,MATCH_APROX_18.8%
12102,TRF - 1a. Região,71103,EFU - Sentenças Judiciais,2026,7324968720244010000,Pagamento Atrasado/Correção Monetária - Contratos Administrativos - Direito,5961803,NAO_IDENTIFICADO,PENDENTE,,,0732496-87.2024.4.01.9198,,,UO generica EFU - sem CNPJ especifico para busca,NAO_TESTADO,0800011,Tribunal Regional Federal da 1a. Região,"2013-07-02 00:00:00,000","2025-03-10 00:00:00,000",12,Não,33909100,4866821,5020241.2535725487,Não Fundef,11,De 10 até 15 anos,OCC,Acima de R$ 1 milhão e até R$ 10 milhões,MATCH_APROX_18.4%
12102,TRF - 1a. Região,71103,EFU - Sentenças Judiciais,2026,5347302620244010000,Desembaraço Aduaneiro - Importações - Intervenção no Domínio Econômico,5958553,NAO_IDENTIFICADO,PENDENTE,,,0534730-26.2024.4.01.9198,,,UO generica EFU - sem CNPJ especifico para busca,NAO_TESTADO,0800011,Tribunal Regional Federal da 1a. Região,"2013-07-02 00:00:00,000","2025-03-10 00:00:00,000",12,Não,33909100,4866821,5020241.2535725487,Não Fundef,11,De 10 até 15 anos,OCC,Acima de R$ 1 milhão e até R$ 10 milhões,MATCH_APROX_18.3%
12102,TRF - 1a. Região,71103,EFU - Sentenças Judiciais,2026,1650509020254010000,Anistia Política - Direitos e Garantias Fundamentais,5939896,NAO_IDENTIFICADO,PENDENTE,,,0165050-90.2025.4.01.9198,,,UO generica EFU - sem CNPJ especifico para busca,NAO_TESTADO,0800011,Tribunal Regional Federal da 1a. Região,"2013-07-02 00:00:00,000","2025-03-10 00:00:00,000",12,Não,33909100,4866821,5020241.2535725487,Não Fundef,11,De 10 até 15 anos,OCC,Acima de R$ 1 milhão e até R$ 10 milhões,MATCH_APROX_18.1%
12102,TRF - 1a. Região,71103,EFU - Sentenças Judiciais,2026,129046420254019000,Equilíbrio Financeiro - Contratos Administrativos - Direito Administrativo e outras,5913014,NAO_IDENTIFICADO,PENDENTE,,,0012904-64.2025.4.01.9198,,,UO generica EFU - sem CNPJ especifico para busca,NAO_TESTADO,0800011,Tribunal Regional Federal da 1a. Região,"2013-07-02 00:00:00,000","2025-03-10 00:00:00,000",12,Não,33909100,4866821,5020241.2535725487,Não Fundef,11,De 10 até 15 anos,OCC,Acima de R$ 1 milhão e até R$ 10 milhões,MATCH_APROX_17.7%
12102,TRF - 1a. Região,71103,EFU - Sentenças Judiciais,2026,1093823720254010000,Honorários Advocatícios - Sucumbência - Partes e Procuradores - DIREITO,5840577,NAO_IDENTIFICADO,PENDENTE,,,0109382-37.2025.4.01.9198,,,UO generica EFU - sem CNPJ especifico para busca,NAO_TESTADO,0800011,Tribunal Regional Federal da 1a. Região,"2013-07-02 00:00:00,000","2025-03-10 00:00:00,000",12,Não,33909100,4866821,5020241.2535725487,Não Fundef,11,De 10 até 15 anos,OCC,Acima de R$ 1 milhão e até R$ 10 milhões,MATCH_APROX_16.7%
12102,TRF - 1a. Região,71103,EFU - Sentenças Judiciais,2026,948445120254019000,Honorários Advocatícios - Sucumbência - Partes e Procuradores - DIREITO,5822660,NAO_IDENTIFICADO,PENDENTE,,,0094844-51.2025.4.01.9198,,,UO generica EFU - sem CNPJ especifico para busca,NAO_TESTADO,0800011,Tribunal Regional Federal da 1a. Região,"2013-07-02 00:00:00,000","2025-03-10 00:00:00,000",12,Não,33909100,4866821,5020241.2535725487,Não Fundef,11,De 10 até 15 anos,OCC,Acima de R$ 1 milhão e até R$ 10 milhões,MATCH_APROX_16.4%
12102,TRF - 1a. Região,71103,EFU - Sentenças Judiciais,2026,5500631820244010000,EXCLUSÃO DE ICMS - BASE DE CÁLCULO - CRÉDITO TRIBUTÁRIO,5799978,NAO_IDENTIFICADO,PENDENTE,,,0550063-18.2024.4.01.9198,,,UO generica EFU - sem CNPJ especifico para busca,NAO_TESTADO,0800011,Tribunal Regional Federal da 1a. Região,"2013-07-02 00:00:00,000","2025-03-10 00:00:00,000",12,Não,33909100,4866821,5020241.2535725487,Não Fundef,11,De 10 até 15 anos,OCC,Acima de R$ 1 milhão e até R$ 10 milhões,MATCH_APROX_16.1%
12102,TRF - 1a. Região,71103,EFU - Sentenças Judiciais,2026,1674992120254010000,Honorários Advocatícios - Sucumbência - Partes e Procuradores - DIREITO,5795906,NAO_IDENTIFICADO,PENDENTE,,,0167499-21.2025.4.01.9198,,,UO generica EFU - sem CNPJ especifico para busca,NAO_TESTADO,0800011,Tribunal Regional Federal da 1a. Região,"2013-07-02 00:00:00,000","2025-03-10 00:00:00,000",12,Não,33909100,4866821,5020241.2535725487,Não Fundef,11,De 10 até 15 anos,OCC,Acima de R$ 1 milhão e até R$ 10 milhões,MATCH_APROX_16.0%
12102,TRF - 1a. Região,71103,EFU - Sentenças Judiciais,2026,1664998320254010000,Honorários Advocatícios - Sucumbência - Partes e Procuradores - DIREITO,5792225,NAO_IDENTIFICADO,PENDENTE,,,0166499-83.2025.4.01.9198,,,UO generica EFU - sem CNPJ especifico para busca,NAO_TESTADO,0800011,Tribunal Regional Federal da 1a. Região,"2013-07-02 00:00:00,000","2025-03-10 00:00:00,000",12,Não,33909100,4866821,5020241.2535725487,Não Fundef,11,De 10 até 15 anos,OCC,Acima de R$ 1 milhão e até R$ 10 milhões,MATCH_APROX_16.0%
12102,TRF - 1a. Região,49201,INCRA,2026,6960829020244010000,Desapropriação por Interesse Social para Reforma Agrária - Intervenção do Estado na,5670264,NAO_IDENTIFICADO,PENDENTE,,,0696082-90.2024.4.01.9198,,00375972000160,Precatorio de 2024 mas PRC extraidos ate 2022 - nao sincronizado no TRF1 publico,TRF1,,,,,,,,,,,,,,,SEM_MATCH_VALOR_138_cand
12102,TRF - 1a. Região,71103,EFU - Sentenças Judiciais,2026,1659532820254010000,Gratificações de Atividade - Sistema Remuneratório - Servidor Público Civil,5665445,NAO_IDENTIFICADO,PENDENTE,,,0165953-28.2025.4.01.9198,,,UO generica EFU - sem CNPJ especifico para busca,NAO_TESTADO,0800011,Tribunal Regional Federal da 1a. Região,"2013-07-02 00:00:00,000","2025-03-10 00:00:00,000",12,Não,33909100,4866821,5020241.2535725487,Não Fundef,11,De 10 até 15 anos,OCC,Acima de R$ 1 milhão e até R$ 10 milhões,MATCH_APROX_14.1%
12102,TRF - 1a. Região,71103,EFU - Sentenças Judiciais,2026,1661369620254010000,Cofins - Contribuição Social - Contribuições - Direito Tributário,5657648,NAO_IDENTIFICADO,PENDENTE,,,0166136-96.2025.4.01.9198,,,UO generica EFU - sem CNPJ especifico para busca,NAO_TESTADO,0800011,Tribunal Regional Federal da 1a. Região,"2013-07-02 00:00:00,000","2025-03-10 00:00:00,000",12,Não,33909100,4866821,5020241.2535725487,Não Fundef,11,De 10 até 15 anos,OCC,Acima de R$ 1 milhão e até R$ 10 milhões,MATCH_APROX_14.0%
12102,TRF - 1a. Região,71103,EFU - Sentenças Judiciais,2026,1544406320254010000,REINTEGRAÇÃO - REGIME - SERVIDOR PÚBLICO MILITAR - ADMINISTRATIVO,5638006,NAO_IDENTIFICADO,PENDENTE,,,0154440-63.2025.4.01.9198,,,UO generica EFU - sem CNPJ especifico para busca,NAO_TESTADO,0800011,Tribunal Regional Federal da 1a. Região,"2013-07-02 00:00:00,000","2025-03-10 00:00:00,000",12,Não,33909100,4866821,5020241.2535725487,Não Fundef,11,De 10 até 15 anos,OCC,Acima de R$ 1 milhão e até R$ 10 milhões,MATCH_APROX_13.7%
11101,Superior Tribunal de Justiça,47101,M. do Plan. Orçamento e Gestão,2025,12986,Administrativo - Servidor Público Civil - Processo Administrativo Disciplinar ou,5594628,NAO_IDENTIFICADO,PENDENTE,,,,,,Entidade nao mapeada para extracao TRF1,NAO_TESTADO,,,,,,,,,,,,,,,SEM_UO_NO_SIOP
12102,TRF - 1a. Região,71103,EFU - Sentenças Judiciais,2026,1115172220254010000,PIS - Contribuição Social - Contribuições - Direito Tributário,5593337,NAO_IDENTIFICADO,PENDENTE,,,0111517-22.2025.4.01.9198,,,UO generica EFU - sem CNPJ especifico para busca,NAO_TESTADO,0800011,Tribunal Regional Federal da 1a. Região,"2013-07-02 00:00:00,000","2025-03-10 00:00:00,000",12,Não,33909100,4866821,5020241.2535725487,Não Fundef,11,De 10 até 15 anos,OCC,Acima de R$ 1 milhão e até R$ 10 milhões,MATCH_APROX_13.0%
12102,TRF - 1a. Região,71103,EFU - Sentenças Judiciais,2026,1324164120254010000,Taxa de Despacho Aduaneiro - Taxas Federais - Taxas - Direito Tributário,5577323,NAO_IDENTIFICADO,PENDENTE,,,0132416-41.2025.4.01.9198,,,UO generica EFU - sem CNPJ especifico para busca,NAO_TESTADO,0800011,Tribunal Regional Federal da 1a. Região,"2013-07-02 00:00:00,000","2025-03-10 00:00:00,000",12,Não,33909100,4866821,5020241.2535725487,Não Fundef,11,De 10 até 15 anos,OCC,Acima de R$ 1 milhão e até R$ 10 milhões,MATCH_APROX_12.7%
12102,TRF - 1a. Região,71103,EFU - Sentenças Judiciais,2026,1362678820254010000,FUNDEF/Fundo de Manutenção e Desenvolvimento do Ensino Fundamental e,5539395,NAO_IDENTIFICADO,PENDENTE,,,0136267-88.2025.4.01.9198,,,UO generica EFU - sem CNPJ especifico para busca,NAO_TESTADO,0800011,Tribunal Regional Federal da 1a. Região,"2013-07-02 00:00:00,000","2025-03-10 00:00:00,000",12,Não,33909100,4866821,5020241.2535725487,Não Fundef,11,De 10 até 15 anos,OCC,Acima de R$ 1 milhão e até R$ 10 milhões,MATCH_APROX_12.1%
12102,TRF - 1a. Região,71103,EFU - Sentenças Judiciais,2026,1546830720254010000,FUNDO DE PARTICIPAÇÃO DOS MUNICÍPIOS - ENTIDADES,5529436,NAO_IDENTIFICADO,PENDENTE,,,0154683-07.2025.4.01.9198,,,UO generica EFU - sem CNPJ especifico para busca,NAO_TESTADO,0800011,Tribunal Regional Federal da 1a. Região,"2013-07-02 00:00:00,000","2025-03-10 00:00:00,000",12,Não,33909100,4866821,5020241.2535725487,Não Fundef,11,De 10 até 15 anos,OCC,Acima de R$ 1 milhão e até R$ 10 milhões,MATCH_APROX_12.0%
12102,TRF - 1a. Região,71103,EFU - Sentenças Judiciais,2026,1649893520254010000,FUNDO DE PARTICIPAÇÃO DOS MUNICÍPIOS - ENTIDADES,5525684,NAO_IDENTIFICADO,PENDENTE,,,0164989-35.2025.4.01.9198,,,UO generica EFU - sem CNPJ especifico para busca,NAO_TESTADO,0800011,Tribunal Regional Federal da 1a. Região,"2013-07-02 00:00:00,000","2025-03-10 00:00:00,000",12,Não,33909100,4866821,5020241.2535725487,Não Fundef,11,De 10 até 15 anos,OCC,Acima de R$ 1 milhão e até R$ 10 milhões,MATCH_APROX_11.9%
12102,TRF - 1a. Região,71103,EFU - Sentenças Judiciais,2026,382042820254019000,Anistia Política - Direitos e Garantias Fundamentais,5412151,NAO_IDENTIFICADO,PENDENTE,,,0038204-28.2025.4.01.9198,,,UO generica EFU - sem CNPJ especifico para busca,NAO_TESTADO,0800011,Tribunal Regional Federal da 1a. Região,"2013-07-02 00:00:00,000","2025-03-10 00:00:00,000",12,Não,33909100,4866821,5020241.2535725487,Não Fundef,11,De 10 até 15 anos,OCC,Acima de R$ 1 milhão e até R$ 10 milhões,MATCH_APROX_10.1%
12102,TRF - 1a. Região,71103,EFU - Sentenças Judiciais,2026,1364141720254010000,Equilíbrio Financeiro - Contratos Administrativos - Direito Administrativo e outras,5404006,NAO_IDENTIFICADO,PENDENTE,,,0136414-17.2025.4.01.9198,,,UO generica EFU - sem CNPJ especifico para busca,NAO_TESTADO,0800011,Tribunal Regional Federal da 1a. Região,"2013-07-02 00:00:00,000","2025-03-10 00:00:00,000",12,Não,33909100,4866821,5020241.2535725487,Não Fundef,11,De 10 até 15 anos,OCC,Acima de R$ 1 milhão e até R$ 10 milhões,MATCH_VALOR_9.9%
12102,TRF - 1a. Região,49201,INCRA,2026,1672844520254010000,Desapropriação por Interesse Social para Reforma Agrária - Intervenção do Estado na,5380223,NAO_IDENTIFICADO,PENDENTE,,,0167284-45.2025.4.01.9198,,00375972000160,Precatorio de 2025 mas PRC extraidos ate 2022 - nao sincronizado no TRF1 publico,TRF1,,,,,,,,,,,,,,,SEM_MATCH_VALOR_138_cand
10101,Supremo Tribunal Federal,71103,EFU - Sentenças Judiciais,2025,03,ALIMENTAR,5374210,NAO_IDENTIFICADO,PENDENTE,,,,,,UO generica EFU - sem CNPJ especifico para busca,NAO_TESTADO,0800011,Tribunal Regional Federal da 1a. Região,"2013-07-02 00:00:00,000","2025-03-10 00:00:00,000",12,Não,33909100,4866821,5020241.2535725487,Não Fundef,11,De 10 até 15 anos,OCC,Acima de R$ 1 milhão e até R$ 10 milhões,MATCH_VALOR_9.4%
12102,TRF - 1a. Região,33904,F. Regime Geral Prev. Social,2026,629116020254019000,Ex-combatentes - Benefícios em Espécie - Direito Previdenciário,5326449,NAO_IDENTIFICADO,PENDENTE,,,0062911-60.2025.4.01.9198,,,Entidade nao mapeada para extracao TRF1,NAO_TESTADO,,,,,,,,,,,,,,,SEM_MATCH_VALOR_703_cand
12102,TRF - 1a. Região,71103,EFU - Sentenças Judiciais,2026,3176321220244010000,GRATIFICAÇÃO NATALINA/13º SALÁRIO - SISTEMA REMUNERATÓRIO E,5299262,NAO_IDENTIFICADO,PENDENTE,,,0317632-12.2024.4.01.9198,,,UO generica EFU - sem CNPJ especifico para busca,NAO_TESTADO,0800011,Tribunal Regional Federal da 1a. Região,"2013-07-02 00:00:00,000","2025-03-10 00:00:00,000",12,Não,33909100,4866821,5020241.2535725487,Não Fundef,11,De 10 até 15 anos,OCC,Acima de R$ 1 milhão e até R$ 10 milhões,MATCH_VALOR_8.2%
10101,Supremo Tribunal Federal,71103,EFU - Sentenças Judiciais,2025,16,COMUM,5285462,NAO_IDENTIFICADO,PENDENTE,,,,,,UO generica EFU - sem CNPJ especifico para busca,NAO_TESTADO,0800011,Tribunal Regional Federal da 1a. Região,"2013-07-02 00:00:00,000","2025-03-10 00:00:00,000",12,Não,33909100,4866821,5020241.2535725487,Não Fundef,11,De 10 até 15 anos,OCC,Acima de R$ 1 milhão e até R$ 10 milhões,MATCH_VALOR_7.9%
12102,TRF - 1a. Região,44201,Ibama,2026,1019012320254010000,Desapropriação - Intervenção na Propriedade - Administrativo,5261895,NAO_IDENTIFICADO,PENDENTE,,,0101901-23.2025.4.01.9198,,,Entidade nao mapeada para extracao TRF1,NAO_TESTADO,,,,,,,,,,,,,,,SEM_MATCH_VALOR_16_cand
12102,TRF - 1a. Região,71103,EFU - Sentenças Judiciais,2026,382034320254019000,Anistia Política - Direitos e Garantias Fundamentais,5237371,NAO_IDENTIFICADO,PENDENTE,,,0038203-43.2025.4.01.9198,,,UO generica EFU - sem CNPJ especifico para busca,NAO_TESTADO,0800011,Tribunal Regional Federal da 1a. Região,"2013-07-02 00:00:00,000","2025-03-10 00:00:00,000",12,Não,33909100,4866821,5020241.2535725487,Não Fundef,11,De 10 até 15 anos,OCC,Acima de R$ 1 milhão e até R$ 10 milhões,MATCH_VALOR_7.1%
12102,TRF - 1a. Região,71103,EFU - Sentenças Judiciais,2026,1660693420254010000,SUBSÍDIOS - SISTEMA REMUNERATÓRIO E BENEFÍCIOS - SERVIDOR PÚBLICO,5221433,NAO_IDENTIFICADO,PENDENTE,,,0166069-34.2025.4.01.9198,,,UO generica EFU - sem CNPJ especifico para busca,NAO_TESTADO,0800011,Tribunal Regional Federal da 1a. Região,"2013-07-02 00:00:00,000","2025-03-10 00:00:00,000",12,Não,33909100,4866821,5020241.2535725487,Não Fundef,11,De 10 até 15 anos,OCC,Acima de R$ 1 milhão e até R$ 10 milhões,MATCH_VALOR_6.8%
12102,TRF - 1a. Região,71103,EFU - Sentenças Judiciais,2026,1652422320254010000,CONCESSÃO - PENSÃO - SERVIDOR PÚBLICO CIVIL - ADMINISTRATIVO,5183489,NAO_IDENTIFICADO,PENDENTE,,,0165242-23.2025.4.01.9198,,,UO generica EFU - sem CNPJ especifico para busca,NAO_TESTADO,0800011,Tribunal Regional Federal da 1a. Região,"2013-07-02 00:00:00,000","2025-03-10 00:00:00,000",12,Não,33909100,4866821,5020241.2535725487,Não Fundef,11,De 10 até 15 anos,OCC,Acima de R$ 1 milhão e até R$ 10 milhões,MATCH_VALOR_6.1%
12102,TRF - 1a. Região,71103,EFU - Sentenças Judiciais,2026,1655713520254010000,FUNDEF/Fundo de Manutenção e Desenvolvimento do Ensino Fundamental e,5178905,NAO_IDENTIFICADO,PENDENTE,,,0165571-35.2025.4.01.9198,,,UO generica EFU - sem CNPJ especifico para busca,NAO_TESTADO,0800011,Tribunal Regional Federal da 1a. Região,"2013-07-02 00:00:00,000","2025-03-10 00:00:00,000",12,Não,33909100,4866821,5020241.2535725487,Não Fundef,11,De 10 até 15 anos,OCC,Acima de R$ 1 milhão e até R$ 10 milhões,MATCH_VALOR_6.0%
12102,TRF - 1a. Região,24204,CNEN,2026,532687820254019000,Adicional de horas extras - Sistema Remuneratório - Servidor Público Civil,5158200,NAO_IDENTIFICADO,PENDENTE,,,0053268-78.2025.4.01.9198,,,Entidade nao mapeada para extracao TRF1,NAO_TESTADO,,,,,,,,,,,,,,,SEM_MATCH_VALOR_41_cand
12102,TRF - 1a. Região,71103,EFU - Sentenças Judiciais,2026,1345235820254010000,FUNDO DE PARTICIPAÇÃO DOS MUNICÍPIOS - ENTIDADES,5079547,NAO_IDENTIFICADO,PENDENTE,,,0134523-58.2025.4.01.9198,,,UO generica EFU - sem CNPJ especifico para busca,NAO_TESTADO,0800011,Tribunal Regional Federal da 1a. Região,"2013-07-02 00:00:00,000","2025-03-10 00:00:00,000",12,Não,33909100,4866821,5020241.2535725487,Não Fundef,11,De 10 até 15 anos,OCC,Acima de R$ 1 milhão e até R$ 10 milhões,MATCH_VALOR_4.2%
12102,TRF - 1a. Região,71103,EFU - Sentenças Judiciais,2026,7617760620244010000,Honorários Advocatícios - Sucumbência - Partes e Procuradores - DIREITO,5077649,NAO_IDENTIFICADO,PENDENTE,,,0761776-06.2024.4.01.9198,,,UO generica EFU - sem CNPJ especifico para busca,NAO_TESTADO,0800011,Tribunal Regional Federal da 1a. Região,"2013-07-02 00:00:00,000","2025-03-10 00:00:00,000",12,Não,33909100,4866821,5020241.2535725487,Não Fundef,11,De 10 até 15 anos,OCC,Acima de R$ 1 milhão e até R$ 10 milhões,MATCH_VALOR_4.2%
12102,TRF - 1a. Região,71103,EFU - Sentenças Judiciais,2026,7617795820244010000,Honorários Advocatícios - Sucumbência - Partes e Procuradores - DIREITO,5077649,NAO_IDENTIFICADO,PENDENTE,,,0761779-58.2024.4.01.9198,,,UO generica EFU - sem CNPJ especifico para busca,NAO_TESTADO,0800011,Tribunal Regional Federal da 1a. Região,"2013-07-02 00:00:00,000","2025-03-10 00:00:00,000",12,Não,33909100,4866821,5020241.2535725487,Não Fundef,11,De 10 até 15 anos,OCC,Acima de R$ 1 milhão e até R$ 10 milhões,MATCH_VALOR_4.2%
12102,TRF - 1a. Região,71103,EFU - Sentenças Judiciais,2026,1646593820254010000,Honorários Advocatícios - Sucumbência - Partes e Procuradores - DIREITO,4991558,NAO_IDENTIFICADO,PENDENTE,,,0164659-38.2025.4.01.9198,,,UO generica EFU - sem CNPJ especifico para busca,NAO_TESTADO,0800011,Tribunal Regional Federal da 1a. Região,"2013-07-02 00:00:00,000","2025-03-10 00:00:00,000",12,Não,33909100,4866821,5020241.2535725487,Não Fundef,11,De 10 até 15 anos,OCC,Acima de R$ 1 milhão e até R$ 10 milhões,MATCH_VALOR_2.5%
12102,TRF - 1a. Região,71103,EFU - Sentenças Judiciais,2026,1652985620254010000,FUNDEF/Fundo de Manutenção e Desenvolvimento do Ensino Fundamental e,4958431,NAO_IDENTIFICADO,PENDENTE,,,0165298-56.2025.4.01.9198,,,UO generica EFU - sem CNPJ especifico para busca,NAO_TESTADO,0800011,Tribunal Regional Federal da 1a. Região,"2013-07-02 00:00:00,000","2025-03-10 00:00:00,000",12,Não,33909100,4866821,5020241.2535725487,Não Fundef,11,De 10 até 15 anos,OCC,Acima de R$ 1 milhão e até R$ 10 milhões,MATCH_VALOR_1.8%
12102,TRF - 1a. Região,71103,EFU - Sentenças Judiciais,2026,1546813720254010000,FUNDO DE PARTICIPAÇÃO DOS MUNICÍPIOS - ENTIDADES,4901178,NAO_IDENTIFICADO,PENDENTE,,,0154681-37.2025.4.01.9198,,,UO generica EFU - sem CNPJ especifico para busca,NAO_TESTADO,0800011,Tribunal Regional Federal da 1a. Região,"2013-07-02 00:00:00,000","2025-03-10 00:00:00,000",12,Não,33909100,4866821,5020241.2535725487,Não Fundef,11,De 10 até 15 anos,OCC,Acima de R$ 1 milhão e até R$ 10 milhões,MATCH_VALOR_0.7%
12102,TRF - 1a. Região,71103,EFU - Sentenças Judiciais,2026,532721820254019000,Salário-Educação - Contribuição Social - Contribuições - Direito Tributário,4870132,NAO_IDENTIFICADO,PENDENTE,,,0053272-18.2025.4.01.9198,,,UO generica EFU - sem CNPJ especifico para busca,NAO_TESTADO,0800011,Tribunal Regional Federal da 1a. Região,"2013-07-02 00:00:00,000","2025-03-10 00:00:00,000",12,Não,33909100,4866821,5020241.2535725487,Não Fundef,11,De 10 até 15 anos,OCC,Acima de R$ 1 milhão e até R$ 10 milhões,MATCH_VALOR_0.1%
12102,TRF - 1a. Região,71103,EFU - Sentenças Judiciais,2026,938563020254019000,MULTAS E DEMAIS SANÇÕES - INFRAÇÃO ADMINISTRATIVA - ATOS,4866821,NAO_IDENTIFICADO,PENDENTE,,,0093856-30.2025.4.01.9198,,,UO generica EFU - sem CNPJ especifico para busca,NAO_TESTADO,0800011,Tribunal Regional Federal da 1a. Região,"2013-07-02 00:00:00,000","2025-03-10 00:00:00,000",12,Não,33909100,4866821,5020241.2535725487,Não Fundef,11,De 10 até 15 anos,OCC,Acima de R$ 1 milhão e até R$ 10 milhões,MATCH_VALOR_-5.0%
12102,TRF - 1a. Região,71103,EFU - Sentenças Judiciais,2026,1544397820254010000,REINTEGRAÇÃO - REGIME - SERVIDOR PÚBLICO MILITAR - ADMINISTRATIVO,4761509,NAO_IDENTIFICADO,PENDENTE,,,0154439-78.2025.4.01.9198,,,UO generica EFU - sem CNPJ especifico para busca,NAO_TESTADO,0800011,Tribunal Regional Federal da 1a. Região,"2013-07-02 00:00:00,000","2025-03-10 00:00:00,000",12,Não,33909100,4866821,5020241.2535725487,Não Fundef,11,De 10 até 15 anos,OCC,Acima de R$ 1 milhão e até R$ 10 milhões,MATCH_VALOR_2.2%
12102,TRF - 1a. Região,71103,EFU - Sentenças Judiciais,2026,1678023520254010000,FUNDEF/Fundo de Manutenção e Desenvolvimento do Ensino Fundamental e,4752242,NAO_IDENTIFICADO,PENDENTE,,,0167802-35.2025.4.01.9198,,,UO generica EFU - sem CNPJ especifico para busca,NAO_TESTADO,0800011,Tribunal Regional Federal da 1a. Região,"2013-07-02 00:00:00,000","2025-03-10 00:00:00,000",12,Não,33909100,4866821,5020241.2535725487,Não Fundef,11,De 10 até 15 anos,OCC,Acima de R$ 1 milhão e até R$ 10 milhões,MATCH_VALOR_2.4%
12103,TRF - 2a. Região,36213,ANS,2026,50011580220254000000,Taxa de Saúde Suplementar,4736305,NAO_IDENTIFICADO,PENDENTE,,,5001158-02.2025.4.00.9198,,03589068000146,Formato 20 dig com tribunal 00 - provavel outro TRF (nao TRF1),TRF1,,,,,,,,,,,,,,,SEM_MATCH_VALOR_16_cand
12102,TRF - 1a. Região,71103,EFU - Sentenças Judiciais,2026,1649876520254010000,FUNDO DE PARTICIPAÇÃO DOS MUNICÍPIOS - ENTIDADES,4725184,NAO_IDENTIFICADO,PENDENTE,,,0164987-65.2025.4.01.9198,,,UO generica EFU - sem CNPJ especifico para busca,NAO_TESTADO,0800011,Tribunal Regional Federal da 1a. Região,"2013-07-02 00:00:00,000","2025-03-10 00:00:00,000",12,Não,33909100,4866821,5020241.2535725487,Não Fundef,11,De 10 até 15 anos,OCC,Acima de R$ 1 milhão e até R$ 10 milhões,MATCH_VALOR_3.0%
12102,TRF - 1a. Região,71103,EFU - Sentenças Judiciais,2026,1649885020254010000,FUNDO DE PARTICIPAÇÃO DOS MUNICÍPIOS - ENTIDADES,4725184,NAO_IDENTIFICADO,PENDENTE,,,0164988-50.2025.4.01.9198,,,UO generica EFU - sem CNPJ especifico para busca,NAO_TESTADO,0800011,Tribunal Regional Federal da 1a. Região,"2013-07-02 00:00:00,000","2025-03-10 00:00:00,000",12,Não,33909100,4866821,5020241.2535725487,Não Fundef,11,De 10 até 15 anos,OCC,Acima de R$ 1 milhão e até R$ 10 milhões,MATCH_VALOR_3.0%
12102,TRF - 1a. Região,49201,INCRA,2026,1687013320254010000,Desapropriação por Interesse Social para Reforma Agrária - Intervenção do Estado na,4723332,NAO_IDENTIFICADO,PENDENTE,,,0168701-33.2025.4.01.9198,,00375972000160,Precatorio de 2025 mas PRC extraidos ate 2022 - nao sincronizado no TRF1 publico,TRF1,0931558,Tribunal Regional Federal da 6ª Região,"1996-07-31 00:00:00,000","2025-03-10 00:00:00,000",39,Não,45909100,3532717,3644081.3460361604,Não Fundef,28,20 anos ou mais,OCC,Acima de R$ 1 milhão e até R$ 10 milhões,MATCH_APROX_25.2%
12102,TRF - 1a. Região,71103,EFU - Sentenças Judiciais,2026,1649868020254010000,FUNDO DE PARTICIPAÇÃO DOS MUNICÍPIOS - ENTIDADES,4716590,NAO_IDENTIFICADO,PENDENTE,,,0164986-80.2025.4.01.9198,,,UO generica EFU - sem CNPJ especifico para busca,NAO_TESTADO,0800011,Tribunal Regional Federal da 1a. Região,"2013-07-02 00:00:00,000","2025-03-10 00:00:00,000",12,Não,33909100,4866821,5020241.2535725487,Não Fundef,11,De 10 até 15 anos,OCC,Acima de R$ 1 milhão e até R$ 10 milhões,MATCH_VALOR_3.2%
12102,TRF - 1a. Região,71103,EFU - Sentenças Judiciais,2026,382025820254019000,Anistia Política - Direitos e Garantias Fundamentais,4689095,NAO_IDENTIFICADO,PENDENTE,,,0038202-58.2025.4.01.9198,,,UO generica EFU - sem CNPJ especifico para busca,NAO_TESTADO,0800011,Tribunal Regional Federal da 1a. Região,"2013-07-02 00:00:00,000","2025-03-10 00:00:00,000",12,Não,33909100,4866821,5020241.2535725487,Não Fundef,11,De 10 até 15 anos,OCC,Acima de R$ 1 milhão e até R$ 10 milhões,MATCH_VALOR_3.8%
10101,Supremo Tribunal Federal,71103,EFU - Sentenças Judiciais,2025,15,COMUM,4681024,NAO_IDENTIFICADO,PENDENTE,,,,,,UO generica EFU - sem CNPJ especifico para busca,NAO_TESTADO,0800011,Tribunal Regional Federal da 1a. Região,"2013-07-02 00:00:00,000","2025-03-10 00:00:00,000",12,Não,33909100,4866821,5020241.2535725487,Não Fundef,11,De 10 até 15 anos,OCC,Acima de R$ 1 milhão e até R$ 10 milhões,MATCH_VALOR_4.0%
12103,TRF - 2a. Região,26236,UF - Fluminense/RJ,2026,50106164320254000000,Pagamento Atrasado / Correção Monetária,4653754,NAO_IDENTIFICADO,PENDENTE,,,5010616-43.2025.4.00.9198,,,Entidade nao mapeada para extracao TRF1,NAO_TESTADO,,,,,,,,,,,,,,,SEM_MATCH_VALOR_7_cand
12102,TRF - 1a. Região,49201,INCRA,2026,1648282520254010000,Desapropriação por Interesse Social para Reforma Agrária - Intervenção do Estado na,4636963,NAO_IDENTIFICADO,PENDENTE,,,0164828-25.2025.4.01.9198,,00375972000160,Precatorio de 2025 mas PRC extraidos ate 2022 - nao sincronizado no TRF1 publico,TRF1,0931558,Tribunal Regional Federal da 6ª Região,"1996-07-31 00:00:00,000","2025-03-10 00:00:00,000",39,Não,45909100,3532717,3644081.3460361604,Não Fundef,28,20 anos ou mais,OCC,Acima de R$ 1 milhão e até R$ 10 milhões,MATCH_APROX_23.8%
12102,TRF - 1a. Região,49201,INCRA,2026,1477631720254010000,Desapropriação por Utilidade Pública/DL 3.365/41 - Intervenção na Propriedade,4614653,NAO_IDENTIFICADO,PENDENTE,,,0147763-17.2025.4.01.9198,,00375972000160,Precatorio de 2025 mas PRC extraidos ate 2022 - nao sincronizado no TRF1 publico,TRF1,0931558,Tribunal Regional Federal da 6ª Região,"1996-07-31 00:00:00,000","2025-03-10 00:00:00,000",39,Não,45909100,3532717,3644081.3460361604,Não Fundef,28,20 anos ou mais,OCC,Acima de R$ 1 milhão e até R$ 10 milhões,MATCH_APROX_23.4%
12102,TRF - 1a. Região,49201,INCRA,2026,1477658420254010000,Desapropriação por Utilidade Pública/DL 3.365/41 - Intervenção na Propriedade,4614653,NAO_IDENTIFICADO,PENDENTE,,,0147765-84.2025.4.01.9198,,00375972000160,Precatorio de 2025 mas PRC extraidos ate 2022 - nao sincronizado no TRF1 publico,TRF1,0931558,Tribunal Regional Federal da 6ª Região,"1996-07-31 00:00:00,000","2025-03-10 00:00:00,000",39,Não,45909100,3532717,3644081.3460361604,Não Fundef,28,20 anos ou mais,OCC,Acima de R$ 1 milhão e até R$ 10 milhões,MATCH_APROX_23.4%
12102,TRF - 1a. Região,71103,EFU - Sentenças Judiciais,2026,1178412820254010000,FUNDEF/Fundo de Manutenção e Desenvolvimento do Ensino Fundamental e,4597694,NAO_IDENTIFICADO,PENDENTE,,,0117841-28.2025.4.01.9198,,,UO generica EFU - sem CNPJ especifico para busca,NAO_TESTADO,0800011,Tribunal Regional Federal da 1a. Região,"2013-07-02 00:00:00,000","2025-03-10 00:00:00,000",12,Não,33909100,4866821,5020241.2535725487,Não Fundef,11,De 10 até 15 anos,OCC,Acima de R$ 1 milhão e até R$ 10 milhões,MATCH_VALOR_5.9%
12103,TRF - 2a. Região,24201,CNPQ,2026,50113058720254000000,Desapropriação de Imóvel Urbano,4565811,NAO_IDENTIFICADO,PENDENTE,,,5011305-87.2025.4.00.9198,,,Entidade nao mapeada para extracao TRF1,NAO_TESTADO,,,,,,,,,,,,,,,SEM_MATCH_VALOR_4_cand
12102,TRF - 1a. Região,71103,EFU - Sentenças Judiciais,2026,382017320254019000,Anistia Política - Direitos e Garantias Fundamentais,4553471,NAO_IDENTIFICADO,PENDENTE,,,0038201-73.2025.4.01.9198,,,UO generica EFU - sem CNPJ especifico para busca,NAO_TESTADO,0800011,Tribunal Regional Federal da 1a. Região,"2013-07-02 00:00:00,000","2025-03-10 00:00:00,000",12,Não,33909100,4866821,5020241.2535725487,Não Fundef,11,De 10 até 15 anos,OCC,Acima de R$ 1 milhão e até R$ 10 milhões,MATCH_VALOR_6.9%
12102,TRF - 1a. Região,71103,EFU - Sentenças Judiciais,2026,382008820254019000,Anistia Política - Direitos e Garantias Fundamentais,4517340,NAO_IDENTIFICADO,PENDENTE,,,0038200-88.2025.4.01.9198,,,UO generica EFU - sem CNPJ especifico para busca,NAO_TESTADO,0800011,Tribunal Regional Federal da 1a. Região,"2013-07-02 00:00:00,000","2025-03-10 00:00:00,000",12,Não,33909100,4866821,5020241.2535725487,Não Fundef,11,De 10 até 15 anos,OCC,Acima de R$ 1 milhão e até R$ 10 milhões,MATCH_VALOR_7.7%
12102,TRF - 1a. Região,71103,EFU - Sentenças Judiciais,2026,1546796720254010000,FUNDO DE PARTICIPAÇÃO DOS MUNICÍPIOS - ENTIDADES,4499996,NAO_IDENTIFICADO,PENDENTE,,,0154679-67.2025.4.01.9198,,,UO generica EFU - sem CNPJ especifico para busca,NAO_TESTADO,0800011,Tribunal Regional Federal da 1a. Região,"2013-07-02 00:00:00,000","2025-03-10 00:00:00,000",12,Não,33909100,4866821,5020241.2535725487,Não Fundef,11,De 10 até 15 anos,OCC,Acima de R$ 1 milhão e até R$ 10 milhões,MATCH_VALOR_8.2%
12102,TRF - 1a. Região,71103,EFU - Sentenças Judiciais,2026,381990620254019000,Anistia Política - Direitos e Garantias Fundamentais,4497062,NAO_IDENTIFICADO,PENDENTE,,,0038199-06.2025.4.01.9198,,,UO generica EFU - sem CNPJ especifico para busca,NAO_TESTADO,0800011,Tribunal Regional Federal da 1a. Região,"2013-07-02 00:00:00,000","2025-03-10 00:00:00,000",12,Não,33909100,4866821,5020241.2535725487,Não Fundef,11,De 10 até 15 anos,OCC,Acima de R$ 1 milhão e até R$ 10 milhões,MATCH_VALOR_8.2%
12102,TRF - 1a. Região,39252,DNIT,2026,602588520254019000,Modalidade/Limite/Dispensa/Inexigibilidade - Licitações e Contratos - Administrativo,4487938,IDENTIFICADO_PRC,PRC,0000517-32.2016.4.01.9198,0001648-37.2015.4.01.3100/AP,0060258-85.2025.4.01.9198,1_prc_entidade,04892707000100,,TRF1,,,,,,,,,,,,,,,SEM_MATCH_VALOR_33_cand
12102,TRF - 1a. Região,71103,EFU - Sentenças Judiciais,2026,1477354920254010000,Taxa de Guia de Importação - Taxas Federais - Taxas - Direito Tributário,4475837,NAO_IDENTIFICADO,PENDENTE,,,0147735-49.2025.4.01.9198,,,UO generica EFU - sem CNPJ especifico para busca,NAO_TESTADO,0800011,Tribunal Regional Federal da 1a. Região,"2013-07-02 00:00:00,000","2025-03-10 00:00:00,000",12,Não,33909100,4866821,5020241.2535725487,Não Fundef,11,De 10 até 15 anos,OCC,Acima de R$ 1 milhão e até R$ 10 milhões,MATCH_VALOR_8.7%
11101,Superior Tribunal de Justiça,52101,M. da Defesa,2025,13169,Administrativo - Militar - Regime - Anistia Política,4431422,NAO_IDENTIFICADO,PENDENTE,,,,,,Entidade nao mapeada para extracao TRF1,NAO_TESTADO,,,,,,,,,,,,,,,SEM_UO_NO_SIOP
12102,TRF - 1a. Região,71103,EFU - Sentenças Judiciais,2026,1647381720254010000,Honorários Advocatícios - Sucumbência - Partes e Procuradores - DIREITO,4415783,NAO_IDENTIFICADO,PENDENTE,,,0164738-17.2025.4.01.9198,,,UO generica EFU - sem CNPJ especifico para busca,NAO_TESTADO,0800011,Tribunal Regional Federal da 1a. Região,"2013-07-02 00:00:00,000","2025-03-10 00:00:00,000",12,Não,33909100,4866821,5020241.2535725487,Não Fundef,11,De 10 até 15 anos,OCC,Acima de R$ 1 milhão e até R$ 10 milhões,MATCH_APROX_10.2%
12102,TRF - 1a. Região,71103,EFU - Sentenças Judiciais,2026,1671883020254010000,Enquadramento - Regime Estatutário - Servidor Público Civil - Administrativo,4393012,NAO_IDENTIFICADO,PENDENTE,,,0167188-30.2025.4.01.9198,,,UO generica EFU - sem CNPJ especifico para busca,NAO_TESTADO,0800011,Tribunal Regional Federal da 1a. Região,"2013-07-02 00:00:00,000","2025-03-10 00:00:00,000",12,Não,33909100,4866821,5020241.2535725487,Não Fundef,11,De 10 até 15 anos,OCC,Acima de R$ 1 milhão e até R$ 10 milhões,MATCH_APROX_10.8%
12102,TRF - 1a. Região,28233,SUFRAMA,2026,1477147320254010000,Honorários Advocatícios - Sucumbência - Partes e Procuradores - DIREITO,4386186,IDENTIFICADO_PRC,PRC,0147714-73.2025.4.01.9198,0000902-54.2001.4.01.3200/AM,0147714-73.2025.4.01.9198,prefix16_exato,04407029000143,,TRF1,,,,,,,,,,,,,,,SEM_MATCH_VALOR_9_cand
12102,TRF - 1a. Região,71103,EFU - Sentenças Judiciais,2026,1345227320254010000,FUNDO DE PARTICIPAÇÃO DOS MUNICÍPIOS - ENTIDADES,4347281,NAO_IDENTIFICADO,PENDENTE,,,0134522-73.2025.4.01.9198,,,UO generica EFU - sem CNPJ especifico para busca,NAO_TESTADO,0800011,Tribunal Regional Federal da 1a. Região,"2013-07-02 00:00:00,000","2025-03-10 00:00:00,000",12,Não,33909100,4866821,5020241.2535725487,Não Fundef,11,De 10 até 15 anos,OCC,Acima de R$ 1 milhão e até R$ 10 milhões,MATCH_APROX_12.0%
12102,TRF - 1a. Região,71103,EFU - Sentenças Judiciais,2026,6125797420244010000,Sucumbência - Direito Processual Civil - Direito Processual,4342123,NAO_IDENTIFICADO,PENDENTE,,,0612579-74.2024.4.01.9198,,,UO generica EFU - sem CNPJ especifico para busca,NAO_TESTADO,0800011,Tribunal Regional Federal da 1a. Região,"2013-07-02 00:00:00,000","2025-03-10 00:00:00,000",12,Não,33909100,4866821,5020241.2535725487,Não Fundef,11,De 10 até 15 anos,OCC,Acima de R$ 1 milhão e até R$ 10 milhões,MATCH_APROX_12.1%
12103,TRF - 2a. Região,26269,Fund. Univ. do Rio de Janeiro,2026,50107731620254000000,Sistema Remuneratório e Benefícios,4341185,NAO_IDENTIFICADO,PENDENTE,,,5010773-16.2025.4.00.9198,,,Entidade nao mapeada para extracao TRF1,NAO_TESTADO,,,,,,,,,,,,,,,SEM_MATCH_VALOR_5_cand
12103,TRF - 2a. Região,33201,INSS,2026,50005145920254000000,Enquadramento,4340714,NAO_IDENTIFICADO,PENDENTE,,,5000514-59.2025.4.00.9198,,29979036000140,Formato 20 dig com tribunal 00 - provavel outro TRF (nao TRF1),TRF1,,,,,,,,,,,,,,,SEM_MATCH_VALOR_361_cand
12102,TRF - 1a. Região,71103,EFU - Sentenças Judiciais,2026,1546926620254010000,FUNDO DE PARTICIPAÇÃO DOS MUNICÍPIOS - ENTIDADES,4334824,NAO_IDENTIFICADO,PENDENTE,,,0154692-66.2025.4.01.9198,,,UO generica EFU - sem CNPJ especifico para busca,NAO_TESTADO,0800011,Tribunal Regional Federal da 1a. Região,"2013-07-02 00:00:00,000","2025-03-10 00:00:00,000",12,Não,33909100,4866821,5020241.2535725487,Não Fundef,11,De 10 até 15 anos,OCC,Acima de R$ 1 milhão e até R$ 10 milhões,MATCH_APROX_12.3%
12102,TRF - 1a. Região,49201,INCRA,2026,7450184920244010000,Desapropriação por Interesse Social para Reforma Agrária - Intervenção do Estado na,4324831,NAO_IDENTIFICADO,PENDENTE,,,0745018-49.2024.4.01.9198,,00375972000160,Precatorio de 2024 mas PRC extraidos ate 2022 - nao sincronizado no TRF1 publico,TRF1,0931558,Tribunal Regional Federal da 6ª Região,"1996-07-31 00:00:00,000","2025-03-10 00:00:00,000",39,Não,45909100,3532717,3644081.3460361604,Não Fundef,28,20 anos ou mais,OCC,Acima de R$ 1 milhão e até R$ 10 milhões,MATCH_APROX_18.3%
12102,TRF - 1a. Região,71103,EFU - Sentenças Judiciais,2026,1461340820254010000,Anistia Política - Direitos e Garantias Fundamentais,4308077,NAO_IDENTIFICADO,PENDENTE,,,0146134-08.2025.4.01.9198,,,UO generica EFU - sem CNPJ especifico para busca,NAO_TESTADO,0800011,Tribunal Regional Federal da 1a. Região,"2013-07-02 00:00:00,000","2025-03-10 00:00:00,000",12,Não,33909100,4866821,5020241.2535725487,Não Fundef,11,De 10 até 15 anos,OCC,Acima de R$ 1 milhão e até R$ 10 milhões,MATCH_APROX_13.0%
12102,TRF - 1a. Região,71103,EFU - Sentenças Judiciais,2026,1345929020254010000,Honorários Advocatícios - Sucumbência - Partes e Procuradores - DIREITO,4293433,NAO_IDENTIFICADO,PENDENTE,,,0134592-90.2025.4.01.9198,,,UO generica EFU - sem CNPJ especifico para busca,NAO_TESTADO,0800011,Tribunal Regional Federal da 1a. Região,"2013-07-02 00:00:00,000","2025-03-10 00:00:00,000",12,Não,33909100,4866821,5020241.2535725487,Não Fundef,11,De 10 até 15 anos,OCC,Acima de R$ 1 milhão e até R$ 10 milhões,MATCH_APROX_13.4%
11101,Superior Tribunal de Justiça,52101,M. da Defesa,2025,13027,Administrativo - Militar - Regime - Anistia Política,4292982,NAO_IDENTIFICADO,PENDENTE,,,,,,Entidade nao mapeada para extracao TRF1,NAO_TESTADO,,,,,,,,,,,,,,,SEM_UO_NO_SIOP
12102,TRF - 1a. Região,71103,EFU - Sentenças Judiciais,2026,1206490620254010000,PIS - Contribuição Social - Contribuições - Direito Tributário,4292336,NAO_IDENTIFICADO,PENDENTE,,,0120649-06.2025.4.01.9198,,,UO generica EFU - sem CNPJ especifico para busca,NAO_TESTADO,0800011,Tribunal Regional Federal da 1a. Região,"2013-07-02 00:00:00,000","2025-03-10 00:00:00,000",12,Não,33909100,4866821,5020241.2535725487,Não Fundef,11,De 10 até 15 anos,OCC,Acima de R$ 1 milhão e até R$ 10 milhões,MATCH_APROX_13.4%
12102,TRF - 1a. Região,71103,EFU - Sentenças Judiciais,2026,1251336420254010000,Honorários Advocatícios - Sucumbência - Partes e Procuradores - DIREITO,4237672,NAO_IDENTIFICADO,PENDENTE,,,0125133-64.2025.4.01.9198,,,UO generica EFU - sem CNPJ especifico para busca,NAO_TESTADO,0800011,Tribunal Regional Federal da 1a. Região,"2013-07-02 00:00:00,000","2025-03-10 00:00:00,000",12,Não,33909100,4866821,5020241.2535725487,Não Fundef,11,De 10 até 15 anos,OCC,Acima de R$ 1 milhão e até R$ 10 milhões,MATCH_APROX_14.8%
12102,TRF - 1a. Região,49201,INCRA,2026,1667171420254010000,Desapropriação por Interesse Social para Reforma Agrária - Intervenção do Estado na,4233270,NAO_IDENTIFICADO,PENDENTE,,,0166717-14.2025.4.01.9198,,00375972000160,Precatorio de 2025 mas PRC extraidos ate 2022 - nao sincronizado no TRF1 publico,TRF1,0931558,Tribunal Regional Federal da 6ª Região,"1996-07-31 00:00:00,000","2025-03-10 00:00:00,000",39,Não,45909100,3532717,3644081.3460361604,Não Fundef,28,20 anos ou mais,OCC,Acima de R$ 1 milhão e até R$ 10 milhões,MATCH_APROX_16.5%
11101,Superior Tribunal de Justiça,37101,CGU,2025,13126,Administrativo - Servidor Público Civil - Processo Administrativo Disciplinar ou,4230740,NAO_IDENTIFICADO,PENDENTE,,,,,,Entidade nao mapeada para extracao TRF1,NAO_TESTADO,,,,,,,,,,,,,,,SEM_UO_NO_SIOP
12103,TRF - 2a. Região,36213,ANS,2026,50069281020244000000,Taxa de Saúde Suplementar,4207352,NAO_IDENTIFICADO,PENDENTE,,,5006928-10.2024.4.00.9198,,03589068000146,Formato 20 dig com tribunal 00 - provavel outro TRF (nao TRF1),TRF1,,,,,,,,,,,,,,,SEM_MATCH_VALOR_16_cand
12102,TRF - 1a. Região,71103,EFU - Sentenças Judiciais,2026,381982120254019000,Anistia Política - Direitos e Garantias Fundamentais,4141946,NAO_IDENTIFICADO,PENDENTE,,,0038198-21.2025.4.01.9198,,,UO generica EFU - sem CNPJ especifico para busca,NAO_TESTADO,0800011,Tribunal Regional Federal da 1a. Região,"2013-07-02 00:00:00,000","2025-03-10 00:00:00,000",12,Não,33909100,4866821,5020241.2535725487,Não Fundef,11,De 10 até 15 anos,OCC,Acima de R$ 1 milhão e até R$ 10 milhões,MATCH_APROX_17.5%
12102,TRF - 1a. Região,71103,EFU - Sentenças Judiciais,2026,1549888820254010000,Crédito Prêmio - Crédito Tributário - Direito Tributário,4141544,NAO_IDENTIFICADO,PENDENTE,,,0154988-88.2025.4.01.9198,,,UO generica EFU - sem CNPJ especifico para busca,NAO_TESTADO,0800011,Tribunal Regional Federal da 1a. Região,"2013-07-02 00:00:00,000","2025-03-10 00:00:00,000",12,Não,33909100,4866821,5020241.2535725487,Não Fundef,11,De 10 até 15 anos,OCC,Acima de R$ 1 milhão e até R$ 10 milhões,MATCH_APROX_17.5%
12102,TRF - 1a. Região,71103,EFU - Sentenças Judiciais,2026,1460787220254010000,FUNDO DE PARTICIPAÇÃO DOS MUNICÍPIOS - ENTIDADES,4118411,NAO_IDENTIFICADO,PENDENTE,,,0146078-72.2025.4.01.9198,,,UO generica EFU - sem CNPJ especifico para busca,NAO_TESTADO,0800011,Tribunal Regional Federal da 1a. Região,"2013-07-02 00:00:00,000","2025-03-10 00:00:00,000",12,Não,33909100,4866821,5020241.2535725487,Não Fundef,11,De 10 até 15 anos,OCC,Acima de R$ 1 milhão e até R$ 10 milhões,MATCH_APROX_18.2%
12102,TRF - 1a. Região,71103,EFU - Sentenças Judiciais,2026,1364289820254010000,FUNDO DE PARTICIPAÇÃO DOS MUNICÍPIOS - ENTIDADES,4087729,NAO_IDENTIFICADO,PENDENTE,,,0136428-98.2025.4.01.9198,,,UO generica EFU - sem CNPJ especifico para busca,NAO_TESTADO,0800011,Tribunal Regional Federal da 1a. Região,"2013-07-02 00:00:00,000","2025-03-10 00:00:00,000",12,Não,33909100,4866821,5020241.2535725487,Não Fundef,11,De 10 até 15 anos,OCC,Acima de R$ 1 milhão e até R$ 10 milhões,MATCH_APROX_19.1%
12102,TRF - 1a. Região,71103,EFU - Sentenças Judiciais,2026,1646386220254010000,FUNDEF/Fundo de Manutenção e Desenvolvimento do Ensino Fundamental e,4082078,NAO_IDENTIFICADO,PENDENTE,,,0164638-62.2025.4.01.9198,,,UO generica EFU - sem CNPJ especifico para busca,NAO_TESTADO,0800011,Tribunal Regional Federal da 1a. Região,"2013-07-02 00:00:00,000","2025-03-10 00:00:00,000",12,Não,33909100,4866821,5020241.2535725487,Não Fundef,11,De 10 até 15 anos,OCC,Acima de R$ 1 milhão e até R$ 10 milhões,MATCH_APROX_19.2%
12102,TRF - 1a. Região,71103,EFU - Sentenças Judiciais,2026,4628350520244010000,CONCESSÃO - PENSÃO - SERVIDOR PÚBLICO CIVIL - ADMINISTRATIVO,4076099,NAO_IDENTIFICADO,PENDENTE,,,0462835-05.2024.4.01.9198,,,UO generica EFU - sem CNPJ especifico para busca,NAO_TESTADO,0800011,Tribunal Regional Federal da 1a. Região,"2013-07-02 00:00:00,000","2025-03-10 00:00:00,000",12,Não,33909100,4866821,5020241.2535725487,Não Fundef,11,De 10 até 15 anos,OCC,Acima de R$ 1 milhão e até R$ 10 milhões,MATCH_APROX_19.4%
12103,TRF - 2a. Região,49201,INCRA,2026,50111707520254000000,Gratificações de Atividade,4054083,NAO_IDENTIFICADO,PENDENTE,,,5011170-75.2025.4.00.9198,,00375972000160,Formato 20 dig com tribunal 00 - provavel outro TRF (nao TRF1),TRF1,0931558,Tribunal Regional Federal da 6ª Região,"1996-07-31 00:00:00,000","2025-03-10 00:00:00,000",39,Não,45909100,3532717,3644081.3460361604,Não Fundef,28,20 anos ou mais,OCC,Acima de R$ 1 milhão e até R$ 10 milhões,MATCH_APROX_12.9%
12102,TRF - 1a. Região,71103,EFU - Sentenças Judiciais,2026,1228515320254010000,Honorários Advocatícios - Sucumbência - Partes e Procuradores - DIREITO,4053750,NAO_IDENTIFICADO,PENDENTE,,,0122851-53.2025.4.01.9198,,,UO generica EFU - sem CNPJ especifico para busca,NAO_TESTADO,0800011,Tribunal Regional Federal da 1a. Região,"2013-07-02 00:00:00,000","2025-03-10 00:00:00,000",12,Não,33909100,4866821,5020241.2535725487,Não Fundef,11,De 10 até 15 anos,OCC,Acima de R$ 1 milhão e até R$ 10 milhões,MATCH_APROX_20.1%
12102,TRF - 1a. Região,49201,INCRA,2026,1656354520254010000,Honorários Advocatícios em Execução Contra a Fazenda Pública - Sucumbência,4049632,NAO_IDENTIFICADO,PENDENTE,,,0165635-45.2025.4.01.9198,,00375972000160,Precatorio de 2025 mas PRC extraidos ate 2022 - nao sincronizado no TRF1 publico,TRF1,0931558,Tribunal Regional Federal da 6ª Região,"1996-07-31 00:00:00,000","2025-03-10 00:00:00,000",39,Não,45909100,3532717,3644081.3460361604,Não Fundef,28,20 anos ou mais,OCC,Acima de R$ 1 milhão e até R$ 10 milhões,MATCH_APROX_12.8%
12102,TRF - 1a. Região,49201,INCRA,2026,1656363020254010000,Honorários Advocatícios em Execução Contra a Fazenda Pública - Sucumbência,4049632,NAO_IDENTIFICADO,PENDENTE,,,0165636-30.2025.4.01.9198,,00375972000160,Precatorio de 2025 mas PRC extraidos ate 2022 - nao sincronizado no TRF1 publico,TRF1,0931558,Tribunal Regional Federal da 6ª Região,"1996-07-31 00:00:00,000","2025-03-10 00:00:00,000",39,Não,45909100,3532717,3644081.3460361604,Não Fundef,28,20 anos ou mais,OCC,Acima de R$ 1 milhão e até R$ 10 milhões,MATCH_APROX_12.8%
12102,TRF - 1a. Região,71103,EFU - Sentenças Judiciais,2026,1651175520254010000,FUNDEF/Fundo de Manutenção e Desenvolvimento do Ensino Fundamental e,4033650,NAO_IDENTIFICADO,PENDENTE,,,0165117-55.2025.4.01.9198,,,UO generica EFU - sem CNPJ especifico para busca,NAO_TESTADO,0800011,Tribunal Regional Federal da 1a. Região,"2013-07-02 00:00:00,000","2025-03-10 00:00:00,000",12,Não,33909100,4866821,5020241.2535725487,Não Fundef,11,De 10 até 15 anos,OCC,Acima de R$ 1 milhão e até R$ 10 milhões,MATCH_APROX_20.7%
12102,TRF - 1a. Região,71103,EFU - Sentenças Judiciais,2026,1159792220254010000,Pensão - Servidor Público Civil - Administrativo,4018773,NAO_IDENTIFICADO,PENDENTE,,,0115979-22.2025.4.01.9198,,,UO generica EFU - sem CNPJ especifico para busca,NAO_TESTADO,0800011,Tribunal Regional Federal da 1a. Região,"2013-07-02 00:00:00,000","2025-03-10 00:00:00,000",12,Não,33909100,4866821,5020241.2535725487,Não Fundef,11,De 10 até 15 anos,OCC,Acima de R$ 1 milhão e até R$ 10 milhões,MATCH_APROX_21.1%
12102,TRF - 1a. Região,71103,EFU - Sentenças Judiciais,2026,1460778720254010000,FUNDO DE PARTICIPAÇÃO DOS MUNICÍPIOS - ENTIDADES,4008273,NAO_IDENTIFICADO,PENDENTE,,,0146077-87.2025.4.01.9198,,,UO generica EFU - sem CNPJ especifico para busca,NAO_TESTADO,0800011,Tribunal Regional Federal da 1a. Região,"2013-07-02 00:00:00,000","2025-03-10 00:00:00,000",12,Não,33909100,4866821,5020241.2535725487,Não Fundef,11,De 10 até 15 anos,OCC,Acima de R$ 1 milhão e até R$ 10 milhões,MATCH_APROX_21.4%
12102,TRF - 1a. Região,71103,EFU - Sentenças Judiciais,2026,1678404720254010000,Honorários Advocatícios em Execução Contra a Fazenda Pública - Sucumbência,4006699,NAO_IDENTIFICADO,PENDENTE,,,0167840-47.2025.4.01.9198,,,UO generica EFU - sem CNPJ especifico para busca,NAO_TESTADO,0800011,Tribunal Regional Federal da 1a. Região,"2013-07-02 00:00:00,000","2025-03-10 00:00:00,000",12,Não,33909100,4866821,5020241.2535725487,Não Fundef,11,De 10 até 15 anos,OCC,Acima de R$ 1 milhão e até R$ 10 milhões,MATCH_APROX_21.5%
12102,TRF - 1a. Região,71103,EFU - Sentenças Judiciais,2026,2794739720244010000,Reajuste da Tabela do SUS - Saúde - Serviços - Administrativo,3969297,NAO_IDENTIFICADO,PENDENTE,,,0279473-97.2024.4.01.9198,,,UO generica EFU - sem CNPJ especifico para busca,NAO_TESTADO,0800011,Tribunal Regional Federal da 1a. Região,"2013-07-02 00:00:00,000","2025-03-10 00:00:00,000",12,Não,33909100,4866821,5020241.2535725487,Não Fundef,11,De 10 até 15 anos,OCC,Acima de R$ 1 milhão e até R$ 10 milhões,MATCH_APROX_22.6%
12102,TRF - 1a. Região,71103,EFU - Sentenças Judiciais,2026,1324224820254010000,Cofins - Contribuição Social - Contribuições - Direito Tributário,3961884,NAO_IDENTIFICADO,PENDENTE,,,0132422-48.2025.4.01.9198,,,UO generica EFU - sem CNPJ especifico para busca,NAO_TESTADO,0800011,Tribunal Regional Federal da 1a. Região,"2013-07-02 00:00:00,000","2025-03-10 00:00:00,000",12,Não,33909100,4866821,5020241.2535725487,Não Fundef,11,De 10 até 15 anos,OCC,Acima de R$ 1 milhão e até R$ 10 milhões,MATCH_APROX_22.8%
12102,TRF - 1a. Região,71103,EFU - Sentenças Judiciais,2026,5742040420244010000,FUNDEF/Fundo de Manutenção e Desenvolvimento do Ensino Fundamental e,3948191,NAO_IDENTIFICADO,PENDENTE,,,0574204-04.2024.4.01.9198,,,UO generica EFU - sem CNPJ especifico para busca,NAO_TESTADO,0800011,Tribunal Regional Federal da 1a. Região,"2013-07-02 00:00:00,000","2025-03-10 00:00:00,000",12,Não,33909100,4866821,5020241.2535725487,Não Fundef,11,De 10 até 15 anos,OCC,Acima de R$ 1 milhão e até R$ 10 milhões,MATCH_APROX_23.3%
12102,TRF - 1a. Região,71103,EFU - Sentenças Judiciais,2026,1649841320254010000,FUNDO DE PARTICIPAÇÃO DOS MUNICÍPIOS - ENTIDADES,3937655,NAO_IDENTIFICADO,PENDENTE,,,0164984-13.2025.4.01.9198,,,UO generica EFU - sem CNPJ especifico para busca,NAO_TESTADO,0800011,Tribunal Regional Federal da 1a. Região,"2013-07-02 00:00:00,000","2025-03-10 00:00:00,000",12,Não,33909100,4866821,5020241.2535725487,Não Fundef,11,De 10 até 15 anos,OCC,Acima de R$ 1 milhão e até R$ 10 milhões,MATCH_APROX_23.6%
12102,TRF - 1a. Região,71103,EFU - Sentenças Judiciais,2026,1649859520254010000,FUNDO DE PARTICIPAÇÃO DOS MUNICÍPIOS - ENTIDADES,3937655,NAO_IDENTIFICADO,PENDENTE,,,0164985-95.2025.4.01.9198,,,UO generica EFU - sem CNPJ especifico para busca,NAO_TESTADO,0800011,Tribunal Regional Federal da 1a. Região,"2013-07-02 00:00:00,000","2025-03-10 00:00:00,000",12,Não,33909100,4866821,5020241.2535725487,Não Fundef,11,De 10 até 15 anos,OCC,Acima de R$ 1 milhão e até R$ 10 milhões,MATCH_APROX_23.6%
12102,TRF - 1a. Região,71103,EFU - Sentenças Judiciais,2026,1649824320254010000,FUNDO DE PARTICIPAÇÃO DOS MUNICÍPIOS - ENTIDADES,3933357,NAO_IDENTIFICADO,PENDENTE,,,0164982-43.2025.4.01.9198,,,UO generica EFU - sem CNPJ especifico para busca,NAO_TESTADO,0800011,Tribunal Regional Federal da 1a. Região,"2013-07-02 00:00:00,000","2025-03-10 00:00:00,000",12,Não,33909100,4866821,5020241.2535725487,Não Fundef,11,De 10 até 15 anos,OCC,Acima de R$ 1 milhão e até R$ 10 milhões,MATCH_APROX_23.7%
12102,TRF - 1a. Região,71103,EFU - Sentenças Judiciais,2026,1649832820254010000,FUNDO DE PARTICIPAÇÃO DOS MUNICÍPIOS - ENTIDADES,3933357,NAO_IDENTIFICADO,PENDENTE,,,0164983-28.2025.4.01.9198,,,UO generica EFU - sem CNPJ especifico para busca,NAO_TESTADO,0800011,Tribunal Regional Federal da 1a. Região,"2013-07-02 00:00:00,000","2025-03-10 00:00:00,000",12,Não,33909100,4866821,5020241.2535725487,Não Fundef,11,De 10 até 15 anos,OCC,Acima de R$ 1 milhão e até R$ 10 milhões,MATCH_APROX_23.7%
12102,TRF - 1a. Região,71103,EFU - Sentenças Judiciais,2026,1649815820254010000,FUNDO DE PARTICIPAÇÃO DOS MUNICÍPIOS - ENTIDADES,3929059,NAO_IDENTIFICADO,PENDENTE,,,0164981-58.2025.4.01.9198,,,UO generica EFU - sem CNPJ especifico para busca,NAO_TESTADO,0800011,Tribunal Regional Federal da 1a. Região,"2013-07-02 00:00:00,000","2025-03-10 00:00:00,000",12,Não,33909100,4866821,5020241.2535725487,Não Fundef,11,De 10 até 15 anos,OCC,Acima de R$ 1 milhão e até R$ 10 milhões,MATCH_APROX_23.9%
12102,TRF - 1a. Região,49201,INCRA,2026,1477666920254010000,Honorários Advocatícios em Execução Contra a Fazenda Pública - Sucumbência,3909328,NAO_IDENTIFICADO,PENDENTE,,,0147766-69.2025.4.01.9198,,00375972000160,Precatorio de 2025 mas PRC extraidos ate 2022 - nao sincronizado no TRF1 publico,TRF1,0931558,Tribunal Regional Federal da 6ª Região,"1996-07-31 00:00:00,000","2025-03-10 00:00:00,000",39,Não,45909100,3532717,3644081.3460361604,Não Fundef,28,20 anos ou mais,OCC,Acima de R$ 1 milhão e até R$ 10 milhões,MATCH_VALOR_9.6%
12102,TRF - 1a. Região,24204,CNEN,2026,532679320254019000,Honorários Advocatícios - Sucumbência - Partes e Procuradores - DIREITO,3903604,NAO_IDENTIFICADO,PENDENTE,,,0053267-93.2025.4.01.9198,,,Entidade nao mapeada para extracao TRF1,NAO_TESTADO,,,,,,,,,,,,,,,SEM_MATCH_VALOR_41_cand
12102,TRF - 1a. Região,71103,EFU - Sentenças Judiciais,2026,1671866020254010000,Enquadramento - Regime Estatutário - Servidor Público Civil - Administrativo,3901084,NAO_IDENTIFICADO,PENDENTE,,,0167186-60.2025.4.01.9198,,,UO generica EFU - sem CNPJ especifico para busca,NAO_TESTADO,0800011,Tribunal Regional Federal da 1a. Região,"2013-07-02 00:00:00,000","2025-03-10 00:00:00,000",12,Não,33909100,4866821,5020241.2535725487,Não Fundef,11,De 10 até 15 anos,OCC,Acima de R$ 1 milhão e até R$ 10 milhões,MATCH_APROX_24.8%
12102,TRF - 1a. Região,71103,EFU - Sentenças Judiciais,2026,381973620254019000,Anistia Política - Direitos e Garantias Fundamentais,3887226,NAO_IDENTIFICADO,PENDENTE,,,0038197-36.2025.4.01.9198,,,UO generica EFU - sem CNPJ especifico para busca,NAO_TESTADO,0800011,Tribunal Regional Federal da 1a. Região,"2013-07-02 00:00:00,000","2025-03-10 00:00:00,000",12,Não,33909100,4866821,5020241.2535725487,Não Fundef,11,De 10 até 15 anos,OCC,Acima de R$ 1 milhão e até R$ 10 milhões,MATCH_APROX_25.2%
12102,TRF - 1a. Região,71103,EFU - Sentenças Judiciais,2026,3953967420244010000,EXCLUSÃO DE ICMS - BASE DE CÁLCULO - CRÉDITO TRIBUTÁRIO,3887090,NAO_IDENTIFICADO,PENDENTE,,,0395396-74.2024.4.01.9198,,,UO generica EFU - sem CNPJ especifico para busca,NAO_TESTADO,0800011,Tribunal Regional Federal da 1a. Região,"2013-07-02 00:00:00,000","2025-03-10 00:00:00,000",12,Não,33909100,4866821,5020241.2535725487,Não Fundef,11,De 10 até 15 anos,OCC,Acima de R$ 1 milhão e até R$ 10 milhões,MATCH_APROX_25.2%
12102,TRF - 1a. Região,71103,EFU - Sentenças Judiciais,2026,5909200920244010000,Cofins - Contribuição Social - Contribuições - Direito Tributário,3869082,NAO_IDENTIFICADO,PENDENTE,,,0590920-09.2024.4.01.9198,,,UO generica EFU - sem CNPJ especifico para busca,NAO_TESTADO,0800011,Tribunal Regional Federal da 1a. Região,"2013-07-02 00:00:00,000","2025-03-10 00:00:00,000",12,Não,33909100,4866821,5020241.2535725487,Não Fundef,11,De 10 até 15 anos,OCC,Acima de R$ 1 milhão e até R$ 10 milhões,MATCH_APROX_25.8%
12102,TRF - 1a. Região,71103,EFU - Sentenças Judiciais,2026,1345218820254010000,Incentivos fiscais - Crédito Tributário - Direito Tributário,3864208,NAO_IDENTIFICADO,PENDENTE,,,0134521-88.2025.4.01.9198,,,UO generica EFU - sem CNPJ especifico para busca,NAO_TESTADO,0800011,Tribunal Regional Federal da 1a. Região,"2013-07-02 00:00:00,000","2025-03-10 00:00:00,000",12,Não,33909100,4866821,5020241.2535725487,Não Fundef,11,De 10 até 15 anos,OCC,Acima de R$ 1 milhão e até R$ 10 milhões,MATCH_APROX_25.9%
12102,TRF - 1a. Região,71103,EFU - Sentenças Judiciais,2026,1646351020254010000,FUNDEF/Fundo de Manutenção e Desenvolvimento do Ensino Fundamental e,3854755,NAO_IDENTIFICADO,PENDENTE,,,0164635-10.2025.4.01.9198,,,UO generica EFU - sem CNPJ especifico para busca,NAO_TESTADO,0800011,Tribunal Regional Federal da 1a. Região,"2013-07-02 00:00:00,000","2025-03-10 00:00:00,000",12,Não,33909100,4866821,5020241.2535725487,Não Fundef,11,De 10 até 15 anos,OCC,Acima de R$ 1 milhão e até R$ 10 milhões,MATCH_APROX_26.3%
12102,TRF - 1a. Região,71103,EFU - Sentenças Judiciais,2026,1600337320254010000,Reintegração - Regime Estatutário - Servidor Público Civil - Administrativo,3852825,NAO_IDENTIFICADO,PENDENTE,,,0160033-73.2025.4.01.9198,,,UO generica EFU - sem CNPJ especifico para busca,NAO_TESTADO,0812443,Tribunal Regional Federal da 1a. Região,"2007-06-15 00:00:00,000","2025-04-02 00:00:00,000",11,Não,31909100,2756690,2843591.0959763895,Não Fundef,17,De 15 até 20 anos,Pessoal,Acima de R$ 1 milhão e até R$ 10 milhões,MATCH_APROX_23.5%
12102,TRF - 1a. Região,71103,EFU - Sentenças Judiciais,2026,1245290620254010000,Honorários Advocatícios - Sucumbência - Partes e Procuradores - DIREITO,3827899,NAO_IDENTIFICADO,PENDENTE,,,0124529-06.2025.4.01.9198,,,UO generica EFU - sem CNPJ especifico para busca,NAO_TESTADO,0800011,Tribunal Regional Federal da 1a. Região,"2013-07-02 00:00:00,000","2025-03-10 00:00:00,000",12,Não,33909100,4866821,5020241.2535725487,Não Fundef,11,De 10 até 15 anos,OCC,Acima de R$ 1 milhão e até R$ 10 milhões,MATCH_APROX_27.1%
12102,TRF - 1a. Região,71103,EFU - Sentenças Judiciais,2026,1652725820254010000,FUNDEF/Fundo de Manutenção e Desenvolvimento do Ensino Fundamental e,3819718,NAO_IDENTIFICADO,PENDENTE,,,0165272-58.2025.4.01.9198,,,UO generica EFU - sem CNPJ especifico para busca,NAO_TESTADO,0800011,Tribunal Regional Federal da 1a. Região,"2013-07-02 00:00:00,000","2025-03-10 00:00:00,000",12,Não,33909100,4866821,5020241.2535725487,Não Fundef,11,De 10 até 15 anos,OCC,Acima de R$ 1 milhão e até R$ 10 milhões,MATCH_APROX_27.4%
10101,Supremo Tribunal Federal,71103,EFU - Sentenças Judiciais,2025,09,COMUM,3817407,NAO_IDENTIFICADO,PENDENTE,,,,,,UO generica EFU - sem CNPJ especifico para busca,NAO_TESTADO,0800011,Tribunal Regional Federal da 1a. Região,"2013-07-02 00:00:00,000","2025-03-10 00:00:00,000",12,Não,33909100,4866821,5020241.2535725487,Não Fundef,11,De 10 até 15 anos,OCC,Acima de R$ 1 milhão e até R$ 10 milhões,MATCH_APROX_27.5%
12102,TRF - 1a. Região,71103,EFU - Sentenças Judiciais,2026,7332130220244010000,Reintegração - Regime Estatutário - Servidor Público Civil - Administrativo,3750588,NAO_IDENTIFICADO,PENDENTE,,,0733213-02.2024.4.01.9198,,,UO generica EFU - sem CNPJ especifico para busca,NAO_TESTADO,0812443,Tribunal Regional Federal da 1a. Região,"2007-06-15 00:00:00,000","2025-04-02 00:00:00,000",11,Não,31909100,2756690,2843591.0959763895,Não Fundef,17,De 15 até 20 anos,Pessoal,Acima de R$ 1 milhão e até R$ 10 milhões,MATCH_APROX_21.5%
12102,TRF - 1a. Região,71103,EFU - Sentenças Judiciais,2026,1660156820254010000,Incidência sobre Lucro Líquido - IRPJ/Imposto de Renda de Pessoa Jurídica - Impostos,3747516,NAO_IDENTIFICADO,PENDENTE,,,0166015-68.2025.4.01.9198,,,UO generica EFU - sem CNPJ especifico para busca,NAO_TESTADO,0812443,Tribunal Regional Federal da 1a. Região,"2007-06-15 00:00:00,000","2025-04-02 00:00:00,000",11,Não,31909100,2756690,2843591.0959763895,Não Fundef,17,De 15 até 20 anos,Pessoal,Acima de R$ 1 milhão e até R$ 10 milhões,MATCH_APROX_26.4%
12103,TRF - 2a. Região,33201,INSS,2026,50108900720254000000,Enquadramento,3718080,NAO_IDENTIFICADO,PENDENTE,,,5010890-07.2025.4.00.9198,,29979036000140,Formato 20 dig com tribunal 00 - provavel outro TRF (nao TRF1),TRF1,,,,,,,,,,,,,,,SEM_MATCH_VALOR_361_cand
12102,TRF - 1a. Região,71103,EFU - Sentenças Judiciais,2026,1652924920254010000,Contribuição Social sobre o Lucro Líquido - Contribuição Social - Contribuições,3715561,NAO_IDENTIFICADO,PENDENTE,,,0165292-49.2025.4.01.9198,,,UO generica EFU - sem CNPJ especifico para busca,NAO_TESTADO,0812443,Tribunal Regional Federal da 1a. Região,"2007-06-15 00:00:00,000","2025-04-02 00:00:00,000",11,Não,31909100,2756690,2843591.0959763895,Não Fundef,17,De 15 até 20 anos,Pessoal,Acima de R$ 1 milhão e até R$ 10 milhões,MATCH_APROX_25.8%
12102,TRF - 1a. Região,71103,EFU - Sentenças Judiciais,2026,381965120254019000,Anistia Política - Direitos e Garantias Fundamentais,3696176,NAO_IDENTIFICADO,PENDENTE,,,0038196-51.2025.4.01.9198,,,UO generica EFU - sem CNPJ especifico para busca,NAO_TESTADO,0812443,Tribunal Regional Federal da 1a. Região,"2007-06-15 00:00:00,000","2025-04-02 00:00:00,000",11,Não,31909100,2756690,2843591.0959763895,Não Fundef,17,De 15 até 20 anos,Pessoal,Acima de R$ 1 milhão e até R$ 10 milhões,MATCH_APROX_25.4%
12102,TRF - 1a. Região,71103,EFU - Sentenças Judiciais,2026,1252652420254010000,Honorários Advocatícios - Sucumbência - Partes e Procuradores - DIREITO,3688179,NAO_IDENTIFICADO,PENDENTE,,,0125265-24.2025.4.01.9198,,,UO generica EFU - sem CNPJ especifico para busca,NAO_TESTADO,0812443,Tribunal Regional Federal da 1a. Região,"2007-06-15 00:00:00,000","2025-04-02 00:00:00,000",11,Não,31909100,2756690,2843591.0959763895,Não Fundef,17,De 15 até 20 anos,Pessoal,Acima de R$ 1 milhão e até R$ 10 milhões,MATCH_APROX_25.3%
12102,TRF - 1a. Região,71103,EFU - Sentenças Judiciais,2026,1227658220254010000,PIS - Contribuição Social - Contribuições - Direito Tributário,3682443,NAO_IDENTIFICADO,PENDENTE,,,0122765-82.2025.4.01.9198,,,UO generica EFU - sem CNPJ especifico para busca,NAO_TESTADO,0812443,Tribunal Regional Federal da 1a. Região,"2007-06-15 00:00:00,000","2025-04-02 00:00:00,000",11,Não,31909100,2756690,2843591.0959763895,Não Fundef,17,De 15 até 20 anos,Pessoal,Acima de R$ 1 milhão e até R$ 10 milhões,MATCH_APROX_25.1%
12102,TRF - 1a. Região,71103,EFU - Sentenças Judiciais,2026,1364531420254010000,Entidades sem Fins Lucrativos - Imunidade Tributária - Limitações ao Poder de Tributar,3677199,NAO_IDENTIFICADO,PENDENTE,,,0136453-14.2025.4.01.9198,,,UO generica EFU - sem CNPJ especifico para busca,NAO_TESTADO,0812443,Tribunal Regional Federal da 1a. Região,"2007-06-15 00:00:00,000","2025-04-02 00:00:00,000",11,Não,31909100,2756690,2843591.0959763895,Não Fundef,17,De 15 até 20 anos,Pessoal,Acima de R$ 1 milhão e até R$ 10 milhões,MATCH_APROX_25.0%
12102,TRF - 1a. Região,33904,F. Regime Geral Prev. Social,2026,1599809220254010000,Escala de Salário-Base - Renda Mensal Inicial - Revisão de Benefícios - Direito,3673078,NAO_IDENTIFICADO,PENDENTE,,,0159980-92.2025.4.01.9198,,,Entidade nao mapeada para extracao TRF1,NAO_TESTADO,,,,,,,,,,,,,,,SEM_MATCH_VALOR_703_cand
12102,TRF - 1a. Região,71103,EFU - Sentenças Judiciais,2026,1185904520254010000,Repetição de Indébito - Crédito Tributário - Direito Tributário,3666720,NAO_IDENTIFICADO,PENDENTE,,,0118590-45.2025.4.01.9198,,,UO generica EFU - sem CNPJ especifico para busca,NAO_TESTADO,0812443,Tribunal Regional Federal da 1a. Região,"2007-06-15 00:00:00,000","2025-04-02 00:00:00,000",11,Não,31909100,2756690,2843591.0959763895,Não Fundef,17,De 15 até 20 anos,Pessoal,Acima de R$ 1 milhão e até R$ 10 milhões,MATCH_APROX_24.8%
12102,TRF - 1a. Região,71103,EFU - Sentenças Judiciais,2026,1600631120254010000,Incentivos fiscais - Crédito Tributário - Direito Tributário,3657667,NAO_IDENTIFICADO,PENDENTE,,,0160063-11.2025.4.01.9198,,,UO generica EFU - sem CNPJ especifico para busca,NAO_TESTADO,0812443,Tribunal Regional Federal da 1a. Região,"2007-06-15 00:00:00,000","2025-04-02 00:00:00,000",11,Não,31909100,2756690,2843591.0959763895,Não Fundef,17,De 15 até 20 anos,Pessoal,Acima de R$ 1 milhão e até R$ 10 milhões,MATCH_APROX_24.6%
12102,TRF - 1a. Região,36213,ANS,2026,1201363820254010000,Repetição de Indébito - Crédito Tributário - Direito Tributário,3657633,IDENTIFICADO_PRC,PRC,0120136-38.2025.4.01.9198,0018775-06.2016.4.01.3600/MT,0120136-38.2025.4.01.9198,prefix16_exato,03589068000146,,TRF1,,,,,,,,,,,,,,,SEM_MATCH_VALOR_16_cand
12102,TRF - 1a. Região,49201,INCRA,2026,1656346020254010000,Desapropriação - Intervenção na Propriedade - Administrativo,3654799,NAO_IDENTIFICADO,PENDENTE,,,0165634-60.2025.4.01.9198,,00375972000160,Precatorio de 2025 mas PRC extraidos ate 2022 - nao sincronizado no TRF1 publico,TRF1,0931558,Tribunal Regional Federal da 6ª Região,"1996-07-31 00:00:00,000","2025-03-10 00:00:00,000",39,Não,45909100,3532717,3644081.3460361604,Não Fundef,28,20 anos ou mais,OCC,Acima de R$ 1 milhão e até R$ 10 milhões,MATCH_VALOR_3.3%
12102,TRF - 1a. Região,71103,EFU - Sentenças Judiciais,2026,1645311820254010000,Reajuste da Tabela do SUS - Saúde - Serviços - Administrativo,3651754,NAO_IDENTIFICADO,PENDENTE,,,0164531-18.2025.4.01.9198,,,UO generica EFU - sem CNPJ especifico para busca,NAO_TESTADO,0812443,Tribunal Regional Federal da 1a. Região,"2007-06-15 00:00:00,000","2025-04-02 00:00:00,000",11,Não,31909100,2756690,2843591.0959763895,Não Fundef,17,De 15 até 20 anos,Pessoal,Acima de R$ 1 milhão e até R$ 10 milhões,MATCH_APROX_24.5%
12102,TRF - 1a. Região,71103,EFU - Sentenças Judiciais,2026,1228498320254010000,Honorários Advocatícios - Sucumbência - Partes e Procuradores - DIREITO,3648375,NAO_IDENTIFICADO,PENDENTE,,,0122849-83.2025.4.01.9198,,,UO generica EFU - sem CNPJ especifico para busca,NAO_TESTADO,0812443,Tribunal Regional Federal da 1a. Região,"2007-06-15 00:00:00,000","2025-04-02 00:00:00,000",11,Não,31909100,2756690,2843591.0959763895,Não Fundef,17,De 15 até 20 anos,Pessoal,Acima de R$ 1 milhão e até R$ 10 milhões,MATCH_APROX_24.4%
12102,TRF - 1a. Região,49201,INCRA,2026,1477623220254010000,Desapropriação por Utilidade Pública/DL 3.365/41 - Intervenção na Propriedade,3625799,NAO_IDENTIFICADO,PENDENTE,,,0147762-32.2025.4.01.9198,,00375972000160,Precatorio de 2025 mas PRC extraidos ate 2022 - nao sincronizado no TRF1 publico,TRF1,0931558,Tribunal Regional Federal da 6ª Região,"1996-07-31 00:00:00,000","2025-03-10 00:00:00,000",39,Não,45909100,3532717,3644081.3460361604,Não Fundef,28,20 anos ou mais,OCC,Acima de R$ 1 milhão e até R$ 10 milhões,MATCH_VALOR_2.6%
12102,TRF - 1a. Região,49201,INCRA,2026,1477640220254010000,Desapropriação por Utilidade Pública/DL 3.365/41 - Intervenção na Propriedade,3625799,NAO_IDENTIFICADO,PENDENTE,,,0147764-02.2025.4.01.9198,,00375972000160,Precatorio de 2025 mas PRC extraidos ate 2022 - nao sincronizado no TRF1 publico,TRF1,0931558,Tribunal Regional Federal da 6ª Região,"1996-07-31 00:00:00,000","2025-03-10 00:00:00,000",39,Não,45909100,3532717,3644081.3460361604,Não Fundef,28,20 anos ou mais,OCC,Acima de R$ 1 milhão e até R$ 10 milhões,MATCH_VALOR_2.6%
12102,TRF - 1a. Região,28233,SUFRAMA,2026,711920520254019000,Taxa de Armazenamento - Taxas Federais - Taxas - Direito Tributário,3624343,IDENTIFICADO_PRC,PRC,0071192-05.2025.4.01.9198,0016020-79.2015.4.01.3200/AM,0071192-05.2025.4.01.9198,prefix16_exato,04407029000143,,TRF1,,,,,,,,,,,,,,,SEM_MATCH_VALOR_9_cand
12102,TRF - 1a. Região,39252,DNIT,2026,1651201020254010000,Indenização por Dano Material - Responsabilidade da Administração - Direito,3567378,IDENTIFICADO_PRC,PRC,0000517-32.2016.4.01.9198,0001648-37.2015.4.01.3100/AP,0165120-10.2025.4.01.9198,1_prc_entidade,04892707000100,,TRF1,,,,,,,,,,,,,,,SEM_MATCH_VALOR_33_cand
12102,TRF - 1a. Região,71103,EFU - Sentenças Judiciais,2026,3129363020244010000,Títulos da Dívida Agrária - Dívida Pública - Administrativo,3563094,NAO_IDENTIFICADO,PENDENTE,,,0312936-30.2024.4.01.9198,,,UO generica EFU - sem CNPJ especifico para busca,NAO_TESTADO,0812443,Tribunal Regional Federal da 1a. Região,"2007-06-15 00:00:00,000","2025-04-02 00:00:00,000",11,Não,31909100,2756690,2843591.0959763895,Não Fundef,17,De 15 até 20 anos,Pessoal,Acima de R$ 1 milhão e até R$ 10 milhões,MATCH_APROX_22.6%
12102,TRF - 1a. Região,71103,EFU - Sentenças Judiciais,2026,417387720254019000,Indenização por Dano Moral - Responsabilidade da Administração - Direito,3557576,NAO_IDENTIFICADO,PENDENTE,,,0041738-77.2025.4.01.9198,,,UO generica EFU - sem CNPJ especifico para busca,NAO_TESTADO,0812443,Tribunal Regional Federal da 1a. Região,"2007-06-15 00:00:00,000","2025-04-02 00:00:00,000",11,Não,31909100,2756690,2843591.0959763895,Não Fundef,17,De 15 até 20 anos,Pessoal,Acima de R$ 1 milhão e até R$ 10 milhões,MATCH_APROX_22.5%
12102,TRF - 1a. Região,71103,EFU - Sentenças Judiciais,2026,1251518520254010000,FUNDEF/Fundo de Manutenção e Desenvolvimento do Ensino Fundamental e,3541003,NAO_IDENTIFICADO,PENDENTE,,,0125151-85.2025.4.01.9198,,,UO generica EFU - sem CNPJ especifico para busca,NAO_TESTADO,0812443,Tribunal Regional Federal da 1a. Região,"2007-06-15 00:00:00,000","2025-04-02 00:00:00,000",11,Não,31909100,2756690,2843591.0959763895,Não Fundef,17,De 15 até 20 anos,Pessoal,Acima de R$ 1 milhão e até R$ 10 milhões,MATCH_APROX_22.1%
12102,TRF - 1a. Região,71103,EFU - Sentenças Judiciais,2026,1540924520254010000,Reintegração - Regime Estatutário - Servidor Público Civil - Administrativo,3530622,NAO_IDENTIFICADO,PENDENTE,,,0154092-45.2025.4.01.9198,,,UO generica EFU - sem CNPJ especifico para busca,NAO_TESTADO,0812443,Tribunal Regional Federal da 1a. Região,"2007-06-15 00:00:00,000","2025-04-02 00:00:00,000",11,Não,31909100,2756690,2843591.0959763895,Não Fundef,17,De 15 até 20 anos,Pessoal,Acima de R$ 1 milhão e até R$ 10 milhões,MATCH_APROX_16.9%
12102,TRF - 1a. Região,39252,DNIT,2026,602570320254019000,Modalidade/Limite/Dispensa/Inexigibilidade - Licitações e Contratos - Administrativo,3526237,IDENTIFICADO_PRC,PRC,0000517-32.2016.4.01.9198,0001648-37.2015.4.01.3100/AP,0060257-03.2025.4.01.9198,1_prc_entidade,04892707000100,,TRF1,,,,,,,,,,,,,,,SEM_MATCH_VALOR_33_cand
12102,TRF - 1a. Região,71103,EFU - Sentenças Judiciais,2026,1671874520254010000,Enquadramento - Regime Estatutário - Servidor Público Civil - Administrativo,3516988,NAO_IDENTIFICADO,PENDENTE,,,0167187-45.2025.4.01.9198,,,UO generica EFU - sem CNPJ especifico para busca,NAO_TESTADO,0812443,Tribunal Regional Federal da 1a. Região,"2007-06-15 00:00:00,000","2025-04-02 00:00:00,000",11,Não,31909100,2756690,2843591.0959763895,Não Fundef,17,De 15 até 20 anos,Pessoal,Acima de R$ 1 milhão e até R$ 10 milhões,MATCH_APROX_21.6%
12102,TRF - 1a. Região,71103,EFU - Sentenças Judiciais,2026,938805820254019000,Reajuste da tabela do SUS,3502338,NAO_IDENTIFICADO,PENDENTE,,,0093880-58.2025.4.01.9198,,,UO generica EFU - sem CNPJ especifico para busca,NAO_TESTADO,0812443,Tribunal Regional Federal da 1a. Região,"2007-06-15 00:00:00,000","2025-04-02 00:00:00,000",11,Não,31909100,2756690,2843591.0959763895,Não Fundef,17,De 15 até 20 anos,Pessoal,Acima de R$ 1 milhão e até R$ 10 milhões,MATCH_APROX_21.3%
12102,TRF - 1a. Região,71103,EFU - Sentenças Judiciais,2026,1669873820254010000,Títulos da Dívida Agrária - Dívida Pública - Administrativo,3475020,NAO_IDENTIFICADO,PENDENTE,,,0166987-38.2025.4.01.9198,,,UO generica EFU - sem CNPJ especifico para busca,NAO_TESTADO,0812443,Tribunal Regional Federal da 1a. Região,"2007-06-15 00:00:00,000","2025-04-02 00:00:00,000",11,Não,31909100,2756690,2843591.0959763895,Não Fundef,17,De 15 até 20 anos,Pessoal,Acima de R$ 1 milhão e até R$ 10 milhões,MATCH_APROX_20.7%
12102,TRF - 1a. Região,71103,EFU - Sentenças Judiciais,2026,1623123220254010000,FUNDEF/Fundo de Manutenção e Desenvolvimento do Ensino Fundamental e,3464076,NAO_IDENTIFICADO,PENDENTE,,,0162312-32.2025.4.01.9198,,,UO generica EFU - sem CNPJ especifico para busca,NAO_TESTADO,0812443,Tribunal Regional Federal da 1a. Região,"2007-06-15 00:00:00,000","2025-04-02 00:00:00,000",11,Não,31909100,2756690,2843591.0959763895,Não Fundef,17,De 15 até 20 anos,Pessoal,Acima de R$ 1 milhão e até R$ 10 milhões,MATCH_APROX_20.4%
12102,TRF - 1a. Região,71103,EFU - Sentenças Judiciais,2026,1245273620254010000,Honorários Advocatícios - Sucumbência - Partes e Procuradores - DIREITO,3445109,NAO_IDENTIFICADO,PENDENTE,,,0124527-36.2025.4.01.9198,,,UO generica EFU - sem CNPJ especifico para busca,NAO_TESTADO,0812443,Tribunal Regional Federal da 1a. Região,"2007-06-15 00:00:00,000","2025-04-02 00:00:00,000",11,Não,31909100,2756690,2843591.0959763895,Não Fundef,17,De 15 até 20 anos,Pessoal,Acima de R$ 1 milhão e até R$ 10 milhões,MATCH_APROX_20.0%
12102,TRF - 1a. Região,71103,EFU - Sentenças Judiciais,2026,1624552120254010000,Reajuste da Tabela do SUS - Saúde - Serviços - Administrativo,3372275,NAO_IDENTIFICADO,PENDENTE,,,0162455-21.2025.4.01.9198,,,UO generica EFU - sem CNPJ especifico para busca,NAO_TESTADO,0812443,Tribunal Regional Federal da 1a. Região,"2007-06-15 00:00:00,000","2025-04-02 00:00:00,000",11,Não,31909100,2756690,2843591.0959763895,Não Fundef,17,De 15 até 20 anos,Pessoal,Acima de R$ 1 milhão e até R$ 10 milhões,MATCH_APROX_18.3%
12102,TRF - 1a. Região,71103,EFU - Sentenças Judiciais,2026,7617630720244010000,Reforma - Sistema Remuneratório - Servidor Público Militar - Administrativo,3331821,NAO_IDENTIFICADO,PENDENTE,,,0761763-07.2024.4.01.9198,,,UO generica EFU - sem CNPJ especifico para busca,NAO_TESTADO,0812443,Tribunal Regional Federal da 1a. Região,"2007-06-15 00:00:00,000","2025-04-02 00:00:00,000",11,Não,31909100,2756690,2843591.0959763895,Não Fundef,17,De 15 até 20 anos,Pessoal,Acima de R$ 1 milhão e até R$ 10 milhões,MATCH_APROX_17.3%
12102,TRF - 1a. Região,71103,EFU - Sentenças Judiciais,2026,1323470920254010000,Honorários Advocatícios em Execução Contra a Fazenda Pública - Sucumbência,3297793,NAO_IDENTIFICADO,PENDENTE,,,0132347-09.2025.4.01.9198,,,UO generica EFU - sem CNPJ especifico para busca,NAO_TESTADO,0812443,Tribunal Regional Federal da 1a. Região,"2007-06-15 00:00:00,000","2025-04-02 00:00:00,000",11,Não,31909100,2756690,2843591.0959763895,Não Fundef,17,De 15 até 20 anos,Pessoal,Acima de R$ 1 milhão e até R$ 10 milhões,MATCH_APROX_16.4%
12102,TRF - 1a. Região,71103,EFU - Sentenças Judiciais,2026,1205001020254010000,Modalidade/Limite/Dispensa/Inexigibilidade - Licitações e Contratos - Administrativo,3284812,NAO_IDENTIFICADO,PENDENTE,,,0120500-10.2025.4.01.9198,,,UO generica EFU - sem CNPJ especifico para busca,NAO_TESTADO,0812443,Tribunal Regional Federal da 1a. Região,"2007-06-15 00:00:00,000","2025-04-02 00:00:00,000",11,Não,31909100,2756690,2843591.0959763895,Não Fundef,17,De 15 até 20 anos,Pessoal,Acima de R$ 1 milhão e até R$ 10 milhões,MATCH_APROX_16.1%
12102,TRF - 1a. Região,71103,EFU - Sentenças Judiciais,2026,1471222920254010000,PIS - Importação - Contribuição Social - Contribuições - Tributário - Direito Tributário,3273167,NAO_IDENTIFICADO,PENDENTE,,,0147122-29.2025.4.01.9198,,,UO generica EFU - sem CNPJ especifico para busca,NAO_TESTADO,0812443,Tribunal Regional Federal da 1a. Região,"2007-06-15 00:00:00,000","2025-04-02 00:00:00,000",11,Não,31909100,2756690,2843591.0959763895,Não Fundef,17,De 15 até 20 anos,Pessoal,Acima de R$ 1 milhão e até R$ 10 milhões,MATCH_APROX_15.8%
12102,TRF - 1a. Região,71103,EFU - Sentenças Judiciais,2026,1271402920254010000,Repetição de Indébito - Crédito Tributário - Direito Tributário,3232488,NAO_IDENTIFICADO,PENDENTE,,,0127140-29.2025.4.01.9198,,,UO generica EFU - sem CNPJ especifico para busca,NAO_TESTADO,0812443,Tribunal Regional Federal da 1a. Região,"2007-06-15 00:00:00,000","2025-04-02 00:00:00,000",11,Não,31909100,2756690,2843591.0959763895,Não Fundef,17,De 15 até 20 anos,Pessoal,Acima de R$ 1 milhão e até R$ 10 milhões,MATCH_APROX_14.7%
12102,TRF - 1a. Região,71103,EFU - Sentenças Judiciais,2026,1601263620254010000,Plano de Classificação de Cargos - Sistema Remuneratório - Servidor Público Civil,3229998,NAO_IDENTIFICADO,PENDENTE,,,0160126-36.2025.4.01.9198,,,UO generica EFU - sem CNPJ especifico para busca,NAO_TESTADO,0812443,Tribunal Regional Federal da 1a. Região,"2007-06-15 00:00:00,000","2025-04-02 00:00:00,000",11,Não,31909100,2756690,2843591.0959763895,Não Fundef,17,De 15 até 20 anos,Pessoal,Acima de R$ 1 milhão e até R$ 10 milhões,MATCH_APROX_14.7%
12102,TRF - 1a. Região,71103,EFU - Sentenças Judiciais,2026,1053551120254010000,Redução de Alíquota IR/CSLL - Serviços Hospitalares,3221298,NAO_IDENTIFICADO,PENDENTE,,,0105355-11.2025.4.01.9198,,,UO generica EFU - sem CNPJ especifico para busca,NAO_TESTADO,0812443,Tribunal Regional Federal da 1a. Região,"2007-06-15 00:00:00,000","2025-04-02 00:00:00,000",11,Não,31909100,2756690,2843591.0959763895,Não Fundef,17,De 15 até 20 anos,Pessoal,Acima de R$ 1 milhão e até R$ 10 milhões,MATCH_APROX_14.4%
12102,TRF - 1a. Região,71103,EFU - Sentenças Judiciais,2026,1656536620254010000,PIS - Contribuição Social - Contribuições - Direito Tributário,3217361,NAO_IDENTIFICADO,PENDENTE,,,0165653-66.2025.4.01.9198,,,UO generica EFU - sem CNPJ especifico para busca,NAO_TESTADO,0812443,Tribunal Regional Federal da 1a. Região,"2007-06-15 00:00:00,000","2025-04-02 00:00:00,000",11,Não,31909100,2756690,2843591.0959763895,Não Fundef,17,De 15 até 20 anos,Pessoal,Acima de R$ 1 milhão e até R$ 10 milhões,MATCH_APROX_14.3%
12102,TRF - 1a. Região,71103,EFU - Sentenças Judiciais,2026,5776545220244010000,Sucumbência - Direito Processual Civil - Direito Processual,3211015,NAO_IDENTIFICADO,PENDENTE,,,0577654-52.2024.4.01.9198,,,UO generica EFU - sem CNPJ especifico para busca,NAO_TESTADO,0812443,Tribunal Regional Federal da 1a. Região,"2007-06-15 00:00:00,000","2025-04-02 00:00:00,000",11,Não,31909100,2756690,2843591.0959763895,Não Fundef,17,De 15 até 20 anos,Pessoal,Acima de R$ 1 milhão e até R$ 10 milhões,MATCH_APROX_14.1%
12102,TRF - 1a. Região,71103,EFU - Sentenças Judiciais,2026,1092507720254010000,1/3 de férias - Contribuições Previdenciárias - Contribuições - Direito Tributário,3191439,NAO_IDENTIFICADO,PENDENTE,,,0109250-77.2025.4.01.9198,,,UO generica EFU - sem CNPJ especifico para busca,NAO_TESTADO,0812443,Tribunal Regional Federal da 1a. Região,"2007-06-15 00:00:00,000","2025-04-02 00:00:00,000",11,Não,31909100,2756690,2843591.0959763895,Não Fundef,17,De 15 até 20 anos,Pessoal,Acima de R$ 1 milhão e até R$ 10 milhões,MATCH_APROX_13.6%
12102,TRF - 1a. Região,71103,EFU - Sentenças Judiciais,2026,152638420254019000,Reajuste da Tabela do SUS - Saúde - Serviços - Administrativo,3190611,NAO_IDENTIFICADO,PENDENTE,,,0015263-84.2025.4.01.9198,,,UO generica EFU - sem CNPJ especifico para busca,NAO_TESTADO,0812443,Tribunal Regional Federal da 1a. Região,"2007-06-15 00:00:00,000","2025-04-02 00:00:00,000",11,Não,31909100,2756690,2843591.0959763895,Não Fundef,17,De 15 até 20 anos,Pessoal,Acima de R$ 1 milhão e até R$ 10 milhões,MATCH_APROX_13.6%
11101,Superior Tribunal de Justiça,25101,M. da Fazenda,2025,13025,Administrativo - Militar - Pensão,3188422,NAO_IDENTIFICADO,PENDENTE,,,,,,Entidade nao mapeada para extracao TRF1,NAO_TESTADO,,,,,,,,,,,,,,,SEM_UO_NO_SIOP
12102,TRF - 1a. Região,71103,EFU - Sentenças Judiciais,2026,1684138520254010000,Honorários Advocatícios - Sucumbência - Partes e Procuradores - DIREITO,3174484,NAO_IDENTIFICADO,PENDENTE,,,0168413-85.2025.4.01.9198,,,UO generica EFU - sem CNPJ especifico para busca,NAO_TESTADO,0812443,Tribunal Regional Federal da 1a. Região,"2007-06-15 00:00:00,000","2025-04-02 00:00:00,000",11,Não,31909100,2756690,2843591.0959763895,Não Fundef,17,De 15 até 20 anos,Pessoal,Acima de R$ 1 milhão e até R$ 10 milhões,MATCH_APROX_13.2%
12102,TRF - 1a. Região,44201,Ibama,2026,1645078720254010000,Desapropriação Indireta - Intervenção na Propriedade - Administrativo,3162487,NAO_IDENTIFICADO,PENDENTE,,,0164507-87.2025.4.01.9198,,,Entidade nao mapeada para extracao TRF1,NAO_TESTADO,,,,,,,,,,,,,,,SEM_MATCH_VALOR_16_cand
12102,TRF - 1a. Região,71103,EFU - Sentenças Judiciais,2026,95563820254019100,Reintegração - Regime Estatutário - Servidor Público Civil - Administrativo,3140960,NAO_IDENTIFICADO,PENDENTE,,,9556382-02.5401.9.10.9198,,,UO generica EFU - sem CNPJ especifico para busca,NAO_TESTADO,0812443,Tribunal Regional Federal da 1a. Região,"2007-06-15 00:00:00,000","2025-04-02 00:00:00,000",11,Não,31909100,2756690,2843591.0959763895,Não Fundef,17,De 15 até 20 anos,Pessoal,Acima de R$ 1 milhão e até R$ 10 milhões,MATCH_VALOR_7.2%
12102,TRF - 1a. Região,71103,EFU - Sentenças Judiciais,2026,2794782220244010000,Sucumbência - Direito Processual Civil - Direito Processual,3140705,NAO_IDENTIFICADO,PENDENTE,,,0279478-22.2024.4.01.9198,,,UO generica EFU - sem CNPJ especifico para busca,NAO_TESTADO,0812443,Tribunal Regional Federal da 1a. Região,"2007-06-15 00:00:00,000","2025-04-02 00:00:00,000",11,Não,31909100,2756690,2843591.0959763895,Não Fundef,17,De 15 até 20 anos,Pessoal,Acima de R$ 1 milhão e até R$ 10 milhões,MATCH_APROX_12.2%
12102,TRF - 1a. Região,71103,EFU - Sentenças Judiciais,2026,2794790720244010000,Sucumbência - Direito Processual Civil - Direito Processual,3140705,NAO_IDENTIFICADO,PENDENTE,,,0279479-07.2024.4.01.9198,,,UO generica EFU - sem CNPJ especifico para busca,NAO_TESTADO,0812443,Tribunal Regional Federal da 1a. Região,"2007-06-15 00:00:00,000","2025-04-02 00:00:00,000",11,Não,31909100,2756690,2843591.0959763895,Não Fundef,17,De 15 até 20 anos,Pessoal,Acima de R$ 1 milhão e até R$ 10 milhões,MATCH_APROX_12.2%
12102,TRF - 1a. Região,71103,EFU - Sentenças Judiciais,2026,1151755420254010000,Honorários Advocatícios - Sucumbência - Partes e Procuradores - DIREITO,3139851,NAO_IDENTIFICADO,PENDENTE,,,0115175-54.2025.4.01.9198,,,UO generica EFU - sem CNPJ especifico para busca,NAO_TESTADO,0812443,Tribunal Regional Federal da 1a. Região,"2007-06-15 00:00:00,000","2025-04-02 00:00:00,000",11,Não,31909100,2756690,2843591.0959763895,Não Fundef,17,De 15 até 20 anos,Pessoal,Acima de R$ 1 milhão e até R$ 10 milhões,MATCH_APROX_12.2%
12102,TRF - 1a. Região,71103,EFU - Sentenças Judiciais,2026,1678473920254010000,PIS - Contribuição Social - Contribuições - Direito Tributário,3139197,NAO_IDENTIFICADO,PENDENTE,,,0167847-39.2025.4.01.9198,,,UO generica EFU - sem CNPJ especifico para busca,NAO_TESTADO,0812443,Tribunal Regional Federal da 1a. Região,"2007-06-15 00:00:00,000","2025-04-02 00:00:00,000",11,Não,31909100,2756690,2843591.0959763895,Não Fundef,17,De 15 até 20 anos,Pessoal,Acima de R$ 1 milhão e até R$ 10 milhões,MATCH_APROX_12.2%
12102,TRF - 1a. Região,33201,INSS,2026,343736920254019000,RESTABELECIMENTO - PENSÃO - SERVIDOR PÚBLICO CIVIL,3129997,NAO_IDENTIFICADO,PENDENTE,,,0034373-69.2025.4.01.9198,,29979036000140,Entidade sem PRC extraido no TRF1 (CNPJ pode estar incorreto),TRF1,,,,,,,,,,,,,,,SEM_MATCH_VALOR_361_cand
12102,TRF - 1a. Região,71103,EFU - Sentenças Judiciais,2026,1680847320254010000,Anistia Administrativa - Regime Estatutário - Servidor Público Civil - Administrativo,3105803,NAO_IDENTIFICADO,PENDENTE,,,0168084-73.2025.4.01.9198,,,UO generica EFU - sem CNPJ especifico para busca,NAO_TESTADO,0812443,Tribunal Regional Federal da 1a. Região,"2007-06-15 00:00:00,000","2025-04-02 00:00:00,000",11,Não,31909100,2756690,2843591.0959763895,Não Fundef,17,De 15 até 20 anos,Pessoal,Acima de R$ 1 milhão e até R$ 10 milhões,MATCH_APROX_11.2%
12102,TRF - 1a. Região,71103,EFU - Sentenças Judiciais,2026,1655696520254010000,FUNDEF/Fundo de Manutenção e Desenvolvimento do Ensino Fundamental e,3102369,NAO_IDENTIFICADO,PENDENTE,,,0165569-65.2025.4.01.9198,,,UO generica EFU - sem CNPJ especifico para busca,NAO_TESTADO,0812443,Tribunal Regional Federal da 1a. Região,"2007-06-15 00:00:00,000","2025-04-02 00:00:00,000",11,Não,31909100,2756690,2843591.0959763895,Não Fundef,17,De 15 até 20 anos,Pessoal,Acima de R$ 1 milhão e até R$ 10 milhões,MATCH_APROX_11.1%
12102,TRF - 1a. Região,71103,EFU - Sentenças Judiciais,2026,1646646020254010000,FUNDEF/Fundo de Manutenção e Desenvolvimento do Ensino Fundamental e,3043109,NAO_IDENTIFICADO,PENDENTE,,,0164664-60.2025.4.01.9198,,,UO generica EFU - sem CNPJ especifico para busca,NAO_TESTADO,0812443,Tribunal Regional Federal da 1a. Região,"2007-06-15 00:00:00,000","2025-04-02 00:00:00,000",11,Não,31909100,2756690,2843591.0959763895,Não Fundef,17,De 15 até 20 anos,Pessoal,Acima de R$ 1 milhão e até R$ 10 milhões,MATCH_VALOR_9.4%
12102,TRF - 1a. Região,71103,EFU - Sentenças Judiciais,2026,3930392420244010000,Compensação de Prejuízo - Contribuição Social sobre o Lucro Líquido - Contribuições,3042315,NAO_IDENTIFICADO,PENDENTE,,,0393039-24.2024.4.01.9198,,,UO generica EFU - sem CNPJ especifico para busca,NAO_TESTADO,0812443,Tribunal Regional Federal da 1a. Região,"2007-06-15 00:00:00,000","2025-04-02 00:00:00,000",11,Não,31909100,2756690,2843591.0959763895,Não Fundef,17,De 15 até 20 anos,Pessoal,Acima de R$ 1 milhão e até R$ 10 milhões,MATCH_VALOR_9.4%
12102,TRF - 1a. Região,71103,EFU - Sentenças Judiciais,2026,999482420254019000,Honorários Advocatícios - Sucumbência - Partes e Procuradores - DIREITO,3040072,NAO_IDENTIFICADO,PENDENTE,,,0099948-24.2025.4.01.9198,,,UO generica EFU - sem CNPJ especifico para busca,NAO_TESTADO,0812443,Tribunal Regional Federal da 1a. Região,"2007-06-15 00:00:00,000","2025-04-02 00:00:00,000",11,Não,31909100,2756690,2843591.0959763895,Não Fundef,17,De 15 até 20 anos,Pessoal,Acima de R$ 1 milhão e até R$ 10 milhões,MATCH_VALOR_9.3%
12102,TRF - 1a. Região,49201,INCRA,2026,1611275620254010000,Desapropriação - Intervenção na Propriedade - Administrativo,3022525,NAO_IDENTIFICADO,PENDENTE,,,0161127-56.2025.4.01.9198,,00375972000160,Precatorio de 2025 mas PRC extraidos ate 2022 - nao sincronizado no TRF1 publico,TRF1,0931558,Tribunal Regional Federal da 6ª Região,"1996-07-31 00:00:00,000","2025-03-10 00:00:00,000",39,Não,45909100,3532717,3644081.3460361604,Não Fundef,28,20 anos ou mais,OCC,Acima de R$ 1 milhão e até R$ 10 milhões,MATCH_APROX_16.9%
12102,TRF - 1a. Região,49201,INCRA,2026,1611284120254010000,Desapropriação - Intervenção na Propriedade - Administrativo,3022525,NAO_IDENTIFICADO,PENDENTE,,,0161128-41.2025.4.01.9198,,00375972000160,Precatorio de 2025 mas PRC extraidos ate 2022 - nao sincronizado no TRF1 publico,TRF1,0931558,Tribunal Regional Federal da 6ª Região,"1996-07-31 00:00:00,000","2025-03-10 00:00:00,000",39,Não,45909100,3532717,3644081.3460361604,Não Fundef,28,20 anos ou mais,OCC,Acima de R$ 1 milhão e até R$ 10 milhões,MATCH_APROX_16.9%
12102,TRF - 1a. Região,33904,F. Regime Geral Prev. Social,2026,417266320254019000,Aposentadoria Especial (Art. 57/8) - Benefícios em Espécie - Direito Previdenciário,3022257,NAO_IDENTIFICADO,PENDENTE,,,0041726-63.2025.4.01.9198,,,Entidade nao mapeada para extracao TRF1,NAO_TESTADO,0948652,Conselho Nacional de Justiça,"2005-03-07 00:00:00,000","2024-06-07 00:00:00,000",13,Não,33909100,2219434,2289398.7936645988,Não Fundef,19,De 15 até 20 anos,Previdência,Acima de R$ 1 milhão e até R$ 10 milhões,MATCH_APROX_26.6%
12102,TRF - 1a. Região,71103,EFU - Sentenças Judiciais,2026,1646369220254010000,FUNDEF/Fundo de Manutenção e Desenvolvimento do Ensino Fundamental e,3020034,NAO_IDENTIFICADO,PENDENTE,,,0164636-92.2025.4.01.9198,,,UO generica EFU - sem CNPJ especifico para busca,NAO_TESTADO,0812443,Tribunal Regional Federal da 1a. Região,"2007-06-15 00:00:00,000","2025-04-02 00:00:00,000",11,Não,31909100,2756690,2843591.0959763895,Não Fundef,17,De 15 até 20 anos,Pessoal,Acima de R$ 1 milhão e até R$ 10 milhões,MATCH_VALOR_8.7%
12102,TRF - 1a. Região,71103,EFU - Sentenças Judiciais,2026,1667353520254010000,FUNDO DE PARTICIPAÇÃO DOS MUNICÍPIOS - ENTIDADES,3020011,NAO_IDENTIFICADO,PENDENTE,,,0166735-35.2025.4.01.9198,,,UO generica EFU - sem CNPJ especifico para busca,NAO_TESTADO,0812443,Tribunal Regional Federal da 1a. Região,"2007-06-15 00:00:00,000","2025-04-02 00:00:00,000",11,Não,31909100,2756690,2843591.0959763895,Não Fundef,17,De 15 até 20 anos,Pessoal,Acima de R$ 1 milhão e até R$ 10 milhões,MATCH_VALOR_8.7%
12103,TRF - 2a. Região,49201,INCRA,2026,50111724520254000000,Gratificações de Atividade,3016915,NAO_IDENTIFICADO,PENDENTE,,,5011172-45.2025.4.00.9198,,00375972000160,Formato 20 dig com tribunal 00 - provavel outro TRF (nao TRF1),TRF1,0931558,Tribunal Regional Federal da 6ª Região,"1996-07-31 00:00:00,000","2025-03-10 00:00:00,000",39,Não,45909100,3532717,3644081.3460361604,Não Fundef,28,20 anos ou mais,OCC,Acima de R$ 1 milhão e até R$ 10 milhões,MATCH_APROX_17.1%
12102,TRF - 1a. Região,71103,EFU - Sentenças Judiciais,2026,1673546220254010000,PIS - Contribuição Social - Contribuições - Direito Tributário,3015947,NAO_IDENTIFICADO,PENDENTE,,,0167354-62.2025.4.01.9198,,,UO generica EFU - sem CNPJ especifico para busca,NAO_TESTADO,0812443,Tribunal Regional Federal da 1a. Região,"2007-06-15 00:00:00,000","2025-04-02 00:00:00,000",11,Não,31909100,2756690,2843591.0959763895,Não Fundef,17,De 15 até 20 anos,Pessoal,Acima de R$ 1 milhão e até R$ 10 milhões,MATCH_VALOR_8.6%
12102,TRF - 1a. Região,71103,EFU - Sentenças Judiciais,2026,6584624420244010000,Entidades sem Fins Lucrativos - Imunidade Tributária - Limitações ao Poder de Tributar,3015353,NAO_IDENTIFICADO,PENDENTE,,,0658462-44.2024.4.01.9198,,,UO generica EFU - sem CNPJ especifico para busca,NAO_TESTADO,0812443,Tribunal Regional Federal da 1a. Região,"2007-06-15 00:00:00,000","2025-04-02 00:00:00,000",11,Não,31909100,2756690,2843591.0959763895,Não Fundef,17,De 15 até 20 anos,Pessoal,Acima de R$ 1 milhão e até R$ 10 milhões,MATCH_VALOR_8.6%
12103,TRF - 2a. Região,49201,INCRA,2026,50111716020254000000,Gratificações de Atividade,3012850,NAO_IDENTIFICADO,PENDENTE,,,5011171-60.2025.4.00.9198,,00375972000160,Formato 20 dig com tribunal 00 - provavel outro TRF (nao TRF1),TRF1,0931558,Tribunal Regional Federal da 6ª Região,"1996-07-31 00:00:00,000","2025-03-10 00:00:00,000",39,Não,45909100,3532717,3644081.3460361604,Não Fundef,28,20 anos ou mais,OCC,Acima de R$ 1 milhão e até R$ 10 milhões,MATCH_APROX_17.3%
12102,TRF - 1a. Região,71103,EFU - Sentenças Judiciais,2026,1546935120254010000,FUNDO DE PARTICIPAÇÃO DOS MUNICÍPIOS - ENTIDADES,3007295,NAO_IDENTIFICADO,PENDENTE,,,0154693-51.2025.4.01.9198,,,UO generica EFU - sem CNPJ especifico para busca,NAO_TESTADO,0812443,Tribunal Regional Federal da 1a. Região,"2007-06-15 00:00:00,000","2025-04-02 00:00:00,000",11,Não,31909100,2756690,2843591.0959763895,Não Fundef,17,De 15 até 20 anos,Pessoal,Acima de R$ 1 milhão e até R$ 10 milhões,MATCH_VALOR_8.3%
12102,TRF - 1a. Região,28233,SUFRAMA,2026,1477138820254010000,Honorários Advocatícios - Sucumbência - Partes e Procuradores - DIREITO,3004237,IDENTIFICADO_PRC,PRC,0147713-88.2025.4.01.9198,0000902-54.2001.4.01.3200/AM,0147713-88.2025.4.01.9198,prefix16_exato,04407029000143,,TRF1,,,,,,,,,,,,,,,SEM_MATCH_VALOR_9_cand
12103,TRF - 2a. Região,49201,INCRA,2026,50111680820254000000,Gratificações de Atividade,2987718,NAO_IDENTIFICADO,PENDENTE,,,5011168-08.2025.4.00.9198,,00375972000160,Formato 20 dig com tribunal 00 - provavel outro TRF (nao TRF1),TRF1,0931558,Tribunal Regional Federal da 6ª Região,"1996-07-31 00:00:00,000","2025-03-10 00:00:00,000",39,Não,45909100,3532717,3644081.3460361604,Não Fundef,28,20 anos ou mais,OCC,Acima de R$ 1 milhão e até R$ 10 milhões,MATCH_APROX_18.2%
12102,TRF - 1a. Região,71103,EFU - Sentenças Judiciais,2026,977804920254019000,Honorários Advocatícios - Sucumbência - Partes e Procuradores - DIREITO,2972442,NAO_IDENTIFICADO,PENDENTE,,,0097780-49.2025.4.01.9198,,,UO generica EFU - sem CNPJ especifico para busca,NAO_TESTADO,0812443,Tribunal Regional Federal da 1a. Região,"2007-06-15 00:00:00,000","2025-04-02 00:00:00,000",11,Não,31909100,2756690,2843591.0959763895,Não Fundef,17,De 15 até 20 anos,Pessoal,Acima de R$ 1 milhão e até R$ 10 milhões,MATCH_VALOR_7.3%
12102,TRF - 1a. Região,49201,INCRA,2026,1679097920254010000,Desapropriação por Interesse Social para Reforma Agrária - Intervenção do Estado na,2967690,NAO_IDENTIFICADO,PENDENTE,,,0167909-79.2025.4.01.9198,,00375972000160,Precatorio de 2025 mas PRC extraidos ate 2022 - nao sincronizado no TRF1 publico,TRF1,0931558,Tribunal Regional Federal da 6ª Região,"1996-07-31 00:00:00,000","2025-03-10 00:00:00,000",39,Não,45909100,3532717,3644081.3460361604,Não Fundef,28,20 anos ou mais,OCC,Acima de R$ 1 milhão e até R$ 10 milhões,MATCH_APROX_19.0%
12102,TRF - 1a. Região,71103,EFU - Sentenças Judiciais,2026,1546857420254010000,FUNDO DE PARTICIPAÇÃO DOS MUNICÍPIOS - ENTIDADES,2957412,NAO_IDENTIFICADO,PENDENTE,,,0154685-74.2025.4.01.9198,,,UO generica EFU - sem CNPJ especifico para busca,NAO_TESTADO,0812443,Tribunal Regional Federal da 1a. Região,"2007-06-15 00:00:00,000","2025-04-02 00:00:00,000",11,Não,31909100,2756690,2843591.0959763895,Não Fundef,17,De 15 até 20 anos,Pessoal,Acima de R$ 1 milhão e até R$ 10 milhões,MATCH_VALOR_6.8%
12102,TRF - 1a. Região,71103,EFU - Sentenças Judiciais,2026,1361941920254010000,Honorários Advocatícios - Sucumbência - Partes e Procuradores - DIREITO,2950338,NAO_IDENTIFICADO,PENDENTE,,,0136194-19.2025.4.01.9198,,,UO generica EFU - sem CNPJ especifico para busca,NAO_TESTADO,0812443,Tribunal Regional Federal da 1a. Região,"2007-06-15 00:00:00,000","2025-04-02 00:00:00,000",11,Não,31909100,2756690,2843591.0959763895,Não Fundef,17,De 15 até 20 anos,Pessoal,Acima de R$ 1 milhão e até R$ 10 milhões,MATCH_VALOR_6.6%
12102,TRF - 1a. Região,71103,EFU - Sentenças Judiciais,2026,1611171220254010000,Reajuste da Tabela do SUS - Saúde - Serviços - Administrativo,2937433,NAO_IDENTIFICADO,PENDENTE,,,0161117-12.2025.4.01.9198,,,UO generica EFU - sem CNPJ especifico para busca,NAO_TESTADO,0812443,Tribunal Regional Federal da 1a. Região,"2007-06-15 00:00:00,000","2025-04-02 00:00:00,000",11,Não,31909100,2756690,2843591.0959763895,Não Fundef,17,De 15 até 20 anos,Pessoal,Acima de R$ 1 milhão e até R$ 10 milhões,MATCH_VALOR_6.2%
11101,Superior Tribunal de Justiça,52101,M. da Defesa,2025,13403,Administrativo - Militar - Regime - Anistia Política,2925210,NAO_IDENTIFICADO,PENDENTE,,,,,,Entidade nao mapeada para extracao TRF1,NAO_TESTADO,,,,,,,,,,,,,,,SEM_UO_NO_SIOP
12102,TRF - 1a. Região,71103,EFU - Sentenças Judiciais,2026,1543367120254010000,FUNDO DE PARTICIPAÇÃO DOS MUNICÍPIOS - ENTIDADES,2923061,NAO_IDENTIFICADO,PENDENTE,,,0154336-71.2025.4.01.9198,,,UO generica EFU - sem CNPJ especifico para busca,NAO_TESTADO,0812443,Tribunal Regional Federal da 1a. Região,"2007-06-15 00:00:00,000","2025-04-02 00:00:00,000",11,Não,31909100,2756690,2843591.0959763895,Não Fundef,17,De 15 até 20 anos,Pessoal,Acima de R$ 1 milhão e até R$ 10 milhões,MATCH_VALOR_5.7%
12102,TRF - 1a. Região,71103,EFU - Sentenças Judiciais,2026,1404129020254010000,Honorários Advocatícios - Sucumbência - Partes e Procuradores - DIREITO,2901732,NAO_IDENTIFICADO,PENDENTE,,,0140412-90.2025.4.01.9198,,,UO generica EFU - sem CNPJ especifico para busca,NAO_TESTADO,0812443,Tribunal Regional Federal da 1a. Região,"2007-06-15 00:00:00,000","2025-04-02 00:00:00,000",11,Não,31909100,2756690,2843591.0959763895,Não Fundef,17,De 15 até 20 anos,Pessoal,Acima de R$ 1 milhão e até R$ 10 milhões,MATCH_VALOR_5.0%
12102,TRF - 1a. Região,71103,EFU - Sentenças Judiciais,2026,1248521120254010000,Honorários Advocatícios - Sucumbência - Partes e Procuradores - DIREITO,2897019,NAO_IDENTIFICADO,PENDENTE,,,0124852-11.2025.4.01.9198,,,UO generica EFU - sem CNPJ especifico para busca,NAO_TESTADO,0812443,Tribunal Regional Federal da 1a. Região,"2007-06-15 00:00:00,000","2025-04-02 00:00:00,000",11,Não,31909100,2756690,2843591.0959763895,Não Fundef,17,De 15 até 20 anos,Pessoal,Acima de R$ 1 milhão e até R$ 10 milhões,MATCH_VALOR_4.8%
12102,TRF - 1a. Região,71103,EFU - Sentenças Judiciais,2026,1674975120254010000,Reintegração - Regime Estatutário - Servidor Público Civil - Administrativo,2886109,NAO_IDENTIFICADO,PENDENTE,,,0167497-51.2025.4.01.9198,,,UO generica EFU - sem CNPJ especifico para busca,NAO_TESTADO,0812443,Tribunal Regional Federal da 1a. Região,"2007-06-15 00:00:00,000","2025-04-02 00:00:00,000",11,Não,31909100,2756690,2843591.0959763895,Não Fundef,17,De 15 até 20 anos,Pessoal,Acima de R$ 1 milhão e até R$ 10 milhões,MATCH_VALOR_-0.5%
12102,TRF - 1a. Região,71103,EFU - Sentenças Judiciais,2026,1683047120254010000,Honorários Advocatícios - Sucumbência - Partes e Procuradores - DIREITO,2881368,NAO_IDENTIFICADO,PENDENTE,,,0168304-71.2025.4.01.9198,,,UO generica EFU - sem CNPJ especifico para busca,NAO_TESTADO,0812443,Tribunal Regional Federal da 1a. Região,"2007-06-15 00:00:00,000","2025-04-02 00:00:00,000",11,Não,31909100,2756690,2843591.0959763895,Não Fundef,17,De 15 até 20 anos,Pessoal,Acima de R$ 1 milhão e até R$ 10 milhões,MATCH_VALOR_4.3%
12102,TRF - 1a. Região,71103,EFU - Sentenças Judiciais,2026,1599912420254010000,Honorários Advocatícios - Sucumbência - Partes e Procuradores - DIREITO,2878351,NAO_IDENTIFICADO,PENDENTE,,,0159991-24.2025.4.01.9198,,,UO generica EFU - sem CNPJ especifico para busca,NAO_TESTADO,0812443,Tribunal Regional Federal da 1a. Região,"2007-06-15 00:00:00,000","2025-04-02 00:00:00,000",11,Não,31909100,2756690,2843591.0959763895,Não Fundef,17,De 15 até 20 anos,Pessoal,Acima de R$ 1 milhão e até R$ 10 milhões,MATCH_VALOR_4.2%
12102,TRF - 1a. Região,71103,EFU - Sentenças Judiciais,2026,1546891420254010000,FUNDO DE PARTICIPAÇÃO DOS MUNICÍPIOS - ENTIDADES,2877441,NAO_IDENTIFICADO,PENDENTE,,,0154689-14.2025.4.01.9198,,,UO generica EFU - sem CNPJ especifico para busca,NAO_TESTADO,0812443,Tribunal Regional Federal da 1a. Região,"2007-06-15 00:00:00,000","2025-04-02 00:00:00,000",11,Não,31909100,2756690,2843591.0959763895,Não Fundef,17,De 15 até 20 anos,Pessoal,Acima de R$ 1 milhão e até R$ 10 milhões,MATCH_VALOR_4.2%
12102,TRF - 1a. Região,33904,F. Regime Geral Prev. Social,2026,1015963920254010000,Pensão por Morte (Art. 74/9) - Benefícios em Espécie - Direito Previdenciário,2871336,NAO_IDENTIFICADO,PENDENTE,,,0101596-39.2025.4.01.9198,,,Entidade nao mapeada para extracao TRF1,NAO_TESTADO,0948652,Conselho Nacional de Justiça,"2005-03-07 00:00:00,000","2024-06-07 00:00:00,000",13,Não,33909100,2219434,2289398.7936645988,Não Fundef,19,De 15 até 20 anos,Previdência,Acima de R$ 1 milhão e até R$ 10 milhões,MATCH_APROX_22.7%
12102,TRF - 1a. Região,71103,EFU - Sentenças Judiciais,2026,1546865920254010000,FUNDO DE PARTICIPAÇÃO DOS MUNICÍPIOS - ENTIDADES,2860508,NAO_IDENTIFICADO,PENDENTE,,,0154686-59.2025.4.01.9198,,,UO generica EFU - sem CNPJ especifico para busca,NAO_TESTADO,0812443,Tribunal Regional Federal da 1a. Região,"2007-06-15 00:00:00,000","2025-04-02 00:00:00,000",11,Não,31909100,2756690,2843591.0959763895,Não Fundef,17,De 15 até 20 anos,Pessoal,Acima de R$ 1 milhão e até R$ 10 milhões,MATCH_VALOR_3.6%
12102,TRF - 1a. Região,26298,FNDE,2026,1660148320254010000,Compensação - Extinção do Crédito Tributário - Crédito Tributário - Direito Tributário,2859819,NAO_IDENTIFICADO,PENDENTE,,,0166014-83.2025.4.01.9198,,,Entidade nao mapeada para extracao TRF1,NAO_TESTADO,,,,,,,,,,,,,,,SEM_MATCH_VALOR_2_cand
12102,TRF - 1a. Região,71103,EFU - Sentenças Judiciais,2026,1599514220254010000,FUNDO DE PARTICIPAÇÃO DOS MUNICÍPIOS - ENTIDADES,2853922,NAO_IDENTIFICADO,PENDENTE,,,0159951-42.2025.4.01.9198,,,UO generica EFU - sem CNPJ especifico para busca,NAO_TESTADO,0812443,Tribunal Regional Federal da 1a. Região,"2007-06-15 00:00:00,000","2025-04-02 00:00:00,000",11,Não,31909100,2756690,2843591.0959763895,Não Fundef,17,De 15 até 20 anos,Pessoal,Acima de R$ 1 milhão e até R$ 10 milhões,MATCH_VALOR_3.4%
12102,TRF - 1a. Região,49201,INCRA,2026,1666695520254010000,Desapropriação por Interesse Social para Reforma Agrária - Intervenção do Estado na,2849496,NAO_IDENTIFICADO,PENDENTE,,,0166669-55.2025.4.01.9198,,00375972000160,Precatorio de 2025 mas PRC extraidos ate 2022 - nao sincronizado no TRF1 publico,TRF1,0931558,Tribunal Regional Federal da 6ª Região,"1996-07-31 00:00:00,000","2025-03-10 00:00:00,000",39,Não,45909100,3532717,3644081.3460361604,Não Fundef,28,20 anos ou mais,OCC,Acima de R$ 1 milhão e até R$ 10 milhões,MATCH_APROX_24.0%
12102,TRF - 1a. Região,49201,INCRA,2026,1666704020254010000,Desapropriação por Interesse Social para Reforma Agrária - Intervenção do Estado na,2849496,NAO_IDENTIFICADO,PENDENTE,,,0166670-40.2025.4.01.9198,,00375972000160,Precatorio de 2025 mas PRC extraidos ate 2022 - nao sincronizado no TRF1 publico,TRF1,0931558,Tribunal Regional Federal da 6ª Região,"1996-07-31 00:00:00,000","2025-03-10 00:00:00,000",39,Não,45909100,3532717,3644081.3460361604,Não Fundef,28,20 anos ou mais,OCC,Acima de R$ 1 milhão e até R$ 10 milhões,MATCH_APROX_24.0%
12103,TRF - 2a. Região,49201,INCRA,2026,50111672320254000000,Gratificações de Atividade,2821521,NAO_IDENTIFICADO,PENDENTE,,,5011167-23.2025.4.00.9198,,00375972000160,Formato 20 dig com tribunal 00 - provavel outro TRF (nao TRF1),TRF1,0931558,Tribunal Regional Federal da 6ª Região,"1996-07-31 00:00:00,000","2025-03-10 00:00:00,000",39,Não,45909100,3532717,3644081.3460361604,Não Fundef,28,20 anos ou mais,OCC,Acima de R$ 1 milhão e até R$ 10 milhões,MATCH_APROX_25.2%
12102,TRF - 1a. Região,71103,EFU - Sentenças Judiciais,2026,381956620254019000,Anistia Política - Direitos e Garantias Fundamentais,2784491,NAO_IDENTIFICADO,PENDENTE,,,0038195-66.2025.4.01.9198,,,UO generica EFU - sem CNPJ especifico para busca,NAO_TESTADO,0812443,Tribunal Regional Federal da 1a. Região,"2007-06-15 00:00:00,000","2025-04-02 00:00:00,000",11,Não,31909100,2756690,2843591.0959763895,Não Fundef,17,De 15 até 20 anos,Pessoal,Acima de R$ 1 milhão e até R$ 10 milhões,MATCH_VALOR_1.0%
12102,TRF - 1a. Região,71103,EFU - Sentenças Judiciais,2026,532488720254019000,Devolução de contribuições previdenciárias pagas além do teto - Contribuições,2768374,NAO_IDENTIFICADO,PENDENTE,,,0053248-87.2025.4.01.9198,,,UO generica EFU - sem CNPJ especifico para busca,NAO_TESTADO,0812443,Tribunal Regional Federal da 1a. Região,"2007-06-15 00:00:00,000","2025-04-02 00:00:00,000",11,Não,31909100,2756690,2843591.0959763895,Não Fundef,17,De 15 até 20 anos,Pessoal,Acima de R$ 1 milhão e até R$ 10 milhões,MATCH_VALOR_0.4%
12102,TRF - 1a. Região,41231,ANATEL,2026,1646377720254010000,Prestação de serviços - Espécies de contrato - Obrigações - Direito Civil e outras matérias,2759349,NAO_IDENTIFICADO,PENDENTE,,,0164637-77.2025.4.01.9198,,,Entidade nao mapeada para extracao TRF1,NAO_TESTADO,,,,,,,,,,,,,,,SEM_MATCH_VALOR_1_cand
12102,TRF - 1a. Região,71103,EFU - Sentenças Judiciais,2026,1460760520254010000,FUNDO DE PARTICIPAÇÃO DOS MUNICÍPIOS - ENTIDADES,2757296,NAO_IDENTIFICADO,PENDENTE,,,0146076-05.2025.4.01.9198,,,UO generica EFU - sem CNPJ especifico para busca,NAO_TESTADO,0812443,Tribunal Regional Federal da 1a. Região,"2007-06-15 00:00:00,000","2025-04-02 00:00:00,000",11,Não,31909100,2756690,2843591.0959763895,Não Fundef,17,De 15 até 20 anos,Pessoal,Acima de R$ 1 milhão e até R$ 10 milhões,MATCH_VALOR_0.0%
12102,TRF - 1a. Região,71103,EFU - Sentenças Judiciais,2026,1674966620254010000,Reintegração - Regime Estatutário - Servidor Público Civil - Administrativo,2756690,NAO_IDENTIFICADO,PENDENTE,,,0167496-66.2025.4.01.9198,,,UO generica EFU - sem CNPJ especifico para busca,NAO_TESTADO,0812443,Tribunal Regional Federal da 1a. Região,"2007-06-15 00:00:00,000","2025-04-02 00:00:00,000",11,Não,31909100,2756690,2843591.0959763895,Não Fundef,17,De 15 até 20 anos,Pessoal,Acima de R$ 1 milhão e até R$ 10 milhões,MATCH_VALOR_-5.0%
12103,TRF - 2a. Região,26245,UFRJ,2026,50079792220254000000,Honorários Advocatícios,2755911,NAO_IDENTIFICADO,PENDENTE,,,5007979-22.2025.4.00.9198,,,Entidade nao mapeada para extracao TRF1,NAO_TESTADO,,,,,,,,,,,,,,,SEM_MATCH_VALOR_18_cand
12102,TRF - 1a. Região,26232,UFBA,2026,7332035520244010000,Sistema Remuneratório e Benefícios - Servidor Público Civil - Administrativo,2742864,NAO_IDENTIFICADO,PENDENTE,,,0733203-55.2024.4.01.9198,,15180714000104,CNJ candidato nao encontrado na consulta publica TRF1 - possivel delay de sincronizacao,TRF1,,,,,,,,,,,,,,,SEM_MATCH_VALOR_11_cand
12102,TRF - 1a. Região,71103,EFU - Sentenças Judiciais,2026,1553144820254010000,Gratificação Incorporada/Quintos e Décimos/VPNI - Sistema Remuneratório e,2728561,NAO_IDENTIFICADO,PENDENTE,,,0155314-48.2025.4.01.9198,,,UO generica EFU - sem CNPJ especifico para busca,NAO_TESTADO,0812443,Tribunal Regional Federal da 1a. Região,"2007-06-15 00:00:00,000","2025-04-02 00:00:00,000",11,Não,31909100,2756690,2843591.0959763895,Não Fundef,17,De 15 até 20 anos,Pessoal,Acima de R$ 1 milhão e até R$ 10 milhões,MATCH_VALOR_1.0%
11101,Superior Tribunal de Justiça,25101,M. da Fazenda,2025,13024,Administrativo - Militar - Pensão,2723022,NAO_IDENTIFICADO,PENDENTE,,,,,,Entidade nao mapeada para extracao TRF1,NAO_TESTADO,,,,,,,,,,,,,,,SEM_UO_NO_SIOP
12102,TRF - 1a. Região,71103,EFU - Sentenças Judiciais,2026,1686996320254010000,Competência da Justiça Federal - Competência - Jurisdição e Competência - DIREITO,2714282,NAO_IDENTIFICADO,PENDENTE,,,0168699-63.2025.4.01.9198,,,UO generica EFU - sem CNPJ especifico para busca,NAO_TESTADO,0812443,Tribunal Regional Federal da 1a. Região,"2007-06-15 00:00:00,000","2025-04-02 00:00:00,000",11,Não,31909100,2756690,2843591.0959763895,Não Fundef,17,De 15 até 20 anos,Pessoal,Acima de R$ 1 milhão e até R$ 10 milhões,MATCH_VALOR_1.6%
12102,TRF - 1a. Região,71103,EFU - Sentenças Judiciais,2026,1687004820254010000,Competência da Justiça Federal - Competência - Jurisdição e Competência - DIREITO,2714282,NAO_IDENTIFICADO,PENDENTE,,,0168700-48.2025.4.01.9198,,,UO generica EFU - sem CNPJ especifico para busca,NAO_TESTADO,0812443,Tribunal Regional Federal da 1a. Região,"2007-06-15 00:00:00,000","2025-04-02 00:00:00,000",11,Não,31909100,2756690,2843591.0959763895,Não Fundef,17,De 15 até 20 anos,Pessoal,Acima de R$ 1 milhão e até R$ 10 milhões,MATCH_VALOR_1.6%
12102,TRF - 1a. Região,49201,INCRA,2026,5156629020244010000,Desapropriação por Interesse Social para Reforma Agrária - Intervenção do Estado na,2703906,NAO_IDENTIFICADO,PENDENTE,,,0515662-90.2024.4.01.9198,,00375972000160,Precatorio de 2024 mas PRC extraidos ate 2022 - nao sincronizado no TRF1 publico,TRF1,,,,,,,,,,,,,,,SEM_MATCH_VALOR_138_cand
12102,TRF - 1a. Região,33904,F. Regime Geral Prev. Social,2026,1055534820254010000,Aposentadoria Especial (Art. 57/8) - Benefícios em Espécie - Direito Previdenciário,2687679,NAO_IDENTIFICADO,PENDENTE,,,0105553-48.2025.4.01.9198,,,Entidade nao mapeada para extracao TRF1,NAO_TESTADO,0948652,Conselho Nacional de Justiça,"2005-03-07 00:00:00,000","2024-06-07 00:00:00,000",13,Não,33909100,2219434,2289398.7936645988,Não Fundef,19,De 15 até 20 anos,Previdência,Acima de R$ 1 milhão e até R$ 10 milhões,MATCH_APROX_17.4%
12102,TRF - 1a. Região,71103,EFU - Sentenças Judiciais,2026,484516820254019000,FUNDEF/Fundo de Manutenção e Desenvolvimento do Ensino Fundamental e,2678554,NAO_IDENTIFICADO,PENDENTE,,,0048451-68.2025.4.01.9198,,,UO generica EFU - sem CNPJ especifico para busca,NAO_TESTADO,0812443,Tribunal Regional Federal da 1a. Região,"2007-06-15 00:00:00,000","2025-04-02 00:00:00,000",11,Não,31909100,2756690,2843591.0959763895,Não Fundef,17,De 15 até 20 anos,Pessoal,Acima de R$ 1 milhão e até R$ 10 milhões,MATCH_VALOR_2.9%
12102,TRF - 1a. Região,71103,EFU - Sentenças Judiciais,2026,1678144920254010000,FUNDEF/Fundo de Manutenção e Desenvolvimento do Ensino Fundamental e,2678141,NAO_IDENTIFICADO,PENDENTE,,,0167814-49.2025.4.01.9198,,,UO generica EFU - sem CNPJ especifico para busca,NAO_TESTADO,0812443,Tribunal Regional Federal da 1a. Região,"2007-06-15 00:00:00,000","2025-04-02 00:00:00,000",11,Não,31909100,2756690,2843591.0959763895,Não Fundef,17,De 15 até 20 anos,Pessoal,Acima de R$ 1 milhão e até R$ 10 milhões,MATCH_VALOR_2.9%
12102,TRF - 1a. Região,71103,EFU - Sentenças Judiciais,2026,1361924920254010000,Honorários Advocatícios - Sucumbência - Partes e Procuradores - DIREITO,2655304,NAO_IDENTIFICADO,PENDENTE,,,0136192-49.2025.4.01.9198,,,UO generica EFU - sem CNPJ especifico para busca,NAO_TESTADO,0812443,Tribunal Regional Federal da 1a. Região,"2007-06-15 00:00:00,000","2025-04-02 00:00:00,000",11,Não,31909100,2756690,2843591.0959763895,Não Fundef,17,De 15 até 20 anos,Pessoal,Acima de R$ 1 milhão e até R$ 10 milhões,MATCH_VALOR_3.8%
12102,TRF - 1a. Região,71103,EFU - Sentenças Judiciais,2026,1015488020254010000,Sobre Aquisição de Bens/Veículos,2648382,NAO_IDENTIFICADO,PENDENTE,,,0101548-80.2025.4.01.9198,,,UO generica EFU - sem CNPJ especifico para busca,NAO_TESTADO,0812443,Tribunal Regional Federal da 1a. Região,"2007-06-15 00:00:00,000","2025-04-02 00:00:00,000",11,Não,31909100,2756690,2843591.0959763895,Não Fundef,17,De 15 até 20 anos,Pessoal,Acima de R$ 1 milhão e até R$ 10 milhões,MATCH_VALOR_4.1%
12102,TRF - 1a. Região,71103,EFU - Sentenças Judiciais,2026,1683688120254010000,Anistia Política - Direitos e Garantias Fundamentais,2648107,NAO_IDENTIFICADO,PENDENTE,,,0168368-81.2025.4.01.9198,,,UO generica EFU - sem CNPJ especifico para busca,NAO_TESTADO,0812443,Tribunal Regional Federal da 1a. Região,"2007-06-15 00:00:00,000","2025-04-02 00:00:00,000",11,Não,31909100,2756690,2843591.0959763895,Não Fundef,17,De 15 até 20 anos,Pessoal,Acima de R$ 1 milhão e até R$ 10 milhões,MATCH_VALOR_4.1%
12102,TRF - 1a. Região,71103,EFU - Sentenças Judiciais,2026,1227882820254010000,Cofins - Contribuição Social - Contribuições - Direito Tributário,2620425,NAO_IDENTIFICADO,PENDENTE,,,0122788-28.2025.4.01.9198,,,UO generica EFU - sem CNPJ especifico para busca,NAO_TESTADO,0812443,Tribunal Regional Federal da 1a. Região,"2007-06-15 00:00:00,000","2025-04-02 00:00:00,000",11,Não,31909100,2756690,2843591.0959763895,Não Fundef,17,De 15 até 20 anos,Pessoal,Acima de R$ 1 milhão e até R$ 10 milhões,MATCH_VALOR_5.2%
12102,TRF - 1a. Região,49201,INCRA,2026,1344395720254010000,Honorários Advocatícios - Sucumbência - Partes e Procuradores - DIREITO,2612100,NAO_IDENTIFICADO,PENDENTE,,,0134439-57.2025.4.01.9198,,00375972000160,Precatorio de 2025 mas PRC extraidos ate 2022 - nao sincronizado no TRF1 publico,TRF1,,,,,,,,,,,,,,,SEM_MATCH_VALOR_138_cand
12102,TRF - 1a. Região,71103,EFU - Sentenças Judiciais,2026,1248504120254010000,Honorários Advocatícios - Sucumbência - Partes e Procuradores - DIREITO,2607317,NAO_IDENTIFICADO,PENDENTE,,,0124850-41.2025.4.01.9198,,,UO generica EFU - sem CNPJ especifico para busca,NAO_TESTADO,0812443,Tribunal Regional Federal da 1a. Região,"2007-06-15 00:00:00,000","2025-04-02 00:00:00,000",11,Não,31909100,2756690,2843591.0959763895,Não Fundef,17,De 15 até 20 anos,Pessoal,Acima de R$ 1 milhão e até R$ 10 milhões,MATCH_VALOR_5.7%
12103,TRF - 2a. Região,24204,CNEN,2026,50110434020254000000,Jornada de Trabalho,2591485,NAO_IDENTIFICADO,PENDENTE,,,5011043-40.2025.4.00.9198,,,Entidade nao mapeada para extracao TRF1,NAO_TESTADO,,,,,,,,,,,,,,,SEM_MATCH_VALOR_41_cand
12102,TRF - 1a. Região,24204,CNEN,2026,532652620254019000,Adicional de horas extras - Sistema Remuneratório - Servidor Público Civil,2585497,NAO_IDENTIFICADO,PENDENTE,,,0053265-26.2025.4.01.9198,,,Entidade nao mapeada para extracao TRF1,NAO_TESTADO,,,,,,,,,,,,,,,SEM_MATCH_VALOR_41_cand
12102,TRF - 1a. Região,71103,EFU - Sentenças Judiciais,2026,1152733920254010000,CONCESSÃO - PENSÃO - SERVIDOR PÚBLICO CIVIL - ADMINISTRATIVO,2581981,NAO_IDENTIFICADO,PENDENTE,,,0115273-39.2025.4.01.9198,,,UO generica EFU - sem CNPJ especifico para busca,NAO_TESTADO,0812443,Tribunal Regional Federal da 1a. Região,"2007-06-15 00:00:00,000","2025-04-02 00:00:00,000",11,Não,31909100,2756690,2843591.0959763895,Não Fundef,17,De 15 até 20 anos,Pessoal,Acima de R$ 1 milhão e até R$ 10 milhões,MATCH_VALOR_6.8%
12102,TRF - 1a. Região,71103,EFU - Sentenças Judiciais,2026,1544389320254010000,REINTEGRAÇÃO - REGIME - SERVIDOR PÚBLICO MILITAR - ADMINISTRATIVO,2542106,NAO_IDENTIFICADO,PENDENTE,,,0154438-93.2025.4.01.9198,,,UO generica EFU - sem CNPJ especifico para busca,NAO_TESTADO,0812443,Tribunal Regional Federal da 1a. Região,"2007-06-15 00:00:00,000","2025-04-02 00:00:00,000",11,Não,31909100,2756690,2843591.0959763895,Não Fundef,17,De 15 até 20 anos,Pessoal,Acima de R$ 1 milhão e até R$ 10 milhões,MATCH_VALOR_3.4%
12102,TRF - 1a. Região,71103,EFU - Sentenças Judiciais,2026,1405644120254010000,Honorários Advocatícios - Sucumbência - Partes e Procuradores - DIREITO,2541229,NAO_IDENTIFICADO,PENDENTE,,,0140564-41.2025.4.01.9198,,,UO generica EFU - sem CNPJ especifico para busca,NAO_TESTADO,0806251,Tribunal Regional Federal da 1a. Região,"2021-06-18 00:00:00,000","2025-03-28 00:00:00,000",21,Sim,33909100,2401837,2477551.8129302328,Não Fundef,3,Até 5 anos,OCC,Acima de R$ 1 milhão e até R$ 10 milhões,MATCH_VALOR_5.5%
12102,TRF - 1a. Região,71103,EFU - Sentenças Judiciais,2026,1405652620254010000,Honorários Advocatícios - Sucumbência - Partes e Procuradores - DIREITO,2541229,NAO_IDENTIFICADO,PENDENTE,,,0140565-26.2025.4.01.9198,,,UO generica EFU - sem CNPJ especifico para busca,NAO_TESTADO,0806251,Tribunal Regional Federal da 1a. Região,"2021-06-18 00:00:00,000","2025-03-28 00:00:00,000",21,Sim,33909100,2401837,2477551.8129302328,Não Fundef,3,Até 5 anos,OCC,Acima de R$ 1 milhão e até R$ 10 milhões,MATCH_VALOR_5.5%
12102,TRF - 1a. Região,71103,EFU - Sentenças Judiciais,2026,1405661120254010000,Honorários Advocatícios - Sucumbência - Partes e Procuradores - DIREITO,2541229,NAO_IDENTIFICADO,PENDENTE,,,0140566-11.2025.4.01.9198,,,UO generica EFU - sem CNPJ especifico para busca,NAO_TESTADO,0806251,Tribunal Regional Federal da 1a. Região,"2021-06-18 00:00:00,000","2025-03-28 00:00:00,000",21,Sim,33909100,2401837,2477551.8129302328,Não Fundef,3,Até 5 anos,OCC,Acima de R$ 1 milhão e até R$ 10 milhões,MATCH_VALOR_5.5%
12102,TRF - 1a. Região,71103,EFU - Sentenças Judiciais,2026,1323315520254010000,Gratificação Incorporada/Quintos e Décimos/VPNI - Sistema Remuneratório e,2536008,NAO_IDENTIFICADO,PENDENTE,,,0132331-55.2025.4.01.9198,,,UO generica EFU - sem CNPJ especifico para busca,NAO_TESTADO,0806251,Tribunal Regional Federal da 1a. Região,"2021-06-18 00:00:00,000","2025-03-28 00:00:00,000",21,Sim,33909100,2401837,2477551.8129302328,Não Fundef,3,Até 5 anos,OCC,Acima de R$ 1 milhão e até R$ 10 milhões,MATCH_VALOR_5.3%
12102,TRF - 1a. Região,71103,EFU - Sentenças Judiciais,2026,178030820254019000,Anistia Administrativa - Regime Estatutário - Servidor Público Civil - Administrativo,2530446,NAO_IDENTIFICADO,PENDENTE,,,0017803-08.2025.4.01.9198,,,UO generica EFU - sem CNPJ especifico para busca,NAO_TESTADO,0806251,Tribunal Regional Federal da 1a. Região,"2021-06-18 00:00:00,000","2025-03-28 00:00:00,000",21,Sim,33909100,2401837,2477551.8129302328,Não Fundef,3,Até 5 anos,OCC,Acima de R$ 1 milhão e até R$ 10 milhões,MATCH_VALOR_5.1%
12102,TRF - 1a. Região,26276,Fund.Univ. Fed. de Mato Grosso,2026,1666651820254010000,Indenização por dano moral - Responsabilidade civil - Direito Civil e outras matérias do,2521717,NAO_IDENTIFICADO,PENDENTE,,,0166665-18.2025.4.01.9198,,,Entidade nao mapeada para extracao TRF1,NAO_TESTADO,,,,,,,,,,,,,,,SEM_MATCH_VALOR_1_cand
12102,TRF - 1a. Região,71103,EFU - Sentenças Judiciais,2026,1666869120254010000,Sistema Remuneratório e Benefícios - Servidor Público Civil - Administrativo,2518825,NAO_IDENTIFICADO,PENDENTE,,,0166686-91.2025.4.01.9198,,,UO generica EFU - sem CNPJ especifico para busca,NAO_TESTADO,0806251,Tribunal Regional Federal da 1a. Região,"2021-06-18 00:00:00,000","2025-03-28 00:00:00,000",21,Sim,33909100,2401837,2477551.8129302328,Não Fundef,3,Até 5 anos,OCC,Acima de R$ 1 milhão e até R$ 10 milhões,MATCH_VALOR_4.6%
12102,TRF - 1a. Região,71103,EFU - Sentenças Judiciais,2026,1345910820254010000,Revisão,2495726,NAO_IDENTIFICADO,PENDENTE,,,0134591-08.2025.4.01.9198,,,UO generica EFU - sem CNPJ especifico para busca,NAO_TESTADO,0806251,Tribunal Regional Federal da 1a. Região,"2021-06-18 00:00:00,000","2025-03-28 00:00:00,000",21,Sim,33909100,2401837,2477551.8129302328,Não Fundef,3,Até 5 anos,OCC,Acima de R$ 1 milhão e até R$ 10 milhões,MATCH_VALOR_3.8%
12102,TRF - 1a. Região,71103,EFU - Sentenças Judiciais,2026,1546960620254010000,FUNDO DE PARTICIPAÇÃO DOS MUNICÍPIOS - ENTIDADES,2495021,NAO_IDENTIFICADO,PENDENTE,,,0154696-06.2025.4.01.9198,,,UO generica EFU - sem CNPJ especifico para busca,NAO_TESTADO,0806251,Tribunal Regional Federal da 1a. Região,"2021-06-18 00:00:00,000","2025-03-28 00:00:00,000",21,Sim,33909100,2401837,2477551.8129302328,Não Fundef,3,Até 5 anos,OCC,Acima de R$ 1 milhão e até R$ 10 milhões,MATCH_VALOR_3.7%
12102,TRF - 1a. Região,33904,F. Regime Geral Prev. Social,2026,327670620254019000,Aposentadoria por Invalidez (Art.42/7) - Benefícios em Espécie - Direito Previdenciário,2488506,NAO_IDENTIFICADO,PENDENTE,,,0032767-06.2025.4.01.9198,,,Entidade nao mapeada para extracao TRF1,NAO_TESTADO,0948652,Conselho Nacional de Justiça,"2005-03-07 00:00:00,000","2024-06-07 00:00:00,000",13,Não,33909100,2219434,2289398.7936645988,Não Fundef,19,De 15 até 20 anos,Previdência,Acima de R$ 1 milhão e até R$ 10 milhões,MATCH_APROX_10.8%
12102,TRF - 1a. Região,49201,INCRA,2026,1599973120254010000,Desapropriação por Interesse Social para Reforma Agrária - Intervenção do Estado na,2481306,NAO_IDENTIFICADO,PENDENTE,,,0159997-31.2025.4.01.9198,,00375972000160,Precatorio de 2025 mas PRC extraidos ate 2022 - nao sincronizado no TRF1 publico,TRF1,,,,,,,,,,,,,,,SEM_MATCH_VALOR_138_cand
12102,TRF - 1a. Região,71103,EFU - Sentenças Judiciais,2026,1599245920254010000,CONCESSÃO - PENSÃO - SERVIDOR PÚBLICO CIVIL - ADMINISTRATIVO,2480700,NAO_IDENTIFICADO,PENDENTE,,,0159924-59.2025.4.01.9198,,,UO generica EFU - sem CNPJ especifico para busca,NAO_TESTADO,0806251,Tribunal Regional Federal da 1a. Região,"2021-06-18 00:00:00,000","2025-03-28 00:00:00,000",21,Sim,33909100,2401837,2477551.8129302328,Não Fundef,3,Até 5 anos,OCC,Acima de R$ 1 milhão e até R$ 10 milhões,MATCH_VALOR_3.2%
12102,TRF - 1a. Região,71103,EFU - Sentenças Judiciais,2026,1649807320254010000,FUNDEF/Fundo de Manutenção e Desenvolvimento do Ensino Fundamental e,2471504,NAO_IDENTIFICADO,PENDENTE,,,0164980-73.2025.4.01.9198,,,UO generica EFU - sem CNPJ especifico para busca,NAO_TESTADO,0806251,Tribunal Regional Federal da 1a. Região,"2021-06-18 00:00:00,000","2025-03-28 00:00:00,000",21,Sim,33909100,2401837,2477551.8129302328,Não Fundef,3,Até 5 anos,OCC,Acima de R$ 1 milhão e até R$ 10 milhões,MATCH_VALOR_2.8%
12102,TRF - 1a. Região,71103,EFU - Sentenças Judiciais,2026,1673468520254010000,Cofins - Contribuição Social - Contribuições - Direito Tributário,2448679,NAO_IDENTIFICADO,PENDENTE,,,0167346-85.2025.4.01.9198,,,UO generica EFU - sem CNPJ especifico para busca,NAO_TESTADO,0806251,Tribunal Regional Federal da 1a. Região,"2021-06-18 00:00:00,000","2025-03-28 00:00:00,000",21,Sim,33909100,2401837,2477551.8129302328,Não Fundef,3,Até 5 anos,OCC,Acima de R$ 1 milhão e até R$ 10 milhões,MATCH_VALOR_1.9%
12102,TRF - 1a. Região,39207,VALEC,2026,1288343320254010000,Desapropriação por Utilidade Pública/DL 3.365/41 - Intervenção na Propriedade,2448024,NAO_IDENTIFICADO,PENDENTE,,,0128834-33.2025.4.01.9198,,,Entidade nao mapeada para extracao TRF1,NAO_TESTADO,,,,,,,,,,,,,,,SEM_MATCH_VALOR_12_cand
12102,TRF - 1a. Região,71103,EFU - Sentenças Judiciais,2026,1364271620254010000,FUNDO DE PARTICIPAÇÃO DOS MUNICÍPIOS - ENTIDADES,2443224,NAO_IDENTIFICADO,PENDENTE,,,0136427-16.2025.4.01.9198,,,UO generica EFU - sem CNPJ especifico para busca,NAO_TESTADO,0806251,Tribunal Regional Federal da 1a. Região,"2021-06-18 00:00:00,000","2025-03-28 00:00:00,000",21,Sim,33909100,2401837,2477551.8129302328,Não Fundef,3,Até 5 anos,OCC,Acima de R$ 1 milhão e até R$ 10 milhões,MATCH_VALOR_1.7%
12102,TRF - 1a. Região,71103,EFU - Sentenças Judiciais,2026,1546874420254010000,FUNDO DE PARTICIPAÇÃO DOS MUNICÍPIOS - ENTIDADES,2439787,NAO_IDENTIFICADO,PENDENTE,,,0154687-44.2025.4.01.9198,,,UO generica EFU - sem CNPJ especifico para busca,NAO_TESTADO,0806251,Tribunal Regional Federal da 1a. Região,"2021-06-18 00:00:00,000","2025-03-28 00:00:00,000",21,Sim,33909100,2401837,2477551.8129302328,Não Fundef,3,Até 5 anos,OCC,Acima de R$ 1 milhão e até R$ 10 milhões,MATCH_VALOR_1.6%
12102,TRF - 1a. Região,71103,EFU - Sentenças Judiciais,2026,1554426820254010000,Finsocial - Contribuição Social - Contribuições - Direito Tributário,2434359,NAO_IDENTIFICADO,PENDENTE,,,0155442-68.2025.4.01.9198,,,UO generica EFU - sem CNPJ especifico para busca,NAO_TESTADO,0806251,Tribunal Regional Federal da 1a. Região,"2021-06-18 00:00:00,000","2025-03-28 00:00:00,000",21,Sim,33909100,2401837,2477551.8129302328,Não Fundef,3,Até 5 anos,OCC,Acima de R$ 1 milhão e até R$ 10 milhões,MATCH_VALOR_1.3%
12102,TRF - 1a. Região,71103,EFU - Sentenças Judiciais,2026,1546918120254010000,FUNDO DE PARTICIPAÇÃO DOS MUNICÍPIOS - ENTIDADES,2434217,NAO_IDENTIFICADO,PENDENTE,,,0154691-81.2025.4.01.9198,,,UO generica EFU - sem CNPJ especifico para busca,NAO_TESTADO,0806251,Tribunal Regional Federal da 1a. Região,"2021-06-18 00:00:00,000","2025-03-28 00:00:00,000",21,Sim,33909100,2401837,2477551.8129302328,Não Fundef,3,Até 5 anos,OCC,Acima de R$ 1 milhão e até R$ 10 milhões,MATCH_VALOR_1.3%
12103,TRF - 2a. Região,49201,INCRA,2026,50112382520254000000,Desapropriação,2433447,NAO_IDENTIFICADO,PENDENTE,,,5011238-25.2025.4.00.9198,,00375972000160,Formato 20 dig com tribunal 00 - provavel outro TRF (nao TRF1),TRF1,,,,,,,,,,,,,,,SEM_MATCH_VALOR_138_cand
12103,TRF - 2a. Região,49201,INCRA,2026,50112391020254000000,Desapropriação,2433447,NAO_IDENTIFICADO,PENDENTE,,,5011239-10.2025.4.00.9198,,00375972000160,Formato 20 dig com tribunal 00 - provavel outro TRF (nao TRF1),TRF1,,,,,,,,,,,,,,,SEM_MATCH_VALOR_138_cand
12103,TRF - 2a. Região,49201,INCRA,2026,50112409220254000000,Desapropriação,2433447,NAO_IDENTIFICADO,PENDENTE,,,5011240-92.2025.4.00.9198,,00375972000160,Formato 20 dig com tribunal 00 - provavel outro TRF (nao TRF1),TRF1,,,,,,,,,,,,,,,SEM_MATCH_VALOR_138_cand
12103,TRF - 2a. Região,49201,INCRA,2026,50112417720254000000,Desapropriação,2433447,NAO_IDENTIFICADO,PENDENTE,,,5011241-77.2025.4.00.9198,,00375972000160,Formato 20 dig com tribunal 00 - provavel outro TRF (nao TRF1),TRF1,,,,,,,,,,,,,,,SEM_MATCH_VALOR_138_cand
12103,TRF - 2a. Região,49201,INCRA,2026,50112426220254000000,Desapropriação,2433447,NAO_IDENTIFICADO,PENDENTE,,,5011242-62.2025.4.00.9198,,00375972000160,Formato 20 dig com tribunal 00 - provavel outro TRF (nao TRF1),TRF1,,,,,,,,,,,,,,,SEM_MATCH_VALOR_138_cand
12102,TRF - 1a. Região,71103,EFU - Sentenças Judiciais,2026,394428220254019000,Compensação de Prejuízos - IRPJ/Imposto de Renda de Pessoa Jurídica - Impostos,2433064,NAO_IDENTIFICADO,PENDENTE,,,0039442-82.2025.4.01.9198,,,UO generica EFU - sem CNPJ especifico para busca,NAO_TESTADO,0806251,Tribunal Regional Federal da 1a. Região,"2021-06-18 00:00:00,000","2025-03-28 00:00:00,000",21,Sim,33909100,2401837,2477551.8129302328,Não Fundef,3,Até 5 anos,OCC,Acima de R$ 1 milhão e até R$ 10 milhões,MATCH_VALOR_1.3%
12102,TRF - 1a. Região,33904,F. Regime Geral Prev. Social,2026,366271520254019000,"Art. 26 da Lei 8.870/1994 - RMI - Renda Mensal Inicial - RMI - Renda Mensal Inicial,",2429271,NAO_IDENTIFICADO,PENDENTE,,,0036627-15.2025.4.01.9198,,,Entidade nao mapeada para extracao TRF1,NAO_TESTADO,0948652,Conselho Nacional de Justiça,"2005-03-07 00:00:00,000","2024-06-07 00:00:00,000",13,Não,33909100,2219434,2289398.7936645988,Não Fundef,19,De 15 até 20 anos,Previdência,Acima de R$ 1 milhão e até R$ 10 milhões,MATCH_VALOR_8.6%
12102,TRF - 1a. Região,71103,EFU - Sentenças Judiciais,2026,3109539320244010000,Reforma - Sistema Remuneratório - Servidor Público Militar - Administrativo,2421113,NAO_IDENTIFICADO,PENDENTE,,,0310953-93.2024.4.01.9198,,,UO generica EFU - sem CNPJ especifico para busca,NAO_TESTADO,0806251,Tribunal Regional Federal da 1a. Região,"2021-06-18 00:00:00,000","2025-03-28 00:00:00,000",21,Sim,33909100,2401837,2477551.8129302328,Não Fundef,3,Até 5 anos,OCC,Acima de R$ 1 milhão e até R$ 10 milhões,MATCH_VALOR_0.8%
12102,TRF - 1a. Região,71103,EFU - Sentenças Judiciais,2026,1250686920254010000,CONCESSÃO - PENSÃO - SERVIDOR PÚBLICO CIVIL - ADMINISTRATIVO,2417953,NAO_IDENTIFICADO,PENDENTE,,,0125068-69.2025.4.01.9198,,,UO generica EFU - sem CNPJ especifico para busca,NAO_TESTADO,0806251,Tribunal Regional Federal da 1a. Região,"2021-06-18 00:00:00,000","2025-03-28 00:00:00,000",21,Sim,33909100,2401837,2477551.8129302328,Não Fundef,3,Até 5 anos,OCC,Acima de R$ 1 milhão e até R$ 10 milhões,MATCH_VALOR_0.7%
12102,TRF - 1a. Região,71103,EFU - Sentenças Judiciais,2026,1252245720254010000,Honorários Advocatícios - Sucumbência - Partes e Procuradores - DIREITO,2412866,NAO_IDENTIFICADO,PENDENTE,,,0125224-57.2025.4.01.9198,,,UO generica EFU - sem CNPJ especifico para busca,NAO_TESTADO,0806251,Tribunal Regional Federal da 1a. Região,"2021-06-18 00:00:00,000","2025-03-28 00:00:00,000",21,Sim,33909100,2401837,2477551.8129302328,Não Fundef,3,Até 5 anos,OCC,Acima de R$ 1 milhão e até R$ 10 milhões,MATCH_VALOR_0.5%
12102,TRF - 1a. Região,71103,EFU - Sentenças Judiciais,2026,1662754820254010000,Gratificação Incorporada/Quintos e Décimos/VPNI - Sistema Remuneratório e,2411711,NAO_IDENTIFICADO,PENDENTE,,,0166275-48.2025.4.01.9198,,,UO generica EFU - sem CNPJ especifico para busca,NAO_TESTADO,0806251,Tribunal Regional Federal da 1a. Região,"2021-06-18 00:00:00,000","2025-03-28 00:00:00,000",21,Sim,33909100,2401837,2477551.8129302328,Não Fundef,3,Até 5 anos,OCC,Acima de R$ 1 milhão e até R$ 10 milhões,MATCH_VALOR_0.4%
12102,TRF - 1a. Região,28233,SUFRAMA,2026,1477164320254010000,Honorários Advocatícios - Sucumbência - Partes e Procuradores - DIREITO,2403390,IDENTIFICADO_PRC,PRC,0147716-43.2025.4.01.9198,0000902-54.2001.4.01.3200/AM,0147716-43.2025.4.01.9198,prefix16_exato,04407029000143,,TRF1,,,,,,,,,,,,,,,SEM_MATCH_VALOR_9_cand
12102,TRF - 1a. Região,71103,EFU - Sentenças Judiciais,2026,1461384520254010000,Entidades sem Fins Lucrativos - Imunidade Tributária - Limitações ao Poder de Tributar,2401837,NAO_IDENTIFICADO,PENDENTE,,,0146138-45.2025.4.01.9198,,,UO generica EFU - sem CNPJ especifico para busca,NAO_TESTADO,0806251,Tribunal Regional Federal da 1a. Região,"2021-06-18 00:00:00,000","2025-03-28 00:00:00,000",21,Sim,33909100,2401837,2477551.8129302328,Não Fundef,3,Até 5 anos,OCC,Acima de R$ 1 milhão e até R$ 10 milhões,MATCH_VALOR_-5.0%
12102,TRF - 1a. Região,71103,EFU - Sentenças Judiciais,2026,1659610520254010000,Indenização por dano material - Responsabilidade do Consumidor - Direito do,2400461,NAO_IDENTIFICADO,PENDENTE,,,0165961-05.2025.4.01.9198,,,UO generica EFU - sem CNPJ especifico para busca,NAO_TESTADO,0806251,Tribunal Regional Federal da 1a. Região,"2021-06-18 00:00:00,000","2025-03-28 00:00:00,000",21,Sim,33909100,2401837,2477551.8129302328,Não Fundef,3,Até 5 anos,OCC,Acima de R$ 1 milhão e até R$ 10 milhões,MATCH_VALOR_0.1%
12103,TRF - 2a. Região,33201,INSS,2026,50108927420254000000,Enquadramento,2395713,NAO_IDENTIFICADO,PENDENTE,,,5010892-74.2025.4.00.9198,,29979036000140,Formato 20 dig com tribunal 00 - provavel outro TRF (nao TRF1),TRF1,,,,,,,,,,,,,,,SEM_MATCH_VALOR_361_cand
12103,TRF - 2a. Região,33201,INSS,2026,50108952920254000000,Enquadramento,2395253,NAO_IDENTIFICADO,PENDENTE,,,5010895-29.2025.4.00.9198,,29979036000140,Formato 20 dig com tribunal 00 - provavel outro TRF (nao TRF1),TRF1,,,,,,,,,,,,,,,SEM_MATCH_VALOR_361_cand
12103,TRF - 2a. Região,33201,INSS,2026,50108979620254000000,Enquadramento,2395253,NAO_IDENTIFICADO,PENDENTE,,,5010897-96.2025.4.00.9198,,29979036000140,Formato 20 dig com tribunal 00 - provavel outro TRF (nao TRF1),TRF1,,,,,,,,,,,,,,,SEM_MATCH_VALOR_361_cand
12102,TRF - 1a. Região,28233,SUFRAMA,2026,1471266620254010000,Honorários Advocatícios em Execução Contra a Fazenda Pública - Sucumbência,2384909,IDENTIFICADO_PRC,PRC,0147126-66.2025.4.01.9198,0011318-81.2001.4.01.3200/AM,0147126-66.2025.4.01.9198,prefix16_exato,04407029000143,,TRF1,,,,,,,,,,,,,,,SEM_MATCH_VALOR_9_cand
12102,TRF - 1a. Região,71103,EFU - Sentenças Judiciais,2026,1547194920254010000,IPI/ Imposto sobre Produtos Industrializados - Impostos - Direito Tributário,2379150,NAO_IDENTIFICADO,PENDENTE,,,0154719-49.2025.4.01.9198,,,UO generica EFU - sem CNPJ especifico para busca,NAO_TESTADO,0806251,Tribunal Regional Federal da 1a. Região,"2021-06-18 00:00:00,000","2025-03-28 00:00:00,000",21,Sim,33909100,2401837,2477551.8129302328,Não Fundef,3,Até 5 anos,OCC,Acima de R$ 1 milhão e até R$ 10 milhões,MATCH_VALOR_1.0%
12102,TRF - 1a. Região,33904,F. Regime Geral Prev. Social,2026,1185255020254010000,RMI pelo art. 202 CF/88 (média dos 36 últimos salários-de-contribuição) - Renda Mensal,2376798,NAO_IDENTIFICADO,PENDENTE,,,0118525-50.2025.4.01.9198,,,Entidade nao mapeada para extracao TRF1,NAO_TESTADO,0948652,Conselho Nacional de Justiça,"2005-03-07 00:00:00,000","2024-06-07 00:00:00,000",13,Não,33909100,2219434,2289398.7936645988,Não Fundef,19,De 15 até 20 anos,Previdência,Acima de R$ 1 milhão e até R$ 10 milhões,MATCH_VALOR_6.6%
12102,TRF - 1a. Região,71103,EFU - Sentenças Judiciais,2026,5028830620244010000,EX-COMBATENTES - REGIME - SERVIDOR PÚBLICO MILITAR,2371803,NAO_IDENTIFICADO,PENDENTE,,,0502883-06.2024.4.01.9198,,,UO generica EFU - sem CNPJ especifico para busca,NAO_TESTADO,0806251,Tribunal Regional Federal da 1a. Região,"2021-06-18 00:00:00,000","2025-03-28 00:00:00,000",21,Sim,33909100,2401837,2477551.8129302328,Não Fundef,3,Até 5 anos,OCC,Acima de R$ 1 milhão e até R$ 10 milhões,MATCH_VALOR_1.3%
12103,TRF - 2a. Região,26269,Fund. Univ. do Rio de Janeiro,2026,50107749820254000000,Sistema Remuneratório e Benefícios,2371446,NAO_IDENTIFICADO,PENDENTE,,,5010774-98.2025.4.00.9198,,,Entidade nao mapeada para extracao TRF1,NAO_TESTADO,,,,,,,,,,,,,,,SEM_MATCH_VALOR_5_cand
12102,TRF - 1a. Região,71103,EFU - Sentenças Judiciais,2026,1346430420254010000,PROMOÇÃO - REGIME - SERVIDOR PÚBLICO MILITAR - ADMINISTRATIVO,2358119,NAO_IDENTIFICADO,PENDENTE,,,0134643-04.2025.4.01.9198,,,UO generica EFU - sem CNPJ especifico para busca,NAO_TESTADO,0806251,Tribunal Regional Federal da 1a. Região,"2021-06-18 00:00:00,000","2025-03-28 00:00:00,000",21,Sim,33909100,2401837,2477551.8129302328,Não Fundef,3,Até 5 anos,OCC,Acima de R$ 1 milhão e até R$ 10 milhões,MATCH_VALOR_1.9%
12102,TRF - 1a. Região,71103,EFU - Sentenças Judiciais,2026,1652950420254010000,Honorários Advocatícios em Execução Contra a Fazenda Pública - Sucumbência,2352895,NAO_IDENTIFICADO,PENDENTE,,,0165295-04.2025.4.01.9198,,,UO generica EFU - sem CNPJ especifico para busca,NAO_TESTADO,0806251,Tribunal Regional Federal da 1a. Região,"2021-06-18 00:00:00,000","2025-03-28 00:00:00,000",21,Sim,33909100,2401837,2477551.8129302328,Não Fundef,3,Até 5 anos,OCC,Acima de R$ 1 milhão e até R$ 10 milhões,MATCH_VALOR_2.1%
12102,TRF - 1a. Região,71103,EFU - Sentenças Judiciais,2026,1680838820254010000,Anistia Administrativa - Regime Estatutário - Servidor Público Civil - Administrativo,2348842,NAO_IDENTIFICADO,PENDENTE,,,0168083-88.2025.4.01.9198,,,UO generica EFU - sem CNPJ especifico para busca,NAO_TESTADO,0806251,Tribunal Regional Federal da 1a. Região,"2021-06-18 00:00:00,000","2025-03-28 00:00:00,000",21,Sim,33909100,2401837,2477551.8129302328,Não Fundef,3,Até 5 anos,OCC,Acima de R$ 1 milhão e até R$ 10 milhões,MATCH_VALOR_2.3%
12102,TRF - 1a. Região,71103,EFU - Sentenças Judiciais,2026,1460752020254010000,Crédito Prêmio - Crédito Tributário - Direito Tributário,2346853,NAO_IDENTIFICADO,PENDENTE,,,0146075-20.2025.4.01.9198,,,UO generica EFU - sem CNPJ especifico para busca,NAO_TESTADO,0806251,Tribunal Regional Federal da 1a. Região,"2021-06-18 00:00:00,000","2025-03-28 00:00:00,000",21,Sim,33909100,2401837,2477551.8129302328,Não Fundef,3,Até 5 anos,OCC,Acima de R$ 1 milhão e até R$ 10 milhões,MATCH_VALOR_2.3%
12103,TRF - 2a. Região,33904,F. Regime Geral Prev. Social,2026,50083987620244000000,Declaração de Ausência,2344767,NAO_IDENTIFICADO,PENDENTE,,,5008398-76.2024.4.00.9198,,,Entidade nao mapeada para extracao TRF1,NAO_TESTADO,0948652,Conselho Nacional de Justiça,"2005-03-07 00:00:00,000","2024-06-07 00:00:00,000",13,Não,33909100,2219434,2289398.7936645988,Não Fundef,19,De 15 até 20 anos,Previdência,Acima de R$ 1 milhão e até R$ 10 milhões,MATCH_VALOR_5.3%
12102,TRF - 1a. Região,71103,EFU - Sentenças Judiciais,2026,1659524320254010000,"Índice de 28,86% Lei 8.622/1993 e 8.627/1993 - Reajuste de Vencimentos - Servidor",2344220,NAO_IDENTIFICADO,PENDENTE,,,0165952-43.2025.4.01.9198,,,UO generica EFU - sem CNPJ especifico para busca,NAO_TESTADO,0806251,Tribunal Regional Federal da 1a. Região,"2021-06-18 00:00:00,000","2025-03-28 00:00:00,000",21,Sim,33909100,2401837,2477551.8129302328,Não Fundef,3,Até 5 anos,OCC,Acima de R$ 1 milhão e até R$ 10 milhões,MATCH_VALOR_2.5%
12102,TRF - 1a. Região,71103,EFU - Sentenças Judiciais,2026,5776103320244010000,Cofins - Contribuição Social - Contribuições - Direito Tributário,2340783,NAO_IDENTIFICADO,PENDENTE,,,0577610-33.2024.4.01.9198,,,UO generica EFU - sem CNPJ especifico para busca,NAO_TESTADO,0806251,Tribunal Regional Federal da 1a. Região,"2021-06-18 00:00:00,000","2025-03-28 00:00:00,000",21,Sim,33909100,2401837,2477551.8129302328,Não Fundef,3,Até 5 anos,OCC,Acima de R$ 1 milhão e até R$ 10 milhões,MATCH_VALOR_2.6%
12102,TRF - 1a. Região,71103,EFU - Sentenças Judiciais,2026,1674949620254010000,Reintegração - Regime Estatutário - Servidor Público Civil - Administrativo,2336292,NAO_IDENTIFICADO,PENDENTE,,,0167494-96.2025.4.01.9198,,,UO generica EFU - sem CNPJ especifico para busca,NAO_TESTADO,0806251,Tribunal Regional Federal da 1a. Região,"2021-06-18 00:00:00,000","2025-03-28 00:00:00,000",21,Sim,33909100,2401837,2477551.8129302328,Não Fundef,3,Até 5 anos,OCC,Acima de R$ 1 milhão e até R$ 10 milhões,MATCH_VALOR_2.8%
12102,TRF - 1a. Região,71103,EFU - Sentenças Judiciais,2026,1667085220254010000,CONCESSÃO - PENSÃO - SERVIDOR PÚBLICO CIVIL - ADMINISTRATIVO,2326116,NAO_IDENTIFICADO,PENDENTE,,,0166708-52.2025.4.01.9198,,,UO generica EFU - sem CNPJ especifico para busca,NAO_TESTADO,0806251,Tribunal Regional Federal da 1a. Região,"2021-06-18 00:00:00,000","2025-03-28 00:00:00,000",21,Sim,33909100,2401837,2477551.8129302328,Não Fundef,3,Até 5 anos,OCC,Acima de R$ 1 milhão e até R$ 10 milhões,MATCH_VALOR_3.3%
12102,TRF - 1a. Região,33904,F. Regime Geral Prev. Social,2026,5662033020244010000,Cálculo do benefício de segurado especial de acordo com a Lei 9.876/99 - Renda Mensal,2322484,NAO_IDENTIFICADO,PENDENTE,,,0566203-30.2024.4.01.9198,,,Entidade nao mapeada para extracao TRF1,NAO_TESTADO,0948652,Conselho Nacional de Justiça,"2005-03-07 00:00:00,000","2024-06-07 00:00:00,000",13,Não,33909100,2219434,2289398.7936645988,Não Fundef,19,De 15 até 20 anos,Previdência,Acima de R$ 1 milhão e até R$ 10 milhões,MATCH_VALOR_4.4%
12102,TRF - 1a. Região,39252,DNIT,2026,1669865320254010000,Pagamento Atrasado/Correção Monetária - Contratos Administrativos - Direito,2316597,IDENTIFICADO_PRC,PRC,0000517-32.2016.4.01.9198,0001648-37.2015.4.01.3100/AP,0166986-53.2025.4.01.9198,1_prc_entidade,04892707000100,,TRF1,,,,,,,,,,,,,,,SEM_MATCH_VALOR_33_cand
12102,TRF - 1a. Região,71103,EFU - Sentenças Judiciais,2026,1646273320254010000,Compensação de Prejuízo - Contribuição Social sobre o Lucro Líquido - Contribuições,2314514,NAO_IDENTIFICADO,PENDENTE,,,0164627-33.2025.4.01.9198,,,UO generica EFU - sem CNPJ especifico para busca,NAO_TESTADO,0806251,Tribunal Regional Federal da 1a. Região,"2021-06-18 00:00:00,000","2025-03-28 00:00:00,000",21,Sim,33909100,2401837,2477551.8129302328,Não Fundef,3,Até 5 anos,OCC,Acima de R$ 1 milhão e até R$ 10 milhões,MATCH_VALOR_3.8%
12102,TRF - 1a. Região,71103,EFU - Sentenças Judiciais,2026,1358971220254010000,Reajuste da tabela do SUS,2308928,NAO_IDENTIFICADO,PENDENTE,,,0135897-12.2025.4.01.9198,,,UO generica EFU - sem CNPJ especifico para busca,NAO_TESTADO,0806251,Tribunal Regional Federal da 1a. Região,"2021-06-18 00:00:00,000","2025-03-28 00:00:00,000",21,Sim,33909100,2401837,2477551.8129302328,Não Fundef,3,Até 5 anos,OCC,Acima de R$ 1 milhão e até R$ 10 milhões,MATCH_VALOR_4.0%
12102,TRF - 1a. Região,71103,EFU - Sentenças Judiciais,2026,6894842320244010000,"ADIDOS, AGREGADOS E ADJUNTOS - REGIME - SERVIDOR PÚBLICO",2304957,NAO_IDENTIFICADO,PENDENTE,,,0689484-23.2024.4.01.9198,,,UO generica EFU - sem CNPJ especifico para busca,NAO_TESTADO,0806251,Tribunal Regional Federal da 1a. Região,"2021-06-18 00:00:00,000","2025-03-28 00:00:00,000",21,Sim,33909100,2401837,2477551.8129302328,Não Fundef,3,Até 5 anos,OCC,Acima de R$ 1 milhão e até R$ 10 milhões,MATCH_VALOR_4.2%
12102,TRF - 1a. Região,71103,EFU - Sentenças Judiciais,2026,1632563420254010000,Anistia Política - Direitos e Garantias Fundamentais,2285223,NAO_IDENTIFICADO,PENDENTE,,,0163256-34.2025.4.01.9198,,,UO generica EFU - sem CNPJ especifico para busca,NAO_TESTADO,0806251,Tribunal Regional Federal da 1a. Região,"2021-06-18 00:00:00,000","2025-03-28 00:00:00,000",21,Sim,33909100,2401837,2477551.8129302328,Não Fundef,3,Até 5 anos,OCC,Acima de R$ 1 milhão e até R$ 10 milhões,MATCH_VALOR_5.1%
12102,TRF - 1a. Região,71103,EFU - Sentenças Judiciais,2026,1406111520254010000,Honorários Advocatícios - Sucumbência - Partes e Procuradores - DIREITO,2281982,NAO_IDENTIFICADO,PENDENTE,,,0140611-15.2025.4.01.9198,,,UO generica EFU - sem CNPJ especifico para busca,NAO_TESTADO,0806251,Tribunal Regional Federal da 1a. Região,"2021-06-18 00:00:00,000","2025-03-28 00:00:00,000",21,Sim,33909100,2401837,2477551.8129302328,Não Fundef,3,Até 5 anos,OCC,Acima de R$ 1 milhão e até R$ 10 milhões,MATCH_VALOR_5.3%
12102,TRF - 1a. Região,71103,EFU - Sentenças Judiciais,2026,1543358620254010000,FUNDO DE PARTICIPAÇÃO DOS MUNICÍPIOS - ENTIDADES,2276780,NAO_IDENTIFICADO,PENDENTE,,,0154335-86.2025.4.01.9198,,,UO generica EFU - sem CNPJ especifico para busca,NAO_TESTADO,0806251,Tribunal Regional Federal da 1a. Região,"2021-06-18 00:00:00,000","2025-03-28 00:00:00,000",21,Sim,33909100,2401837,2477551.8129302328,Não Fundef,3,Até 5 anos,OCC,Acima de R$ 1 milhão e até R$ 10 milhões,MATCH_VALOR_5.5%
12102,TRF - 1a. Região,71103,EFU - Sentenças Judiciais,2026,1687645820254010000,"Índice de 28,86% Lei 8.622/1993 e 8.627/1993 - Reajuste de Vencimentos - Servidor",2275742,NAO_IDENTIFICADO,PENDENTE,,,0168764-58.2025.4.01.9198,,,UO generica EFU - sem CNPJ especifico para busca,NAO_TESTADO,0806251,Tribunal Regional Federal da 1a. Região,"2021-06-18 00:00:00,000","2025-03-28 00:00:00,000",21,Sim,33909100,2401837,2477551.8129302328,Não Fundef,3,Até 5 anos,OCC,Acima de R$ 1 milhão e até R$ 10 milhões,MATCH_VALOR_5.5%
12102,TRF - 1a. Região,71103,EFU - Sentenças Judiciais,2026,1364263120254010000,FUNDO DE PARTICIPAÇÃO DOS MUNICÍPIOS - ENTIDADES,2274794,NAO_IDENTIFICADO,PENDENTE,,,0136426-31.2025.4.01.9198,,,UO generica EFU - sem CNPJ especifico para busca,NAO_TESTADO,0806251,Tribunal Regional Federal da 1a. Região,"2021-06-18 00:00:00,000","2025-03-28 00:00:00,000",21,Sim,33909100,2401837,2477551.8129302328,Não Fundef,3,Até 5 anos,OCC,Acima de R$ 1 milhão e até R$ 10 milhões,MATCH_VALOR_5.6%
12102,TRF - 1a. Região,71103,EFU - Sentenças Judiciais,2026,4045294320244010000,"Índice da URP - 26,05% (1989)",2270275,NAO_IDENTIFICADO,PENDENTE,,,0404529-43.2024.4.01.9198,,,UO generica EFU - sem CNPJ especifico para busca,NAO_TESTADO,0806251,Tribunal Regional Federal da 1a. Região,"2021-06-18 00:00:00,000","2025-03-28 00:00:00,000",21,Sim,33909100,2401837,2477551.8129302328,Não Fundef,3,Até 5 anos,OCC,Acima de R$ 1 milhão e até R$ 10 milhões,MATCH_VALOR_5.8%
12102,TRF - 1a. Região,71103,EFU - Sentenças Judiciais,2026,1662746320254010000,Gratificação Incorporada/Quintos e Décimos/VPNI - Sistema Remuneratório e,2266511,NAO_IDENTIFICADO,PENDENTE,,,0166274-63.2025.4.01.9198,,,UO generica EFU - sem CNPJ especifico para busca,NAO_TESTADO,0806251,Tribunal Regional Federal da 1a. Região,"2021-06-18 00:00:00,000","2025-03-28 00:00:00,000",21,Sim,33909100,2401837,2477551.8129302328,Não Fundef,3,Até 5 anos,OCC,Acima de R$ 1 milhão e até R$ 10 milhões,MATCH_VALOR_6.0%
12102,TRF - 1a. Região,33201,INSS,2026,1477415620254010000,Reajuste da Tabela do SUS - Saúde - Serviços - Administrativo,2260063,NAO_IDENTIFICADO,PENDENTE,,,0147741-56.2025.4.01.9198,,29979036000140,Entidade sem PRC extraido no TRF1 (CNPJ pode estar incorreto),TRF1,,,,,,,,,,,,,,,SEM_MATCH_VALOR_361_cand
12102,TRF - 1a. Região,49201,INCRA,2026,1666955320254010000,Desapropriação por Interesse Social para Reforma Agrária - Intervenção do Estado na,2253805,NAO_IDENTIFICADO,PENDENTE,,,0166695-53.2025.4.01.9198,,00375972000160,Precatorio de 2025 mas PRC extraidos ate 2022 - nao sincronizado no TRF1 publico,TRF1,,,,,,,,,,,,,,,SEM_MATCH_VALOR_138_cand
12102,TRF - 1a. Região,33904,F. Regime Geral Prev. Social,2026,6784530620244010000,Art. 144 da Lei 8.213/91 e/ou diferenças decorrentes - Reajustamento do valor dos,2239628,NAO_IDENTIFICADO,PENDENTE,,,0678453-06.2024.4.01.9198,,,Entidade nao mapeada para extracao TRF1,NAO_TESTADO,0948652,Conselho Nacional de Justiça,"2005-03-07 00:00:00,000","2024-06-07 00:00:00,000",13,Não,33909100,2219434,2289398.7936645988,Não Fundef,19,De 15 até 20 anos,Previdência,Acima de R$ 1 milhão e até R$ 10 milhões,MATCH_VALOR_0.9%
12103,TRF - 2a. Região,33201,INSS,2026,50082511620254000000,Aposentadoria,2238839,NAO_IDENTIFICADO,PENDENTE,,,5008251-16.2025.4.00.9198,,29979036000140,Formato 20 dig com tribunal 00 - provavel outro TRF (nao TRF1),TRF1,,,,,,,,,,,,,,,SEM_MATCH_VALOR_361_cand
12103,TRF - 2a. Região,33201,INSS,2026,50110486220254000000,Plano de Classificação de Cargos,2227759,NAO_IDENTIFICADO,PENDENTE,,,5011048-62.2025.4.00.9198,,29979036000140,Formato 20 dig com tribunal 00 - provavel outro TRF (nao TRF1),TRF1,,,,,,,,,,,,,,,SEM_MATCH_VALOR_361_cand
12102,TRF - 1a. Região,71103,EFU - Sentenças Judiciais,2026,1547645320254010000,IPI/ Imposto sobre Produtos Industrializados - Impostos - Direito Tributário,2224258,NAO_IDENTIFICADO,PENDENTE,,,0154764-53.2025.4.01.9198,,,UO generica EFU - sem CNPJ especifico para busca,NAO_TESTADO,0806251,Tribunal Regional Federal da 1a. Região,"2021-06-18 00:00:00,000","2025-03-28 00:00:00,000",21,Sim,33909100,2401837,2477551.8129302328,Não Fundef,3,Até 5 anos,OCC,Acima de R$ 1 milhão e até R$ 10 milhões,MATCH_VALOR_8.0%
12102,TRF - 1a. Região,71103,EFU - Sentenças Judiciais,2026,273281420254019000,"Correção Monetária de Diferenças Pagas em Atraso - Reajustes de Remuneração,",2222902,NAO_IDENTIFICADO,PENDENTE,,,0027328-14.2025.4.01.9198,,,UO generica EFU - sem CNPJ especifico para busca,NAO_TESTADO,0806251,Tribunal Regional Federal da 1a. Região,"2021-06-18 00:00:00,000","2025-03-28 00:00:00,000",21,Sim,33909100,2401837,2477551.8129302328,Não Fundef,3,Até 5 anos,OCC,Acima de R$ 1 milhão e até R$ 10 milhões,MATCH_VALOR_8.0%
12102,TRF - 1a. Região,71103,EFU - Sentenças Judiciais,2026,1019410520254010000,Honorários Advocatícios - Sucumbência - Partes e Procuradores - DIREITO,2214593,NAO_IDENTIFICADO,PENDENTE,,,0101941-05.2025.4.01.9198,,,UO generica EFU - sem CNPJ especifico para busca,NAO_TESTADO,0806251,Tribunal Regional Federal da 1a. Região,"2021-06-18 00:00:00,000","2025-03-28 00:00:00,000",21,Sim,33909100,2401837,2477551.8129302328,Não Fundef,3,Até 5 anos,OCC,Acima de R$ 1 milhão e até R$ 10 milhões,MATCH_VALOR_8.5%
12102,TRF - 1a. Região,71103,EFU - Sentenças Judiciais,2026,1601843920254010000,Abono Pecuniário (Art. 78 Lei 8.112/90) - Sistema Remuneratório - Servidor Público,2210298,NAO_IDENTIFICADO,PENDENTE,,,0160184-39.2025.4.01.9198,,,UO generica EFU - sem CNPJ especifico para busca,NAO_TESTADO,0806251,Tribunal Regional Federal da 1a. Região,"2021-06-18 00:00:00,000","2025-03-28 00:00:00,000",21,Sim,33909100,2401837,2477551.8129302328,Não Fundef,3,Até 5 anos,OCC,Acima de R$ 1 milhão e até R$ 10 milhões,MATCH_VALOR_8.7%
12102,TRF - 1a. Região,71103,EFU - Sentenças Judiciais,2026,1119234320254010000,"Índice de 28,86% Lei 8.622/1993 e 8.627/1993 - Reajuste de Vencimentos - Servidor",2202050,NAO_IDENTIFICADO,PENDENTE,,,0111923-43.2025.4.01.9198,,,UO generica EFU - sem CNPJ especifico para busca,NAO_TESTADO,0806251,Tribunal Regional Federal da 1a. Região,"2021-06-18 00:00:00,000","2025-03-28 00:00:00,000",21,Sim,33909100,2401837,2477551.8129302328,Não Fundef,3,Até 5 anos,OCC,Acima de R$ 1 milhão e até R$ 10 milhões,MATCH_VALOR_9.1%
12102,TRF - 1a. Região,71103,EFU - Sentenças Judiciais,2026,1678067220254010000,FUNDEF/Fundo de Manutenção e Desenvolvimento do Ensino Fundamental e,2201717,NAO_IDENTIFICADO,PENDENTE,,,0167806-72.2025.4.01.9198,,,UO generica EFU - sem CNPJ especifico para busca,NAO_TESTADO,0806251,Tribunal Regional Federal da 1a. Região,"2021-06-18 00:00:00,000","2025-03-28 00:00:00,000",21,Sim,33909100,2401837,2477551.8129302328,Não Fundef,3,Até 5 anos,OCC,Acima de R$ 1 milhão e até R$ 10 milhões,MATCH_VALOR_9.1%
12102,TRF - 1a. Região,71103,EFU - Sentenças Judiciais,2026,1665006820254010000,Competência da Justiça Federal - Competência - Jurisdição e Competência - DIREITO,2170055,NAO_IDENTIFICADO,PENDENTE,,,0166500-68.2025.4.01.9198,,,UO generica EFU - sem CNPJ especifico para busca,NAO_TESTADO,0830461,Tribunal Regional Federal da 2a. Região,"1977-08-19 00:00:00,000","2024-06-27 00:00:00,000",31,Não,45909100,1964889,2026829.5909159,Não Fundef,46,20 anos ou mais,OCC,Acima de R$ 1 milhão e até R$ 10 milhões,MATCH_VALOR_9.5%
12102,TRF - 1a. Região,71103,EFU - Sentenças Judiciais,2026,1460743520254010000,FUNDO DE PARTICIPAÇÃO DOS MUNICÍPIOS - ENTIDADES,2168364,NAO_IDENTIFICADO,PENDENTE,,,0146074-35.2025.4.01.9198,,,UO generica EFU - sem CNPJ especifico para busca,NAO_TESTADO,0830461,Tribunal Regional Federal da 2a. Região,"1977-08-19 00:00:00,000","2024-06-27 00:00:00,000",31,Não,45909100,1964889,2026829.5909159,Não Fundef,46,20 anos ou mais,OCC,Acima de R$ 1 milhão e até R$ 10 milhões,MATCH_VALOR_9.4%
12102,TRF - 1a. Região,71103,EFU - Sentenças Judiciais,2026,1460735020254010000,FUNDO DE PARTICIPAÇÃO DOS MUNICÍPIOS - ENTIDADES,2165893,NAO_IDENTIFICADO,PENDENTE,,,0146073-50.2025.4.01.9198,,,UO generica EFU - sem CNPJ especifico para busca,NAO_TESTADO,0830461,Tribunal Regional Federal da 2a. Região,"1977-08-19 00:00:00,000","2024-06-27 00:00:00,000",31,Não,45909100,1964889,2026829.5909159,Não Fundef,46,20 anos ou mais,OCC,Acima de R$ 1 milhão e até R$ 10 milhões,MATCH_VALOR_9.3%
12102,TRF - 1a. Região,71103,EFU - Sentenças Judiciais,2026,1662815520254010000,Competência da Justiça Federal - Competência - Jurisdição e Competência - DIREITO,2163540,NAO_IDENTIFICADO,PENDENTE,,,0166281-55.2025.4.01.9198,,,UO generica EFU - sem CNPJ especifico para busca,NAO_TESTADO,0830461,Tribunal Regional Federal da 2a. Região,"1977-08-19 00:00:00,000","2024-06-27 00:00:00,000",31,Não,45909100,1964889,2026829.5909159,Não Fundef,46,20 anos ou mais,OCC,Acima de R$ 1 milhão e até R$ 10 milhões,MATCH_VALOR_9.2%
12102,TRF - 1a. Região,71103,EFU - Sentenças Judiciais,2026,1674983620254010000,CONCESSÃO - PENSÃO - SERVIDOR PÚBLICO CIVIL - ADMINISTRATIVO,2161936,NAO_IDENTIFICADO,PENDENTE,,,0167498-36.2025.4.01.9198,,,UO generica EFU - sem CNPJ especifico para busca,NAO_TESTADO,0830461,Tribunal Regional Federal da 2a. Região,"1977-08-19 00:00:00,000","2024-06-27 00:00:00,000",31,Não,45909100,1964889,2026829.5909159,Não Fundef,46,20 anos ou mais,OCC,Acima de R$ 1 milhão e até R$ 10 milhões,MATCH_VALOR_9.1%
12102,TRF - 1a. Região,71103,EFU - Sentenças Judiciais,2026,1325515320254010000,FUNDEF/Fundo de Manutenção e Desenvolvimento do Ensino Fundamental e,2159254,NAO_IDENTIFICADO,PENDENTE,,,0132551-53.2025.4.01.9198,,,UO generica EFU - sem CNPJ especifico para busca,NAO_TESTADO,0830461,Tribunal Regional Federal da 2a. Região,"1977-08-19 00:00:00,000","2024-06-27 00:00:00,000",31,Não,45909100,1964889,2026829.5909159,Não Fundef,46,20 anos ou mais,OCC,Acima de R$ 1 milhão e até R$ 10 milhões,MATCH_VALOR_9.0%
12102,TRF - 1a. Região,71103,EFU - Sentenças Judiciais,2026,1250626220254010000,CONCESSÃO - PENSÃO - SERVIDOR PÚBLICO CIVIL - ADMINISTRATIVO,2150375,NAO_IDENTIFICADO,PENDENTE,,,0125062-62.2025.4.01.9198,,,UO generica EFU - sem CNPJ especifico para busca,NAO_TESTADO,0830461,Tribunal Regional Federal da 2a. Região,"1977-08-19 00:00:00,000","2024-06-27 00:00:00,000",31,Não,45909100,1964889,2026829.5909159,Não Fundef,46,20 anos ou mais,OCC,Acima de R$ 1 milhão e até R$ 10 milhões,MATCH_VALOR_8.6%
12103,TRF - 2a. Região,24204,CNEN,2026,50009960720254000000,Jornada de Trabalho,2148872,NAO_IDENTIFICADO,PENDENTE,,,5000996-07.2025.4.00.9198,,,Entidade nao mapeada para extracao TRF1,NAO_TESTADO,,,,,,,,,,,,,,,SEM_MATCH_VALOR_41_cand
12102,TRF - 1a. Região,71103,EFU - Sentenças Judiciais,2026,1601255120254010000,Plano de Classificação de Cargos - Sistema Remuneratório - Servidor Público Civil,2140710,NAO_IDENTIFICADO,PENDENTE,,,0160125-51.2025.4.01.9198,,,UO generica EFU - sem CNPJ especifico para busca,NAO_TESTADO,0830461,Tribunal Regional Federal da 2a. Região,"1977-08-19 00:00:00,000","2024-06-27 00:00:00,000",31,Não,45909100,1964889,2026829.5909159,Não Fundef,46,20 anos ou mais,OCC,Acima de R$ 1 milhão e até R$ 10 milhões,MATCH_VALOR_8.2%
12102,TRF - 1a. Região,71103,EFU - Sentenças Judiciais,2026,1680820620254010000,Anistia Administrativa - Regime Estatutário - Servidor Público Civil - Administrativo,2139636,NAO_IDENTIFICADO,PENDENTE,,,0168082-06.2025.4.01.9198,,,UO generica EFU - sem CNPJ especifico para busca,NAO_TESTADO,0830461,Tribunal Regional Federal da 2a. Região,"1977-08-19 00:00:00,000","2024-06-27 00:00:00,000",31,Não,45909100,1964889,2026829.5909159,Não Fundef,46,20 anos ou mais,OCC,Acima de R$ 1 milhão e até R$ 10 milhões,MATCH_VALOR_8.2%
12102,TRF - 1a. Região,71103,EFU - Sentenças Judiciais,2026,1646784420254010000,FUNDEF/Fundo de Manutenção e Desenvolvimento do Ensino Fundamental e,2139321,NAO_IDENTIFICADO,PENDENTE,,,0164678-44.2025.4.01.9198,,,UO generica EFU - sem CNPJ especifico para busca,NAO_TESTADO,0830461,Tribunal Regional Federal da 2a. Região,"1977-08-19 00:00:00,000","2024-06-27 00:00:00,000",31,Não,45909100,1964889,2026829.5909159,Não Fundef,46,20 anos ou mais,OCC,Acima de R$ 1 milhão e até R$ 10 milhões,MATCH_VALOR_8.2%
12102,TRF - 1a. Região,71103,EFU - Sentenças Judiciais,2026,1345200620254010000,FUNDO DE PARTICIPAÇÃO DOS MUNICÍPIOS - ENTIDADES,2130062,NAO_IDENTIFICADO,PENDENTE,,,0134520-06.2025.4.01.9198,,,UO generica EFU - sem CNPJ especifico para busca,NAO_TESTADO,0830461,Tribunal Regional Federal da 2a. Região,"1977-08-19 00:00:00,000","2024-06-27 00:00:00,000",31,Não,45909100,1964889,2026829.5909159,Não Fundef,46,20 anos ou mais,OCC,Acima de R$ 1 milhão e até R$ 10 milhões,MATCH_VALOR_7.8%
12103,TRF - 2a. Região,33904,F. Regime Geral Prev. Social,2026,50048487320244000000,RMI pela equivalência entre Salário-de-Benefício e Salário-de-Contribuição,2127956,NAO_IDENTIFICADO,PENDENTE,,,5004848-73.2024.4.00.9198,,,Entidade nao mapeada para extracao TRF1,NAO_TESTADO,0948652,Conselho Nacional de Justiça,"2005-03-07 00:00:00,000","2024-06-07 00:00:00,000",13,Não,33909100,2219434,2289398.7936645988,Não Fundef,19,De 15 até 20 anos,Previdência,Acima de R$ 1 milhão e até R$ 10 milhões,MATCH_VALOR_4.3%
12103,TRF - 2a. Região,36213,ANS,2026,50108116220244000000,Taxa de Saúde Suplementar,2121147,NAO_IDENTIFICADO,PENDENTE,,,5010811-62.2024.4.00.9198,,03589068000146,Formato 20 dig com tribunal 00 - provavel outro TRF (nao TRF1),TRF1,,,,,,,,,,,,,,,SEM_MATCH_VALOR_16_cand
12102,TRF - 1a. Região,49201,INCRA,2026,1553620720254010000,Desapropriação por Interesse Social para Reforma Agrária - Intervenção do Estado na,2114006,NAO_IDENTIFICADO,PENDENTE,,,0155362-07.2025.4.01.9198,,00375972000160,Precatorio de 2025 mas PRC extraidos ate 2022 - nao sincronizado no TRF1 publico,TRF1,,,,,,,,,,,,,,,SEM_MATCH_VALOR_138_cand
12103,TRF - 2a. Região,33904,F. Regime Geral Prev. Social,2026,50096611220254000000,Aposentadoria por Tempo de Contribuição (Art. 55/6),2104133,NAO_IDENTIFICADO,PENDENTE,,,5009661-12.2025.4.00.9198,,,Entidade nao mapeada para extracao TRF1,NAO_TESTADO,0948652,Conselho Nacional de Justiça,"2005-03-07 00:00:00,000","2024-06-07 00:00:00,000",13,Não,33909100,2219434,2289398.7936645988,Não Fundef,19,De 15 até 20 anos,Previdência,Acima de R$ 1 milhão e até R$ 10 milhões,MATCH_VALOR_5.5%
11101,Superior Tribunal de Justiça,52101,M. da Defesa,2025,12935,Administrativo - - Militar - Regime - Anistia Política (PRINCIPAL),2100681,NAO_IDENTIFICADO,PENDENTE,,,,,,Entidade nao mapeada para extracao TRF1,NAO_TESTADO,,,,,,,,,,,,,,,SEM_UO_NO_SIOP
12102,TRF - 1a. Região,71103,EFU - Sentenças Judiciais,2026,3980936820244010000,Gratificações da Lei 8.112/90 - Sistema Remuneratório - Servidor Público Civil,2091485,NAO_IDENTIFICADO,PENDENTE,,,0398093-68.2024.4.01.9198,,,UO generica EFU - sem CNPJ especifico para busca,NAO_TESTADO,0830461,Tribunal Regional Federal da 2a. Região,"1977-08-19 00:00:00,000","2024-06-27 00:00:00,000",31,Não,45909100,1964889,2026829.5909159,Não Fundef,46,20 anos ou mais,OCC,Acima de R$ 1 milhão e até R$ 10 milhões,MATCH_VALOR_6.1%
12103,TRF - 2a. Região,49201,INCRA,2026,50073456020244000000,Desapropriação por Interesse Social para Reforma Agrária,2082155,NAO_IDENTIFICADO,PENDENTE,,,5007345-60.2024.4.00.9198,,00375972000160,Formato 20 dig com tribunal 00 - provavel outro TRF (nao TRF1),TRF1,,,,,,,,,,,,,,,SEM_MATCH_VALOR_138_cand
12103,TRF - 2a. Região,49201,INCRA,2026,50073464520244000000,Desapropriação por Interesse Social para Reforma Agrária,2082155,NAO_IDENTIFICADO,PENDENTE,,,5007346-45.2024.4.00.9198,,00375972000160,Formato 20 dig com tribunal 00 - provavel outro TRF (nao TRF1),TRF1,,,,,,,,,,,,,,,SEM_MATCH_VALOR_138_cand
12103,TRF - 2a. Região,49201,INCRA,2026,50073473020244000000,Desapropriação por Interesse Social para Reforma Agrária,2082155,NAO_IDENTIFICADO,PENDENTE,,,5007347-30.2024.4.00.9198,,00375972000160,Formato 20 dig com tribunal 00 - provavel outro TRF (nao TRF1),TRF1,,,,,,,,,,,,,,,SEM_MATCH_VALOR_138_cand
12103,TRF - 2a. Região,49201,INCRA,2026,50073481520244000000,Desapropriação por Interesse Social para Reforma Agrária,2082155,NAO_IDENTIFICADO,PENDENTE,,,5007348-15.2024.4.00.9198,,00375972000160,Formato 20 dig com tribunal 00 - provavel outro TRF (nao TRF1),TRF1,,,,,,,,,,,,,,,SEM_MATCH_VALOR_138_cand
12103,TRF - 2a. Região,49201,INCRA,2026,50073499720244000000,Desapropriação por Interesse Social para Reforma Agrária,2082155,NAO_IDENTIFICADO,PENDENTE,,,5007349-97.2024.4.00.9198,,00375972000160,Formato 20 dig com tribunal 00 - provavel outro TRF (nao TRF1),TRF1,,,,,,,,,,,,,,,SEM_MATCH_VALOR_138_cand
12102,TRF - 1a. Região,71103,EFU - Sentenças Judiciais,2026,381948120254019000,Anistia Política - Direitos e Garantias Fundamentais,2081608,NAO_IDENTIFICADO,PENDENTE,,,0038194-81.2025.4.01.9198,,,UO generica EFU - sem CNPJ especifico para busca,NAO_TESTADO,0830461,Tribunal Regional Federal da 2a. Região,"1977-08-19 00:00:00,000","2024-06-27 00:00:00,000",31,Não,45909100,1964889,2026829.5909159,Não Fundef,46,20 anos ou mais,OCC,Acima de R$ 1 milhão e até R$ 10 milhões,MATCH_VALOR_5.6%
12102,TRF - 1a. Região,71103,EFU - Sentenças Judiciais,2026,6025401820244010000,EX-COMBATENTES - REGIME - SERVIDOR PÚBLICO MILITAR,2071766,NAO_IDENTIFICADO,PENDENTE,,,0602540-18.2024.4.01.9198,,,UO generica EFU - sem CNPJ especifico para busca,NAO_TESTADO,0830461,Tribunal Regional Federal da 2a. Região,"1977-08-19 00:00:00,000","2024-06-27 00:00:00,000",31,Não,45909100,1964889,2026829.5909159,Não Fundef,46,20 anos ou mais,OCC,Acima de R$ 1 milhão e até R$ 10 milhões,MATCH_VALOR_5.2%
12102,TRF - 1a. Região,71103,EFU - Sentenças Judiciais,2026,484508320254019000,Entidades sem Fins Lucrativos - Imunidade Tributária - Limitações ao Poder de Tributar,2058725,NAO_IDENTIFICADO,PENDENTE,,,0048450-83.2025.4.01.9198,,,UO generica EFU - sem CNPJ especifico para busca,NAO_TESTADO,0830461,Tribunal Regional Federal da 2a. Região,"1977-08-19 00:00:00,000","2024-06-27 00:00:00,000",31,Não,45909100,1964889,2026829.5909159,Não Fundef,46,20 anos ou mais,OCC,Acima de R$ 1 milhão e até R$ 10 milhões,MATCH_VALOR_4.6%
12102,TRF - 1a. Região,26298,FNDE,2026,2645844120244010000,Salário-Educação - Contribuição Social - Contribuições - Direito Tributário,2058093,NAO_IDENTIFICADO,PENDENTE,,,0264584-41.2024.4.01.9198,,,Entidade nao mapeada para extracao TRF1,NAO_TESTADO,,,,,,,,,,,,,,,SEM_MATCH_VALOR_2_cand
12102,TRF - 1a. Região,71103,EFU - Sentenças Judiciais,2026,1659507320254010000,"Índice de 28,86% Lei 8.622/1993 e 8.627/1993 - Reajuste de Vencimentos - Servidor",2058001,NAO_IDENTIFICADO,PENDENTE,,,0165950-73.2025.4.01.9198,,,UO generica EFU - sem CNPJ especifico para busca,NAO_TESTADO,0830461,Tribunal Regional Federal da 2a. Região,"1977-08-19 00:00:00,000","2024-06-27 00:00:00,000",31,Não,45909100,1964889,2026829.5909159,Não Fundef,46,20 anos ou mais,OCC,Acima de R$ 1 milhão e até R$ 10 milhões,MATCH_VALOR_4.5%
12102,TRF - 1a. Região,49201,INCRA,2026,1611292620254010000,Desapropriação - Intervenção na Propriedade - Administrativo,2048923,NAO_IDENTIFICADO,PENDENTE,,,0161129-26.2025.4.01.9198,,00375972000160,Precatorio de 2025 mas PRC extraidos ate 2022 - nao sincronizado no TRF1 publico,TRF1,,,,,,,,,,,,,,,SEM_MATCH_VALOR_138_cand
12102,TRF - 1a. Região,49201,INCRA,2026,1611301120254010000,Desapropriação - Intervenção na Propriedade - Administrativo,2048923,NAO_IDENTIFICADO,PENDENTE,,,0161130-11.2025.4.01.9198,,00375972000160,Precatorio de 2025 mas PRC extraidos ate 2022 - nao sincronizado no TRF1 publico,TRF1,,,,,,,,,,,,,,,SEM_MATCH_VALOR_138_cand
12102,TRF - 1a. Região,71103,EFU - Sentenças Judiciais,2026,1346421920254010000,PROMOÇÃO - REGIME - SERVIDOR PÚBLICO MILITAR - ADMINISTRATIVO,2048659,NAO_IDENTIFICADO,PENDENTE,,,0134642-19.2025.4.01.9198,,,UO generica EFU - sem CNPJ especifico para busca,NAO_TESTADO,0830461,Tribunal Regional Federal da 2a. Região,"1977-08-19 00:00:00,000","2024-06-27 00:00:00,000",31,Não,45909100,1964889,2026829.5909159,Não Fundef,46,20 anos ou mais,OCC,Acima de R$ 1 milhão e até R$ 10 milhões,MATCH_VALOR_4.1%
12103,TRF - 2a. Região,36213,ANS,2026,50065679020244000000,Taxa de Saúde Suplementar,2047009,NAO_IDENTIFICADO,PENDENTE,,,5006567-90.2024.4.00.9198,,03589068000146,Formato 20 dig com tribunal 00 - provavel outro TRF (nao TRF1),TRF1,,,,,,,,,,,,,,,SEM_MATCH_VALOR_16_cand
12102,TRF - 1a. Região,71103,EFU - Sentenças Judiciais,2026,1325861320254010000,Finsocial - Contribuição Social - Contribuições - Direito Tributário,2046333,NAO_IDENTIFICADO,PENDENTE,,,0132586-13.2025.4.01.9198,,,UO generica EFU - sem CNPJ especifico para busca,NAO_TESTADO,0830461,Tribunal Regional Federal da 2a. Região,"1977-08-19 00:00:00,000","2024-06-27 00:00:00,000",31,Não,45909100,1964889,2026829.5909159,Não Fundef,46,20 anos ou mais,OCC,Acima de R$ 1 milhão e até R$ 10 milhões,MATCH_VALOR_4.0%
12102,TRF - 1a. Região,71103,EFU - Sentenças Judiciais,2026,1544371120254010000,REINTEGRAÇÃO - REGIME - SERVIDOR PÚBLICO MILITAR - ADMINISTRATIVO,2039871,NAO_IDENTIFICADO,PENDENTE,,,0154437-11.2025.4.01.9198,,,UO generica EFU - sem CNPJ especifico para busca,NAO_TESTADO,0830461,Tribunal Regional Federal da 2a. Região,"1977-08-19 00:00:00,000","2024-06-27 00:00:00,000",31,Não,45909100,1964889,2026829.5909159,Não Fundef,46,20 anos ou mais,OCC,Acima de R$ 1 milhão e até R$ 10 milhões,MATCH_VALOR_3.7%
12102,TRF - 1a. Região,71103,EFU - Sentenças Judiciais,2026,1656545120254010000,Cofins - Contribuição Social - Contribuições - Direito Tributário,2039696,NAO_IDENTIFICADO,PENDENTE,,,0165654-51.2025.4.01.9198,,,UO generica EFU - sem CNPJ especifico para busca,NAO_TESTADO,0830461,Tribunal Regional Federal da 2a. Região,"1977-08-19 00:00:00,000","2024-06-27 00:00:00,000",31,Não,45909100,1964889,2026829.5909159,Não Fundef,46,20 anos ou mais,OCC,Acima de R$ 1 milhão e até R$ 10 milhões,MATCH_VALOR_3.7%
12102,TRF - 1a. Região,71103,EFU - Sentenças Judiciais,2026,1331777220254010000,Edital - Licitações e Contratos - Administrativo,2031597,NAO_IDENTIFICADO,PENDENTE,,,0133177-72.2025.4.01.9198,,,UO generica EFU - sem CNPJ especifico para busca,NAO_TESTADO,0830461,Tribunal Regional Federal da 2a. Região,"1977-08-19 00:00:00,000","2024-06-27 00:00:00,000",31,Não,45909100,1964889,2026829.5909159,Não Fundef,46,20 anos ou mais,OCC,Acima de R$ 1 milhão e até R$ 10 milhões,MATCH_VALOR_3.3%
12102,TRF - 1a. Região,71103,EFU - Sentenças Judiciais,2026,1540933020254010000,"Índice de 28,86% Lei 8.622/1993 e 8.627/1993 - Reajuste de Vencimentos - Servidor",2007147,NAO_IDENTIFICADO,PENDENTE,,,0154093-30.2025.4.01.9198,,,UO generica EFU - sem CNPJ especifico para busca,NAO_TESTADO,0830461,Tribunal Regional Federal da 2a. Região,"1977-08-19 00:00:00,000","2024-06-27 00:00:00,000",31,Não,45909100,1964889,2026829.5909159,Não Fundef,46,20 anos ou mais,OCC,Acima de R$ 1 milhão e até R$ 10 milhões,MATCH_VALOR_2.1%
12102,TRF - 1a. Região,71103,EFU - Sentenças Judiciais,2026,1322284820254010000,Cofins - Contribuição Social - Contribuições - Direito Tributário,1995896,NAO_IDENTIFICADO,PENDENTE,,,0132228-48.2025.4.01.9198,,,UO generica EFU - sem CNPJ especifico para busca,NAO_TESTADO,0830461,Tribunal Regional Federal da 2a. Região,"1977-08-19 00:00:00,000","2024-06-27 00:00:00,000",31,Não,45909100,1964889,2026829.5909159,Não Fundef,46,20 anos ou mais,OCC,Acima de R$ 1 milhão e até R$ 10 milhões,MATCH_VALOR_1.6%
12102,TRF - 1a. Região,71103,EFU - Sentenças Judiciais,2026,1674922920254010000,Reintegração - Regime Estatutário - Servidor Público Civil - Administrativo,1987659,NAO_IDENTIFICADO,PENDENTE,,,0167492-29.2025.4.01.9198,,,UO generica EFU - sem CNPJ especifico para busca,NAO_TESTADO,0830461,Tribunal Regional Federal da 2a. Região,"1977-08-19 00:00:00,000","2024-06-27 00:00:00,000",31,Não,45909100,1964889,2026829.5909159,Não Fundef,46,20 anos ou mais,OCC,Acima de R$ 1 milhão e até R$ 10 milhões,MATCH_VALOR_1.1%
12103,TRF - 2a. Região,36213,ANS,2026,50047932520244000000,Taxa de Saúde Suplementar,1983676,NAO_IDENTIFICADO,PENDENTE,,,5004793-25.2024.4.00.9198,,03589068000146,Formato 20 dig com tribunal 00 - provavel outro TRF (nao TRF1),TRF1,,,,,,,,,,,,,,,SEM_MATCH_VALOR_16_cand
12102,TRF - 1a. Região,71103,EFU - Sentenças Judiciais,2026,284713820254019000,Honorários Advocatícios - Sucumbência - Partes e Procuradores - DIREITO,1983445,NAO_IDENTIFICADO,PENDENTE,,,0028471-38.2025.4.01.9198,,,UO generica EFU - sem CNPJ especifico para busca,NAO_TESTADO,0830461,Tribunal Regional Federal da 2a. Região,"1977-08-19 00:00:00,000","2024-06-27 00:00:00,000",31,Não,45909100,1964889,2026829.5909159,Não Fundef,46,20 anos ou mais,OCC,Acima de R$ 1 milhão e até R$ 10 milhões,MATCH_VALOR_0.9%
12103,TRF - 2a. Região,49201,INCRA,2026,50115717420254000000,Desapropriação por Interesse Social para Reforma Agrária,1981762,NAO_IDENTIFICADO,PENDENTE,,,5011571-74.2025.4.00.9198,,00375972000160,Formato 20 dig com tribunal 00 - provavel outro TRF (nao TRF1),TRF1,,,,,,,,,,,,,,,SEM_MATCH_VALOR_138_cand
12103,TRF - 2a. Região,49201,INCRA,2026,50115725920254000000,Desapropriação por Interesse Social para Reforma Agrária,1981762,NAO_IDENTIFICADO,PENDENTE,,,5011572-59.2025.4.00.9198,,00375972000160,Formato 20 dig com tribunal 00 - provavel outro TRF (nao TRF1),TRF1,,,,,,,,,,,,,,,SEM_MATCH_VALOR_138_cand
12103,TRF - 2a. Região,49201,INCRA,2026,50115734420254000000,Desapropriação por Interesse Social para Reforma Agrária,1981762,NAO_IDENTIFICADO,PENDENTE,,,5011573-44.2025.4.00.9198,,00375972000160,Formato 20 dig com tribunal 00 - provavel outro TRF (nao TRF1),TRF1,,,,,,,,,,,,,,,SEM_MATCH_VALOR_138_cand
12103,TRF - 2a. Região,49201,INCRA,2026,50115742920254000000,Desapropriação por Interesse Social para Reforma Agrária,1981762,NAO_IDENTIFICADO,PENDENTE,,,5011574-29.2025.4.00.9198,,00375972000160,Formato 20 dig com tribunal 00 - provavel outro TRF (nao TRF1),TRF1,,,,,,,,,,,,,,,SEM_MATCH_VALOR_138_cand
12103,TRF - 2a. Região,49201,INCRA,2026,50115751420254000000,Desapropriação por Interesse Social para Reforma Agrária,1981762,NAO_IDENTIFICADO,PENDENTE,,,5011575-14.2025.4.00.9198,,00375972000160,Formato 20 dig com tribunal 00 - provavel outro TRF (nao TRF1),TRF1,,,,,,,,,,,,,,,SEM_MATCH_VALOR_138_cand
12103,TRF - 2a. Região,49201,INCRA,2026,50115769620254000000,Desapropriação por Interesse Social para Reforma Agrária,1981762,NAO_IDENTIFICADO,PENDENTE,,,5011576-96.2025.4.00.9198,,00375972000160,Formato 20 dig com tribunal 00 - provavel outro TRF (nao TRF1),TRF1,,,,,,,,,,,,,,,SEM_MATCH_VALOR_138_cand
12103,TRF - 2a. Região,49201,INCRA,2026,50115778120254000000,Desapropriação por Interesse Social para Reforma Agrária,1981762,NAO_IDENTIFICADO,PENDENTE,,,5011577-81.2025.4.00.9198,,00375972000160,Formato 20 dig com tribunal 00 - provavel outro TRF (nao TRF1),TRF1,,,,,,,,,,,,,,,SEM_MATCH_VALOR_138_cand
12103,TRF - 2a. Região,49201,INCRA,2026,50115786620254000000,Desapropriação por Interesse Social para Reforma Agrária,1981762,NAO_IDENTIFICADO,PENDENTE,,,5011578-66.2025.4.00.9198,,00375972000160,Formato 20 dig com tribunal 00 - provavel outro TRF (nao TRF1),TRF1,,,,,,,,,,,,,,,SEM_MATCH_VALOR_138_cand
12103,TRF - 2a. Região,49201,INCRA,2026,50115795120254000000,Desapropriação por Interesse Social para Reforma Agrária,1981762,NAO_IDENTIFICADO,PENDENTE,,,5011579-51.2025.4.00.9198,,00375972000160,Formato 20 dig com tribunal 00 - provavel outro TRF (nao TRF1),TRF1,,,,,,,,,,,,,,,SEM_MATCH_VALOR_138_cand
12103,TRF - 2a. Região,49201,INCRA,2026,50115803620254000000,Desapropriação por Interesse Social para Reforma Agrária,1981762,NAO_IDENTIFICADO,PENDENTE,,,5011580-36.2025.4.00.9198,,00375972000160,Formato 20 dig com tribunal 00 - provavel outro TRF (nao TRF1),TRF1,,,,,,,,,,,,,,,SEM_MATCH_VALOR_138_cand
12103,TRF - 2a. Região,49201,INCRA,2026,50115812120254000000,Desapropriação por Interesse Social para Reforma Agrária,1981762,NAO_IDENTIFICADO,PENDENTE,,,5011581-21.2025.4.00.9198,,00375972000160,Formato 20 dig com tribunal 00 - provavel outro TRF (nao TRF1),TRF1,,,,,,,,,,,,,,,SEM_MATCH_VALOR_138_cand
12102,TRF - 1a. Região,71103,EFU - Sentenças Judiciais,2026,1599834720254010000,Indenização por dano moral - Responsabilidade civil - Direito Civil e outras matérias do,1980553,NAO_IDENTIFICADO,PENDENTE,,,0159983-47.2025.4.01.9198,,,UO generica EFU - sem CNPJ especifico para busca,NAO_TESTADO,0830461,Tribunal Regional Federal da 2a. Região,"1977-08-19 00:00:00,000","2024-06-27 00:00:00,000",31,Não,45909100,1964889,2026829.5909159,Não Fundef,46,20 anos ou mais,OCC,Acima de R$ 1 milhão e até R$ 10 milhões,MATCH_VALOR_0.8%
12103,TRF - 2a. Região,24204,CNEN,2026,50094544720244000000,Adicional de horas extras,1980169,NAO_IDENTIFICADO,PENDENTE,,,5009454-47.2024.4.00.9198,,,Entidade nao mapeada para extracao TRF1,NAO_TESTADO,,,,,,,,,,,,,,,SEM_MATCH_VALOR_41_cand
12102,TRF - 1a. Região,71103,EFU - Sentenças Judiciais,2026,1540916020254010000,Reintegração - Regime Estatutário - Servidor Público Civil - Administrativo,1979812,NAO_IDENTIFICADO,PENDENTE,,,0154091-60.2025.4.01.9198,,,UO generica EFU - sem CNPJ especifico para busca,NAO_TESTADO,0830461,Tribunal Regional Federal da 2a. Região,"1977-08-19 00:00:00,000","2024-06-27 00:00:00,000",31,Não,45909100,1964889,2026829.5909159,Não Fundef,46,20 anos ou mais,OCC,Acima de R$ 1 milhão e até R$ 10 milhões,MATCH_VALOR_0.8%
12102,TRF - 1a. Região,32266,ANEEL,2026,273238920254019000,Honorários Advocatícios em Execução Contra a Fazenda Pública - Sucumbência,1979708,NAO_IDENTIFICADO,PENDENTE,,,0027323-89.2025.4.01.9198,,,Entidade nao mapeada para extracao TRF1,NAO_TESTADO,,,,,,,,,,,,,,,SEM_MATCH_VALOR_1_cand
12102,TRF - 1a. Região,49201,INCRA,2026,1164348420254010000,Desapropriação por Interesse Social para Reforma Agrária - Intervenção do Estado na,1976103,NAO_IDENTIFICADO,PENDENTE,,,0116434-84.2025.4.01.9198,,00375972000160,Precatorio de 2025 mas PRC extraidos ate 2022 - nao sincronizado no TRF1 publico,TRF1,,,,,,,,,,,,,,,SEM_MATCH_VALOR_138_cand
12102,TRF - 1a. Região,36211,FUNASA,2026,1288083520254010000,CONCESSÃO - PENSÃO - SERVIDOR PÚBLICO CIVIL - ADMINISTRATIVO,1970150,NAO_IDENTIFICADO,PENDENTE,,,0128808-35.2025.4.01.9198,,,Entidade nao mapeada para extracao TRF1,NAO_TESTADO,0922609,Tribunal Regional Federal da 5a. Região,"1997-12-25 00:00:00,000","2025-04-01 00:00:00,000",11,Não,31909100,1993136,2055967.0411507995,Não Fundef,27,20 anos ou mais,Pessoal,Acima de R$ 1 milhão e até R$ 10 milhões,MATCH_VALOR_1.2%
12102,TRF - 1a. Região,71103,EFU - Sentenças Judiciais,2026,5742352420244010000,Gratificações da Lei 8.112/90 - Sistema Remuneratório - Servidor Público Civil,1968635,NAO_IDENTIFICADO,PENDENTE,,,0574235-24.2024.4.01.9198,,,UO generica EFU - sem CNPJ especifico para busca,NAO_TESTADO,0830461,Tribunal Regional Federal da 2a. Região,"1977-08-19 00:00:00,000","2024-06-27 00:00:00,000",31,Não,45909100,1964889,2026829.5909159,Não Fundef,46,20 anos ou mais,OCC,Acima de R$ 1 milhão e até R$ 10 milhões,MATCH_VALOR_0.2%
12103,TRF - 2a. Região,33904,F. Regime Geral Prev. Social,2026,50096698620254000000,Atividade concomitante,1961870,NAO_IDENTIFICADO,PENDENTE,,,5009669-86.2025.4.00.9198,,,Entidade nao mapeada para extracao TRF1,NAO_TESTADO,0958521,Conselho Nacional de Justiça,"2004-01-12 00:00:00,000","2025-04-01 00:00:00,000",13,Não,33909100,1910470,1970695.102144243,Não Fundef,21,20 anos ou mais,Previdência,Acima de R$ 1 milhão e até R$ 10 milhões,MATCH_VALOR_2.6%
12103,TRF - 2a. Região,33904,F. Regime Geral Prev. Social,2026,50096715620254000000,Atividade concomitante,1961870,NAO_IDENTIFICADO,PENDENTE,,,5009671-56.2025.4.00.9198,,,Entidade nao mapeada para extracao TRF1,NAO_TESTADO,0958521,Conselho Nacional de Justiça,"2004-01-12 00:00:00,000","2025-04-01 00:00:00,000",13,Não,33909100,1910470,1970695.102144243,Não Fundef,21,20 anos ou mais,Previdência,Acima de R$ 1 milhão e até R$ 10 milhões,MATCH_VALOR_2.6%
12103,TRF - 2a. Região,33904,F. Regime Geral Prev. Social,2026,50096724120254000000,Atividade concomitante,1961870,NAO_IDENTIFICADO,PENDENTE,,,5009672-41.2025.4.00.9198,,,Entidade nao mapeada para extracao TRF1,NAO_TESTADO,0958521,Conselho Nacional de Justiça,"2004-01-12 00:00:00,000","2025-04-01 00:00:00,000",13,Não,33909100,1910470,1970695.102144243,Não Fundef,21,20 anos ou mais,Previdência,Acima de R$ 1 milhão e até R$ 10 milhões,MATCH_VALOR_2.6%
12102,TRF - 1a. Região,71103,EFU - Sentenças Judiciais,2026,1010577320254010000,IE/ Imposto sobre Exportação - Impostos - Direito Tributário,1957774,NAO_IDENTIFICADO,PENDENTE,,,0101057-73.2025.4.01.9198,,,UO generica EFU - sem CNPJ especifico para busca,NAO_TESTADO,0830461,Tribunal Regional Federal da 2a. Região,"1977-08-19 00:00:00,000","2024-06-27 00:00:00,000",31,Não,45909100,1964889,2026829.5909159,Não Fundef,46,20 anos ou mais,OCC,Acima de R$ 1 milhão e até R$ 10 milhões,MATCH_VALOR_0.4%
12102,TRF - 1a. Região,71103,EFU - Sentenças Judiciais,2026,1648516820254010000,Cofins - Contribuição Social - Contribuições - Direito Tributário,1955986,NAO_IDENTIFICADO,PENDENTE,,,0164851-68.2025.4.01.9198,,,UO generica EFU - sem CNPJ especifico para busca,NAO_TESTADO,0830461,Tribunal Regional Federal da 2a. Região,"1977-08-19 00:00:00,000","2024-06-27 00:00:00,000",31,Não,45909100,1964889,2026829.5909159,Não Fundef,46,20 anos ou mais,OCC,Acima de R$ 1 milhão e até R$ 10 milhões,MATCH_VALOR_0.5%
12103,TRF - 2a. Região,47205,IBGE,2026,50047785620244000000,Pensão,1955118,NAO_IDENTIFICADO,PENDENTE,,,5004778-56.2024.4.00.9198,,,Entidade nao mapeada para extracao TRF1,NAO_TESTADO,,,,,,,,,,,,,,,SEM_MATCH_VALOR_5_cand
12102,TRF - 1a. Região,71103,EFU - Sentenças Judiciais,2026,977268320254019000,Reforma - Sistema Remuneratório - Servidor Público Militar - Administrativo,1952893,NAO_IDENTIFICADO,PENDENTE,,,0097726-83.2025.4.01.9198,,,UO generica EFU - sem CNPJ especifico para busca,NAO_TESTADO,0830461,Tribunal Regional Federal da 2a. Região,"1977-08-19 00:00:00,000","2024-06-27 00:00:00,000",31,Não,45909100,1964889,2026829.5909159,Não Fundef,46,20 anos ou mais,OCC,Acima de R$ 1 milhão e até R$ 10 milhões,MATCH_VALOR_0.6%
12102,TRF - 1a. Região,71103,EFU - Sentenças Judiciais,2026,7202289820244010000,Honorários Advocatícios em Execução Contra a Fazenda Pública - Sucumbência,1950696,NAO_IDENTIFICADO,PENDENTE,,,0720228-98.2024.4.01.9198,,,UO generica EFU - sem CNPJ especifico para busca,NAO_TESTADO,0830461,Tribunal Regional Federal da 2a. Região,"1977-08-19 00:00:00,000","2024-06-27 00:00:00,000",31,Não,45909100,1964889,2026829.5909159,Não Fundef,46,20 anos ou mais,OCC,Acima de R$ 1 milhão e até R$ 10 milhões,MATCH_VALOR_0.7%
12102,TRF - 1a. Região,71103,EFU - Sentenças Judiciais,2026,1647373220254010000,Gratificação Incorporada/Quintos e Décimos/VPNI - Sistema Remuneratório e,1947545,NAO_IDENTIFICADO,PENDENTE,,,0164737-32.2025.4.01.9198,,,UO generica EFU - sem CNPJ especifico para busca,NAO_TESTADO,0830461,Tribunal Regional Federal da 2a. Região,"1977-08-19 00:00:00,000","2024-06-27 00:00:00,000",31,Não,45909100,1964889,2026829.5909159,Não Fundef,46,20 anos ou mais,OCC,Acima de R$ 1 milhão e até R$ 10 milhões,MATCH_VALOR_0.9%
11101,Superior Tribunal de Justiça,52101,M. da Defesa,2025,12895,Administrativo - Militar - Regime - Anistia Política,1932380,NAO_IDENTIFICADO,PENDENTE,,,,,,Entidade nao mapeada para extracao TRF1,NAO_TESTADO,,,,,,,,,,,,,,,SEM_UO_NO_SIOP
12102,TRF - 1a. Região,71103,EFU - Sentenças Judiciais,2026,1544362620254010000,REINTEGRAÇÃO - REGIME - SERVIDOR PÚBLICO MILITAR - ADMINISTRATIVO,1932209,NAO_IDENTIFICADO,PENDENTE,,,0154436-26.2025.4.01.9198,,,UO generica EFU - sem CNPJ especifico para busca,NAO_TESTADO,0830461,Tribunal Regional Federal da 2a. Região,"1977-08-19 00:00:00,000","2024-06-27 00:00:00,000",31,Não,45909100,1964889,2026829.5909159,Não Fundef,46,20 anos ou mais,OCC,Acima de R$ 1 milhão e até R$ 10 milhões,MATCH_VALOR_1.7%
11101,Superior Tribunal de Justiça,52101,M. da Defesa,2024,12446,Administrativo - Militar - Regime - Anistia Política (PRINCIPAL),1919494,NAO_IDENTIFICADO,PENDENTE,,,,,,Entidade nao mapeada para extracao TRF1,NAO_TESTADO,,,,,,,,,,,,,,,SEM_UO_NO_SIOP
12102,TRF - 1a. Região,71103,EFU - Sentenças Judiciais,2026,1325272520254010000,"Correção Monetária de Diferenças Pagas em Atraso - Reajustes de Remuneração,",1916569,NAO_IDENTIFICADO,PENDENTE,,,0132527-25.2025.4.01.9198,,,UO generica EFU - sem CNPJ especifico para busca,NAO_TESTADO,0830461,Tribunal Regional Federal da 2a. Região,"1977-08-19 00:00:00,000","2024-06-27 00:00:00,000",31,Não,45909100,1964889,2026829.5909159,Não Fundef,46,20 anos ou mais,OCC,Acima de R$ 1 milhão e até R$ 10 milhões,MATCH_VALOR_2.5%
12102,TRF - 1a. Região,49201,INCRA,2026,5076387320244010000,Desapropriação por Interesse Social Comum/ Lei 4.132/62 - Intervenção na Propriedade,1914218,NAO_IDENTIFICADO,PENDENTE,,,0507638-73.2024.4.01.9198,,00375972000160,Precatorio de 2024 mas PRC extraidos ate 2022 - nao sincronizado no TRF1 publico,TRF1,,,,,,,,,,,,,,,SEM_MATCH_VALOR_138_cand
12102,TRF - 1a. Região,71103,EFU - Sentenças Judiciais,2026,201329020254019000,Honorários Advocatícios - Sucumbência - Partes e Procuradores - DIREITO,1913985,NAO_IDENTIFICADO,PENDENTE,,,0020132-90.2025.4.01.9198,,,UO generica EFU - sem CNPJ especifico para busca,NAO_TESTADO,0830461,Tribunal Regional Federal da 2a. Região,"1977-08-19 00:00:00,000","2024-06-27 00:00:00,000",31,Não,45909100,1964889,2026829.5909159,Não Fundef,46,20 anos ou mais,OCC,Acima de R$ 1 milhão e até R$ 10 milhões,MATCH_VALOR_2.7%
11101,Superior Tribunal de Justiça,52101,M. da Defesa,2025,12917,Administrativo - Militar - Regime - Anistia Política,1910529,NAO_IDENTIFICADO,PENDENTE,,,,,,Entidade nao mapeada para extracao TRF1,NAO_TESTADO,,,,,,,,,,,,,,,SEM_UO_NO_SIOP
12102,TRF - 1a. Região,49201,INCRA,2026,1435636420254010000,Desapropriação por Interesse Social para Reforma Agrária - Intervenção do Estado na,1904463,NAO_IDENTIFICADO,PENDENTE,,,0143563-64.2025.4.01.9198,,00375972000160,Precatorio de 2025 mas PRC extraidos ate 2022 - nao sincronizado no TRF1 publico,TRF1,,,,,,,,,,,,,,,SEM_MATCH_VALOR_138_cand
12102,TRF - 1a. Região,49201,INCRA,2026,1435644920254010000,Desapropriação por Interesse Social para Reforma Agrária - Intervenção do Estado na,1904463,NAO_IDENTIFICADO,PENDENTE,,,0143564-49.2025.4.01.9198,,00375972000160,Precatorio de 2025 mas PRC extraidos ate 2022 - nao sincronizado no TRF1 publico,TRF1,,,,,,,,,,,,,,,SEM_MATCH_VALOR_138_cand
12102,TRF - 1a. Região,71103,EFU - Sentenças Judiciais,2026,1544354120254010000,REINTEGRAÇÃO - REGIME - SERVIDOR PÚBLICO MILITAR - ADMINISTRATIVO,1904401,NAO_IDENTIFICADO,PENDENTE,,,0154435-41.2025.4.01.9198,,,UO generica EFU - sem CNPJ especifico para busca,NAO_TESTADO,0830461,Tribunal Regional Federal da 2a. Região,"1977-08-19 00:00:00,000","2024-06-27 00:00:00,000",31,Não,45909100,1964889,2026829.5909159,Não Fundef,46,20 anos ou mais,OCC,Acima de R$ 1 milhão e até R$ 10 milhões,MATCH_VALOR_3.2%
12102,TRF - 1a. Região,71103,EFU - Sentenças Judiciais,2026,1476791620254010000,PIS - Contribuição Social - Contribuições - Direito Tributário,1902010,NAO_IDENTIFICADO,PENDENTE,,,0147679-16.2025.4.01.9198,,,UO generica EFU - sem CNPJ especifico para busca,NAO_TESTADO,0830461,Tribunal Regional Federal da 2a. Região,"1977-08-19 00:00:00,000","2024-06-27 00:00:00,000",31,Não,45909100,1964889,2026829.5909159,Não Fundef,46,20 anos ou mais,OCC,Acima de R$ 1 milhão e até R$ 10 milhões,MATCH_VALOR_3.3%
12102,TRF - 1a. Região,71103,EFU - Sentenças Judiciais,2026,381939620254019000,Anistia Política - Direitos e Garantias Fundamentais,1900948,NAO_IDENTIFICADO,PENDENTE,,,0038193-96.2025.4.01.9198,,,UO generica EFU - sem CNPJ especifico para busca,NAO_TESTADO,0830461,Tribunal Regional Federal da 2a. Região,"1977-08-19 00:00:00,000","2024-06-27 00:00:00,000",31,Não,45909100,1964889,2026829.5909159,Não Fundef,46,20 anos ou mais,OCC,Acima de R$ 1 milhão e até R$ 10 milhões,MATCH_VALOR_3.4%
11101,Superior Tribunal de Justiça,52101,M. da Defesa,2025,12861,Administrativo - Militar - Regime - Anistia Política (PRINCIPAL),1899770,NAO_IDENTIFICADO,PENDENTE,,,,,,Entidade nao mapeada para extracao TRF1,NAO_TESTADO,,,,,,,,,,,,,,,SEM_UO_NO_SIOP
12102,TRF - 1a. Região,71103,EFU - Sentenças Judiciais,2026,1632554920254010000,Anistia Política - Direitos e Garantias Fundamentais,1896549,NAO_IDENTIFICADO,PENDENTE,,,0163255-49.2025.4.01.9198,,,UO generica EFU - sem CNPJ especifico para busca,NAO_TESTADO,0830461,Tribunal Regional Federal da 2a. Região,"1977-08-19 00:00:00,000","2024-06-27 00:00:00,000",31,Não,45909100,1964889,2026829.5909159,Não Fundef,46,20 anos ou mais,OCC,Acima de R$ 1 milhão e até R$ 10 milhões,MATCH_VALOR_3.6%
12103,TRF - 2a. Região,24204,CNEN,2026,50001092320254000000,Salário / Diferença Salarial,1895229,NAO_IDENTIFICADO,PENDENTE,,,5000109-23.2025.4.00.9198,,,Entidade nao mapeada para extracao TRF1,NAO_TESTADO,,,,,,,,,,,,,,,SEM_MATCH_VALOR_41_cand
12102,TRF - 1a. Região,71103,EFU - Sentenças Judiciais,2026,1546882920254010000,FUNDO DE PARTICIPAÇÃO DOS MUNICÍPIOS - ENTIDADES,1895088,NAO_IDENTIFICADO,PENDENTE,,,0154688-29.2025.4.01.9198,,,UO generica EFU - sem CNPJ especifico para busca,NAO_TESTADO,0830461,Tribunal Regional Federal da 2a. Região,"1977-08-19 00:00:00,000","2024-06-27 00:00:00,000",31,Não,45909100,1964889,2026829.5909159,Não Fundef,46,20 anos ou mais,OCC,Acima de R$ 1 milhão e até R$ 10 milhões,MATCH_VALOR_3.7%
12102,TRF - 1a. Região,71103,EFU - Sentenças Judiciais,2026,1543340420254010000,FUNDO DE PARTICIPAÇÃO DOS MUNICÍPIOS - ENTIDADES,1894638,NAO_IDENTIFICADO,PENDENTE,,,0154334-04.2025.4.01.9198,,,UO generica EFU - sem CNPJ especifico para busca,NAO_TESTADO,0830461,Tribunal Regional Federal da 2a. Região,"1977-08-19 00:00:00,000","2024-06-27 00:00:00,000",31,Não,45909100,1964889,2026829.5909159,Não Fundef,46,20 anos ou mais,OCC,Acima de R$ 1 milhão e até R$ 10 milhões,MATCH_VALOR_3.7%
12102,TRF - 1a. Região,71103,EFU - Sentenças Judiciais,2026,381393320254019000,FUNDAF/Fundo Especial de Desenvolvimento e Aperfeiçoamento das Atividades de,1888359,NAO_IDENTIFICADO,PENDENTE,,,0038139-33.2025.4.01.9198,,,UO generica EFU - sem CNPJ especifico para busca,NAO_TESTADO,0830461,Tribunal Regional Federal da 2a. Região,"1977-08-19 00:00:00,000","2024-06-27 00:00:00,000",31,Não,45909100,1964889,2026829.5909159,Não Fundef,46,20 anos ou mais,OCC,Acima de R$ 1 milhão e até R$ 10 milhões,MATCH_VALOR_4.1%
12102,TRF - 1a. Região,49201,INCRA,2026,1322718220254010000,Desapropriação por Interesse Social para Reforma Agrária - Intervenção do Estado na,1886473,NAO_IDENTIFICADO,PENDENTE,,,0132271-82.2025.4.01.9198,,00375972000160,Precatorio de 2025 mas PRC extraidos ate 2022 - nao sincronizado no TRF1 publico,TRF1,,,,,,,,,,,,,,,SEM_MATCH_VALOR_138_cand
11101,Superior Tribunal de Justiça,52101,M. da Defesa,2024,12777,Administrativo - Garantias Constitucionais - Anistia Política (PRINCIPAL),1886129,NAO_IDENTIFICADO,PENDENTE,,,,,,Entidade nao mapeada para extracao TRF1,NAO_TESTADO,,,,,,,,,,,,,,,SEM_UO_NO_SIOP
12102,TRF - 1a. Região,71103,EFU - Sentenças Judiciais,2026,1674914420254010000,Reintegração - Regime Estatutário - Servidor Público Civil - Administrativo,1885869,NAO_IDENTIFICADO,PENDENTE,,,0167491-44.2025.4.01.9198,,,UO generica EFU - sem CNPJ especifico para busca,NAO_TESTADO,0830461,Tribunal Regional Federal da 2a. Região,"1977-08-19 00:00:00,000","2024-06-27 00:00:00,000",31,Não,45909100,1964889,2026829.5909159,Não Fundef,46,20 anos ou mais,OCC,Acima de R$ 1 milhão e até R$ 10 milhões,MATCH_VALOR_4.2%
12102,TRF - 1a. Região,71103,EFU - Sentenças Judiciais,2026,1540899020254010000,Reintegração - Regime Estatutário - Servidor Público Civil - Administrativo,1884070,NAO_IDENTIFICADO,PENDENTE,,,0154089-90.2025.4.01.9198,,,UO generica EFU - sem CNPJ especifico para busca,NAO_TESTADO,0830461,Tribunal Regional Federal da 2a. Região,"1977-08-19 00:00:00,000","2024-06-27 00:00:00,000",31,Não,45909100,1964889,2026829.5909159,Não Fundef,46,20 anos ou mais,OCC,Acima de R$ 1 milhão e até R$ 10 milhões,MATCH_VALOR_4.3%
12102,TRF - 1a. Região,71103,EFU - Sentenças Judiciais,2026,1346413420254010000,PROMOÇÃO - REGIME - SERVIDOR PÚBLICO MILITAR - ADMINISTRATIVO,1883948,NAO_IDENTIFICADO,PENDENTE,,,0134641-34.2025.4.01.9198,,,UO generica EFU - sem CNPJ especifico para busca,NAO_TESTADO,0830461,Tribunal Regional Federal da 2a. Região,"1977-08-19 00:00:00,000","2024-06-27 00:00:00,000",31,Não,45909100,1964889,2026829.5909159,Não Fundef,46,20 anos ou mais,OCC,Acima de R$ 1 milhão e até R$ 10 milhões,MATCH_VALOR_4.3%
12102,TRF - 1a. Região,71103,EFU - Sentenças Judiciais,2026,5887705520244010000,Honorários Advocatícios em Execução Contra a Fazenda Pública - Sucumbência,1880316,NAO_IDENTIFICADO,PENDENTE,,,0588770-55.2024.4.01.9198,,,UO generica EFU - sem CNPJ especifico para busca,NAO_TESTADO,0830461,Tribunal Regional Federal da 2a. Região,"1977-08-19 00:00:00,000","2024-06-27 00:00:00,000",31,Não,45909100,1964889,2026829.5909159,Não Fundef,46,20 anos ou mais,OCC,Acima de R$ 1 milhão e até R$ 10 milhões,MATCH_VALOR_4.5%
12102,TRF - 1a. Região,71103,EFU - Sentenças Judiciais,2026,1645441720254010000,CONCESSÃO - PENSÃO - SERVIDOR PÚBLICO CIVIL - ADMINISTRATIVO,1874991,NAO_IDENTIFICADO,PENDENTE,,,0164544-17.2025.4.01.9198,,,UO generica EFU - sem CNPJ especifico para busca,NAO_TESTADO,0830461,Tribunal Regional Federal da 2a. Região,"1977-08-19 00:00:00,000","2024-06-27 00:00:00,000",31,Não,45909100,1964889,2026829.5909159,Não Fundef,46,20 anos ou mais,OCC,Acima de R$ 1 milhão e até R$ 10 milhões,MATCH_VALOR_4.8%
12102,TRF - 1a. Região,71103,EFU - Sentenças Judiciais,2026,1674905920254010000,Reintegração - Regime Estatutário - Servidor Público Civil - Administrativo,1873638,NAO_IDENTIFICADO,PENDENTE,,,0167490-59.2025.4.01.9198,,,UO generica EFU - sem CNPJ especifico para busca,NAO_TESTADO,0830461,Tribunal Regional Federal da 2a. Região,"1977-08-19 00:00:00,000","2024-06-27 00:00:00,000",31,Não,45909100,1964889,2026829.5909159,Não Fundef,46,20 anos ou mais,OCC,Acima de R$ 1 milhão e até R$ 10 milhões,MATCH_VALOR_4.9%
12102,TRF - 1a. Região,33201,INSS,2026,1477208020254010000,PIS - Contribuição Social - Contribuições - Direito Tributário,1873322,NAO_IDENTIFICADO,PENDENTE,,,0147720-80.2025.4.01.9198,,29979036000140,Entidade sem PRC extraido no TRF1 (CNPJ pode estar incorreto),TRF1,,,,,,,,,,,,,,,SEM_MATCH_VALOR_361_cand
12102,TRF - 1a. Região,71103,EFU - Sentenças Judiciais,2026,1674897420254010000,Reintegração - Regime Estatutário - Servidor Público Civil - Administrativo,1868946,NAO_IDENTIFICADO,PENDENTE,,,0167489-74.2025.4.01.9198,,,UO generica EFU - sem CNPJ especifico para busca,NAO_TESTADO,0830461,Tribunal Regional Federal da 2a. Região,"1977-08-19 00:00:00,000","2024-06-27 00:00:00,000",31,Não,45909100,1964889,2026829.5909159,Não Fundef,46,20 anos ou mais,OCC,Acima de R$ 1 milhão e até R$ 10 milhões,MATCH_VALOR_5.1%
12102,TRF - 1a. Região,71103,EFU - Sentenças Judiciais,2026,2233030820244010000,Inquérito/Processo/Recurso Administrativo - Atos Administrativos - Administrativo,1864818,NAO_IDENTIFICADO,PENDENTE,,,0223303-08.2024.4.01.9198,,,UO generica EFU - sem CNPJ especifico para busca,NAO_TESTADO,0830461,Tribunal Regional Federal da 2a. Região,"1977-08-19 00:00:00,000","2024-06-27 00:00:00,000",31,Não,45909100,1964889,2026829.5909159,Não Fundef,46,20 anos ou mais,OCC,Acima de R$ 1 milhão e até R$ 10 milhões,MATCH_VALOR_5.4%
12102,TRF - 1a. Região,71103,EFU - Sentenças Judiciais,2026,1540880820254010000,Reintegração - Regime Estatutário - Servidor Público Civil - Administrativo,1864490,NAO_IDENTIFICADO,PENDENTE,,,0154088-08.2025.4.01.9198,,,UO generica EFU - sem CNPJ especifico para busca,NAO_TESTADO,0830461,Tribunal Regional Federal da 2a. Região,"1977-08-19 00:00:00,000","2024-06-27 00:00:00,000",31,Não,45909100,1964889,2026829.5909159,Não Fundef,46,20 anos ou mais,OCC,Acima de R$ 1 milhão e até R$ 10 milhões,MATCH_VALOR_5.4%
12103,TRF - 2a. Região,49201,INCRA,2026,50111699020254000000,Gratificações de Atividade,1864321,NAO_IDENTIFICADO,PENDENTE,,,5011169-90.2025.4.00.9198,,00375972000160,Formato 20 dig com tribunal 00 - provavel outro TRF (nao TRF1),TRF1,,,,,,,,,,,,,,,SEM_MATCH_VALOR_138_cand
12102,TRF - 1a. Região,71103,EFU - Sentenças Judiciais,2026,7727292920244010000,Reforma - Sistema Remuneratório - Servidor Público Militar - Administrativo,1862243,NAO_IDENTIFICADO,PENDENTE,,,0772729-29.2024.4.01.9198,,,UO generica EFU - sem CNPJ especifico para busca,NAO_TESTADO,0830461,Tribunal Regional Federal da 2a. Região,"1977-08-19 00:00:00,000","2024-06-27 00:00:00,000",31,Não,45909100,1964889,2026829.5909159,Não Fundef,46,20 anos ou mais,OCC,Acima de R$ 1 milhão e até R$ 10 milhões,MATCH_VALOR_5.5%
12102,TRF - 1a. Região,71103,EFU - Sentenças Judiciais,2026,1674888920254010000,Reintegração - Regime Estatutário - Servidor Público Civil - Administrativo,1861658,NAO_IDENTIFICADO,PENDENTE,,,0167488-89.2025.4.01.9198,,,UO generica EFU - sem CNPJ especifico para busca,NAO_TESTADO,0830461,Tribunal Regional Federal da 2a. Região,"1977-08-19 00:00:00,000","2024-06-27 00:00:00,000",31,Não,45909100,1964889,2026829.5909159,Não Fundef,46,20 anos ou mais,OCC,Acima de R$ 1 milhão e até R$ 10 milhões,MATCH_VALOR_5.5%
12102,TRF - 1a. Região,26271,Fund. Univ. de Brasília,2026,1553924220254010000,Prestação de serviços - Espécies de contrato - Obrigações - Direito Civil e outras matérias,1852495,NAO_IDENTIFICADO,PENDENTE,,,0155392-42.2025.4.01.9198,,,Entidade nao mapeada para extracao TRF1,NAO_TESTADO,,,,,,,,,,,,,,,SEM_MATCH_VALOR_3_cand
12102,TRF - 1a. Região,33201,INSS,2026,1543895220254010000,"Índice de 28,86% Lei 8.622/1993 e 8.627/1993 - Reajuste de Vencimentos - Servidor",1850933,NAO_IDENTIFICADO,PENDENTE,,,0154389-52.2025.4.01.9198,,29979036000140,Entidade sem PRC extraido no TRF1 (CNPJ pode estar incorreto),TRF1,,,,,,,,,,,,,,,SEM_MATCH_VALOR_361_cand
12102,TRF - 1a. Região,71103,EFU - Sentenças Judiciais,2026,3941322220244010000,Descontos Indevidos - Sistema Remuneratório - Servidor Público Civil - Administrativo,1847615,NAO_IDENTIFICADO,PENDENTE,,,0394132-22.2024.4.01.9198,,,UO generica EFU - sem CNPJ especifico para busca,NAO_TESTADO,0830461,Tribunal Regional Federal da 2a. Região,"1977-08-19 00:00:00,000","2024-06-27 00:00:00,000",31,Não,45909100,1964889,2026829.5909159,Não Fundef,46,20 anos ou mais,OCC,Acima de R$ 1 milhão e até R$ 10 milhões,MATCH_VALOR_6.3%
12102,TRF - 1a. Região,71103,EFU - Sentenças Judiciais,2026,1544345620254010000,REINTEGRAÇÃO - REGIME - SERVIDOR PÚBLICO MILITAR - ADMINISTRATIVO,1836973,NAO_IDENTIFICADO,PENDENTE,,,0154434-56.2025.4.01.9198,,,UO generica EFU - sem CNPJ especifico para busca,NAO_TESTADO,0834669,Tribunal Regional Federal da 2a. Região,"2019-10-31 00:00:00,000","2025-03-25 00:00:00,000",21,Sim,33909100,1712628,1766616.3883207224,Não Fundef,5,De 5 até 10 anos,OCC,Acima de R$ 1 milhão e até R$ 10 milhões,MATCH_VALOR_6.8%
12102,TRF - 1a. Região,71103,EFU - Sentenças Judiciais,2026,1674870720254010000,Reintegração - Regime Estatutário - Servidor Público Civil - Administrativo,1836605,NAO_IDENTIFICADO,PENDENTE,,,0167487-07.2025.4.01.9198,,,UO generica EFU - sem CNPJ especifico para busca,NAO_TESTADO,0834669,Tribunal Regional Federal da 2a. Região,"2019-10-31 00:00:00,000","2025-03-25 00:00:00,000",21,Sim,33909100,1712628,1766616.3883207224,Não Fundef,5,De 5 até 10 anos,OCC,Acima de R$ 1 milhão e até R$ 10 milhões,MATCH_VALOR_6.8%
12102,TRF - 1a. Região,71103,EFU - Sentenças Judiciais,2026,1547471720254010000,IPI/ Imposto sobre Produtos Industrializados - Impostos - Direito Tributário,1835820,NAO_IDENTIFICADO,PENDENTE,,,0154747-17.2025.4.01.9198,,,UO generica EFU - sem CNPJ especifico para busca,NAO_TESTADO,0834669,Tribunal Regional Federal da 2a. Região,"2019-10-31 00:00:00,000","2025-03-25 00:00:00,000",21,Sim,33909100,1712628,1766616.3883207224,Não Fundef,5,De 5 até 10 anos,OCC,Acima de R$ 1 milhão e até R$ 10 milhões,MATCH_VALOR_6.7%
12102,TRF - 1a. Região,71103,EFU - Sentenças Judiciais,2026,1648257020254010000,Cofins - Contribuição Social - Contribuições - Direito Tributário,1834797,NAO_IDENTIFICADO,PENDENTE,,,0164825-70.2025.4.01.9198,,,UO generica EFU - sem CNPJ especifico para busca,NAO_TESTADO,0834669,Tribunal Regional Federal da 2a. Região,"2019-10-31 00:00:00,000","2025-03-25 00:00:00,000",21,Sim,33909100,1712628,1766616.3883207224,Não Fundef,5,De 5 até 10 anos,OCC,Acima de R$ 1 milhão e até R$ 10 milhões,MATCH_VALOR_6.7%
12102,TRF - 1a. Região,71103,EFU - Sentenças Judiciais,2026,1674862220254010000,Reintegração - Regime Estatutário - Servidor Público Civil - Administrativo,1833749,NAO_IDENTIFICADO,PENDENTE,,,0167486-22.2025.4.01.9198,,,UO generica EFU - sem CNPJ especifico para busca,NAO_TESTADO,0834669,Tribunal Regional Federal da 2a. Região,"2019-10-31 00:00:00,000","2025-03-25 00:00:00,000",21,Sim,33909100,1712628,1766616.3883207224,Não Fundef,5,De 5 até 10 anos,OCC,Acima de R$ 1 milhão e até R$ 10 milhões,MATCH_VALOR_6.6%
11101,Superior Tribunal de Justiça,52101,M. da Defesa,2024,12675,Administrativo - Militar - Regime - Anistia Política,1829538,NAO_IDENTIFICADO,PENDENTE,,,,,,Entidade nao mapeada para extracao TRF1,NAO_TESTADO,,,,,,,,,,,,,,,SEM_UO_NO_SIOP
12102,TRF - 1a. Região,39207,VALEC,2026,463843320254019000,Desapropriação por Utilidade Pública/DL 3.365/41 - Intervenção na Propriedade,1828105,NAO_IDENTIFICADO,PENDENTE,,,0046384-33.2025.4.01.9198,,,Entidade nao mapeada para extracao TRF1,NAO_TESTADO,,,,,,,,,,,,,,,SEM_MATCH_VALOR_12_cand
12102,TRF - 1a. Região,71103,EFU - Sentenças Judiciais,2026,1364246120254010000,FUNDO DE PARTICIPAÇÃO DOS MUNICÍPIOS - ENTIDADES,1827916,NAO_IDENTIFICADO,PENDENTE,,,0136424-61.2025.4.01.9198,,,UO generica EFU - sem CNPJ especifico para busca,NAO_TESTADO,0834669,Tribunal Regional Federal da 2a. Região,"2019-10-31 00:00:00,000","2025-03-25 00:00:00,000",21,Sim,33909100,1712628,1766616.3883207224,Não Fundef,5,De 5 até 10 anos,OCC,Acima de R$ 1 milhão e até R$ 10 milhões,MATCH_VALOR_6.3%
12102,TRF - 1a. Região,71103,EFU - Sentenças Judiciais,2026,1364254620254010000,FUNDO DE PARTICIPAÇÃO DOS MUNICÍPIOS - ENTIDADES,1827916,NAO_IDENTIFICADO,PENDENTE,,,0136425-46.2025.4.01.9198,,,UO generica EFU - sem CNPJ especifico para busca,NAO_TESTADO,0834669,Tribunal Regional Federal da 2a. Região,"2019-10-31 00:00:00,000","2025-03-25 00:00:00,000",21,Sim,33909100,1712628,1766616.3883207224,Não Fundef,5,De 5 até 10 anos,OCC,Acima de R$ 1 milhão e até R$ 10 milhões,MATCH_VALOR_6.3%
12102,TRF - 1a. Região,33904,F. Regime Geral Prev. Social,2026,1185592520254010000,Aposentadoria por tempo de serviço (art. 52/4) - Benefícios em Espécie - Direito,1821613,NAO_IDENTIFICADO,PENDENTE,,,0118559-25.2025.4.01.9198,,,Entidade nao mapeada para extracao TRF1,NAO_TESTADO,0958521,Conselho Nacional de Justiça,"2004-01-12 00:00:00,000","2025-04-01 00:00:00,000",13,Não,33909100,1910470,1970695.102144243,Não Fundef,21,20 anos ou mais,Previdência,Acima de R$ 1 milhão e até R$ 10 milhões,MATCH_VALOR_4.9%
12102,TRF - 1a. Região,71103,EFU - Sentenças Judiciais,2026,1406276620254010000,Finsocial - Contribuição Social - Contribuições - Direito Tributário,1821391,NAO_IDENTIFICADO,PENDENTE,,,0140627-66.2025.4.01.9198,,,UO generica EFU - sem CNPJ especifico para busca,NAO_TESTADO,0834669,Tribunal Regional Federal da 2a. Região,"2019-10-31 00:00:00,000","2025-03-25 00:00:00,000",21,Sim,33909100,1712628,1766616.3883207224,Não Fundef,5,De 5 até 10 anos,OCC,Acima de R$ 1 milhão e até R$ 10 milhões,MATCH_VALOR_6.0%
12102,TRF - 1a. Região,71103,EFU - Sentenças Judiciais,2026,1544337120254010000,REINTEGRAÇÃO - REGIME - SERVIDOR PÚBLICO MILITAR - ADMINISTRATIVO,1819920,NAO_IDENTIFICADO,PENDENTE,,,0154433-71.2025.4.01.9198,,,UO generica EFU - sem CNPJ especifico para busca,NAO_TESTADO,0834669,Tribunal Regional Federal da 2a. Região,"2019-10-31 00:00:00,000","2025-03-25 00:00:00,000",21,Sim,33909100,1712628,1766616.3883207224,Não Fundef,5,De 5 até 10 anos,OCC,Acima de R$ 1 milhão e até R$ 10 milhões,MATCH_VALOR_5.9%
12102,TRF - 1a. Região,71103,EFU - Sentenças Judiciais,2026,1543331920254010000,FUNDO DE PARTICIPAÇÃO DOS MUNICÍPIOS - ENTIDADES,1817143,NAO_IDENTIFICADO,PENDENTE,,,0154333-19.2025.4.01.9198,,,UO generica EFU - sem CNPJ especifico para busca,NAO_TESTADO,0834669,Tribunal Regional Federal da 2a. Região,"2019-10-31 00:00:00,000","2025-03-25 00:00:00,000",21,Sim,33909100,1712628,1766616.3883207224,Não Fundef,5,De 5 até 10 anos,OCC,Acima de R$ 1 milhão e até R$ 10 milhões,MATCH_VALOR_5.8%
12102,TRF - 1a. Região,71103,EFU - Sentenças Judiciais,2026,988171420254019000,Reforma - Sistema Remuneratório - Servidor Público Militar - Administrativo,1816068,NAO_IDENTIFICADO,PENDENTE,,,0098817-14.2025.4.01.9198,,,UO generica EFU - sem CNPJ especifico para busca,NAO_TESTADO,0834669,Tribunal Regional Federal da 2a. Região,"2019-10-31 00:00:00,000","2025-03-25 00:00:00,000",21,Sim,33909100,1712628,1766616.3883207224,Não Fundef,5,De 5 até 10 anos,OCC,Acima de R$ 1 milhão e até R$ 10 milhões,MATCH_VALOR_5.7%
12102,TRF - 1a. Região,71103,EFU - Sentenças Judiciais,2026,1684094820254010000,Honorários Advocatícios - Sucumbência - Partes e Procuradores - DIREITO,1813991,NAO_IDENTIFICADO,PENDENTE,,,0168409-48.2025.4.01.9198,,,UO generica EFU - sem CNPJ especifico para busca,NAO_TESTADO,0834669,Tribunal Regional Federal da 2a. Região,"2019-10-31 00:00:00,000","2025-03-25 00:00:00,000",21,Sim,33909100,1712628,1766616.3883207224,Não Fundef,5,De 5 até 10 anos,OCC,Acima de R$ 1 milhão e até R$ 10 milhões,MATCH_VALOR_5.6%
12102,TRF - 1a. Região,71103,EFU - Sentenças Judiciais,2026,1674853720254010000,Reintegração - Regime Estatutário - Servidor Público Civil - Administrativo,1809124,NAO_IDENTIFICADO,PENDENTE,,,0167485-37.2025.4.01.9198,,,UO generica EFU - sem CNPJ especifico para busca,NAO_TESTADO,0834669,Tribunal Regional Federal da 2a. Região,"2019-10-31 00:00:00,000","2025-03-25 00:00:00,000",21,Sim,33909100,1712628,1766616.3883207224,Não Fundef,5,De 5 até 10 anos,OCC,Acima de R$ 1 milhão e até R$ 10 milhões,MATCH_VALOR_5.3%
12103,TRF - 2a. Região,33904,F. Regime Geral Prev. Social,2026,50079827420254000000,Pensão por Morte (Art. 74/9),1804204,NAO_IDENTIFICADO,PENDENTE,,,5007982-74.2025.4.00.9198,,,Entidade nao mapeada para extracao TRF1,NAO_TESTADO,0958521,Conselho Nacional de Justiça,"2004-01-12 00:00:00,000","2025-04-01 00:00:00,000",13,Não,33909100,1910470,1970695.102144243,Não Fundef,21,20 anos ou mais,Previdência,Acima de R$ 1 milhão e até R$ 10 milhões,MATCH_VALOR_5.9%
12102,TRF - 1a. Região,71103,EFU - Sentenças Judiciais,2026,1674845220254010000,Reintegração - Regime Estatutário - Servidor Público Civil - Administrativo,1803997,NAO_IDENTIFICADO,PENDENTE,,,0167484-52.2025.4.01.9198,,,UO generica EFU - sem CNPJ especifico para busca,NAO_TESTADO,0834669,Tribunal Regional Federal da 2a. Região,"2019-10-31 00:00:00,000","2025-03-25 00:00:00,000",21,Sim,33909100,1712628,1766616.3883207224,Não Fundef,5,De 5 até 10 anos,OCC,Acima de R$ 1 milhão e até R$ 10 milhões,MATCH_VALOR_5.1%
11101,Superior Tribunal de Justiça,52101,M. da Defesa,2025,12860,Administrativo - Garantias Constitucionais - Anistia Política (PRINCIPAL),1803347,NAO_IDENTIFICADO,PENDENTE,,,,,,Entidade nao mapeada para extracao TRF1,NAO_TESTADO,,,,,,,,,,,,,,,SEM_UO_NO_SIOP
12102,TRF - 1a. Região,49201,INCRA,2026,1435688620254010000,Desapropriação - Intervenção na Propriedade - Administrativo,1801001,NAO_IDENTIFICADO,PENDENTE,,,0143568-86.2025.4.01.9198,,00375972000160,Precatorio de 2025 mas PRC extraidos ate 2022 - nao sincronizado no TRF1 publico,TRF1,,,,,,,,,,,,,,,SEM_MATCH_VALOR_138_cand
12102,TRF - 1a. Região,39252,DNIT,2026,1600042320254010000,Pagamento Atrasado/Correção Monetária - Contratos Administrativos - Direito,1797917,IDENTIFICADO_PRC,PRC,0000517-32.2016.4.01.9198,0001648-37.2015.4.01.3100/AP,0160004-23.2025.4.01.9198,1_prc_entidade,04892707000100,,TRF1,,,,,,,,,,,,,,,SEM_MATCH_VALOR_33_cand
11101,Superior Tribunal de Justiça,52101,M. da Defesa,2024,12817,Administrativo - Militar - Regime - Anistia Política (PRINCIPAL),1794843,NAO_IDENTIFICADO,PENDENTE,,,,,,Entidade nao mapeada para extracao TRF1,NAO_TESTADO,,,,,,,,,,,,,,,SEM_UO_NO_SIOP
12102,TRF - 1a. Região,33904,F. Regime Geral Prev. Social,2026,6025489220244010000,Correção monetária de benefício pago com atraso - Reajustamento do valor dos,1787631,NAO_IDENTIFICADO,PENDENTE,,,0602548-92.2024.4.01.9198,,,Entidade nao mapeada para extracao TRF1,NAO_TESTADO,0958521,Conselho Nacional de Justiça,"2004-01-12 00:00:00,000","2025-04-01 00:00:00,000",13,Não,33909100,1910470,1970695.102144243,Não Fundef,21,20 anos ou mais,Previdência,Acima de R$ 1 milhão e até R$ 10 milhões,MATCH_VALOR_6.9%
12102,TRF - 1a. Região,71103,EFU - Sentenças Judiciais,2026,1540863820254010000,Reintegração - Regime Estatutário - Servidor Público Civil - Administrativo,1784635,NAO_IDENTIFICADO,PENDENTE,,,0154086-38.2025.4.01.9198,,,UO generica EFU - sem CNPJ especifico para busca,NAO_TESTADO,0834669,Tribunal Regional Federal da 2a. Região,"2019-10-31 00:00:00,000","2025-03-25 00:00:00,000",21,Sim,33909100,1712628,1766616.3883207224,Não Fundef,5,De 5 até 10 anos,OCC,Acima de R$ 1 milhão e até R$ 10 milhões,MATCH_VALOR_4.0%
12102,TRF - 1a. Região,71103,EFU - Sentenças Judiciais,2026,1544328620254010000,REINTEGRAÇÃO - REGIME - SERVIDOR PÚBLICO MILITAR - ADMINISTRATIVO,1779476,NAO_IDENTIFICADO,PENDENTE,,,0154432-86.2025.4.01.9198,,,UO generica EFU - sem CNPJ especifico para busca,NAO_TESTADO,0834669,Tribunal Regional Federal da 2a. Região,"2019-10-31 00:00:00,000","2025-03-25 00:00:00,000",21,Sim,33909100,1712628,1766616.3883207224,Não Fundef,5,De 5 até 10 anos,OCC,Acima de R$ 1 milhão e até R$ 10 milhões,MATCH_VALOR_3.8%
12102,TRF - 1a. Região,71103,EFU - Sentenças Judiciais,2026,1540872320254010000,Reintegração - Regime Estatutário - Servidor Público Civil - Administrativo,1778721,NAO_IDENTIFICADO,PENDENTE,,,0154087-23.2025.4.01.9198,,,UO generica EFU - sem CNPJ especifico para busca,NAO_TESTADO,0834669,Tribunal Regional Federal da 2a. Região,"2019-10-31 00:00:00,000","2025-03-25 00:00:00,000",21,Sim,33909100,1712628,1766616.3883207224,Não Fundef,5,De 5 até 10 anos,OCC,Acima de R$ 1 milhão e até R$ 10 milhões,MATCH_VALOR_3.7%
12102,TRF - 1a. Região,26271,Fund. Univ. de Brasília,2026,920903920254019000,Edital - Licitações e Contratos - Administrativo,1777205,NAO_IDENTIFICADO,PENDENTE,,,0092090-39.2025.4.01.9198,,,Entidade nao mapeada para extracao TRF1,NAO_TESTADO,,,,,,,,,,,,,,,SEM_MATCH_VALOR_3_cand
12102,TRF - 1a. Região,71103,EFU - Sentenças Judiciais,2026,920895420254019000,EXCLUSÃO DE ICMS - BASE DE CÁLCULO - CRÉDITO TRIBUTÁRIO,1775289,NAO_IDENTIFICADO,PENDENTE,,,0092089-54.2025.4.01.9198,,,UO generica EFU - sem CNPJ especifico para busca,NAO_TESTADO,0834669,Tribunal Regional Federal da 2a. Região,"2019-10-31 00:00:00,000","2025-03-25 00:00:00,000",21,Sim,33909100,1712628,1766616.3883207224,Não Fundef,5,De 5 até 10 anos,OCC,Acima de R$ 1 milhão e até R$ 10 milhões,MATCH_VALOR_3.5%
12103,TRF - 2a. Região,26269,Fund. Univ. do Rio de Janeiro,2026,50084287720254000000,Prestação de serviços,1774328,NAO_IDENTIFICADO,PENDENTE,,,5008428-77.2025.4.00.9198,,,Entidade nao mapeada para extracao TRF1,NAO_TESTADO,,,,,,,,,,,,,,,SEM_MATCH_VALOR_5_cand
12102,TRF - 1a. Região,71103,EFU - Sentenças Judiciais,2026,5931770720244010000,Redução de Alíquota IR/CSLL - Serviços Hospitalares,1770191,NAO_IDENTIFICADO,PENDENTE,,,0593177-07.2024.4.01.9198,,,UO generica EFU - sem CNPJ especifico para busca,NAO_TESTADO,0834669,Tribunal Regional Federal da 2a. Região,"2019-10-31 00:00:00,000","2025-03-25 00:00:00,000",21,Sim,33909100,1712628,1766616.3883207224,Não Fundef,5,De 5 até 10 anos,OCC,Acima de R$ 1 milhão e até R$ 10 milhões,MATCH_VALOR_3.3%
12102,TRF - 1a. Região,71103,EFU - Sentenças Judiciais,2026,1543323420254010000,FUNDO DE PARTICIPAÇÃO DOS MUNICÍPIOS - ENTIDADES,1758450,NAO_IDENTIFICADO,PENDENTE,,,0154332-34.2025.4.01.9198,,,UO generica EFU - sem CNPJ especifico para busca,NAO_TESTADO,0834669,Tribunal Regional Federal da 2a. Região,"2019-10-31 00:00:00,000","2025-03-25 00:00:00,000",21,Sim,33909100,1712628,1766616.3883207224,Não Fundef,5,De 5 até 10 anos,OCC,Acima de R$ 1 milhão e até R$ 10 milhões,MATCH_VALOR_2.6%
12102,TRF - 1a. Região,71103,EFU - Sentenças Judiciais,2026,1540855320254010000,Reintegração - Regime Estatutário - Servidor Público Civil - Administrativo,1756712,NAO_IDENTIFICADO,PENDENTE,,,0154085-53.2025.4.01.9198,,,UO generica EFU - sem CNPJ especifico para busca,NAO_TESTADO,0834669,Tribunal Regional Federal da 2a. Região,"2019-10-31 00:00:00,000","2025-03-25 00:00:00,000",21,Sim,33909100,1712628,1766616.3883207224,Não Fundef,5,De 5 até 10 anos,OCC,Acima de R$ 1 milhão e até R$ 10 milhões,MATCH_VALOR_2.5%
12102,TRF - 1a. Região,71103,EFU - Sentenças Judiciais,2026,1544310420254010000,REINTEGRAÇÃO - REGIME - SERVIDOR PÚBLICO MILITAR - ADMINISTRATIVO,1755746,NAO_IDENTIFICADO,PENDENTE,,,0154431-04.2025.4.01.9198,,,UO generica EFU - sem CNPJ especifico para busca,NAO_TESTADO,0834669,Tribunal Regional Federal da 2a. Região,"2019-10-31 00:00:00,000","2025-03-25 00:00:00,000",21,Sim,33909100,1712628,1766616.3883207224,Não Fundef,5,De 5 até 10 anos,OCC,Acima de R$ 1 milhão e até R$ 10 milhões,MATCH_VALOR_2.5%
12102,TRF - 1a. Região,71103,EFU - Sentenças Judiciais,2026,1543314920254010000,FUNDO DE PARTICIPAÇÃO DOS MUNICÍPIOS - ENTIDADES,1749657,NAO_IDENTIFICADO,PENDENTE,,,0154331-49.2025.4.01.9198,,,UO generica EFU - sem CNPJ especifico para busca,NAO_TESTADO,0834669,Tribunal Regional Federal da 2a. Região,"2019-10-31 00:00:00,000","2025-03-25 00:00:00,000",21,Sim,33909100,1712628,1766616.3883207224,Não Fundef,5,De 5 até 10 anos,OCC,Acima de R$ 1 milhão e até R$ 10 milhões,MATCH_VALOR_2.1%
11101,Superior Tribunal de Justiça,52101,M. da Defesa,2025,13274,Administrativo - Militar - Regime - Anistia Política,1746288,NAO_IDENTIFICADO,PENDENTE,,,,,,Entidade nao mapeada para extracao TRF1,NAO_TESTADO,,,,,,,,,,,,,,,SEM_UO_NO_SIOP
12102,TRF - 1a. Região,71103,EFU - Sentenças Judiciais,2026,1683133320254010000,FUNDEF/Fundo de Manutenção e Desenvolvimento do Ensino Fundamental e,1746036,NAO_IDENTIFICADO,PENDENTE,,,0168313-33.2025.4.01.9198,,,UO generica EFU - sem CNPJ especifico para busca,NAO_TESTADO,0834669,Tribunal Regional Federal da 2a. Região,"2019-10-31 00:00:00,000","2025-03-25 00:00:00,000",21,Sim,33909100,1712628,1766616.3883207224,Não Fundef,5,De 5 até 10 anos,OCC,Acima de R$ 1 milhão e até R$ 10 milhões,MATCH_VALOR_1.9%
12102,TRF - 1a. Região,71103,EFU - Sentenças Judiciais,2026,1648395420254010000,Cofins - Contribuição Social - Contribuições - Direito Tributário,1745561,NAO_IDENTIFICADO,PENDENTE,,,0164839-54.2025.4.01.9198,,,UO generica EFU - sem CNPJ especifico para busca,NAO_TESTADO,0834669,Tribunal Regional Federal da 2a. Região,"2019-10-31 00:00:00,000","2025-03-25 00:00:00,000",21,Sim,33909100,1712628,1766616.3883207224,Não Fundef,5,De 5 até 10 anos,OCC,Acima de R$ 1 milhão e até R$ 10 milhões,MATCH_VALOR_1.9%
12102,TRF - 1a. Região,71103,EFU - Sentenças Judiciais,2026,1543306420254010000,FUNDO DE PARTICIPAÇÃO DOS MUNICÍPIOS - ENTIDADES,1736742,NAO_IDENTIFICADO,PENDENTE,,,0154330-64.2025.4.01.9198,,,UO generica EFU - sem CNPJ especifico para busca,NAO_TESTADO,0834669,Tribunal Regional Federal da 2a. Região,"2019-10-31 00:00:00,000","2025-03-25 00:00:00,000",21,Sim,33909100,1712628,1766616.3883207224,Não Fundef,5,De 5 até 10 anos,OCC,Acima de R$ 1 milhão e até R$ 10 milhões,MATCH_VALOR_1.4%
12102,TRF - 1a. Região,71103,EFU - Sentenças Judiciais,2026,1680812120254010000,Anistia Administrativa - Regime Estatutário - Servidor Público Civil - Administrativo,1732504,NAO_IDENTIFICADO,PENDENTE,,,0168081-21.2025.4.01.9198,,,UO generica EFU - sem CNPJ especifico para busca,NAO_TESTADO,0834669,Tribunal Regional Federal da 2a. Região,"2019-10-31 00:00:00,000","2025-03-25 00:00:00,000",21,Sim,33909100,1712628,1766616.3883207224,Não Fundef,5,De 5 até 10 anos,OCC,Acima de R$ 1 milhão e até R$ 10 milhões,MATCH_VALOR_1.1%
12102,TRF - 1a. Região,71103,EFU - Sentenças Judiciais,2026,7726756320244010000,Gratificação Incorporada/Quintos e Décimos/VPNI - Sistema Remuneratório e,1730437,NAO_IDENTIFICADO,PENDENTE,,,0772675-63.2024.4.01.9198,,,UO generica EFU - sem CNPJ especifico para busca,NAO_TESTADO,0834669,Tribunal Regional Federal da 2a. Região,"2019-10-31 00:00:00,000","2025-03-25 00:00:00,000",21,Sim,33909100,1712628,1766616.3883207224,Não Fundef,5,De 5 até 10 anos,OCC,Acima de R$ 1 milhão e até R$ 10 milhões,MATCH_VALOR_1.0%
12102,TRF - 1a. Região,71103,EFU - Sentenças Judiciais,2026,1546943620254010000,FUNDO DE PARTICIPAÇÃO DOS MUNICÍPIOS - ENTIDADES,1728165,NAO_IDENTIFICADO,PENDENTE,,,0154694-36.2025.4.01.9198,,,UO generica EFU - sem CNPJ especifico para busca,NAO_TESTADO,0834669,Tribunal Regional Federal da 2a. Região,"2019-10-31 00:00:00,000","2025-03-25 00:00:00,000",21,Sim,33909100,1712628,1766616.3883207224,Não Fundef,5,De 5 até 10 anos,OCC,Acima de R$ 1 milhão e até R$ 10 milhões,MATCH_VALOR_0.9%
12102,TRF - 1a. Região,33201,INSS,2026,1655133220254010000,"Índice de 28,86% Lei 8.622/1993 e 8.627/1993 - Reajuste de Vencimentos - Servidor",1727660,NAO_IDENTIFICADO,PENDENTE,,,0165513-32.2025.4.01.9198,,29979036000140,Entidade sem PRC extraido no TRF1 (CNPJ pode estar incorreto),TRF1,0806922,Tribunal Regional Federal da 1a. Região,"1993-07-26 00:00:00,000","2025-03-31 00:00:00,000",11,Não,31909100,1195211,1232888.4848905886,Não Fundef,31,20 anos ou mais,Pessoal,Acima de R$ 1 milhão e até R$ 10 milhões,MATCH_APROX_25.8%
12102,TRF - 1a. Região,71103,EFU - Sentenças Judiciais,2026,4169368120244010000,Abono Pecuniário (Art. 78 Lei 8.112/90) - Sistema Remuneratório - Servidor Público,1726221,NAO_IDENTIFICADO,PENDENTE,,,0416936-81.2024.4.01.9198,,,UO generica EFU - sem CNPJ especifico para busca,NAO_TESTADO,0834669,Tribunal Regional Federal da 2a. Região,"2019-10-31 00:00:00,000","2025-03-25 00:00:00,000",21,Sim,33909100,1712628,1766616.3883207224,Não Fundef,5,De 5 até 10 anos,OCC,Acima de R$ 1 milhão e até R$ 10 milhões,MATCH_VALOR_0.8%
12103,TRF - 2a. Região,33904,F. Regime Geral Prev. Social,2026,50108996620254000000,Honorários Advocatícios,1726176,NAO_IDENTIFICADO,PENDENTE,,,5010899-66.2025.4.00.9198,,,Entidade nao mapeada para extracao TRF1,NAO_TESTADO,0958521,Conselho Nacional de Justiça,"2004-01-12 00:00:00,000","2025-04-01 00:00:00,000",13,Não,33909100,1910470,1970695.102144243,Não Fundef,21,20 anos ou mais,Previdência,Acima de R$ 1 milhão e até R$ 10 milhões,MATCH_APROX_10.7%
12102,TRF - 1a. Região,71103,EFU - Sentenças Judiciais,2026,1546952120254010000,FUNDO DE PARTICIPAÇÃO DOS MUNICÍPIOS - ENTIDADES,1725887,NAO_IDENTIFICADO,PENDENTE,,,0154695-21.2025.4.01.9198,,,UO generica EFU - sem CNPJ especifico para busca,NAO_TESTADO,0834669,Tribunal Regional Federal da 2a. Região,"2019-10-31 00:00:00,000","2025-03-25 00:00:00,000",21,Sim,33909100,1712628,1766616.3883207224,Não Fundef,5,De 5 até 10 anos,OCC,Acima de R$ 1 milhão e até R$ 10 milhões,MATCH_VALOR_0.8%
12102,TRF - 1a. Região,26232,UFBA,2026,7332027020244010000,Sistema Remuneratório e Benefícios - Servidor Público Civil - Administrativo,1724595,NAO_IDENTIFICADO,PENDENTE,,,0733202-70.2024.4.01.9198,,15180714000104,CNJ candidato nao encontrado na consulta publica TRF1 - possivel delay de sincronizacao,TRF1,,,,,,,,,,,,,,,SEM_MATCH_VALOR_11_cand
12102,TRF - 1a. Região,71103,EFU - Sentenças Judiciais,2026,6571520320244010000,Anistia Política - Direitos e Garantias Fundamentais,1724025,NAO_IDENTIFICADO,PENDENTE,,,0657152-03.2024.4.01.9198,,,UO generica EFU - sem CNPJ especifico para busca,NAO_TESTADO,0834669,Tribunal Regional Federal da 2a. Região,"2019-10-31 00:00:00,000","2025-03-25 00:00:00,000",21,Sim,33909100,1712628,1766616.3883207224,Não Fundef,5,De 5 até 10 anos,OCC,Acima de R$ 1 milhão e até R$ 10 milhões,MATCH_VALOR_0.7%
12102,TRF - 1a. Região,71103,EFU - Sentenças Judiciais,2026,1625245320254010000,Incentivos fiscais - Crédito Tributário - Direito Tributário,1721956,NAO_IDENTIFICADO,PENDENTE,,,0162524-53.2025.4.01.9198,,,UO generica EFU - sem CNPJ especifico para busca,NAO_TESTADO,0834669,Tribunal Regional Federal da 2a. Região,"2019-10-31 00:00:00,000","2025-03-25 00:00:00,000",21,Sim,33909100,1712628,1766616.3883207224,Não Fundef,5,De 5 até 10 anos,OCC,Acima de R$ 1 milhão e até R$ 10 milhões,MATCH_VALOR_0.5%
12102,TRF - 1a. Região,71103,EFU - Sentenças Judiciais,2026,1687377520254010000,FUNDEF/Fundo de Manutenção e Desenvolvimento do Ensino Fundamental e,1721517,NAO_IDENTIFICADO,PENDENTE,,,0168737-75.2025.4.01.9198,,,UO generica EFU - sem CNPJ especifico para busca,NAO_TESTADO,0834669,Tribunal Regional Federal da 2a. Região,"2019-10-31 00:00:00,000","2025-03-25 00:00:00,000",21,Sim,33909100,1712628,1766616.3883207224,Não Fundef,5,De 5 até 10 anos,OCC,Acima de R$ 1 milhão e até R$ 10 milhões,MATCH_VALOR_0.5%
12102,TRF - 1a. Região,26232,UFBA,2026,7332018520244010000,Sistema Remuneratório e Benefícios - Servidor Público Civil - Administrativo,1721370,NAO_IDENTIFICADO,PENDENTE,,,0733201-85.2024.4.01.9198,,15180714000104,CNJ candidato nao encontrado na consulta publica TRF1 - possivel delay de sincronizacao,TRF1,,,,,,,,,,,,,,,SEM_MATCH_VALOR_11_cand
12102,TRF - 1a. Região,33904,F. Regime Geral Prev. Social,2026,1477155820254010000,Aposentadoria Especial (Art. 57/8) - Benefícios em Espécie - Direito Previdenciário,1721076,NAO_IDENTIFICADO,PENDENTE,,,0147715-58.2025.4.01.9198,,,Entidade nao mapeada para extracao TRF1,NAO_TESTADO,0877509,Tribunal Regional Federal da 3a. Região,"2004-02-16 00:00:00,000","2024-12-02 00:00:00,000",12,Não,33909100,1508855,1556419.7073735006,Não Fundef,20,20 anos ou mais,Previdência,Acima de R$ 1 milhão e até R$ 10 milhões,MATCH_VALOR_7.3%
12102,TRF - 1a. Região,71103,EFU - Sentenças Judiciais,2026,5889065220244010000,PROMOÇÃO - REGIME - SERVIDOR PÚBLICO MILITAR - ADMINISTRATIVO,1720939,NAO_IDENTIFICADO,PENDENTE,,,0588906-52.2024.4.01.9198,,,UO generica EFU - sem CNPJ especifico para busca,NAO_TESTADO,0834669,Tribunal Regional Federal da 2a. Região,"2019-10-31 00:00:00,000","2025-03-25 00:00:00,000",21,Sim,33909100,1712628,1766616.3883207224,Não Fundef,5,De 5 até 10 anos,OCC,Acima de R$ 1 milhão e até R$ 10 milhões,MATCH_VALOR_0.5%
11101,Superior Tribunal de Justiça,25101,M. da Fazenda,2025,12882,Administrativo - Militar - Pensão,1715525,NAO_IDENTIFICADO,PENDENTE,,,,,,Entidade nao mapeada para extracao TRF1,NAO_TESTADO,,,,,,,,,,,,,,,SEM_UO_NO_SIOP
12102,TRF - 1a. Região,39252,DNIT,2026,1288923620254010000,Juros de mora - legais/contratuais - Inadimplemento - Obrigações - Direito Civil e outras,1715358,IDENTIFICADO_PRC,PRC,0000517-32.2016.4.01.9198,0001648-37.2015.4.01.3100/AP,0128892-36.2025.4.01.9198,1_prc_entidade,04892707000100,,TRF1,,,,,,,,,,,,,,,SEM_MATCH_VALOR_33_cand
12102,TRF - 1a. Região,71103,EFU - Sentenças Judiciais,2026,2809687920244010000,PIS - Contribuição Social - Contribuições - Direito Tributário,1713853,NAO_IDENTIFICADO,PENDENTE,,,0280968-79.2024.4.01.9198,,,UO generica EFU - sem CNPJ especifico para busca,NAO_TESTADO,0834669,Tribunal Regional Federal da 2a. Região,"2019-10-31 00:00:00,000","2025-03-25 00:00:00,000",21,Sim,33909100,1712628,1766616.3883207224,Não Fundef,5,De 5 até 10 anos,OCC,Acima de R$ 1 milhão e até R$ 10 milhões,MATCH_VALOR_0.1%
12102,TRF - 1a. Região,33904,F. Regime Geral Prev. Social,2026,711159320254019000,Aposentadoria por Invalidez (Art.42/7) - Benefícios em Espécie - Direito Previdenciário,1710983,NAO_IDENTIFICADO,PENDENTE,,,0071115-93.2025.4.01.9198,,,Entidade nao mapeada para extracao TRF1,NAO_TESTADO,0877509,Tribunal Regional Federal da 3a. Região,"2004-02-16 00:00:00,000","2024-12-02 00:00:00,000",12,Não,33909100,1508855,1556419.7073735006,Não Fundef,20,20 anos ou mais,Previdência,Acima de R$ 1 milhão e até R$ 10 milhões,MATCH_VALOR_6.8%
12102,TRF - 1a. Região,71103,EFU - Sentenças Judiciais,2026,1543297920254010000,FUNDO DE PARTICIPAÇÃO DOS MUNICÍPIOS - ENTIDADES,1710468,NAO_IDENTIFICADO,PENDENTE,,,0154329-79.2025.4.01.9198,,,UO generica EFU - sem CNPJ especifico para busca,NAO_TESTADO,0834669,Tribunal Regional Federal da 2a. Região,"2019-10-31 00:00:00,000","2025-03-25 00:00:00,000",21,Sim,33909100,1712628,1766616.3883207224,Não Fundef,5,De 5 até 10 anos,OCC,Acima de R$ 1 milhão e até R$ 10 milhões,MATCH_VALOR_0.1%
12102,TRF - 1a. Região,71103,EFU - Sentenças Judiciais,2026,1543289420254010000,FUNDO DE PARTICIPAÇÃO DOS MUNICÍPIOS - ENTIDADES,1710324,NAO_IDENTIFICADO,PENDENTE,,,0154328-94.2025.4.01.9198,,,UO generica EFU - sem CNPJ especifico para busca,NAO_TESTADO,0834669,Tribunal Regional Federal da 2a. Região,"2019-10-31 00:00:00,000","2025-03-25 00:00:00,000",21,Sim,33909100,1712628,1766616.3883207224,Não Fundef,5,De 5 até 10 anos,OCC,Acima de R$ 1 milhão e até R$ 10 milhões,MATCH_VALOR_0.1%
12102,TRF - 1a. Região,71103,EFU - Sentenças Judiciais,2026,1547012820254010000,IPI/ Imposto sobre Produtos Industrializados - Impostos - Direito Tributário,1710137,NAO_IDENTIFICADO,PENDENTE,,,0154701-28.2025.4.01.9198,,,UO generica EFU - sem CNPJ especifico para busca,NAO_TESTADO,0834669,Tribunal Regional Federal da 2a. Região,"2019-10-31 00:00:00,000","2025-03-25 00:00:00,000",21,Sim,33909100,1712628,1766616.3883207224,Não Fundef,5,De 5 até 10 anos,OCC,Acima de R$ 1 milhão e até R$ 10 milhões,MATCH_VALOR_0.1%
12103,TRF - 2a. Região,33201,INSS,2026,50113838120254000000,Isonomia/ Equivalência Salarial,1706713,NAO_IDENTIFICADO,PENDENTE,,,5011383-81.2025.4.00.9198,,29979036000140,Formato 20 dig com tribunal 00 - provavel outro TRF (nao TRF1),TRF1,0806922,Tribunal Regional Federal da 1a. Região,"1993-07-26 00:00:00,000","2025-03-31 00:00:00,000",11,Não,31909100,1195211,1232888.4848905886,Não Fundef,31,20 anos ou mais,Pessoal,Acima de R$ 1 milhão e até R$ 10 milhões,MATCH_APROX_30.0%
12102,TRF - 1a. Região,71103,EFU - Sentenças Judiciais,2026,1544301920254010000,REINTEGRAÇÃO - REGIME - SERVIDOR PÚBLICO MILITAR - ADMINISTRATIVO,1701707,NAO_IDENTIFICADO,PENDENTE,,,0154430-19.2025.4.01.9198,,,UO generica EFU - sem CNPJ especifico para busca,NAO_TESTADO,0834669,Tribunal Regional Federal da 2a. Região,"2019-10-31 00:00:00,000","2025-03-25 00:00:00,000",21,Sim,33909100,1712628,1766616.3883207224,Não Fundef,5,De 5 até 10 anos,OCC,Acima de R$ 1 milhão e até R$ 10 milhões,MATCH_VALOR_0.6%
12102,TRF - 1a. Região,71103,EFU - Sentenças Judiciais,2026,1540846820254010000,Reintegração - Regime Estatutário - Servidor Público Civil - Administrativo,1698482,NAO_IDENTIFICADO,PENDENTE,,,0154084-68.2025.4.01.9198,,,UO generica EFU - sem CNPJ especifico para busca,NAO_TESTADO,0834669,Tribunal Regional Federal da 2a. Região,"2019-10-31 00:00:00,000","2025-03-25 00:00:00,000",21,Sim,33909100,1712628,1766616.3883207224,Não Fundef,5,De 5 até 10 anos,OCC,Acima de R$ 1 milhão e até R$ 10 milhões,MATCH_VALOR_0.8%
12102,TRF - 1a. Região,71103,EFU - Sentenças Judiciais,2026,1346396420254010000,PROMOÇÃO - REGIME - SERVIDOR PÚBLICO MILITAR - ADMINISTRATIVO,1697669,NAO_IDENTIFICADO,PENDENTE,,,0134639-64.2025.4.01.9198,,,UO generica EFU - sem CNPJ especifico para busca,NAO_TESTADO,0834669,Tribunal Regional Federal da 2a. Região,"2019-10-31 00:00:00,000","2025-03-25 00:00:00,000",21,Sim,33909100,1712628,1766616.3883207224,Não Fundef,5,De 5 até 10 anos,OCC,Acima de R$ 1 milhão e até R$ 10 milhões,MATCH_VALOR_0.9%
11101,Superior Tribunal de Justiça,52101,M. da Defesa,2025,13203,Administrativo - Militar - Regime - Anistia Política,1695572,NAO_IDENTIFICADO,PENDENTE,,,,,,Entidade nao mapeada para extracao TRF1,NAO_TESTADO,,,,,,,,,,,,,,,SEM_UO_NO_SIOP
12102,TRF - 1a. Região,71103,EFU - Sentenças Judiciais,2026,1540838320254010000,Reintegração - Regime Estatutário - Servidor Público Civil - Administrativo,1694402,NAO_IDENTIFICADO,PENDENTE,,,0154083-83.2025.4.01.9198,,,UO generica EFU - sem CNPJ especifico para busca,NAO_TESTADO,0834669,Tribunal Regional Federal da 2a. Região,"2019-10-31 00:00:00,000","2025-03-25 00:00:00,000",21,Sim,33909100,1712628,1766616.3883207224,Não Fundef,5,De 5 até 10 anos,OCC,Acima de R$ 1 milhão e até R$ 10 milhões,MATCH_VALOR_1.1%
12103,TRF - 2a. Região,33904,F. Regime Geral Prev. Social,2026,50096671920254000000,Atividade concomitante,1692712,NAO_IDENTIFICADO,PENDENTE,,,5009667-19.2025.4.00.9198,,,Entidade nao mapeada para extracao TRF1,NAO_TESTADO,0877509,Tribunal Regional Federal da 3a. Região,"2004-02-16 00:00:00,000","2024-12-02 00:00:00,000",12,Não,33909100,1508855,1556419.7073735006,Não Fundef,20,20 anos ou mais,Previdência,Acima de R$ 1 milhão e até R$ 10 milhões,MATCH_APROX_10.9%
12102,TRF - 1a. Região,71103,EFU - Sentenças Judiciais,2026,6051340520244010000,PIS - Contribuição Social - Contribuições - Direito Tributário,1689439,NAO_IDENTIFICADO,PENDENTE,,,0605134-05.2024.4.01.9198,,,UO generica EFU - sem CNPJ especifico para busca,NAO_TESTADO,0834669,Tribunal Regional Federal da 2a. Região,"2019-10-31 00:00:00,000","2025-03-25 00:00:00,000",21,Sim,33909100,1712628,1766616.3883207224,Não Fundef,5,De 5 até 10 anos,OCC,Acima de R$ 1 milhão e até R$ 10 milhões,MATCH_VALOR_1.4%
12102,TRF - 1a. Região,71103,EFU - Sentenças Judiciais,2026,1365302320254010000,"Correção Monetária de Diferenças Pagas em Atraso - Reajustes de Remuneração,",1689232,NAO_IDENTIFICADO,PENDENTE,,,0136530-23.2025.4.01.9198,,,UO generica EFU - sem CNPJ especifico para busca,NAO_TESTADO,0834669,Tribunal Regional Federal da 2a. Região,"2019-10-31 00:00:00,000","2025-03-25 00:00:00,000",21,Sim,33909100,1712628,1766616.3883207224,Não Fundef,5,De 5 até 10 anos,OCC,Acima de R$ 1 milhão e até R$ 10 milhões,MATCH_VALOR_1.4%
11101,Superior Tribunal de Justiça,52101,M. da Defesa,2025,13256,Administrativo - Militar - Regime - Anistia Política,1686884,NAO_IDENTIFICADO,PENDENTE,,,,,,Entidade nao mapeada para extracao TRF1,NAO_TESTADO,,,,,,,,,,,,,,,SEM_UO_NO_SIOP
11101,Superior Tribunal de Justiça,52101,M. da Defesa,2025,13237,Administrativo - Militar - Regime - Anistia Política (PRINCIPAL),1684742,NAO_IDENTIFICADO,PENDENTE,,,,,,Entidade nao mapeada para extracao TRF1,NAO_TESTADO,,,,,,,,,,,,,,,SEM_UO_NO_SIOP
12102,TRF - 1a. Região,71103,EFU - Sentenças Judiciais,2026,1116376520254010000,Reforma - Sistema Remuneratório - Servidor Público Militar - Administrativo,1679180,NAO_IDENTIFICADO,PENDENTE,,,0111637-65.2025.4.01.9198,,,UO generica EFU - sem CNPJ especifico para busca,NAO_TESTADO,0834669,Tribunal Regional Federal da 2a. Região,"2019-10-31 00:00:00,000","2025-03-25 00:00:00,000",21,Sim,33909100,1712628,1766616.3883207224,Não Fundef,5,De 5 até 10 anos,OCC,Acima de R$ 1 milhão e até R$ 10 milhões,MATCH_VALOR_2.0%
12102,TRF - 1a. Região,39252,DNIT,2026,6735320420244010000,Acidente de Trânsito - Indenização por Dano Material - Responsabilidade da,1677522,IDENTIFICADO_PRC,PRC,0000517-32.2016.4.01.9198,0001648-37.2015.4.01.3100/AP,0673532-04.2024.4.01.9198,1_prc_entidade,04892707000100,,TRF1,,,,,,,,,,,,,,,SEM_MATCH_VALOR_33_cand
11101,Superior Tribunal de Justiça,52101,M. da Defesa,2025,13331,Administrativo - Militar - Regime - Anistia Política,1676593,NAO_IDENTIFICADO,PENDENTE,,,,,,Entidade nao mapeada para extracao TRF1,NAO_TESTADO,,,,,,,,,,,,,,,SEM_UO_NO_SIOP
12102,TRF - 1a. Região,71103,EFU - Sentenças Judiciais,2026,2988522420244010000,AITP/Adicional de Indenização do Trabalhador Portuário Avulso - Contribuições,1676407,NAO_IDENTIFICADO,PENDENTE,,,0298852-24.2024.4.01.9198,,,UO generica EFU - sem CNPJ especifico para busca,NAO_TESTADO,0834669,Tribunal Regional Federal da 2a. Região,"2019-10-31 00:00:00,000","2025-03-25 00:00:00,000",21,Sim,33909100,1712628,1766616.3883207224,Não Fundef,5,De 5 até 10 anos,OCC,Acima de R$ 1 milhão e até R$ 10 milhões,MATCH_VALOR_2.2%
12102,TRF - 1a. Região,71103,EFU - Sentenças Judiciais,2026,4045285820244010000,"Índice da URP - 26,05% (1989)",1675765,NAO_IDENTIFICADO,PENDENTE,,,0404528-58.2024.4.01.9198,,,UO generica EFU - sem CNPJ especifico para busca,NAO_TESTADO,0834669,Tribunal Regional Federal da 2a. Região,"2019-10-31 00:00:00,000","2025-03-25 00:00:00,000",21,Sim,33909100,1712628,1766616.3883207224,Não Fundef,5,De 5 até 10 anos,OCC,Acima de R$ 1 milhão e até R$ 10 milhões,MATCH_VALOR_2.2%
12102,TRF - 1a. Região,71103,EFU - Sentenças Judiciais,2026,1684120320254010000,Honorários Advocatícios - Sucumbência - Partes e Procuradores - DIREITO,1668871,NAO_IDENTIFICADO,PENDENTE,,,0168412-03.2025.4.01.9198,,,UO generica EFU - sem CNPJ especifico para busca,NAO_TESTADO,0834669,Tribunal Regional Federal da 2a. Região,"2019-10-31 00:00:00,000","2025-03-25 00:00:00,000",21,Sim,33909100,1712628,1766616.3883207224,Não Fundef,5,De 5 até 10 anos,OCC,Acima de R$ 1 milhão e até R$ 10 milhões,MATCH_VALOR_2.6%
12102,TRF - 1a. Região,71103,EFU - Sentenças Judiciais,2026,180481920254019000,AFRMM/Adicional ao Frete para Renovação da Marinha Mercante - Contribuições,1660811,NAO_IDENTIFICADO,PENDENTE,,,0018048-19.2025.4.01.9198,,,UO generica EFU - sem CNPJ especifico para busca,NAO_TESTADO,0834669,Tribunal Regional Federal da 2a. Região,"2019-10-31 00:00:00,000","2025-03-25 00:00:00,000",21,Sim,33909100,1712628,1766616.3883207224,Não Fundef,5,De 5 até 10 anos,OCC,Acima de R$ 1 milhão e até R$ 10 milhões,MATCH_VALOR_3.1%
12102,TRF - 1a. Região,71103,EFU - Sentenças Judiciais,2026,802823720254019000,Compensação - Extinção do Crédito Tributário - Crédito Tributário - Direito Tributário,1660593,NAO_IDENTIFICADO,PENDENTE,,,0080282-37.2025.4.01.9198,,,UO generica EFU - sem CNPJ especifico para busca,NAO_TESTADO,0834669,Tribunal Regional Federal da 2a. Região,"2019-10-31 00:00:00,000","2025-03-25 00:00:00,000",21,Sim,33909100,1712628,1766616.3883207224,Não Fundef,5,De 5 até 10 anos,OCC,Acima de R$ 1 milhão e até R$ 10 milhões,MATCH_VALOR_3.1%
12102,TRF - 1a. Região,71103,EFU - Sentenças Judiciais,2026,1684103320254010000,Honorários Advocatícios - Sucumbência - Partes e Procuradores - DIREITO,1659802,NAO_IDENTIFICADO,PENDENTE,,,0168410-33.2025.4.01.9198,,,UO generica EFU - sem CNPJ especifico para busca,NAO_TESTADO,0834669,Tribunal Regional Federal da 2a. Região,"2019-10-31 00:00:00,000","2025-03-25 00:00:00,000",21,Sim,33909100,1712628,1766616.3883207224,Não Fundef,5,De 5 até 10 anos,OCC,Acima de R$ 1 milhão e até R$ 10 milhões,MATCH_VALOR_3.2%
12102,TRF - 1a. Região,71103,EFU - Sentenças Judiciais,2026,1684111820254010000,Honorários Advocatícios - Sucumbência - Partes e Procuradores - DIREITO,1659802,NAO_IDENTIFICADO,PENDENTE,,,0168411-18.2025.4.01.9198,,,UO generica EFU - sem CNPJ especifico para busca,NAO_TESTADO,0834669,Tribunal Regional Federal da 2a. Região,"2019-10-31 00:00:00,000","2025-03-25 00:00:00,000",21,Sim,33909100,1712628,1766616.3883207224,Não Fundef,5,De 5 até 10 anos,OCC,Acima de R$ 1 milhão e até R$ 10 milhões,MATCH_VALOR_3.2%
12102,TRF - 1a. Região,71103,EFU - Sentenças Judiciais,2026,1227796620254010000,Cofins - Contribuição Social - Contribuições - Direito Tributário,1657498,NAO_IDENTIFICADO,PENDENTE,,,0122779-66.2025.4.01.9198,,,UO generica EFU - sem CNPJ especifico para busca,NAO_TESTADO,0834669,Tribunal Regional Federal da 2a. Região,"2019-10-31 00:00:00,000","2025-03-25 00:00:00,000",21,Sim,33909100,1712628,1766616.3883207224,Não Fundef,5,De 5 até 10 anos,OCC,Acima de R$ 1 milhão e até R$ 10 milhões,MATCH_VALOR_3.3%
12102,TRF - 1a. Região,39252,DNIT,2026,129037920254019000,Execução Contratual - Contratos Administrativos - Direito Administrativo e outras,1655833,IDENTIFICADO_PRC,PRC,0000517-32.2016.4.01.9198,0001648-37.2015.4.01.3100/AP,0012903-79.2025.4.01.9198,1_prc_entidade,04892707000100,,TRF1,,,,,,,,,,,,,,,SEM_MATCH_VALOR_33_cand
12102,TRF - 1a. Região,71103,EFU - Sentenças Judiciais,2026,1650490820254010000,Anistia Política - Direitos e Garantias Fundamentais,1653012,NAO_IDENTIFICADO,PENDENTE,,,0165049-08.2025.4.01.9198,,,UO generica EFU - sem CNPJ especifico para busca,NAO_TESTADO,0834669,Tribunal Regional Federal da 2a. Região,"2019-10-31 00:00:00,000","2025-03-25 00:00:00,000",21,Sim,33909100,1712628,1766616.3883207224,Não Fundef,5,De 5 até 10 anos,OCC,Acima de R$ 1 milhão e até R$ 10 milhões,MATCH_VALOR_3.6%
12102,TRF - 1a. Região,33904,F. Regime Geral Prev. Social,2026,4418692120244010000,Alteração do coeficiente de cálculo de pensão - Renda Mensal Inicial - Revisão de,1650148,NAO_IDENTIFICADO,PENDENTE,,,0441869-21.2024.4.01.9198,,,Entidade nao mapeada para extracao TRF1,NAO_TESTADO,0877509,Tribunal Regional Federal da 3a. Região,"2004-02-16 00:00:00,000","2024-12-02 00:00:00,000",12,Não,33909100,1508855,1556419.7073735006,Não Fundef,20,20 anos ou mais,Previdência,Acima de R$ 1 milhão e até R$ 10 milhões,MATCH_VALOR_8.6%
12102,TRF - 1a. Região,33201,INSS,2026,3031176920244010000,Reintegração - Regime Estatutário - Servidor Público Civil - Administrativo,1649632,NAO_IDENTIFICADO,PENDENTE,,,0303117-69.2024.4.01.9198,,29979036000140,Entidade sem PRC extraido no TRF1 (CNPJ pode estar incorreto),TRF1,0806922,Tribunal Regional Federal da 1a. Região,"1993-07-26 00:00:00,000","2025-03-31 00:00:00,000",11,Não,31909100,1195211,1232888.4848905886,Não Fundef,31,20 anos ou mais,Pessoal,Acima de R$ 1 milhão e até R$ 10 milhões,MATCH_APROX_27.5%
12102,TRF - 1a. Região,71103,EFU - Sentenças Judiciais,2026,1461332320254010000,CONCESSÃO - PENSÃO - SERVIDOR PÚBLICO CIVIL - ADMINISTRATIVO,1644858,NAO_IDENTIFICADO,PENDENTE,,,0146133-23.2025.4.01.9198,,,UO generica EFU - sem CNPJ especifico para busca,NAO_TESTADO,0834669,Tribunal Regional Federal da 2a. Região,"2019-10-31 00:00:00,000","2025-03-25 00:00:00,000",21,Sim,33909100,1712628,1766616.3883207224,Não Fundef,5,De 5 até 10 anos,OCC,Acima de R$ 1 milhão e até R$ 10 milhões,MATCH_VALOR_4.1%
12102,TRF - 1a. Região,71103,EFU - Sentenças Judiciais,2026,7491071820244010000,PROMOÇÃO - REGIME - SERVIDOR PÚBLICO MILITAR - ADMINISTRATIVO,1644778,NAO_IDENTIFICADO,PENDENTE,,,0749107-18.2024.4.01.9198,,,UO generica EFU - sem CNPJ especifico para busca,NAO_TESTADO,0834669,Tribunal Regional Federal da 2a. Região,"2019-10-31 00:00:00,000","2025-03-25 00:00:00,000",21,Sim,33909100,1712628,1766616.3883207224,Não Fundef,5,De 5 até 10 anos,OCC,Acima de R$ 1 milhão e até R$ 10 milhões,MATCH_VALOR_4.1%
12102,TRF - 1a. Região,33201,INSS,2026,1252834520254010000,Gratificações de Atividade - Sistema Remuneratório - Servidor Público Civil,1644439,NAO_IDENTIFICADO,PENDENTE,,,0125283-45.2025.4.01.9198,,29979036000140,Entidade sem PRC extraido no TRF1 (CNPJ pode estar incorreto),TRF1,0806922,Tribunal Regional Federal da 1a. Região,"1993-07-26 00:00:00,000","2025-03-31 00:00:00,000",11,Não,31909100,1195211,1232888.4848905886,Não Fundef,31,20 anos ou mais,Pessoal,Acima de R$ 1 milhão e até R$ 10 milhões,MATCH_APROX_27.3%
12102,TRF - 1a. Região,71103,EFU - Sentenças Judiciais,2026,7396696520244010000,Acidente de Trânsito - Indenização por Dano Material - Responsabilidade da,1643402,NAO_IDENTIFICADO,PENDENTE,,,0739669-65.2024.4.01.9198,,,UO generica EFU - sem CNPJ especifico para busca,NAO_TESTADO,0834669,Tribunal Regional Federal da 2a. Região,"2019-10-31 00:00:00,000","2025-03-25 00:00:00,000",21,Sim,33909100,1712628,1766616.3883207224,Não Fundef,5,De 5 até 10 anos,OCC,Acima de R$ 1 milhão e até R$ 10 milhões,MATCH_VALOR_4.2%
12102,TRF - 1a. Região,36213,ANS,2026,5776302420244010000,Taxa de Saúde Suplementar - Taxas Federais - Taxas - Direito Tributário,1642365,IDENTIFICADO_PRC,PRC,0577630-24.2024.4.01.9198,1081011-82.2022.4.01.3400/DF,0577630-24.2024.4.01.9198,prefix16_exato,03589068000146,,TRF1,,,,,,,,,,,,,,,SEM_MATCH_VALOR_16_cand
12103,TRF - 2a. Região,32265,ANP,2026,50122909020244000000,Inquérito / Processo / Recurso Administrativo,1642223,NAO_IDENTIFICADO,PENDENTE,,,5012290-90.2024.4.00.9198,,,Entidade nao mapeada para extracao TRF1,NAO_TESTADO,,,,,,,,,,,,,,,SEM_MATCH_VALOR_6_cand
12102,TRF - 1a. Região,71103,EFU - Sentenças Judiciais,2026,1674836720254010000,Reintegração - Regime Estatutário - Servidor Público Civil - Administrativo,1636500,NAO_IDENTIFICADO,PENDENTE,,,0167483-67.2025.4.01.9198,,,UO generica EFU - sem CNPJ especifico para busca,NAO_TESTADO,0834669,Tribunal Regional Federal da 2a. Região,"2019-10-31 00:00:00,000","2025-03-25 00:00:00,000",21,Sim,33909100,1712628,1766616.3883207224,Não Fundef,5,De 5 até 10 anos,OCC,Acima de R$ 1 milhão e até R$ 10 milhões,MATCH_VALOR_4.7%
12102,TRF - 1a. Região,71103,EFU - Sentenças Judiciais,2026,129237020254019000,PROMOÇÃO - REGIME - SERVIDOR PÚBLICO MILITAR - ADMINISTRATIVO,1634601,NAO_IDENTIFICADO,PENDENTE,,,0012923-70.2025.4.01.9198,,,UO generica EFU - sem CNPJ especifico para busca,NAO_TESTADO,0834669,Tribunal Regional Federal da 2a. Região,"2019-10-31 00:00:00,000","2025-03-25 00:00:00,000",21,Sim,33909100,1712628,1766616.3883207224,Não Fundef,5,De 5 até 10 anos,OCC,Acima de R$ 1 milhão e até R$ 10 milhões,MATCH_VALOR_4.8%
12102,TRF - 1a. Região,71103,EFU - Sentenças Judiciais,2026,1543271220254010000,FUNDO DE PARTICIPAÇÃO DOS MUNICÍPIOS - ENTIDADES,1632225,NAO_IDENTIFICADO,PENDENTE,,,0154327-12.2025.4.01.9198,,,UO generica EFU - sem CNPJ especifico para busca,NAO_TESTADO,0834669,Tribunal Regional Federal da 2a. Região,"2019-10-31 00:00:00,000","2025-03-25 00:00:00,000",21,Sim,33909100,1712628,1766616.3883207224,Não Fundef,5,De 5 até 10 anos,OCC,Acima de R$ 1 milhão e até R$ 10 milhões,MATCH_VALOR_4.9%
12103,TRF - 2a. Região,33904,F. Regime Geral Prev. Social,2026,50101349520254000000,Renda Mensal Vitalícia,1630924,NAO_IDENTIFICADO,PENDENTE,,,5010134-95.2025.4.00.9198,,,Entidade nao mapeada para extracao TRF1,NAO_TESTADO,0877509,Tribunal Regional Federal da 3a. Região,"2004-02-16 00:00:00,000","2024-12-02 00:00:00,000",12,Não,33909100,1508855,1556419.7073735006,Não Fundef,20,20 anos ou mais,Previdência,Acima de R$ 1 milhão e até R$ 10 milhões,MATCH_VALOR_7.5%
12102,TRF - 1a. Região,71103,EFU - Sentenças Judiciais,2026,1461298320254010000,Teto Salarial - Sistema Remuneratório e Benefícios - Servidor Público Civil,1628810,NAO_IDENTIFICADO,PENDENTE,,,0146129-83.2025.4.01.9198,,,UO generica EFU - sem CNPJ especifico para busca,NAO_TESTADO,0834669,Tribunal Regional Federal da 2a. Região,"2019-10-31 00:00:00,000","2025-03-25 00:00:00,000",21,Sim,33909100,1712628,1766616.3883207224,Não Fundef,5,De 5 até 10 anos,OCC,Acima de R$ 1 milhão e até R$ 10 milhões,MATCH_VALOR_5.1%
12102,TRF - 1a. Região,26232,UFBA,2026,7332052520244010000,Sistema Remuneratório e Benefícios - Servidor Público Civil - Administrativo,1624325,NAO_IDENTIFICADO,PENDENTE,,,0733205-25.2024.4.01.9198,,15180714000104,CNJ candidato nao encontrado na consulta publica TRF1 - possivel delay de sincronizacao,TRF1,,,,,,,,,,,,,,,SEM_MATCH_VALOR_11_cand
12102,TRF - 1a. Região,33904,F. Regime Geral Prev. Social,2026,1599505720254010000,Pensão por Morte (Art. 74/9) - Benefícios em Espécie - Direito Previdenciário,1623340,NAO_IDENTIFICADO,PENDENTE,,,0159950-57.2025.4.01.9198,,,Entidade nao mapeada para extracao TRF1,NAO_TESTADO,0877509,Tribunal Regional Federal da 3a. Região,"2004-02-16 00:00:00,000","2024-12-02 00:00:00,000",12,Não,33909100,1508855,1556419.7073735006,Não Fundef,20,20 anos ou mais,Previdência,Acima de R$ 1 milhão e até R$ 10 milhões,MATCH_VALOR_7.1%
12102,TRF - 1a. Região,71103,EFU - Sentenças Judiciais,2026,1631082320254010000,Anistia Política - Direitos e Garantias Fundamentais,1622576,NAO_IDENTIFICADO,PENDENTE,,,0163108-23.2025.4.01.9198,,,UO generica EFU - sem CNPJ especifico para busca,NAO_TESTADO,0834669,Tribunal Regional Federal da 2a. Região,"2019-10-31 00:00:00,000","2025-03-25 00:00:00,000",21,Sim,33909100,1712628,1766616.3883207224,Não Fundef,5,De 5 até 10 anos,OCC,Acima de R$ 1 milhão e até R$ 10 milhões,MATCH_VALOR_5.5%
12102,TRF - 1a. Região,71103,EFU - Sentenças Judiciais,2026,1646775920254010000,Execução Contratual - Contratos Administrativos - Direito Administrativo e outras,1620317,NAO_IDENTIFICADO,PENDENTE,,,0164677-59.2025.4.01.9198,,,UO generica EFU - sem CNPJ especifico para busca,NAO_TESTADO,0834669,Tribunal Regional Federal da 2a. Região,"2019-10-31 00:00:00,000","2025-03-25 00:00:00,000",21,Sim,33909100,1712628,1766616.3883207224,Não Fundef,5,De 5 até 10 anos,OCC,Acima de R$ 1 milhão e até R$ 10 milhões,MATCH_VALOR_5.7%
12102,TRF - 1a. Região,33904,F. Regime Geral Prev. Social,2026,1405262920254010000,Aposentadoria Especial (Art. 57/8) - Benefícios em Espécie - Direito Previdenciário,1613688,NAO_IDENTIFICADO,PENDENTE,,,0140526-29.2025.4.01.9198,,,Entidade nao mapeada para extracao TRF1,NAO_TESTADO,0877509,Tribunal Regional Federal da 3a. Região,"2004-02-16 00:00:00,000","2024-12-02 00:00:00,000",12,Não,33909100,1508855,1556419.7073735006,Não Fundef,20,20 anos ou mais,Previdência,Acima de R$ 1 milhão e até R$ 10 milhões,MATCH_VALOR_1.5%
12102,TRF - 1a. Região,71103,EFU - Sentenças Judiciais,2026,1547532420254010000,IPI/ Imposto sobre Produtos Industrializados - Impostos - Direito Tributário,1609947,NAO_IDENTIFICADO,PENDENTE,,,0154753-24.2025.4.01.9198,,,UO generica EFU - sem CNPJ especifico para busca,NAO_TESTADO,0834669,Tribunal Regional Federal da 2a. Região,"2019-10-31 00:00:00,000","2025-03-25 00:00:00,000",21,Sim,33909100,1712628,1766616.3883207224,Não Fundef,5,De 5 até 10 anos,OCC,Acima de R$ 1 milhão e até R$ 10 milhões,MATCH_VALOR_6.4%
12102,TRF - 1a. Região,33201,INSS,2026,1655124720254010000,"Índice de 28,86% Lei 8.622/1993 e 8.627/1993 - Reajuste de Vencimentos - Servidor",1609360,NAO_IDENTIFICADO,PENDENTE,,,0165512-47.2025.4.01.9198,,29979036000140,Entidade sem PRC extraido no TRF1 (CNPJ pode estar incorreto),TRF1,0806922,Tribunal Regional Federal da 1a. Região,"1993-07-26 00:00:00,000","2025-03-31 00:00:00,000",11,Não,31909100,1195211,1232888.4848905886,Não Fundef,31,20 anos ou mais,Pessoal,Acima de R$ 1 milhão e até R$ 10 milhões,MATCH_APROX_20.7%
12102,TRF - 1a. Região,71103,EFU - Sentenças Judiciais,2026,1540725420254010000,Reintegração - Regime Estatutário - Servidor Público Civil - Administrativo,1608795,NAO_IDENTIFICADO,PENDENTE,,,0154072-54.2025.4.01.9198,,,UO generica EFU - sem CNPJ especifico para busca,NAO_TESTADO,0834669,Tribunal Regional Federal da 2a. Região,"2019-10-31 00:00:00,000","2025-03-25 00:00:00,000",21,Sim,33909100,1712628,1766616.3883207224,Não Fundef,5,De 5 até 10 anos,OCC,Acima de R$ 1 milhão e até R$ 10 milhões,MATCH_VALOR_6.5%
12102,TRF - 1a. Região,24204,CNEN,2026,532627120254019000,Adicional de horas extras - Sistema Remuneratório - Servidor Público Civil,1606136,NAO_IDENTIFICADO,PENDENTE,,,0053262-71.2025.4.01.9198,,,Entidade nao mapeada para extracao TRF1,NAO_TESTADO,,,,,,,,,,,,,,,SEM_MATCH_VALOR_41_cand
12103,TRF - 2a. Região,26236,UF - Fluminense/RJ,2026,50123913020244000000,Licenças,1601658,NAO_IDENTIFICADO,PENDENTE,,,5012391-30.2024.4.00.9198,,,Entidade nao mapeada para extracao TRF1,NAO_TESTADO,,,,,,,,,,,,,,,SEM_MATCH_VALOR_7_cand
12102,TRF - 1a. Região,71103,EFU - Sentenças Judiciais,2026,5776354620244010000,Servidores Inativos - Contribuições Previdenciárias - Contribuições - Direito Tributário,1599824,NAO_IDENTIFICADO,PENDENTE,,,0577635-46.2024.4.01.9198,,,UO generica EFU - sem CNPJ especifico para busca,NAO_TESTADO,0834669,Tribunal Regional Federal da 2a. Região,"2019-10-31 00:00:00,000","2025-03-25 00:00:00,000",21,Sim,33909100,1712628,1766616.3883207224,Não Fundef,5,De 5 até 10 anos,OCC,Acima de R$ 1 milhão e até R$ 10 milhões,MATCH_VALOR_7.1%
12102,TRF - 1a. Região,71103,EFU - Sentenças Judiciais,2026,1540829820254010000,Reintegração - Regime Estatutário - Servidor Público Civil - Administrativo,1599062,NAO_IDENTIFICADO,PENDENTE,,,0154082-98.2025.4.01.9198,,,UO generica EFU - sem CNPJ especifico para busca,NAO_TESTADO,0834669,Tribunal Regional Federal da 2a. Região,"2019-10-31 00:00:00,000","2025-03-25 00:00:00,000",21,Sim,33909100,1712628,1766616.3883207224,Não Fundef,5,De 5 até 10 anos,OCC,Acima de R$ 1 milhão e até R$ 10 milhões,MATCH_VALOR_7.1%
12102,TRF - 1a. Região,71103,EFU - Sentenças Judiciais,2026,6006366020244010000,Desembaraço Aduaneiro - Importações - Intervenção no Domínio Econômico,1598927,NAO_IDENTIFICADO,PENDENTE,,,0600636-60.2024.4.01.9198,,,UO generica EFU - sem CNPJ especifico para busca,NAO_TESTADO,0834669,Tribunal Regional Federal da 2a. Região,"2019-10-31 00:00:00,000","2025-03-25 00:00:00,000",21,Sim,33909100,1712628,1766616.3883207224,Não Fundef,5,De 5 até 10 anos,OCC,Acima de R$ 1 milhão e até R$ 10 milhões,MATCH_VALOR_7.1%
12102,TRF - 1a. Região,71103,EFU - Sentenças Judiciais,2026,1365293820254010000,Reintegração - Regime Estatutário - Servidor Público Civil - Administrativo,1594336,NAO_IDENTIFICADO,PENDENTE,,,0136529-38.2025.4.01.9198,,,UO generica EFU - sem CNPJ especifico para busca,NAO_TESTADO,0834669,Tribunal Regional Federal da 2a. Região,"2019-10-31 00:00:00,000","2025-03-25 00:00:00,000",21,Sim,33909100,1712628,1766616.3883207224,Não Fundef,5,De 5 até 10 anos,OCC,Acima de R$ 1 milhão e até R$ 10 milhões,MATCH_VALOR_7.4%
12102,TRF - 1a. Região,71103,EFU - Sentenças Judiciais,2026,1543262720254010000,FUNDO DE PARTICIPAÇÃO DOS MUNICÍPIOS - ENTIDADES,1590961,NAO_IDENTIFICADO,PENDENTE,,,0154326-27.2025.4.01.9198,,,UO generica EFU - sem CNPJ especifico para busca,NAO_TESTADO,0834669,Tribunal Regional Federal da 2a. Região,"2019-10-31 00:00:00,000","2025-03-25 00:00:00,000",21,Sim,33909100,1712628,1766616.3883207224,Não Fundef,5,De 5 até 10 anos,OCC,Acima de R$ 1 milhão e até R$ 10 milhões,MATCH_VALOR_7.6%
12103,TRF - 2a. Região,33201,INSS,2026,50113595320254000000,Pensão,1590767,NAO_IDENTIFICADO,PENDENTE,,,5011359-53.2025.4.00.9198,,29979036000140,Formato 20 dig com tribunal 00 - provavel outro TRF (nao TRF1),TRF1,0806922,Tribunal Regional Federal da 1a. Região,"1993-07-26 00:00:00,000","2025-03-31 00:00:00,000",11,Não,31909100,1195211,1232888.4848905886,Não Fundef,31,20 anos ou mais,Pessoal,Acima de R$ 1 milhão e até R$ 10 milhões,MATCH_APROX_24.9%
12103,TRF - 2a. Região,33201,INSS,2026,50097356620254000000,Renda Mensal Vitalícia,1588971,NAO_IDENTIFICADO,PENDENTE,,,5009735-66.2025.4.00.9198,,29979036000140,Formato 20 dig com tribunal 00 - provavel outro TRF (nao TRF1),TRF1,0806922,Tribunal Regional Federal da 1a. Região,"1993-07-26 00:00:00,000","2025-03-31 00:00:00,000",11,Não,31909100,1195211,1232888.4848905886,Não Fundef,31,20 anos ou mais,Pessoal,Acima de R$ 1 milhão e até R$ 10 milhões,MATCH_APROX_24.8%
12102,TRF - 1a. Região,33201,INSS,2026,1478662420254010000,"Índice de 28,86% Lei 8.622/1993 e 8.627/1993 - Reajuste de Vencimentos - Servidor",1588666,NAO_IDENTIFICADO,PENDENTE,,,0147866-24.2025.4.01.9198,,29979036000140,Entidade sem PRC extraido no TRF1 (CNPJ pode estar incorreto),TRF1,0806922,Tribunal Regional Federal da 1a. Região,"1993-07-26 00:00:00,000","2025-03-31 00:00:00,000",11,Não,31909100,1195211,1232888.4848905886,Não Fundef,31,20 anos ou mais,Pessoal,Acima de R$ 1 milhão e até R$ 10 milhões,MATCH_APROX_19.8%
12102,TRF - 1a. Região,49201,INCRA,2026,1435592720254010000,Desapropriação por Interesse Social para Reforma Agrária - Intervenção do Estado na,1584794,NAO_IDENTIFICADO,PENDENTE,,,0143559-27.2025.4.01.9198,,00375972000160,Precatorio de 2025 mas PRC extraidos ate 2022 - nao sincronizado no TRF1 publico,TRF1,,,,,,,,,,,,,,,SEM_MATCH_VALOR_138_cand
12102,TRF - 1a. Região,49201,INCRA,2026,1435601220254010000,Desapropriação por Interesse Social para Reforma Agrária - Intervenção do Estado na,1584794,NAO_IDENTIFICADO,PENDENTE,,,0143560-12.2025.4.01.9198,,00375972000160,Precatorio de 2025 mas PRC extraidos ate 2022 - nao sincronizado no TRF1 publico,TRF1,,,,,,,,,,,,,,,SEM_MATCH_VALOR_138_cand
12102,TRF - 1a. Região,39252,DNIT,2026,1665985320254010000,CONCESSÃO - PENSÃO - SERVIDOR PÚBLICO CIVIL - ADMINISTRATIVO,1583203,IDENTIFICADO_PRC,PRC,0000517-32.2016.4.01.9198,0001648-37.2015.4.01.3100/AP,0166598-53.2025.4.01.9198,1_prc_entidade,04892707000100,,TRF1,,,,,,,,,,,,,,,SEM_MATCH_VALOR_33_cand
12102,TRF - 1a. Região,33904,F. Regime Geral Prev. Social,2026,6017989020244010000,Aposentadoria por tempo de contribuição (art. 55/6) - Benefícios em Espécie - Direito,1581981,NAO_IDENTIFICADO,PENDENTE,,,0601798-90.2024.4.01.9198,,,Entidade nao mapeada para extracao TRF1,NAO_TESTADO,0877509,Tribunal Regional Federal da 3a. Região,"2004-02-16 00:00:00,000","2024-12-02 00:00:00,000",12,Não,33909100,1508855,1556419.7073735006,Não Fundef,20,20 anos ou mais,Previdência,Acima de R$ 1 milhão e até R$ 10 milhões,MATCH_VALOR_-0.4%
11101,Superior Tribunal de Justiça,52101,M. da Defesa,2025,13080,Administrativo - Militar - Regime - Anistia Política,1580811,NAO_IDENTIFICADO,PENDENTE,,,,,,Entidade nao mapeada para extracao TRF1,NAO_TESTADO,,,,,,,,,,,,,,,SEM_UO_NO_SIOP
12102,TRF - 1a. Região,71103,EFU - Sentenças Judiciais,2026,1543254220254010000,FUNDO DE PARTICIPAÇÃO DOS MUNICÍPIOS - ENTIDADES,1578363,NAO_IDENTIFICADO,PENDENTE,,,0154325-42.2025.4.01.9198,,,UO generica EFU - sem CNPJ especifico para busca,NAO_TESTADO,0834669,Tribunal Regional Federal da 2a. Região,"2019-10-31 00:00:00,000","2025-03-25 00:00:00,000",21,Sim,33909100,1712628,1766616.3883207224,Não Fundef,5,De 5 até 10 anos,OCC,Acima de R$ 1 milhão e até R$ 10 milhões,MATCH_VALOR_8.5%
12102,TRF - 1a. Região,71103,EFU - Sentenças Judiciais,2026,1540811620254010000,Reintegração - Regime Estatutário - Servidor Público Civil - Administrativo,1577712,NAO_IDENTIFICADO,PENDENTE,,,0154081-16.2025.4.01.9198,,,UO generica EFU - sem CNPJ especifico para busca,NAO_TESTADO,0834669,Tribunal Regional Federal da 2a. Região,"2019-10-31 00:00:00,000","2025-03-25 00:00:00,000",21,Sim,33909100,1712628,1766616.3883207224,Não Fundef,5,De 5 até 10 anos,OCC,Acima de R$ 1 milhão e até R$ 10 milhões,MATCH_VALOR_8.6%
12102,TRF - 1a. Região,71103,EFU - Sentenças Judiciais,2026,1544293420254010000,REINTEGRAÇÃO - REGIME - SERVIDOR PÚBLICO MILITAR - ADMINISTRATIVO,1575602,NAO_IDENTIFICADO,PENDENTE,,,0154429-34.2025.4.01.9198,,,UO generica EFU - sem CNPJ especifico para busca,NAO_TESTADO,0834669,Tribunal Regional Federal da 2a. Região,"2019-10-31 00:00:00,000","2025-03-25 00:00:00,000",21,Sim,33909100,1712628,1766616.3883207224,Não Fundef,5,De 5 até 10 anos,OCC,Acima de R$ 1 milhão e até R$ 10 milhões,MATCH_VALOR_8.7%
12102,TRF - 1a. Região,71103,EFU - Sentenças Judiciais,2026,7047660420244010000,Honorários Advocatícios em Execução Contra a Fazenda Pública - Sucumbência,1574724,NAO_IDENTIFICADO,PENDENTE,,,0704766-04.2024.4.01.9198,,,UO generica EFU - sem CNPJ especifico para busca,NAO_TESTADO,0834669,Tribunal Regional Federal da 2a. Região,"2019-10-31 00:00:00,000","2025-03-25 00:00:00,000",21,Sim,33909100,1712628,1766616.3883207224,Não Fundef,5,De 5 até 10 anos,OCC,Acima de R$ 1 milhão e até R$ 10 milhões,MATCH_VALOR_8.8%
12102,TRF - 1a. Região,71103,EFU - Sentenças Judiciais,2026,1681652220254010000,Serviço Militar dos Profissionais da Saúde - Regime - Servidor Público Militar,1574139,NAO_IDENTIFICADO,PENDENTE,,,0168165-22.2025.4.01.9198,,,UO generica EFU - sem CNPJ especifico para busca,NAO_TESTADO,0834669,Tribunal Regional Federal da 2a. Região,"2019-10-31 00:00:00,000","2025-03-25 00:00:00,000",21,Sim,33909100,1712628,1766616.3883207224,Não Fundef,5,De 5 até 10 anos,OCC,Acima de R$ 1 milhão e até R$ 10 milhões,MATCH_VALOR_8.8%
12102,TRF - 1a. Região,71103,EFU - Sentenças Judiciais,2026,1680803620254010000,Anistia Administrativa - Regime Estatutário - Servidor Público Civil - Administrativo,1572792,NAO_IDENTIFICADO,PENDENTE,,,0168080-36.2025.4.01.9198,,,UO generica EFU - sem CNPJ especifico para busca,NAO_TESTADO,0834669,Tribunal Regional Federal da 2a. Região,"2019-10-31 00:00:00,000","2025-03-25 00:00:00,000",21,Sim,33909100,1712628,1766616.3883207224,Não Fundef,5,De 5 até 10 anos,OCC,Acima de R$ 1 milhão e até R$ 10 milhões,MATCH_VALOR_8.9%
12102,TRF - 1a. Região,26232,UFBA,2026,7332000320244010000,Sistema Remuneratório e Benefícios - Servidor Público Civil - Administrativo,1567898,NAO_IDENTIFICADO,PENDENTE,,,0733200-03.2024.4.01.9198,,15180714000104,CNJ candidato nao encontrado na consulta publica TRF1 - possivel delay de sincronizacao,TRF1,0825368,Tribunal Regional Federal da 1a. Região,"2006-12-11 00:00:00,000","2024-12-06 00:00:00,000",11,Não,31909100,1023298,1055556.1493423083,Não Fundef,17,De 15 até 20 anos,Pessoal,Acima de R$ 1 milhão e até R$ 10 milhões,MATCH_APROX_29.7%
12102,TRF - 1a. Região,71103,EFU - Sentenças Judiciais,2026,1659585020254010000,Anistia Política - Direitos e Garantias Fundamentais,1565189,NAO_IDENTIFICADO,PENDENTE,,,0165958-50.2025.4.01.9198,,,UO generica EFU - sem CNPJ especifico para busca,NAO_TESTADO,0834669,Tribunal Regional Federal da 2a. Região,"2019-10-31 00:00:00,000","2025-03-25 00:00:00,000",21,Sim,33909100,1712628,1766616.3883207224,Não Fundef,5,De 5 até 10 anos,OCC,Acima de R$ 1 milhão e até R$ 10 milhões,MATCH_VALOR_9.4%
12102,TRF - 1a. Região,71103,EFU - Sentenças Judiciais,2026,1659593520254010000,Anistia Política - Direitos e Garantias Fundamentais,1565189,NAO_IDENTIFICADO,PENDENTE,,,0165959-35.2025.4.01.9198,,,UO generica EFU - sem CNPJ especifico para busca,NAO_TESTADO,0834669,Tribunal Regional Federal da 2a. Região,"2019-10-31 00:00:00,000","2025-03-25 00:00:00,000",21,Sim,33909100,1712628,1766616.3883207224,Não Fundef,5,De 5 até 10 anos,OCC,Acima de R$ 1 milhão e até R$ 10 milhões,MATCH_VALOR_9.4%
12102,TRF - 1a. Região,71103,EFU - Sentenças Judiciais,2026,1659602020254010000,Anistia Política - Direitos e Garantias Fundamentais,1565189,NAO_IDENTIFICADO,PENDENTE,,,0165960-20.2025.4.01.9198,,,UO generica EFU - sem CNPJ especifico para busca,NAO_TESTADO,0834669,Tribunal Regional Federal da 2a. Região,"2019-10-31 00:00:00,000","2025-03-25 00:00:00,000",21,Sim,33909100,1712628,1766616.3883207224,Não Fundef,5,De 5 até 10 anos,OCC,Acima de R$ 1 milhão e até R$ 10 milhões,MATCH_VALOR_9.4%
12102,TRF - 1a. Região,71103,EFU - Sentenças Judiciais,2026,177919120254019000,Competência da Justiça Federal - Competência - Jurisdição e Competência - DIREITO,1562607,NAO_IDENTIFICADO,PENDENTE,,,0017791-91.2025.4.01.9198,,,UO generica EFU - sem CNPJ especifico para busca,NAO_TESTADO,0834669,Tribunal Regional Federal da 2a. Região,"2019-10-31 00:00:00,000","2025-03-25 00:00:00,000",21,Sim,33909100,1712628,1766616.3883207224,Não Fundef,5,De 5 até 10 anos,OCC,Acima de R$ 1 milhão e até R$ 10 milhões,MATCH_VALOR_9.6%
11101,Superior Tribunal de Justiça,52101,M. da Defesa,2025,13359,Administrativo - Militar - Regime - Anistia Política,1557164,NAO_IDENTIFICADO,PENDENTE,,,,,,Entidade nao mapeada para extracao TRF1,NAO_TESTADO,,,,,,,,,,,,,,,SEM_UO_NO_SIOP
11101,Superior Tribunal de Justiça,25101,M. da Fazenda,2024,12337,Administrativo - Militar - Pensão,1556851,NAO_IDENTIFICADO,PENDENTE,,,,,,Entidade nao mapeada para extracao TRF1,NAO_TESTADO,,,,,,,,,,,,,,,SEM_UO_NO_SIOP
11101,Superior Tribunal de Justiça,52101,M. da Defesa,2025,12903,Administrativo - Militar - Regime - Anistia Política,1556805,NAO_IDENTIFICADO,PENDENTE,,,,,,Entidade nao mapeada para extracao TRF1,NAO_TESTADO,,,,,,,,,,,,,,,SEM_UO_NO_SIOP
12102,TRF - 1a. Região,33201,INSS,2026,1552573020254010000,"Índice de 28,86% Lei 8.622/1993 e 8.627/1993 - Reajuste de Vencimentos - Servidor",1550920,NAO_IDENTIFICADO,PENDENTE,,,0155257-30.2025.4.01.9198,,29979036000140,Entidade sem PRC extraido no TRF1 (CNPJ pode estar incorreto),TRF1,0806922,Tribunal Regional Federal da 1a. Região,"1993-07-26 00:00:00,000","2025-03-31 00:00:00,000",11,Não,31909100,1195211,1232888.4848905886,Não Fundef,31,20 anos ou mais,Pessoal,Acima de R$ 1 milhão e até R$ 10 milhões,MATCH_APROX_17.9%
12102,TRF - 1a. Região,49201,INCRA,2026,1599886920254010000,Desapropriação por Interesse Social para Reforma Agrária - Intervenção do Estado na,1548010,NAO_IDENTIFICADO,PENDENTE,,,0159988-69.2025.4.01.9198,,00375972000160,Precatorio de 2025 mas PRC extraidos ate 2022 - nao sincronizado no TRF1 publico,TRF1,,,,,,,,,,,,,,,SEM_MATCH_VALOR_138_cand
12102,TRF - 1a. Região,49201,INCRA,2026,1599895420254010000,Desapropriação por Interesse Social para Reforma Agrária - Intervenção do Estado na,1548010,NAO_IDENTIFICADO,PENDENTE,,,0159989-54.2025.4.01.9198,,00375972000160,Precatorio de 2025 mas PRC extraidos ate 2022 - nao sincronizado no TRF1 publico,TRF1,,,,,,,,,,,,,,,SEM_MATCH_VALOR_138_cand
12102,TRF - 1a. Região,49201,INCRA,2026,1599903920254010000,Desapropriação por Interesse Social para Reforma Agrária - Intervenção do Estado na,1548010,NAO_IDENTIFICADO,PENDENTE,,,0159990-39.2025.4.01.9198,,00375972000160,Precatorio de 2025 mas PRC extraidos ate 2022 - nao sincronizado no TRF1 publico,TRF1,,,,,,,,,,,,,,,SEM_MATCH_VALOR_138_cand
12102,TRF - 1a. Região,49201,INCRA,2026,1322691520254010000,Desapropriação por Interesse Social Comum/ Lei 4.132/62 - Intervenção na Propriedade,1547298,NAO_IDENTIFICADO,PENDENTE,,,0132269-15.2025.4.01.9198,,00375972000160,Precatorio de 2025 mas PRC extraidos ate 2022 - nao sincronizado no TRF1 publico,TRF1,,,,,,,,,,,,,,,SEM_MATCH_VALOR_138_cand
12102,TRF - 1a. Região,71103,EFU - Sentenças Judiciais,2026,1406302120254010000,Correção Monetária - Valor da Execução/Cálculo/Atualização,1546352,NAO_IDENTIFICADO,PENDENTE,,,0140630-21.2025.4.01.9198,,,UO generica EFU - sem CNPJ especifico para busca,NAO_TESTADO,0834669,Tribunal Regional Federal da 2a. Região,"2019-10-31 00:00:00,000","2025-03-25 00:00:00,000",21,Sim,33909100,1712628,1766616.3883207224,Não Fundef,5,De 5 até 10 anos,OCC,Acima de R$ 1 milhão e até R$ 10 milhões,MATCH_APROX_10.8%
11101,Superior Tribunal de Justiça,52101,M. da Defesa,2024,12479,Administrativo - Militar - Regime - Anistia Política,1546322,NAO_IDENTIFICADO,PENDENTE,,,,,,Entidade nao mapeada para extracao TRF1,NAO_TESTADO,,,,,,,,,,,,,,,SEM_UO_NO_SIOP
12102,TRF - 1a. Região,71103,EFU - Sentenças Judiciais,2026,1540803120254010000,Reintegração - Regime Estatutário - Servidor Público Civil - Administrativo,1546273,NAO_IDENTIFICADO,PENDENTE,,,0154080-31.2025.4.01.9198,,,UO generica EFU - sem CNPJ especifico para busca,NAO_TESTADO,0834669,Tribunal Regional Federal da 2a. Região,"2019-10-31 00:00:00,000","2025-03-25 00:00:00,000",21,Sim,33909100,1712628,1766616.3883207224,Não Fundef,5,De 5 até 10 anos,OCC,Acima de R$ 1 milhão e até R$ 10 milhões,MATCH_APROX_10.8%
12103,TRF - 2a. Região,26406,Instituto Federal do Espírito,2026,50001620420254000000,Sistema Remuneratório e Benefícios,1544935,NAO_IDENTIFICADO,PENDENTE,,,5000162-04.2025.4.00.9198,,,Entidade nao mapeada para extracao TRF1,NAO_TESTADO,,,,,,,,,,,,,,,SEM_MATCH_VALOR_5_cand
12103,TRF - 2a. Região,26406,Instituto Federal do Espírito,2026,50121254320244000000,Sistema Remuneratório e Benefícios,1544935,NAO_IDENTIFICADO,PENDENTE,,,5012125-43.2024.4.00.9198,,,Entidade nao mapeada para extracao TRF1,NAO_TESTADO,,,,,,,,,,,,,,,SEM_MATCH_VALOR_5_cand
12103,TRF - 2a. Região,26406,Instituto Federal do Espírito,2026,50004946820254000000,Sistema Remuneratório e Benefícios,1544918,NAO_IDENTIFICADO,PENDENTE,,,5000494-68.2025.4.00.9198,,,Entidade nao mapeada para extracao TRF1,NAO_TESTADO,,,,,,,,,,,,,,,SEM_MATCH_VALOR_5_cand
12102,TRF - 1a. Região,44201,Ibama,2026,1669839820254010000,Desapropriação Indireta - Intervenção na Propriedade - Administrativo,1544005,NAO_IDENTIFICADO,PENDENTE,,,0166983-98.2025.4.01.9198,,,Entidade nao mapeada para extracao TRF1,NAO_TESTADO,,,,,,,,,,,,,,,SEM_MATCH_VALOR_16_cand
12102,TRF - 1a. Região,44201,Ibama,2026,1669848320254010000,Desapropriação Indireta - Intervenção na Propriedade - Administrativo,1544005,NAO_IDENTIFICADO,PENDENTE,,,0166984-83.2025.4.01.9198,,,Entidade nao mapeada para extracao TRF1,NAO_TESTADO,,,,,,,,,,,,,,,SEM_MATCH_VALOR_16_cand
12102,TRF - 1a. Região,44201,Ibama,2026,1669856820254010000,Desapropriação Indireta - Intervenção na Propriedade - Administrativo,1544005,NAO_IDENTIFICADO,PENDENTE,,,0166985-68.2025.4.01.9198,,,Entidade nao mapeada para extracao TRF1,NAO_TESTADO,,,,,,,,,,,,,,,SEM_MATCH_VALOR_16_cand
12102,TRF - 1a. Região,71103,EFU - Sentenças Judiciais,2026,1544284920254010000,REINTEGRAÇÃO - REGIME - SERVIDOR PÚBLICO MILITAR - ADMINISTRATIVO,1542334,NAO_IDENTIFICADO,PENDENTE,,,0154428-49.2025.4.01.9198,,,UO generica EFU - sem CNPJ especifico para busca,NAO_TESTADO,0834669,Tribunal Regional Federal da 2a. Região,"2019-10-31 00:00:00,000","2025-03-25 00:00:00,000",21,Sim,33909100,1712628,1766616.3883207224,Não Fundef,5,De 5 até 10 anos,OCC,Acima de R$ 1 milhão e até R$ 10 milhões,MATCH_APROX_11.0%
12102,TRF - 1a. Região,49201,INCRA,2026,1679131920254010000,Desapropriação por Interesse Social para Reforma Agrária - Intervenção do Estado na,1541756,NAO_IDENTIFICADO,PENDENTE,,,0167913-19.2025.4.01.9198,,00375972000160,Precatorio de 2025 mas PRC extraidos ate 2022 - nao sincronizado no TRF1 publico,TRF1,,,,,,,,,,,,,,,SEM_MATCH_VALOR_138_cand
12102,TRF - 1a. Região,83201,EGPA,2026,1159835920254010000,Honorários Advocatícios - Sucumbência - Partes e Procuradores - DIREITO,1540500,NAO_IDENTIFICADO,PENDENTE,,,0115983-59.2025.4.01.9198,,,Entidade nao mapeada para extracao TRF1,NAO_TESTADO,,,,,,,,,,,,,,,SEM_MATCH_VALOR_10_cand
12102,TRF - 1a. Região,71103,EFU - Sentenças Judiciais,2026,1547368520254010000,IPI/ Imposto sobre Produtos Industrializados - Impostos - Direito Tributário,1535828,NAO_IDENTIFICADO,PENDENTE,,,0154736-85.2025.4.01.9198,,,UO generica EFU - sem CNPJ especifico para busca,NAO_TESTADO,0834669,Tribunal Regional Federal da 2a. Região,"2019-10-31 00:00:00,000","2025-03-25 00:00:00,000",21,Sim,33909100,1712628,1766616.3883207224,Não Fundef,5,De 5 até 10 anos,OCC,Acima de R$ 1 milhão e até R$ 10 milhões,MATCH_APROX_11.5%
11101,Superior Tribunal de Justiça,52101,M. da Defesa,2024,12749,Administrativo - Militar - Regime - Anistia Política,1535521,NAO_IDENTIFICADO,PENDENTE,,,,,,Entidade nao mapeada para extracao TRF1,NAO_TESTADO,,,,,,,,,,,,,,,SEM_UO_NO_SIOP
12102,TRF - 1a. Região,71103,EFU - Sentenças Judiciais,2026,1648940520254010000,EX-COMBATENTES - REGIME - SERVIDOR PÚBLICO MILITAR,1534058,NAO_IDENTIFICADO,PENDENTE,,,0164894-05.2025.4.01.9198,,,UO generica EFU - sem CNPJ especifico para busca,NAO_TESTADO,0834669,Tribunal Regional Federal da 2a. Região,"2019-10-31 00:00:00,000","2025-03-25 00:00:00,000",21,Sim,33909100,1712628,1766616.3883207224,Não Fundef,5,De 5 até 10 anos,OCC,Acima de R$ 1 milhão e até R$ 10 milhões,MATCH_APROX_11.6%
12102,TRF - 1a. Região,71103,EFU - Sentenças Judiciais,2026,1680795120254010000,Anistia Administrativa - Regime Estatutário - Servidor Público Civil - Administrativo,1529761,NAO_IDENTIFICADO,PENDENTE,,,0168079-51.2025.4.01.9198,,,UO generica EFU - sem CNPJ especifico para busca,NAO_TESTADO,0834669,Tribunal Regional Federal da 2a. Região,"2019-10-31 00:00:00,000","2025-03-25 00:00:00,000",21,Sim,33909100,1712628,1766616.3883207224,Não Fundef,5,De 5 até 10 anos,OCC,Acima de R$ 1 milhão e até R$ 10 milhões,MATCH_APROX_12.0%
12103,TRF - 2a. Região,33904,F. Regime Geral Prev. Social,2026,50064336320244000000,Manutenção do Benefício pela equivalência salarial,1523632,NAO_IDENTIFICADO,PENDENTE,,,5006433-63.2024.4.00.9198,,,Entidade nao mapeada para extracao TRF1,NAO_TESTADO,0877509,Tribunal Regional Federal da 3a. Região,"2004-02-16 00:00:00,000","2024-12-02 00:00:00,000",12,Não,33909100,1508855,1556419.7073735006,Não Fundef,20,20 anos ou mais,Previdência,Acima de R$ 1 milhão e até R$ 10 milhões,MATCH_VALOR_1.0%
12103,TRF - 2a. Região,33904,F. Regime Geral Prev. Social,2026,50064344820244000000,Manutenção do Benefício pela equivalência salarial,1523632,NAO_IDENTIFICADO,PENDENTE,,,5006434-48.2024.4.00.9198,,,Entidade nao mapeada para extracao TRF1,NAO_TESTADO,0877509,Tribunal Regional Federal da 3a. Região,"2004-02-16 00:00:00,000","2024-12-02 00:00:00,000",12,Não,33909100,1508855,1556419.7073735006,Não Fundef,20,20 anos ou mais,Previdência,Acima de R$ 1 milhão e até R$ 10 milhões,MATCH_VALOR_1.0%
12102,TRF - 1a. Região,71103,EFU - Sentenças Judiciais,2026,1662019120254010000,Honorários Advocatícios - Sucumbência - Partes e Procuradores - DIREITO,1522915,NAO_IDENTIFICADO,PENDENTE,,,0166201-91.2025.4.01.9198,,,UO generica EFU - sem CNPJ especifico para busca,NAO_TESTADO,0837748,Tribunal Regional Federal da 2a. Região,"1975-12-18 00:00:00,000","2025-04-01 00:00:00,000",11,Não,31909100,1344688,1387077.554482477,Não Fundef,49,20 anos ou mais,Pessoal,Acima de R$ 1 milhão e até R$ 10 milhões,MATCH_APROX_11.7%
12102,TRF - 1a. Região,71103,EFU - Sentenças Judiciais,2026,1662027620254010000,Honorários Advocatícios - Sucumbência - Partes e Procuradores - DIREITO,1522915,NAO_IDENTIFICADO,PENDENTE,,,0166202-76.2025.4.01.9198,,,UO generica EFU - sem CNPJ especifico para busca,NAO_TESTADO,0837748,Tribunal Regional Federal da 2a. Região,"1975-12-18 00:00:00,000","2025-04-01 00:00:00,000",11,Não,31909100,1344688,1387077.554482477,Não Fundef,49,20 anos ou mais,Pessoal,Acima de R$ 1 milhão e até R$ 10 milhões,MATCH_APROX_11.7%
12102,TRF - 1a. Região,71103,EFU - Sentenças Judiciais,2026,1683679620254010000,Sistema Remuneratório e Benefícios - Servidor Público Civil - Administrativo,1522192,NAO_IDENTIFICADO,PENDENTE,,,0168367-96.2025.4.01.9198,,,UO generica EFU - sem CNPJ especifico para busca,NAO_TESTADO,0837748,Tribunal Regional Federal da 2a. Região,"1975-12-18 00:00:00,000","2025-04-01 00:00:00,000",11,Não,31909100,1344688,1387077.554482477,Não Fundef,49,20 anos ou mais,Pessoal,Acima de R$ 1 milhão e até R$ 10 milhões,MATCH_APROX_11.7%
12102,TRF - 1a. Região,33904,F. Regime Geral Prev. Social,2026,6331229820244010000,Aposentadoria Especial (Art. 57/8) - Benefícios em Espécie - Direito Previdenciário,1521238,NAO_IDENTIFICADO,PENDENTE,,,0633122-98.2024.4.01.9198,,,Entidade nao mapeada para extracao TRF1,NAO_TESTADO,0877509,Tribunal Regional Federal da 3a. Região,"2004-02-16 00:00:00,000","2024-12-02 00:00:00,000",12,Não,33909100,1508855,1556419.7073735006,Não Fundef,20,20 anos ou mais,Previdência,Acima de R$ 1 milhão e até R$ 10 milhões,MATCH_VALOR_-4.2%
12102,TRF - 1a. Região,71103,EFU - Sentenças Judiciais,2026,1116047520254010000,REINTEGRAÇÃO - REGIME - SERVIDOR PÚBLICO MILITAR - ADMINISTRATIVO,1521069,NAO_IDENTIFICADO,PENDENTE,,,0111604-75.2025.4.01.9198,,,UO generica EFU - sem CNPJ especifico para busca,NAO_TESTADO,0837748,Tribunal Regional Federal da 2a. Região,"1975-12-18 00:00:00,000","2025-04-01 00:00:00,000",11,Não,31909100,1344688,1387077.554482477,Não Fundef,49,20 anos ou mais,Pessoal,Acima de R$ 1 milhão e até R$ 10 milhões,MATCH_APROX_11.6%
12102,TRF - 1a. Região,71103,EFU - Sentenças Judiciais,2026,1544276420254010000,REINTEGRAÇÃO - REGIME - SERVIDOR PÚBLICO MILITAR - ADMINISTRATIVO,1521030,NAO_IDENTIFICADO,PENDENTE,,,0154427-64.2025.4.01.9198,,,UO generica EFU - sem CNPJ especifico para busca,NAO_TESTADO,0837748,Tribunal Regional Federal da 2a. Região,"1975-12-18 00:00:00,000","2025-04-01 00:00:00,000",11,Não,31909100,1344688,1387077.554482477,Não Fundef,49,20 anos ou mais,Pessoal,Acima de R$ 1 milhão e até R$ 10 milhões,MATCH_APROX_11.6%
12102,TRF - 1a. Região,71103,EFU - Sentenças Judiciais,2026,1186155820254010000,Honorários Advocatícios - Sucumbência - Partes e Procuradores - DIREITO,1516757,NAO_IDENTIFICADO,PENDENTE,,,0118615-58.2025.4.01.9198,,,UO generica EFU - sem CNPJ especifico para busca,NAO_TESTADO,0837748,Tribunal Regional Federal da 2a. Região,"1975-12-18 00:00:00,000","2025-04-01 00:00:00,000",11,Não,31909100,1344688,1387077.554482477,Não Fundef,49,20 anos ou mais,Pessoal,Acima de R$ 1 milhão e até R$ 10 milhões,MATCH_APROX_11.3%
12102,TRF - 1a. Região,71103,EFU - Sentenças Judiciais,2026,1186164320254010000,Honorários Advocatícios - Sucumbência - Partes e Procuradores - DIREITO,1516757,NAO_IDENTIFICADO,PENDENTE,,,0118616-43.2025.4.01.9198,,,UO generica EFU - sem CNPJ especifico para busca,NAO_TESTADO,0837748,Tribunal Regional Federal da 2a. Região,"1975-12-18 00:00:00,000","2025-04-01 00:00:00,000",11,Não,31909100,1344688,1387077.554482477,Não Fundef,49,20 anos ou mais,Pessoal,Acima de R$ 1 milhão e até R$ 10 milhões,MATCH_APROX_11.3%
12102,TRF - 1a. Região,71103,EFU - Sentenças Judiciais,2026,1252843020254010000,Honorários Advocatícios - Sucumbência - Partes e Procuradores - DIREITO,1512588,NAO_IDENTIFICADO,PENDENTE,,,0125284-30.2025.4.01.9198,,,UO generica EFU - sem CNPJ especifico para busca,NAO_TESTADO,0837748,Tribunal Regional Federal da 2a. Região,"1975-12-18 00:00:00,000","2025-04-01 00:00:00,000",11,Não,31909100,1344688,1387077.554482477,Não Fundef,49,20 anos ou mais,Pessoal,Acima de R$ 1 milhão e até R$ 10 milhões,MATCH_APROX_11.1%
12102,TRF - 1a. Região,71103,EFU - Sentenças Judiciais,2026,1599574920254010000,EX-COMBATENTES - REGIME - SERVIDOR PÚBLICO MILITAR,1511706,NAO_IDENTIFICADO,PENDENTE,,,0159957-49.2025.4.01.9198,,,UO generica EFU - sem CNPJ especifico para busca,NAO_TESTADO,0837748,Tribunal Regional Federal da 2a. Região,"1975-12-18 00:00:00,000","2025-04-01 00:00:00,000",11,Não,31909100,1344688,1387077.554482477,Não Fundef,49,20 anos ou mais,Pessoal,Acima de R$ 1 milhão e até R$ 10 milhões,MATCH_APROX_11.0%
12103,TRF - 2a. Região,33904,F. Regime Geral Prev. Social,2026,50095142020244000000,RMI pela equivalência entre Salário-de-Benefício e Salário-de-Contribuição,1507879,NAO_IDENTIFICADO,PENDENTE,,,5009514-20.2024.4.00.9198,,,Entidade nao mapeada para extracao TRF1,NAO_TESTADO,0877509,Tribunal Regional Federal da 3a. Região,"2004-02-16 00:00:00,000","2024-12-02 00:00:00,000",12,Não,33909100,1508855,1556419.7073735006,Não Fundef,20,20 anos ou mais,Previdência,Acima de R$ 1 milhão e até R$ 10 milhões,MATCH_VALOR_0.1%
12102,TRF - 1a. Região,71103,EFU - Sentenças Judiciais,2026,1365545120254010000,"Índice de 28,86% Lei 8.622/1993 e 8.627/1993 - Reajuste de Vencimentos - Servidor",1506919,NAO_IDENTIFICADO,PENDENTE,,,0136554-51.2025.4.01.9198,,,UO generica EFU - sem CNPJ especifico para busca,NAO_TESTADO,0837748,Tribunal Regional Federal da 2a. Região,"1975-12-18 00:00:00,000","2025-04-01 00:00:00,000",11,Não,31909100,1344688,1387077.554482477,Não Fundef,49,20 anos ou mais,Pessoal,Acima de R$ 1 milhão e até R$ 10 milhões,MATCH_APROX_10.8%
12102,TRF - 1a. Região,71103,EFU - Sentenças Judiciais,2026,1546788220254010000,Honorários Advocatícios - Sucumbência - Partes e Procuradores - DIREITO,1505787,NAO_IDENTIFICADO,PENDENTE,,,0154678-82.2025.4.01.9198,,,UO generica EFU - sem CNPJ especifico para busca,NAO_TESTADO,0837748,Tribunal Regional Federal da 2a. Região,"1975-12-18 00:00:00,000","2025-04-01 00:00:00,000",11,Não,31909100,1344688,1387077.554482477,Não Fundef,49,20 anos ou mais,Pessoal,Acima de R$ 1 milhão e até R$ 10 milhões,MATCH_APROX_10.7%
12102,TRF - 1a. Região,33904,F. Regime Geral Prev. Social,2026,5295408220244010000,Aposentadoria por tempo de serviço (art. 52/4) - Benefícios em Espécie - Direito,1505332,NAO_IDENTIFICADO,PENDENTE,,,0529540-82.2024.4.01.9198,,,Entidade nao mapeada para extracao TRF1,NAO_TESTADO,0877509,Tribunal Regional Federal da 3a. Região,"2004-02-16 00:00:00,000","2024-12-02 00:00:00,000",12,Não,33909100,1508855,1556419.7073735006,Não Fundef,20,20 anos ou mais,Previdência,Acima de R$ 1 milhão e até R$ 10 milhões,MATCH_VALOR_-4.8%
12103,TRF - 2a. Região,26245,UFRJ,2026,50079800720254000000,Honorários Advocatícios,1503224,NAO_IDENTIFICADO,PENDENTE,,,5007980-07.2025.4.00.9198,,,Entidade nao mapeada para extracao TRF1,NAO_TESTADO,,,,,,,,,,,,,,,SEM_MATCH_VALOR_18_cand
12102,TRF - 1a. Região,71103,EFU - Sentenças Judiciais,2026,1543245720254010000,FUNDO DE PARTICIPAÇÃO DOS MUNICÍPIOS - ENTIDADES,1502673,NAO_IDENTIFICADO,PENDENTE,,,0154324-57.2025.4.01.9198,,,UO generica EFU - sem CNPJ especifico para busca,NAO_TESTADO,0837748,Tribunal Regional Federal da 2a. Região,"1975-12-18 00:00:00,000","2025-04-01 00:00:00,000",11,Não,31909100,1344688,1387077.554482477,Não Fundef,49,20 anos ou mais,Pessoal,Acima de R$ 1 milhão e até R$ 10 milhões,MATCH_APROX_10.5%
11101,Superior Tribunal de Justiça,52101,M. da Defesa,2024,12418,Administrativo - Militar - Regime - Anistia Política,1502157,NAO_IDENTIFICADO,PENDENTE,,,,,,Entidade nao mapeada para extracao TRF1,NAO_TESTADO,,,,,,,,,,,,,,,SEM_UO_NO_SIOP
12102,TRF - 1a. Região,26271,Fund. Univ. de Brasília,2026,1677443220254010000,Gratificação Incorporada/Quintos e Décimos/VPNI - Sistema Remuneratório e,1499841,NAO_IDENTIFICADO,PENDENTE,,,0167744-32.2025.4.01.9198,,,Entidade nao mapeada para extracao TRF1,NAO_TESTADO,,,,,,,,,,,,,,,SEM_MATCH_VALOR_3_cand
12102,TRF - 1a. Região,71103,EFU - Sentenças Judiciais,2026,1670879020254010000,Finsocial - Contribuição Social - Contribuições - Direito Tributário,1498982,NAO_IDENTIFICADO,PENDENTE,,,0167087-90.2025.4.01.9198,,,UO generica EFU - sem CNPJ especifico para busca,NAO_TESTADO,0837748,Tribunal Regional Federal da 2a. Região,"1975-12-18 00:00:00,000","2025-04-01 00:00:00,000",11,Não,31909100,1344688,1387077.554482477,Não Fundef,49,20 anos ou mais,Pessoal,Acima de R$ 1 milhão e até R$ 10 milhões,MATCH_APROX_10.3%
12102,TRF - 1a. Região,71103,EFU - Sentenças Judiciais,2026,1546978820254010000,FUNDO DE PARTICIPAÇÃO DOS MUNICÍPIOS - ENTIDADES,1498951,NAO_IDENTIFICADO,PENDENTE,,,0154697-88.2025.4.01.9198,,,UO generica EFU - sem CNPJ especifico para busca,NAO_TESTADO,0837748,Tribunal Regional Federal da 2a. Região,"1975-12-18 00:00:00,000","2025-04-01 00:00:00,000",11,Não,31909100,1344688,1387077.554482477,Não Fundef,49,20 anos ou mais,Pessoal,Acima de R$ 1 milhão e até R$ 10 milhões,MATCH_APROX_10.3%
12102,TRF - 1a. Região,71103,EFU - Sentenças Judiciais,2026,1546805220254010000,FUNDO DE PARTICIPAÇÃO DOS MUNICÍPIOS - ENTIDADES,1495759,NAO_IDENTIFICADO,PENDENTE,,,0154680-52.2025.4.01.9198,,,UO generica EFU - sem CNPJ especifico para busca,NAO_TESTADO,0837748,Tribunal Regional Federal da 2a. Região,"1975-12-18 00:00:00,000","2025-04-01 00:00:00,000",11,Não,31909100,1344688,1387077.554482477,Não Fundef,49,20 anos ou mais,Pessoal,Acima de R$ 1 milhão e até R$ 10 milhões,MATCH_APROX_10.1%
11101,Superior Tribunal de Justiça,52101,M. da Defesa,2025,13172,Administrativo - Militar - Regime - Anistia Política,1495415,NAO_IDENTIFICADO,PENDENTE,,,,,,Entidade nao mapeada para extracao TRF1,NAO_TESTADO,,,,,,,,,,,,,,,SEM_UO_NO_SIOP
12102,TRF - 1a. Região,71103,EFU - Sentenças Judiciais,2026,1546909620254010000,FUNDO DE PARTICIPAÇÃO DOS MUNICÍPIOS - ENTIDADES,1492046,NAO_IDENTIFICADO,PENDENTE,,,0154690-96.2025.4.01.9198,,,UO generica EFU - sem CNPJ especifico para busca,NAO_TESTADO,0837748,Tribunal Regional Federal da 2a. Região,"1975-12-18 00:00:00,000","2025-04-01 00:00:00,000",11,Não,31909100,1344688,1387077.554482477,Não Fundef,49,20 anos ou mais,Pessoal,Acima de R$ 1 milhão e até R$ 10 milhões,MATCH_VALOR_9.9%
12102,TRF - 1a. Região,71103,EFU - Sentenças Judiciais,2026,2316157020244010000,Sucumbência - Direito Processual Civil - Direito Processual,1489256,NAO_IDENTIFICADO,PENDENTE,,,0231615-70.2024.4.01.9198,,,UO generica EFU - sem CNPJ especifico para busca,NAO_TESTADO,0837748,Tribunal Regional Federal da 2a. Região,"1975-12-18 00:00:00,000","2025-04-01 00:00:00,000",11,Não,31909100,1344688,1387077.554482477,Não Fundef,49,20 anos ou mais,Pessoal,Acima de R$ 1 milhão e até R$ 10 milhões,MATCH_VALOR_9.7%
11101,Superior Tribunal de Justiça,52101,M. da Defesa,2025,13329,Administrativo - Militar - Regime - Anistia Política,1487044,NAO_IDENTIFICADO,PENDENTE,,,,,,Entidade nao mapeada para extracao TRF1,NAO_TESTADO,,,,,,,,,,,,,,,SEM_UO_NO_SIOP
12102,TRF - 1a. Região,33904,F. Regime Geral Prev. Social,2026,1137620620254010000,RMI da pensão de dependente de ex-combatente - Renda Mensal Inicial - Revisão de,1483992,NAO_IDENTIFICADO,PENDENTE,,,0113762-06.2025.4.01.9198,,,Entidade nao mapeada para extracao TRF1,NAO_TESTADO,0877509,Tribunal Regional Federal da 3a. Região,"2004-02-16 00:00:00,000","2024-12-02 00:00:00,000",12,Não,33909100,1508855,1556419.7073735006,Não Fundef,20,20 anos ou mais,Previdência,Acima de R$ 1 milhão e até R$ 10 milhões,MATCH_VALOR_1.7%
12102,TRF - 1a. Região,49201,INCRA,2026,1346404920254010000,Honorários Advocatícios - Sucumbência - Partes e Procuradores - DIREITO,1479269,NAO_IDENTIFICADO,PENDENTE,,,0134640-49.2025.4.01.9198,,00375972000160,Precatorio de 2025 mas PRC extraidos ate 2022 - nao sincronizado no TRF1 publico,TRF1,,,,,,,,,,,,,,,SEM_MATCH_VALOR_138_cand
12103,TRF - 2a. Região,49201,INCRA,2026,50111733020254000000,Honorários Advocatícios,1474049,NAO_IDENTIFICADO,PENDENTE,,,5011173-30.2025.4.00.9198,,00375972000160,Formato 20 dig com tribunal 00 - provavel outro TRF (nao TRF1),TRF1,,,,,,,,,,,,,,,SEM_MATCH_VALOR_138_cand
12102,TRF - 1a. Região,49201,INCRA,2026,1656398220254010000,Honorários Advocatícios em Execução Contra a Fazenda Pública - Sucumbência,1472594,NAO_IDENTIFICADO,PENDENTE,,,0165639-82.2025.4.01.9198,,00375972000160,Precatorio de 2025 mas PRC extraidos ate 2022 - nao sincronizado no TRF1 publico,TRF1,,,,,,,,,,,,,,,SEM_MATCH_VALOR_138_cand
12102,TRF - 1a. Região,33201,INSS,2026,1655116220254010000,"Índice de 28,86% Lei 8.622/1993 e 8.627/1993 - Reajuste de Vencimentos - Servidor",1472057,NAO_IDENTIFICADO,PENDENTE,,,0165511-62.2025.4.01.9198,,29979036000140,Entidade sem PRC extraido no TRF1 (CNPJ pode estar incorreto),TRF1,0806922,Tribunal Regional Federal da 1a. Região,"1993-07-26 00:00:00,000","2025-03-31 00:00:00,000",11,Não,31909100,1195211,1232888.4848905886,Não Fundef,31,20 anos ou mais,Pessoal,Acima de R$ 1 milhão e até R$ 10 milhões,MATCH_APROX_13.8%
12102,TRF - 1a. Região,71103,EFU - Sentenças Judiciais,2026,1251327920254010000,Retido na fonte - IRPF/Imposto de Renda de Pessoa Física - Impostos - Direito Tributário,1471899,NAO_IDENTIFICADO,PENDENTE,,,0125132-79.2025.4.01.9198,,,UO generica EFU - sem CNPJ especifico para busca,NAO_TESTADO,0837748,Tribunal Regional Federal da 2a. Região,"1975-12-18 00:00:00,000","2025-04-01 00:00:00,000",11,Não,31909100,1344688,1387077.554482477,Não Fundef,49,20 anos ou mais,Pessoal,Acima de R$ 1 milhão e até R$ 10 milhões,MATCH_VALOR_8.6%
11101,Superior Tribunal de Justiça,52101,M. da Defesa,2024,12730,Administrativo - Militar - Regime - Anistia Política (PRINCIPAL),1469956,NAO_IDENTIFICADO,PENDENTE,,,,,,Entidade nao mapeada para extracao TRF1,NAO_TESTADO,,,,,,,,,,,,,,,SEM_UO_NO_SIOP
12103,TRF - 2a. Região,26245,UFRJ,2026,50087171020254000000,"Reajustes de Remuneração, Proventos ou Pensão",1469895,NAO_IDENTIFICADO,PENDENTE,,,5008717-10.2025.4.00.9198,,,Entidade nao mapeada para extracao TRF1,NAO_TESTADO,,,,,,,,,,,,,,,SEM_MATCH_VALOR_18_cand
12102,TRF - 1a. Região,71103,EFU - Sentenças Judiciais,2026,1463307520254010000,"Índice de 28,86% Lei 8.622/1993 e 8.627/1993 - Reajuste de Vencimentos - Servidor",1467131,NAO_IDENTIFICADO,PENDENTE,,,0146330-75.2025.4.01.9198,,,UO generica EFU - sem CNPJ especifico para busca,NAO_TESTADO,0837748,Tribunal Regional Federal da 2a. Região,"1975-12-18 00:00:00,000","2025-04-01 00:00:00,000",11,Não,31909100,1344688,1387077.554482477,Não Fundef,49,20 anos ou mais,Pessoal,Acima de R$ 1 milhão e até R$ 10 milhões,MATCH_VALOR_8.3%
11101,Superior Tribunal de Justiça,52101,M. da Defesa,2025,13096,Administrativo - Militar - Regime - Anistia Política,1464549,NAO_IDENTIFICADO,PENDENTE,,,,,,Entidade nao mapeada para extracao TRF1,NAO_TESTADO,,,,,,,,,,,,,,,SEM_UO_NO_SIOP
12102,TRF - 1a. Região,26235,UFGO,2026,1365570620254010000,Teto Salarial - Sistema Remuneratório e Benefícios - Servidor Público Civil,1460669,NAO_IDENTIFICADO,PENDENTE,,,0136557-06.2025.4.01.9198,,,Entidade nao mapeada para extracao TRF1,NAO_TESTADO,,,,,,,,,,,,,,,SEM_MATCH_VALOR_1_cand
12103,TRF - 2a. Região,26245,UFRJ,2026,50079775220254000000,"Reajustes de Remuneração, Proventos ou Pensão",1460081,NAO_IDENTIFICADO,PENDENTE,,,5007977-52.2025.4.00.9198,,,Entidade nao mapeada para extracao TRF1,NAO_TESTADO,,,,,,,,,,,,,,,SEM_MATCH_VALOR_18_cand
11101,Superior Tribunal de Justiça,52101,M. da Defesa,2025,12927,Administrativo - Militar - Regime - Anistia Política,1459109,NAO_IDENTIFICADO,PENDENTE,,,,,,Entidade nao mapeada para extracao TRF1,NAO_TESTADO,,,,,,,,,,,,,,,SEM_UO_NO_SIOP
11101,Superior Tribunal de Justiça,52101,M. da Defesa,2024,12769,Administrativo - Militar - Regime - Anistia Política (PRINCIPAL),1458632,NAO_IDENTIFICADO,PENDENTE,,,,,,Entidade nao mapeada para extracao TRF1,NAO_TESTADO,,,,,,,,,,,,,,,SEM_UO_NO_SIOP
12102,TRF - 1a. Região,71103,EFU - Sentenças Judiciais,2026,1543237220254010000,FUNDO DE PARTICIPAÇÃO DOS MUNICÍPIOS - ENTIDADES,1457243,NAO_IDENTIFICADO,PENDENTE,,,0154323-72.2025.4.01.9198,,,UO generica EFU - sem CNPJ especifico para busca,NAO_TESTADO,0837748,Tribunal Regional Federal da 2a. Região,"1975-12-18 00:00:00,000","2025-04-01 00:00:00,000",11,Não,31909100,1344688,1387077.554482477,Não Fundef,49,20 anos ou mais,Pessoal,Acima de R$ 1 milhão e até R$ 10 milhões,MATCH_VALOR_7.7%
12102,TRF - 1a. Região,33904,F. Regime Geral Prev. Social,2026,1227484620254010000,Aposentadoria Especial (Art. 57/8) - Benefícios em Espécie - Direito Previdenciário,1456561,NAO_IDENTIFICADO,PENDENTE,,,0122748-46.2025.4.01.9198,,,Entidade nao mapeada para extracao TRF1,NAO_TESTADO,0877509,Tribunal Regional Federal da 3a. Região,"2004-02-16 00:00:00,000","2024-12-02 00:00:00,000",12,Não,33909100,1508855,1556419.7073735006,Não Fundef,20,20 anos ou mais,Previdência,Acima de R$ 1 milhão e até R$ 10 milhões,MATCH_VALOR_-1.4%
12102,TRF - 1a. Região,49201,INCRA,2026,1678673020254010000,Honorários Advocatícios - Sucumbência - Partes e Procuradores - DIREITO,1455790,NAO_IDENTIFICADO,PENDENTE,,,0167867-30.2025.4.01.9198,,00375972000160,Precatorio de 2025 mas PRC extraidos ate 2022 - nao sincronizado no TRF1 publico,TRF1,,,,,,,,,,,,,,,SEM_MATCH_VALOR_138_cand
12103,TRF - 2a. Região,24204,CNEN,2026,50001083820254000000,Salário / Diferença Salarial,1454989,NAO_IDENTIFICADO,PENDENTE,,,5000108-38.2025.4.00.9198,,,Entidade nao mapeada para extracao TRF1,NAO_TESTADO,,,,,,,,,,,,,,,SEM_MATCH_VALOR_41_cand
12103,TRF - 2a. Região,71103,EFU - Sentenças Judiciais,2026,50004063020254000000,Pensão por Morte (Art. 74/9),1454331,NAO_IDENTIFICADO,PENDENTE,,,5000406-30.2025.4.00.9198,,,UO generica EFU - sem CNPJ especifico para busca,NAO_TESTADO,0837748,Tribunal Regional Federal da 2a. Região,"1975-12-18 00:00:00,000","2025-04-01 00:00:00,000",11,Não,31909100,1344688,1387077.554482477,Não Fundef,49,20 anos ou mais,Pessoal,Acima de R$ 1 milhão e até R$ 10 milhões,MATCH_VALOR_7.5%
12103,TRF - 2a. Região,71103,EFU - Sentenças Judiciais,2026,50000970920254000000,Reforma,1453825,NAO_IDENTIFICADO,PENDENTE,,,5000097-09.2025.4.00.9198,,,UO generica EFU - sem CNPJ especifico para busca,NAO_TESTADO,0837748,Tribunal Regional Federal da 2a. Região,"1975-12-18 00:00:00,000","2025-04-01 00:00:00,000",11,Não,31909100,1344688,1387077.554482477,Não Fundef,49,20 anos ou mais,Pessoal,Acima de R$ 1 milhão e até R$ 10 milhões,MATCH_VALOR_7.5%
12102,TRF - 1a. Região,49201,INCRA,2026,1648213320254010000,Desapropriação por Interesse Social para Reforma Agrária - Intervenção do Estado na,1453486,NAO_IDENTIFICADO,PENDENTE,,,0164821-33.2025.4.01.9198,,00375972000160,Precatorio de 2025 mas PRC extraidos ate 2022 - nao sincronizado no TRF1 publico,TRF1,,,,,,,,,,,,,,,SEM_MATCH_VALOR_138_cand
12102,TRF - 1a. Região,71103,EFU - Sentenças Judiciais,2026,6361082520244010000,Repetição de Indébito - Crédito Tributário - Direito Tributário,1448983,NAO_IDENTIFICADO,PENDENTE,,,0636108-25.2024.4.01.9198,,,UO generica EFU - sem CNPJ especifico para busca,NAO_TESTADO,0837748,Tribunal Regional Federal da 2a. Região,"1975-12-18 00:00:00,000","2025-04-01 00:00:00,000",11,Não,31909100,1344688,1387077.554482477,Não Fundef,49,20 anos ou mais,Pessoal,Acima de R$ 1 milhão e até R$ 10 milhões,MATCH_VALOR_7.2%
12102,TRF - 1a. Região,71103,EFU - Sentenças Judiciais,2026,1686935620254010000,"Índice de 28,86% Lei 8.622/1993 e 8.627/1993 - Reajuste de Vencimentos - Servidor",1448853,NAO_IDENTIFICADO,PENDENTE,,,0168693-56.2025.4.01.9198,,,UO generica EFU - sem CNPJ especifico para busca,NAO_TESTADO,0837748,Tribunal Regional Federal da 2a. Região,"1975-12-18 00:00:00,000","2025-04-01 00:00:00,000",11,Não,31909100,1344688,1387077.554482477,Não Fundef,49,20 anos ou mais,Pessoal,Acima de R$ 1 milhão e até R$ 10 milhões,MATCH_VALOR_7.2%
12102,TRF - 1a. Região,71103,EFU - Sentenças Judiciais,2026,1364237620254010000,FUNDO DE PARTICIPAÇÃO DOS MUNICÍPIOS - ENTIDADES,1448711,NAO_IDENTIFICADO,PENDENTE,,,0136423-76.2025.4.01.9198,,,UO generica EFU - sem CNPJ especifico para busca,NAO_TESTADO,0837748,Tribunal Regional Federal da 2a. Região,"1975-12-18 00:00:00,000","2025-04-01 00:00:00,000",11,Não,31909100,1344688,1387077.554482477,Não Fundef,49,20 anos ou mais,Pessoal,Acima de R$ 1 milhão e até R$ 10 milhões,MATCH_VALOR_7.2%
12102,TRF - 1a. Região,71103,EFU - Sentenças Judiciais,2026,1677729720254010000,Contribuições Previdenciárias - Contribuições - Direito Tributário,1439967,NAO_IDENTIFICADO,PENDENTE,,,0167772-97.2025.4.01.9198,,,UO generica EFU - sem CNPJ especifico para busca,NAO_TESTADO,0837748,Tribunal Regional Federal da 2a. Região,"1975-12-18 00:00:00,000","2025-04-01 00:00:00,000",11,Não,31909100,1344688,1387077.554482477,Não Fundef,49,20 anos ou mais,Pessoal,Acima de R$ 1 milhão e até R$ 10 milhões,MATCH_VALOR_6.6%
12102,TRF - 1a. Região,71103,EFU - Sentenças Judiciais,2026,1683124820254010000,Contribuição sobre a folha de salários - Contribuições Previdenciárias - Contribuições,1439030,NAO_IDENTIFICADO,PENDENTE,,,0168312-48.2025.4.01.9198,,,UO generica EFU - sem CNPJ especifico para busca,NAO_TESTADO,0837748,Tribunal Regional Federal da 2a. Região,"1975-12-18 00:00:00,000","2025-04-01 00:00:00,000",11,Não,31909100,1344688,1387077.554482477,Não Fundef,49,20 anos ou mais,Pessoal,Acima de R$ 1 milhão e até R$ 10 milhões,MATCH_VALOR_6.6%
12103,TRF - 2a. Região,49201,INCRA,2026,50112434720254000000,Honorários Advocatícios,1438940,NAO_IDENTIFICADO,PENDENTE,,,5011243-47.2025.4.00.9198,,00375972000160,Formato 20 dig com tribunal 00 - provavel outro TRF (nao TRF1),TRF1,,,,,,,,,,,,,,,SEM_MATCH_VALOR_138_cand
12102,TRF - 1a. Região,71103,EFU - Sentenças Judiciais,2026,1543228720254010000,FUNDO DE PARTICIPAÇÃO DOS MUNICÍPIOS - ENTIDADES,1434020,NAO_IDENTIFICADO,PENDENTE,,,0154322-87.2025.4.01.9198,,,UO generica EFU - sem CNPJ especifico para busca,NAO_TESTADO,0837748,Tribunal Regional Federal da 2a. Região,"1975-12-18 00:00:00,000","2025-04-01 00:00:00,000",11,Não,31909100,1344688,1387077.554482477,Não Fundef,49,20 anos ou mais,Pessoal,Acima de R$ 1 milhão e até R$ 10 milhões,MATCH_VALOR_6.2%
12103,TRF - 2a. Região,26245,UFRJ,2026,50079766720254000000,"Reajustes de Remuneração, Proventos ou Pensão",1433482,NAO_IDENTIFICADO,PENDENTE,,,5007976-67.2025.4.00.9198,,,Entidade nao mapeada para extracao TRF1,NAO_TESTADO,,,,,,,,,,,,,,,SEM_MATCH_VALOR_18_cand
11101,Superior Tribunal de Justiça,52101,M. da Defesa,2025,12866,Administrativo - Militar - Regime - Anistia Política (PRINCIPAL),1431752,NAO_IDENTIFICADO,PENDENTE,,,,,,Entidade nao mapeada para extracao TRF1,NAO_TESTADO,,,,,,,,,,,,,,,SEM_UO_NO_SIOP
11101,Superior Tribunal de Justiça,52101,M. da Defesa,2025,13280,Administrativo - Militar - Regime - Anistia Política,1430637,NAO_IDENTIFICADO,PENDENTE,,,,,,Entidade nao mapeada para extracao TRF1,NAO_TESTADO,,,,,,,,,,,,,,,SEM_UO_NO_SIOP
11101,Superior Tribunal de Justiça,52101,M. da Defesa,2024,12726,Administrativo - Militar - Regime - Anistia Política (PRINCIPAL),1430584,NAO_IDENTIFICADO,PENDENTE,,,,,,Entidade nao mapeada para extracao TRF1,NAO_TESTADO,,,,,,,,,,,,,,,SEM_UO_NO_SIOP
12102,TRF - 1a. Região,71103,EFU - Sentenças Judiciais,2026,1543557720254010000,Plano de Classificação de Cargos - Sistema Remuneratório - Servidor Público Civil,1428464,NAO_IDENTIFICADO,PENDENTE,,,0154355-77.2025.4.01.9198,,,UO generica EFU - sem CNPJ especifico para busca,NAO_TESTADO,0837748,Tribunal Regional Federal da 2a. Região,"1975-12-18 00:00:00,000","2025-04-01 00:00:00,000",11,Não,31909100,1344688,1387077.554482477,Não Fundef,49,20 anos ou mais,Pessoal,Acima de R$ 1 milhão e até R$ 10 milhões,MATCH_VALOR_5.9%
12103,TRF - 2a. Região,26245,UFRJ,2026,50087162520254000000,"Reajustes de Remuneração, Proventos ou Pensão",1426709,NAO_IDENTIFICADO,PENDENTE,,,5008716-25.2025.4.00.9198,,,Entidade nao mapeada para extracao TRF1,NAO_TESTADO,,,,,,,,,,,,,,,SEM_MATCH_VALOR_18_cand
12102,TRF - 1a. Região,71103,EFU - Sentenças Judiciais,2026,1544267920254010000,REINTEGRAÇÃO - REGIME - SERVIDOR PÚBLICO MILITAR - ADMINISTRATIVO,1424781,NAO_IDENTIFICADO,PENDENTE,,,0154426-79.2025.4.01.9198,,,UO generica EFU - sem CNPJ especifico para busca,NAO_TESTADO,0837748,Tribunal Regional Federal da 2a. Região,"1975-12-18 00:00:00,000","2025-04-01 00:00:00,000",11,Não,31909100,1344688,1387077.554482477,Não Fundef,49,20 anos ou mais,Pessoal,Acima de R$ 1 milhão e até R$ 10 milhões,MATCH_VALOR_5.6%
12102,TRF - 1a. Região,33904,F. Regime Geral Prev. Social,2026,5104664220244010000,Pensão por Morte (Art. 74/9) - Benefícios em Espécie - Direito Previdenciário,1424630,NAO_IDENTIFICADO,PENDENTE,,,0510466-42.2024.4.01.9198,,,Entidade nao mapeada para extracao TRF1,NAO_TESTADO,0948541,Conselho Nacional de Justiça,"1995-06-01 00:00:00,000","2024-06-04 00:00:00,000",13,Não,33909100,1422968,1467825.2304972019,Não Fundef,29,20 anos ou mais,Previdência,Acima de R$ 1 milhão e até R$ 10 milhões,MATCH_VALOR_0.1%
12102,TRF - 1a. Região,33904,F. Regime Geral Prev. Social,2026,1081854720254010000,Aposentadoria Especial (Art. 57/8) - Benefícios em Espécie - Direito Previdenciário,1423672,NAO_IDENTIFICADO,PENDENTE,,,0108185-47.2025.4.01.9198,,,Entidade nao mapeada para extracao TRF1,NAO_TESTADO,0948541,Conselho Nacional de Justiça,"1995-06-01 00:00:00,000","2024-06-04 00:00:00,000",13,Não,33909100,1422968,1467825.2304972019,Não Fundef,29,20 anos ou mais,Previdência,Acima de R$ 1 milhão e até R$ 10 milhões,MATCH_VALOR_0.0%
12102,TRF - 1a. Região,33201,INSS,2026,1055283520254010000,Reintegração - Regime Estatutário - Servidor Público Civil - Administrativo,1423323,NAO_IDENTIFICADO,PENDENTE,,,0105528-35.2025.4.01.9198,,29979036000140,Entidade sem PRC extraido no TRF1 (CNPJ pode estar incorreto),TRF1,0806922,Tribunal Regional Federal da 1a. Região,"1993-07-26 00:00:00,000","2025-03-31 00:00:00,000",11,Não,31909100,1195211,1232888.4848905886,Não Fundef,31,20 anos ou mais,Pessoal,Acima de R$ 1 milhão e até R$ 10 milhões,MATCH_APROX_16.0%
11101,Superior Tribunal de Justiça,52101,M. da Defesa,2024,12452,Administrativo - Militar - Regime - Anistia Política (PRINCIPAL),1420527,NAO_IDENTIFICADO,PENDENTE,,,,,,Entidade nao mapeada para extracao TRF1,NAO_TESTADO,,,,,,,,,,,,,,,SEM_UO_NO_SIOP
12102,TRF - 1a. Região,71103,EFU - Sentenças Judiciais,2026,1250720920254010000,Enquadramento - Regime Estatutário - Servidor Público Civil - Administrativo,1419719,NAO_IDENTIFICADO,PENDENTE,,,0125072-09.2025.4.01.9198,,,UO generica EFU - sem CNPJ especifico para busca,NAO_TESTADO,0837748,Tribunal Regional Federal da 2a. Região,"1975-12-18 00:00:00,000","2025-04-01 00:00:00,000",11,Não,31909100,1344688,1387077.554482477,Não Fundef,49,20 anos ou mais,Pessoal,Acima de R$ 1 milhão e até R$ 10 milhões,MATCH_VALOR_5.3%
12102,TRF - 1a. Região,49201,INCRA,2026,3954001420244010000,Desapropriação por Interesse Social para Reforma Agrária - Intervenção do Estado na,1418238,NAO_IDENTIFICADO,PENDENTE,,,0395400-14.2024.4.01.9198,,00375972000160,Precatorio de 2024 mas PRC extraidos ate 2022 - nao sincronizado no TRF1 publico,TRF1,,,,,,,,,,,,,,,SEM_MATCH_VALOR_138_cand
12102,TRF - 1a. Região,71103,EFU - Sentenças Judiciais,2026,1652690620254010000,CONCESSÃO - PENSÃO - SERVIDOR PÚBLICO CIVIL - ADMINISTRATIVO,1417059,NAO_IDENTIFICADO,PENDENTE,,,0165269-06.2025.4.01.9198,,,UO generica EFU - sem CNPJ especifico para busca,NAO_TESTADO,0837748,Tribunal Regional Federal da 2a. Região,"1975-12-18 00:00:00,000","2025-04-01 00:00:00,000",11,Não,31909100,1344688,1387077.554482477,Não Fundef,49,20 anos ou mais,Pessoal,Acima de R$ 1 milhão e até R$ 10 milhões,MATCH_VALOR_5.1%
12102,TRF - 1a. Região,71103,EFU - Sentenças Judiciais,2026,1543210520254010000,FUNDO DE PARTICIPAÇÃO DOS MUNICÍPIOS - ENTIDADES,1416689,NAO_IDENTIFICADO,PENDENTE,,,0154321-05.2025.4.01.9198,,,UO generica EFU - sem CNPJ especifico para busca,NAO_TESTADO,0837748,Tribunal Regional Federal da 2a. Região,"1975-12-18 00:00:00,000","2025-04-01 00:00:00,000",11,Não,31909100,1344688,1387077.554482477,Não Fundef,49,20 anos ou mais,Pessoal,Acima de R$ 1 milhão e até R$ 10 milhões,MATCH_VALOR_5.1%
12102,TRF - 1a. Região,71103,EFU - Sentenças Judiciais,2026,1460682820254010000,"Índice de 28,86% Lei 8.622/1993 e 8.627/1993 - Reajuste de Vencimentos - Servidor",1413606,NAO_IDENTIFICADO,PENDENTE,,,0146068-28.2025.4.01.9198,,,UO generica EFU - sem CNPJ especifico para busca,NAO_TESTADO,0837748,Tribunal Regional Federal da 2a. Região,"1975-12-18 00:00:00,000","2025-04-01 00:00:00,000",11,Não,31909100,1344688,1387077.554482477,Não Fundef,49,20 anos ou mais,Pessoal,Acima de R$ 1 milhão e até R$ 10 milhões,MATCH_VALOR_4.9%
12102,TRF - 1a. Região,71103,EFU - Sentenças Judiciais,2026,1648975720254010000,EX-COMBATENTES - REGIME - SERVIDOR PÚBLICO MILITAR,1413523,NAO_IDENTIFICADO,PENDENTE,,,0164897-57.2025.4.01.9198,,,UO generica EFU - sem CNPJ especifico para busca,NAO_TESTADO,0837748,Tribunal Regional Federal da 2a. Região,"1975-12-18 00:00:00,000","2025-04-01 00:00:00,000",11,Não,31909100,1344688,1387077.554482477,Não Fundef,49,20 anos ou mais,Pessoal,Acima de R$ 1 milhão e até R$ 10 milhões,MATCH_VALOR_4.9%
11101,Superior Tribunal de Justiça,52101,M. da Defesa,2024,12814,Administrativo - Militar - Regime - Anistia Política,1411702,NAO_IDENTIFICADO,PENDENTE,,,,,,Entidade nao mapeada para extracao TRF1,NAO_TESTADO,,,,,,,,,,,,,,,SEM_UO_NO_SIOP
11101,Superior Tribunal de Justiça,52101,M. da Defesa,2025,13400,Administrativo - Militar - Regime - Anistia Política (PRINCIPAL),1411649,NAO_IDENTIFICADO,PENDENTE,,,,,,Entidade nao mapeada para extracao TRF1,NAO_TESTADO,,,,,,,,,,,,,,,SEM_UO_NO_SIOP
12102,TRF - 1a. Região,71103,EFU - Sentenças Judiciais,2026,6362598820244010000,Honorários Advocatícios - Sucumbência - Partes e Procuradores - DIREITO,1408759,NAO_IDENTIFICADO,PENDENTE,,,0636259-88.2024.4.01.9198,,,UO generica EFU - sem CNPJ especifico para busca,NAO_TESTADO,0837748,Tribunal Regional Federal da 2a. Região,"1975-12-18 00:00:00,000","2025-04-01 00:00:00,000",11,Não,31909100,1344688,1387077.554482477,Não Fundef,49,20 anos ou mais,Pessoal,Acima de R$ 1 milhão e até R$ 10 milhões,MATCH_VALOR_4.5%
12103,TRF - 2a. Região,26245,UFRJ,2026,50079758220254000000,"Reajustes de Remuneração, Proventos ou Pensão",1406314,NAO_IDENTIFICADO,PENDENTE,,,5007975-82.2025.4.00.9198,,,Entidade nao mapeada para extracao TRF1,NAO_TESTADO,,,,,,,,,,,,,,,SEM_MATCH_VALOR_18_cand
12102,TRF - 1a. Região,71103,EFU - Sentenças Judiciais,2026,1543202020254010000,FUNDO DE PARTICIPAÇÃO DOS MUNICÍPIOS - ENTIDADES,1406241,NAO_IDENTIFICADO,PENDENTE,,,0154320-20.2025.4.01.9198,,,UO generica EFU - sem CNPJ especifico para busca,NAO_TESTADO,0837748,Tribunal Regional Federal da 2a. Região,"1975-12-18 00:00:00,000","2025-04-01 00:00:00,000",11,Não,31909100,1344688,1387077.554482477,Não Fundef,49,20 anos ou mais,Pessoal,Acima de R$ 1 milhão e até R$ 10 milhões,MATCH_VALOR_4.4%
12103,TRF - 2a. Região,33201,INSS,2026,50098335120254000000,Pensão,1403309,NAO_IDENTIFICADO,PENDENTE,,,5009833-51.2025.4.00.9198,,29979036000140,Formato 20 dig com tribunal 00 - provavel outro TRF (nao TRF1),TRF1,0806922,Tribunal Regional Federal da 1a. Região,"1993-07-26 00:00:00,000","2025-03-31 00:00:00,000",11,Não,31909100,1195211,1232888.4848905886,Não Fundef,31,20 anos ou mais,Pessoal,Acima de R$ 1 milhão e até R$ 10 milhões,MATCH_APROX_14.8%
11101,Superior Tribunal de Justiça,52101,M. da Defesa,2025,12891,Administrativo - Militar - Regime - Anistia Política,1399287,NAO_IDENTIFICADO,PENDENTE,,,,,,Entidade nao mapeada para extracao TRF1,NAO_TESTADO,,,,,,,,,,,,,,,SEM_UO_NO_SIOP
12102,TRF - 1a. Região,71103,EFU - Sentenças Judiciais,2026,1476401920254010000,Enquadramento - Regime Estatutário - Servidor Público Civil - Administrativo,1397068,NAO_IDENTIFICADO,PENDENTE,,,0147640-19.2025.4.01.9198,,,UO generica EFU - sem CNPJ especifico para busca,NAO_TESTADO,0837748,Tribunal Regional Federal da 2a. Região,"1975-12-18 00:00:00,000","2025-04-01 00:00:00,000",11,Não,31909100,1344688,1387077.554482477,Não Fundef,49,20 anos ou mais,Pessoal,Acima de R$ 1 milhão e até R$ 10 milhões,MATCH_VALOR_3.7%
12102,TRF - 1a. Região,33201,INSS,2026,1550771420254010000,"Índice de 28,86% Lei 8.622/1993 e 8.627/1993 - Reajuste de Vencimentos - Servidor",1391955,NAO_IDENTIFICADO,PENDENTE,,,0155077-14.2025.4.01.9198,,29979036000140,Entidade sem PRC extraido no TRF1 (CNPJ pode estar incorreto),TRF1,0806922,Tribunal Regional Federal da 1a. Região,"1993-07-26 00:00:00,000","2025-03-31 00:00:00,000",11,Não,31909100,1195211,1232888.4848905886,Não Fundef,31,20 anos ou mais,Pessoal,Acima de R$ 1 milhão e até R$ 10 milhões,MATCH_VALOR_9.1%
12103,TRF - 2a. Região,36213,ANS,2026,50050530520244000000,Taxa de Saúde Suplementar,1388890,NAO_IDENTIFICADO,PENDENTE,,,5005053-05.2024.4.00.9198,,03589068000146,Formato 20 dig com tribunal 00 - provavel outro TRF (nao TRF1),TRF1,,,,,,,,,,,,,,,SEM_MATCH_VALOR_16_cand
12103,TRF - 2a. Região,26269,Fund. Univ. do Rio de Janeiro,2026,50107758320254000000,Honorários Advocatícios,1386971,NAO_IDENTIFICADO,PENDENTE,,,5010775-83.2025.4.00.9198,,,Entidade nao mapeada para extracao TRF1,NAO_TESTADO,,,,,,,,,,,,,,,SEM_MATCH_VALOR_5_cand
11101,Superior Tribunal de Justiça,52101,M. da Defesa,2025,13168,Administrativo - Militar - Regime - Anistia Política,1384421,NAO_IDENTIFICADO,PENDENTE,,,,,,Entidade nao mapeada para extracao TRF1,NAO_TESTADO,,,,,,,,,,,,,,,SEM_UO_NO_SIOP
12102,TRF - 1a. Região,71103,EFU - Sentenças Judiciais,2026,1547004320254010000,IPI/ Imposto sobre Produtos Industrializados - Impostos - Direito Tributário,1382578,NAO_IDENTIFICADO,PENDENTE,,,0154700-43.2025.4.01.9198,,,UO generica EFU - sem CNPJ especifico para busca,NAO_TESTADO,0837748,Tribunal Regional Federal da 2a. Região,"1975-12-18 00:00:00,000","2025-04-01 00:00:00,000",11,Não,31909100,1344688,1387077.554482477,Não Fundef,49,20 anos ou mais,Pessoal,Acima de R$ 1 milhão e até R$ 10 milhões,MATCH_VALOR_2.7%
12102,TRF - 1a. Região,71103,EFU - Sentenças Judiciais,2026,1450220420254010000,Honorários Advocatícios - Sucumbência - Partes e Procuradores - DIREITO,1381940,NAO_IDENTIFICADO,PENDENTE,,,0145022-04.2025.4.01.9198,,,UO generica EFU - sem CNPJ especifico para busca,NAO_TESTADO,0837748,Tribunal Regional Federal da 2a. Região,"1975-12-18 00:00:00,000","2025-04-01 00:00:00,000",11,Não,31909100,1344688,1387077.554482477,Não Fundef,49,20 anos ou mais,Pessoal,Acima de R$ 1 milhão e até R$ 10 milhões,MATCH_VALOR_2.7%
12102,TRF - 1a. Região,71103,EFU - Sentenças Judiciais,2026,1547090520254010000,IPI/ Imposto sobre Produtos Industrializados - Impostos - Direito Tributário,1379717,NAO_IDENTIFICADO,PENDENTE,,,0154709-05.2025.4.01.9198,,,UO generica EFU - sem CNPJ especifico para busca,NAO_TESTADO,0837748,Tribunal Regional Federal da 2a. Região,"1975-12-18 00:00:00,000","2025-04-01 00:00:00,000",11,Não,31909100,1344688,1387077.554482477,Não Fundef,49,20 anos ou mais,Pessoal,Acima de R$ 1 milhão e até R$ 10 milhões,MATCH_VALOR_2.5%
12102,TRF - 1a. Região,33201,INSS,2026,1475501120254010000,"Índice de 28,86% Lei 8.622/1993 e 8.627/1993 - Reajuste de Vencimentos - Servidor",1379570,NAO_IDENTIFICADO,PENDENTE,,,0147550-11.2025.4.01.9198,,29979036000140,Entidade sem PRC extraido no TRF1 (CNPJ pode estar incorreto),TRF1,0806922,Tribunal Regional Federal da 1a. Região,"1993-07-26 00:00:00,000","2025-03-31 00:00:00,000",11,Não,31909100,1195211,1232888.4848905886,Não Fundef,31,20 anos ou mais,Pessoal,Acima de R$ 1 milhão e até R$ 10 milhões,MATCH_VALOR_8.4%
11101,Superior Tribunal de Justiça,52101,M. da Defesa,2025,13211,Administrativo - Militar - Regime - Anistia Política (PRINCIPAL),1378575,NAO_IDENTIFICADO,PENDENTE,,,,,,Entidade nao mapeada para extracao TRF1,NAO_TESTADO,,,,,,,,,,,,,,,SEM_UO_NO_SIOP
12102,TRF - 1a. Região,71103,EFU - Sentenças Judiciais,2026,1476722420254010000,PIS - Contribuição Social - Contribuições - Direito Tributário,1377361,NAO_IDENTIFICADO,PENDENTE,,,0147672-24.2025.4.01.9198,,,UO generica EFU - sem CNPJ especifico para busca,NAO_TESTADO,0837748,Tribunal Regional Federal da 2a. Região,"1975-12-18 00:00:00,000","2025-04-01 00:00:00,000",11,Não,31909100,1344688,1387077.554482477,Não Fundef,49,20 anos ou mais,Pessoal,Acima de R$ 1 milhão e até R$ 10 milhões,MATCH_VALOR_2.4%
12102,TRF - 1a. Região,71103,EFU - Sentenças Judiciais,2026,1547670820254010000,IPI/ Imposto sobre Produtos Industrializados - Impostos - Direito Tributário,1374955,NAO_IDENTIFICADO,PENDENTE,,,0154767-08.2025.4.01.9198,,,UO generica EFU - sem CNPJ especifico para busca,NAO_TESTADO,0837748,Tribunal Regional Federal da 2a. Região,"1975-12-18 00:00:00,000","2025-04-01 00:00:00,000",11,Não,31909100,1344688,1387077.554482477,Não Fundef,49,20 anos ou mais,Pessoal,Acima de R$ 1 milhão e até R$ 10 milhões,MATCH_VALOR_2.2%
12102,TRF - 1a. Região,71103,EFU - Sentenças Judiciais,2026,1547827420254010000,IPI/ Imposto sobre Produtos Industrializados - Impostos - Direito Tributário,1374955,NAO_IDENTIFICADO,PENDENTE,,,0154782-74.2025.4.01.9198,,,UO generica EFU - sem CNPJ especifico para busca,NAO_TESTADO,0837748,Tribunal Regional Federal da 2a. Região,"1975-12-18 00:00:00,000","2025-04-01 00:00:00,000",11,Não,31909100,1344688,1387077.554482477,Não Fundef,49,20 anos ou mais,Pessoal,Acima de R$ 1 milhão e até R$ 10 milhões,MATCH_VALOR_2.2%
12102,TRF - 1a. Região,71103,EFU - Sentenças Judiciais,2026,1543193520254010000,FUNDO DE PARTICIPAÇÃO DOS MUNICÍPIOS - ENTIDADES,1374592,NAO_IDENTIFICADO,PENDENTE,,,0154319-35.2025.4.01.9198,,,UO generica EFU - sem CNPJ especifico para busca,NAO_TESTADO,0837748,Tribunal Regional Federal da 2a. Região,"1975-12-18 00:00:00,000","2025-04-01 00:00:00,000",11,Não,31909100,1344688,1387077.554482477,Não Fundef,49,20 anos ou mais,Pessoal,Acima de R$ 1 milhão e até R$ 10 milhões,MATCH_VALOR_2.2%
12102,TRF - 1a. Região,71103,EFU - Sentenças Judiciais,2026,1363760520254010000,Finsocial - Contribuição Social - Contribuições - Direito Tributário,1373788,NAO_IDENTIFICADO,PENDENTE,,,0136376-05.2025.4.01.9198,,,UO generica EFU - sem CNPJ especifico para busca,NAO_TESTADO,0837748,Tribunal Regional Federal da 2a. Região,"1975-12-18 00:00:00,000","2025-04-01 00:00:00,000",11,Não,31909100,1344688,1387077.554482477,Não Fundef,49,20 anos ou mais,Pessoal,Acima de R$ 1 milhão e até R$ 10 milhões,MATCH_VALOR_2.1%
11101,Superior Tribunal de Justiça,52101,M. da Defesa,2025,13059,Administrativo - Militar - Regime - Anistia Política,1372407,NAO_IDENTIFICADO,PENDENTE,,,,,,Entidade nao mapeada para extracao TRF1,NAO_TESTADO,,,,,,,,,,,,,,,SEM_UO_NO_SIOP
12102,TRF - 1a. Região,33201,INSS,2026,1549005020254010000,"Índice de 28,86% Lei 8.622/1993 e 8.627/1993 - Reajuste de Vencimentos - Servidor",1372125,NAO_IDENTIFICADO,PENDENTE,,,0154900-50.2025.4.01.9198,,29979036000140,Entidade sem PRC extraido no TRF1 (CNPJ pode estar incorreto),TRF1,0806922,Tribunal Regional Federal da 1a. Região,"1993-07-26 00:00:00,000","2025-03-31 00:00:00,000",11,Não,31909100,1195211,1232888.4848905886,Não Fundef,31,20 anos ou mais,Pessoal,Acima de R$ 1 milhão e até R$ 10 milhões,MATCH_VALOR_7.9%
12102,TRF - 1a. Região,71103,EFU - Sentenças Judiciais,2026,6312002220244010000,CONCESSÃO - PENSÃO - SERVIDOR PÚBLICO MILITAR - ADMINISTRATIVO,1371016,NAO_IDENTIFICADO,PENDENTE,,,0631200-22.2024.4.01.9198,,,UO generica EFU - sem CNPJ especifico para busca,NAO_TESTADO,0837748,Tribunal Regional Federal da 2a. Região,"1975-12-18 00:00:00,000","2025-04-01 00:00:00,000",11,Não,31909100,1344688,1387077.554482477,Não Fundef,49,20 anos ou mais,Pessoal,Acima de R$ 1 milhão e até R$ 10 milhões,MATCH_VALOR_1.9%
12103,TRF - 2a. Região,26245,UFRJ,2026,50087154020254000000,"Reajustes de Remuneração, Proventos ou Pensão",1366639,NAO_IDENTIFICADO,PENDENTE,,,5008715-40.2025.4.00.9198,,,Entidade nao mapeada para extracao TRF1,NAO_TESTADO,,,,,,,,,,,,,,,SEM_MATCH_VALOR_18_cand
12102,TRF - 1a. Região,71103,EFU - Sentenças Judiciais,2026,4879771120244010000,Sucumbência - Direito Processual Civil - Direito Processual,1364773,NAO_IDENTIFICADO,PENDENTE,,,0487977-11.2024.4.01.9198,,,UO generica EFU - sem CNPJ especifico para busca,NAO_TESTADO,0837748,Tribunal Regional Federal da 2a. Região,"1975-12-18 00:00:00,000","2025-04-01 00:00:00,000",11,Não,31909100,1344688,1387077.554482477,Não Fundef,49,20 anos ou mais,Pessoal,Acima de R$ 1 milhão e até R$ 10 milhões,MATCH_VALOR_1.5%
12102,TRF - 1a. Região,71103,EFU - Sentenças Judiciais,2026,4879797820244010000,Sucumbência - Direito Processual Civil - Direito Processual,1364773,NAO_IDENTIFICADO,PENDENTE,,,0487979-78.2024.4.01.9198,,,UO generica EFU - sem CNPJ especifico para busca,NAO_TESTADO,0837748,Tribunal Regional Federal da 2a. Região,"1975-12-18 00:00:00,000","2025-04-01 00:00:00,000",11,Não,31909100,1344688,1387077.554482477,Não Fundef,49,20 anos ou mais,Pessoal,Acima de R$ 1 milhão e até R$ 10 milhões,MATCH_VALOR_1.5%
12102,TRF - 1a. Região,71103,EFU - Sentenças Judiciais,2026,4879806320244010000,Sucumbência - Direito Processual Civil - Direito Processual,1364773,NAO_IDENTIFICADO,PENDENTE,,,0487980-63.2024.4.01.9198,,,UO generica EFU - sem CNPJ especifico para busca,NAO_TESTADO,0837748,Tribunal Regional Federal da 2a. Região,"1975-12-18 00:00:00,000","2025-04-01 00:00:00,000",11,Não,31909100,1344688,1387077.554482477,Não Fundef,49,20 anos ou mais,Pessoal,Acima de R$ 1 milhão e até R$ 10 milhões,MATCH_VALOR_1.5%
12102,TRF - 1a. Região,71103,EFU - Sentenças Judiciais,2026,4879814820244010000,Sucumbência - Direito Processual Civil - Direito Processual,1364773,NAO_IDENTIFICADO,PENDENTE,,,0487981-48.2024.4.01.9198,,,UO generica EFU - sem CNPJ especifico para busca,NAO_TESTADO,0837748,Tribunal Regional Federal da 2a. Região,"1975-12-18 00:00:00,000","2025-04-01 00:00:00,000",11,Não,31909100,1344688,1387077.554482477,Não Fundef,49,20 anos ou mais,Pessoal,Acima de R$ 1 milhão e até R$ 10 milhões,MATCH_VALOR_1.5%
12102,TRF - 1a. Região,71103,EFU - Sentenças Judiciais,2026,1632537920254010000,Anistia Política - Direitos e Garantias Fundamentais,1363724,NAO_IDENTIFICADO,PENDENTE,,,0163253-79.2025.4.01.9198,,,UO generica EFU - sem CNPJ especifico para busca,NAO_TESTADO,0837748,Tribunal Regional Federal da 2a. Região,"1975-12-18 00:00:00,000","2025-04-01 00:00:00,000",11,Não,31909100,1344688,1387077.554482477,Não Fundef,49,20 anos ou mais,Pessoal,Acima de R$ 1 milhão e até R$ 10 milhões,MATCH_VALOR_1.4%
12102,TRF - 1a. Região,71103,EFU - Sentenças Judiciais,2026,1632546420254010000,Anistia Política - Direitos e Garantias Fundamentais,1363724,NAO_IDENTIFICADO,PENDENTE,,,0163254-64.2025.4.01.9198,,,UO generica EFU - sem CNPJ especifico para busca,NAO_TESTADO,0837748,Tribunal Regional Federal da 2a. Região,"1975-12-18 00:00:00,000","2025-04-01 00:00:00,000",11,Não,31909100,1344688,1387077.554482477,Não Fundef,49,20 anos ou mais,Pessoal,Acima de R$ 1 milhão e até R$ 10 milhões,MATCH_VALOR_1.4%
12103,TRF - 2a. Região,26245,UFRJ,2026,50079723020254000000,"Reajustes de Remuneração, Proventos ou Pensão",1362136,NAO_IDENTIFICADO,PENDENTE,,,5007972-30.2025.4.00.9198,,,Entidade nao mapeada para extracao TRF1,NAO_TESTADO,,,,,,,,,,,,,,,SEM_MATCH_VALOR_18_cand
12102,TRF - 1a. Região,71103,EFU - Sentenças Judiciais,2026,7618011920244010000,Demissão ou Exoneração - Processo Administrativo Disciplinar - Servidor Público Civil,1358721,NAO_IDENTIFICADO,PENDENTE,,,0761801-19.2024.4.01.9198,,,UO generica EFU - sem CNPJ especifico para busca,NAO_TESTADO,0837748,Tribunal Regional Federal da 2a. Região,"1975-12-18 00:00:00,000","2025-04-01 00:00:00,000",11,Não,31909100,1344688,1387077.554482477,Não Fundef,49,20 anos ou mais,Pessoal,Acima de R$ 1 milhão e até R$ 10 milhões,MATCH_VALOR_1.0%
12102,TRF - 1a. Região,71103,EFU - Sentenças Judiciais,2026,1600328820254010000,Honorários Advocatícios - Sucumbência - Partes e Procuradores - DIREITO,1358210,NAO_IDENTIFICADO,PENDENTE,,,0160032-88.2025.4.01.9198,,,UO generica EFU - sem CNPJ especifico para busca,NAO_TESTADO,0837748,Tribunal Regional Federal da 2a. Região,"1975-12-18 00:00:00,000","2025-04-01 00:00:00,000",11,Não,31909100,1344688,1387077.554482477,Não Fundef,49,20 anos ou mais,Pessoal,Acima de R$ 1 milhão e até R$ 10 milhões,MATCH_VALOR_1.0%
12102,TRF - 1a. Região,71103,EFU - Sentenças Judiciais,2026,3882256620244010000,Enquadramento - Regime Estatutário - Servidor Público Civil - Administrativo,1357068,NAO_IDENTIFICADO,PENDENTE,,,0388225-66.2024.4.01.9198,,,UO generica EFU - sem CNPJ especifico para busca,NAO_TESTADO,0837748,Tribunal Regional Federal da 2a. Região,"1975-12-18 00:00:00,000","2025-04-01 00:00:00,000",11,Não,31909100,1344688,1387077.554482477,Não Fundef,49,20 anos ou mais,Pessoal,Acima de R$ 1 milhão e até R$ 10 milhões,MATCH_VALOR_0.9%
12102,TRF - 1a. Região,71103,EFU - Sentenças Judiciais,2026,5076179720244010000,Enquadramento - Regime Estatutário - Servidor Público Civil - Administrativo,1357068,NAO_IDENTIFICADO,PENDENTE,,,0507617-97.2024.4.01.9198,,,UO generica EFU - sem CNPJ especifico para busca,NAO_TESTADO,0837748,Tribunal Regional Federal da 2a. Região,"1975-12-18 00:00:00,000","2025-04-01 00:00:00,000",11,Não,31909100,1344688,1387077.554482477,Não Fundef,49,20 anos ou mais,Pessoal,Acima de R$ 1 milhão e até R$ 10 milhões,MATCH_VALOR_0.9%
11101,Superior Tribunal de Justiça,52101,M. da Defesa,2024,12444,Administrativo - Militar - Regime - Anistia Política (PRINCIPAL),1356744,NAO_IDENTIFICADO,PENDENTE,,,,,,Entidade nao mapeada para extracao TRF1,NAO_TESTADO,,,,,,,,,,,,,,,SEM_UO_NO_SIOP
12102,TRF - 1a. Região,33904,F. Regime Geral Prev. Social,2026,327861220254019000,Aposentadoria Especial (Art. 57/8) - Benefícios em Espécie - Direito Previdenciário,1353949,NAO_IDENTIFICADO,PENDENTE,,,0032786-12.2025.4.01.9198,,,Entidade nao mapeada para extracao TRF1,NAO_TESTADO,0948541,Conselho Nacional de Justiça,"1995-06-01 00:00:00,000","2024-06-04 00:00:00,000",13,Não,33909100,1422968,1467825.2304972019,Não Fundef,29,20 anos ou mais,Previdência,Acima de R$ 1 milhão e até R$ 10 milhões,MATCH_VALOR_5.1%
12102,TRF - 1a. Região,71103,EFU - Sentenças Judiciais,2026,1674931420254010000,Anistia Política - Direitos e Garantias Fundamentais,1353432,NAO_IDENTIFICADO,PENDENTE,,,0167493-14.2025.4.01.9198,,,UO generica EFU - sem CNPJ especifico para busca,NAO_TESTADO,0837748,Tribunal Regional Federal da 2a. Região,"1975-12-18 00:00:00,000","2025-04-01 00:00:00,000",11,Não,31909100,1344688,1387077.554482477,Não Fundef,49,20 anos ou mais,Pessoal,Acima de R$ 1 milhão e até R$ 10 milhões,MATCH_VALOR_0.6%
12102,TRF - 1a. Região,33201,INSS,2026,7743688220244010000,"CONTRIBUICAO DE AUTONOMOS, EMPRESARIOS (PRO-LABORE) E FACULT",1350197,NAO_IDENTIFICADO,PENDENTE,,,0774368-82.2024.4.01.9198,,29979036000140,Entidade sem PRC extraido no TRF1 (CNPJ pode estar incorreto),TRF1,0806922,Tribunal Regional Federal da 1a. Região,"1993-07-26 00:00:00,000","2025-03-31 00:00:00,000",11,Não,31909100,1195211,1232888.4848905886,Não Fundef,31,20 anos ou mais,Pessoal,Acima de R$ 1 milhão e até R$ 10 milhões,MATCH_APROX_11.5%
12103,TRF - 2a. Região,33904,F. Regime Geral Prev. Social,2026,50108988120254000000,Honorários Advocatícios,1349977,NAO_IDENTIFICADO,PENDENTE,,,5010898-81.2025.4.00.9198,,,Entidade nao mapeada para extracao TRF1,NAO_TESTADO,0948541,Conselho Nacional de Justiça,"1995-06-01 00:00:00,000","2024-06-04 00:00:00,000",13,Não,33909100,1422968,1467825.2304972019,Não Fundef,29,20 anos ou mais,Previdência,Acima de R$ 1 milhão e até R$ 10 milhões,MATCH_VALOR_5.4%
12103,TRF - 2a. Região,26245,UFRJ,2026,50079749720254000000,"Reajustes de Remuneração, Proventos ou Pensão",1349625,NAO_IDENTIFICADO,PENDENTE,,,5007974-97.2025.4.00.9198,,,Entidade nao mapeada para extracao TRF1,NAO_TESTADO,,,,,,,,,,,,,,,SEM_MATCH_VALOR_18_cand
12102,TRF - 1a. Região,47204,IPEA,2026,1461323820254010000,Gratificação Incorporada/Quintos e Décimos/VPNI - Sistema Remuneratório e,1349479,NAO_IDENTIFICADO,PENDENTE,,,0146132-38.2025.4.01.9198,,,Entidade nao mapeada para extracao TRF1,NAO_TESTADO,,,,,,,,,,,,,,,SEM_MATCH_VALOR_1_cand
12102,TRF - 1a. Região,33904,F. Regime Geral Prev. Social,2026,3704451620244010000,Aposentadoria por tempo de contribuição (art. 55/6) - Benefícios em Espécie - Direito,1349257,NAO_IDENTIFICADO,PENDENTE,,,0370445-16.2024.4.01.9198,,,Entidade nao mapeada para extracao TRF1,NAO_TESTADO,0948541,Conselho Nacional de Justiça,"1995-06-01 00:00:00,000","2024-06-04 00:00:00,000",13,Não,33909100,1422968,1467825.2304972019,Não Fundef,29,20 anos ou mais,Previdência,Acima de R$ 1 milhão e até R$ 10 milhões,MATCH_VALOR_5.5%
12102,TRF - 1a. Região,71103,EFU - Sentenças Judiciais,2026,114297320254019000,Gratificação Incorporada/Quintos e Décimos/VPNI - Sistema Remuneratório e,1348489,NAO_IDENTIFICADO,PENDENTE,,,0011429-73.2025.4.01.9198,,,UO generica EFU - sem CNPJ especifico para busca,NAO_TESTADO,0837748,Tribunal Regional Federal da 2a. Região,"1975-12-18 00:00:00,000","2025-04-01 00:00:00,000",11,Não,31909100,1344688,1387077.554482477,Não Fundef,49,20 anos ou mais,Pessoal,Acima de R$ 1 milhão e até R$ 10 milhões,MATCH_VALOR_0.3%
12102,TRF - 1a. Região,71103,EFU - Sentenças Judiciais,2026,1678387720254010000,Enquadramento - Regime Estatutário - Servidor Público Civil - Administrativo,1347759,NAO_IDENTIFICADO,PENDENTE,,,0167838-77.2025.4.01.9198,,,UO generica EFU - sem CNPJ especifico para busca,NAO_TESTADO,0837748,Tribunal Regional Federal da 2a. Região,"1975-12-18 00:00:00,000","2025-04-01 00:00:00,000",11,Não,31909100,1344688,1387077.554482477,Não Fundef,49,20 anos ou mais,Pessoal,Acima de R$ 1 milhão e até R$ 10 milhões,MATCH_VALOR_0.2%
12102,TRF - 1a. Região,71103,EFU - Sentenças Judiciais,2026,1323462420254010000,Incidência decorrente de Liquidação de Entidade de Previdência Privada - IRPF/Imposto,1347534,NAO_IDENTIFICADO,PENDENTE,,,0132346-24.2025.4.01.9198,,,UO generica EFU - sem CNPJ especifico para busca,NAO_TESTADO,0837748,Tribunal Regional Federal da 2a. Região,"1975-12-18 00:00:00,000","2025-04-01 00:00:00,000",11,Não,31909100,1344688,1387077.554482477,Não Fundef,49,20 anos ou mais,Pessoal,Acima de R$ 1 milhão e até R$ 10 milhões,MATCH_VALOR_0.2%
12102,TRF - 1a. Região,71103,EFU - Sentenças Judiciais,2026,376300520254019000,Enquadramento - Regime Estatutário - Servidor Público Civil - Administrativo,1346747,NAO_IDENTIFICADO,PENDENTE,,,0037630-05.2025.4.01.9198,,,UO generica EFU - sem CNPJ especifico para busca,NAO_TESTADO,0837748,Tribunal Regional Federal da 2a. Região,"1975-12-18 00:00:00,000","2025-04-01 00:00:00,000",11,Não,31909100,1344688,1387077.554482477,Não Fundef,49,20 anos ou mais,Pessoal,Acima de R$ 1 milhão e até R$ 10 milhões,MATCH_VALOR_0.2%
12102,TRF - 1a. Região,71103,EFU - Sentenças Judiciais,2026,982083120254019000,Enquadramento - Regime Estatutário - Servidor Público Civil - Administrativo,1346747,NAO_IDENTIFICADO,PENDENTE,,,0098208-31.2025.4.01.9198,,,UO generica EFU - sem CNPJ especifico para busca,NAO_TESTADO,0837748,Tribunal Regional Federal da 2a. Região,"1975-12-18 00:00:00,000","2025-04-01 00:00:00,000",11,Não,31909100,1344688,1387077.554482477,Não Fundef,49,20 anos ou mais,Pessoal,Acima de R$ 1 milhão e até R$ 10 milhões,MATCH_VALOR_0.2%
12102,TRF - 1a. Região,71103,EFU - Sentenças Judiciais,2026,1435437320254010000,Honorários Advocatícios - Sucumbência - Partes e Procuradores - DIREITO,1345137,NAO_IDENTIFICADO,PENDENTE,,,0143543-73.2025.4.01.9198,,,UO generica EFU - sem CNPJ especifico para busca,NAO_TESTADO,0837748,Tribunal Regional Federal da 2a. Região,"1975-12-18 00:00:00,000","2025-04-01 00:00:00,000",11,Não,31909100,1344688,1387077.554482477,Não Fundef,49,20 anos ou mais,Pessoal,Acima de R$ 1 milhão e até R$ 10 milhões,MATCH_VALOR_0.0%
12102,TRF - 1a. Região,71103,EFU - Sentenças Judiciais,2026,1093520220254010000,CONCESSÃO - PENSÃO - SERVIDOR PÚBLICO CIVIL - ADMINISTRATIVO,1343983,NAO_IDENTIFICADO,PENDENTE,,,0109352-02.2025.4.01.9198,,,UO generica EFU - sem CNPJ especifico para busca,NAO_TESTADO,0837748,Tribunal Regional Federal da 2a. Região,"1975-12-18 00:00:00,000","2025-04-01 00:00:00,000",11,Não,31909100,1344688,1387077.554482477,Não Fundef,49,20 anos ou mais,Pessoal,Acima de R$ 1 milhão e até R$ 10 milhões,MATCH_VALOR_0.1%
12102,TRF - 1a. Região,33201,INSS,2026,1553040420254010000,"Índice de 28,86% Lei 8.622/1993 e 8.627/1993 - Reajuste de Vencimentos - Servidor",1343571,NAO_IDENTIFICADO,PENDENTE,,,0155304-04.2025.4.01.9198,,29979036000140,Entidade sem PRC extraido no TRF1 (CNPJ pode estar incorreto),TRF1,0806922,Tribunal Regional Federal da 1a. Região,"1993-07-26 00:00:00,000","2025-03-31 00:00:00,000",11,Não,31909100,1195211,1232888.4848905886,Não Fundef,31,20 anos ou mais,Pessoal,Acima de R$ 1 milhão e até R$ 10 milhões,MATCH_VALOR_6.0%
12103,TRF - 2a. Região,49201,INCRA,2026,50107689120254000000,Honorários Advocatícios,1340881,NAO_IDENTIFICADO,PENDENTE,,,5010768-91.2025.4.00.9198,,00375972000160,Formato 20 dig com tribunal 00 - provavel outro TRF (nao TRF1),TRF1,,,,,,,,,,,,,,,SEM_MATCH_VALOR_138_cand
12103,TRF - 2a. Região,71103,EFU - Sentenças Judiciais,2026,50001378820254000000,Pensão,1340758,NAO_IDENTIFICADO,PENDENTE,,,5000137-88.2025.4.00.9198,,,UO generica EFU - sem CNPJ especifico para busca,NAO_TESTADO,0837748,Tribunal Regional Federal da 2a. Região,"1975-12-18 00:00:00,000","2025-04-01 00:00:00,000",11,Não,31909100,1344688,1387077.554482477,Não Fundef,49,20 anos ou mais,Pessoal,Acima de R$ 1 milhão e até R$ 10 milhões,MATCH_VALOR_0.3%
12102,TRF - 1a. Região,33904,F. Regime Geral Prev. Social,2026,5361410720244010000,Urbana - Aposentadoria por Idade (Art. 48/51) - Benefícios em Espécie - Direito,1339485,NAO_IDENTIFICADO,PENDENTE,,,0536141-07.2024.4.01.9198,,,Entidade nao mapeada para extracao TRF1,NAO_TESTADO,0948541,Conselho Nacional de Justiça,"1995-06-01 00:00:00,000","2024-06-04 00:00:00,000",13,Não,33909100,1422968,1467825.2304972019,Não Fundef,29,20 anos ou mais,Previdência,Acima de R$ 1 milhão e até R$ 10 milhões,MATCH_VALOR_6.2%
12102,TRF - 1a. Região,71103,EFU - Sentenças Judiciais,2026,1460726520254010000,Desapropriação por Interesse Social para Reforma Agrária - Intervenção do Estado na,1338010,NAO_IDENTIFICADO,PENDENTE,,,0146072-65.2025.4.01.9198,,,UO generica EFU - sem CNPJ especifico para busca,NAO_TESTADO,0837748,Tribunal Regional Federal da 2a. Região,"1975-12-18 00:00:00,000","2025-04-01 00:00:00,000",11,Não,31909100,1344688,1387077.554482477,Não Fundef,49,20 anos ou mais,Pessoal,Acima de R$ 1 milhão e até R$ 10 milhões,MATCH_VALOR_0.5%
12103,TRF - 2a. Região,26245,UFRJ,2026,50079731520254000000,"Reajustes de Remuneração, Proventos ou Pensão",1335934,NAO_IDENTIFICADO,PENDENTE,,,5007973-15.2025.4.00.9198,,,Entidade nao mapeada para extracao TRF1,NAO_TESTADO,,,,,,,,,,,,,,,SEM_MATCH_VALOR_18_cand
12102,TRF - 1a. Região,33201,INSS,2026,2154539720244010000,"Índice de 28,86% Lei 8.622/1993 e 8.627/1993 - Reajuste de Vencimentos - Servidor",1335871,NAO_IDENTIFICADO,PENDENTE,,,0215453-97.2024.4.01.9198,,29979036000140,Entidade sem PRC extraido no TRF1 (CNPJ pode estar incorreto),TRF1,0806922,Tribunal Regional Federal da 1a. Região,"1993-07-26 00:00:00,000","2025-03-31 00:00:00,000",11,Não,31909100,1195211,1232888.4848905886,Não Fundef,31,20 anos ou mais,Pessoal,Acima de R$ 1 milhão e até R$ 10 milhões,MATCH_VALOR_5.5%
12102,TRF - 1a. Região,71103,EFU - Sentenças Judiciais,2026,1680786620254010000,Anistia Administrativa - Regime Estatutário - Servidor Público Civil - Administrativo,1334715,NAO_IDENTIFICADO,PENDENTE,,,0168078-66.2025.4.01.9198,,,UO generica EFU - sem CNPJ especifico para busca,NAO_TESTADO,0837748,Tribunal Regional Federal da 2a. Região,"1975-12-18 00:00:00,000","2025-04-01 00:00:00,000",11,Não,31909100,1344688,1387077.554482477,Não Fundef,49,20 anos ou mais,Pessoal,Acima de R$ 1 milhão e até R$ 10 milhões,MATCH_VALOR_0.7%
12102,TRF - 1a. Região,71103,EFU - Sentenças Judiciais,2026,1547142720254010000,IPI/ Imposto sobre Produtos Industrializados - Impostos - Direito Tributário,1334511,NAO_IDENTIFICADO,PENDENTE,,,0154714-27.2025.4.01.9198,,,UO generica EFU - sem CNPJ especifico para busca,NAO_TESTADO,0837748,Tribunal Regional Federal da 2a. Região,"1975-12-18 00:00:00,000","2025-04-01 00:00:00,000",11,Não,31909100,1344688,1387077.554482477,Não Fundef,49,20 anos ou mais,Pessoal,Acima de R$ 1 milhão e até R$ 10 milhões,MATCH_VALOR_0.8%
12103,TRF - 2a. Região,71103,EFU - Sentenças Judiciais,2026,50000053120254000000,Sistema Remuneratório e Benefícios,1334497,NAO_IDENTIFICADO,PENDENTE,,,5000005-31.2025.4.00.9198,,,UO generica EFU - sem CNPJ especifico para busca,NAO_TESTADO,0837748,Tribunal Regional Federal da 2a. Região,"1975-12-18 00:00:00,000","2025-04-01 00:00:00,000",11,Não,31909100,1344688,1387077.554482477,Não Fundef,49,20 anos ou mais,Pessoal,Acima de R$ 1 milhão e até R$ 10 milhões,MATCH_VALOR_0.8%
11101,Superior Tribunal de Justiça,52101,M. da Defesa,2024,12766,Administrativo - Militar - Regime - Anistia Política (PRINCIPAL),1333598,NAO_IDENTIFICADO,PENDENTE,,,,,,Entidade nao mapeada para extracao TRF1,NAO_TESTADO,,,,,,,,,,,,,,,SEM_UO_NO_SIOP
11101,Superior Tribunal de Justiça,52101,M. da Defesa,2025,13156,Administrativo - Militar - Regime - Anistia Política,1333222,NAO_IDENTIFICADO,PENDENTE,,,,,,Entidade nao mapeada para extracao TRF1,NAO_TESTADO,,,,,,,,,,,,,,,SEM_UO_NO_SIOP
12103,TRF - 2a. Região,24204,CNEN,2026,50001127520254000000,Salário / Diferença Salarial,1332558,NAO_IDENTIFICADO,PENDENTE,,,5000112-75.2025.4.00.9198,,,Entidade nao mapeada para extracao TRF1,NAO_TESTADO,,,,,,,,,,,,,,,SEM_MATCH_VALOR_41_cand
12102,TRF - 1a. Região,71103,EFU - Sentenças Judiciais,2026,1681289220254010000,Desapropriação por Utilidade Pública/DL 3.365/41 - Intervenção na Propriedade,1331432,NAO_IDENTIFICADO,PENDENTE,,,0168128-92.2025.4.01.9198,,,UO generica EFU - sem CNPJ especifico para busca,NAO_TESTADO,0837748,Tribunal Regional Federal da 2a. Região,"1975-12-18 00:00:00,000","2025-04-01 00:00:00,000",11,Não,31909100,1344688,1387077.554482477,Não Fundef,49,20 anos ou mais,Pessoal,Acima de R$ 1 milhão e até R$ 10 milhões,MATCH_VALOR_1.0%
12102,TRF - 1a. Região,71103,EFU - Sentenças Judiciais,2026,6891447920244010000,Repetição de Indébito - Crédito Tributário - Direito Tributário,1327053,NAO_IDENTIFICADO,PENDENTE,,,0689144-79.2024.4.01.9198,,,UO generica EFU - sem CNPJ especifico para busca,NAO_TESTADO,0837748,Tribunal Regional Federal da 2a. Região,"1975-12-18 00:00:00,000","2025-04-01 00:00:00,000",11,Não,31909100,1344688,1387077.554482477,Não Fundef,49,20 anos ou mais,Pessoal,Acima de R$ 1 milhão e até R$ 10 milhões,MATCH_VALOR_1.3%
12102,TRF - 1a. Região,71103,EFU - Sentenças Judiciais,2026,5776111820244010000,Cofins - Contribuição Social - Contribuições - Direito Tributário,1325704,NAO_IDENTIFICADO,PENDENTE,,,0577611-18.2024.4.01.9198,,,UO generica EFU - sem CNPJ especifico para busca,NAO_TESTADO,0837748,Tribunal Regional Federal da 2a. Região,"1975-12-18 00:00:00,000","2025-04-01 00:00:00,000",11,Não,31909100,1344688,1387077.554482477,Não Fundef,49,20 anos ou mais,Pessoal,Acima de R$ 1 milhão e até R$ 10 milhões,MATCH_VALOR_1.4%
12102,TRF - 1a. Região,71103,EFU - Sentenças Judiciais,2026,1625582820254010000,Revisão,1325154,NAO_IDENTIFICADO,PENDENTE,,,0162558-28.2025.4.01.9198,,,UO generica EFU - sem CNPJ especifico para busca,NAO_TESTADO,0881327,Tribunal Regional Federal da 4a. Região,"2009-12-02 00:00:00,000","2025-01-30 00:00:00,000",11,Não,31909100,1305886,1347052.3714890769,Não Fundef,15,De 15 até 20 anos,Pessoal,Acima de R$ 1 milhão e até R$ 10 milhões,MATCH_VALOR_1.5%
11101,Superior Tribunal de Justiça,52101,M. da Defesa,2025,13257,Administrativo - Militar - Regime - Anistia Política,1325148,NAO_IDENTIFICADO,PENDENTE,,,,,,Entidade nao mapeada para extracao TRF1,NAO_TESTADO,,,,,,,,,,,,,,,SEM_UO_NO_SIOP
11101,Superior Tribunal de Justiça,52101,M. da Defesa,2025,13225,Administrativo - Militar - Regime - Anistia Política,1323184,NAO_IDENTIFICADO,PENDENTE,,,,,,Entidade nao mapeada para extracao TRF1,NAO_TESTADO,,,,,,,,,,,,,,,SEM_UO_NO_SIOP
12103,TRF - 2a. Região,26245,UFRJ,2026,50120803920244000000,Sistema Remuneratório e Benefícios,1322733,NAO_IDENTIFICADO,PENDENTE,,,5012080-39.2024.4.00.9198,,,Entidade nao mapeada para extracao TRF1,NAO_TESTADO,,,,,,,,,,,,,,,SEM_MATCH_VALOR_18_cand
10101,Supremo Tribunal Federal,71103,EFU - Sentenças Judiciais,2025,17,COMUM,1321365,NAO_IDENTIFICADO,PENDENTE,,,,,,UO generica EFU - sem CNPJ especifico para busca,NAO_TESTADO,0881327,Tribunal Regional Federal da 4a. Região,"2009-12-02 00:00:00,000","2025-01-30 00:00:00,000",11,Não,31909100,1305886,1347052.3714890769,Não Fundef,15,De 15 até 20 anos,Pessoal,Acima de R$ 1 milhão e até R$ 10 milhões,MATCH_VALOR_1.2%
10101,Supremo Tribunal Federal,71103,EFU - Sentenças Judiciais,2025,18,COMUM,1321365,NAO_IDENTIFICADO,PENDENTE,,,,,,UO generica EFU - sem CNPJ especifico para busca,NAO_TESTADO,0881327,Tribunal Regional Federal da 4a. Região,"2009-12-02 00:00:00,000","2025-01-30 00:00:00,000",11,Não,31909100,1305886,1347052.3714890769,Não Fundef,15,De 15 até 20 anos,Pessoal,Acima de R$ 1 milhão e até R$ 10 milhões,MATCH_VALOR_1.2%
10101,Supremo Tribunal Federal,71103,EFU - Sentenças Judiciais,2025,19,COMUM,1321365,NAO_IDENTIFICADO,PENDENTE,,,,,,UO generica EFU - sem CNPJ especifico para busca,NAO_TESTADO,0881327,Tribunal Regional Federal da 4a. Região,"2009-12-02 00:00:00,000","2025-01-30 00:00:00,000",11,Não,31909100,1305886,1347052.3714890769,Não Fundef,15,De 15 até 20 anos,Pessoal,Acima de R$ 1 milhão e até R$ 10 milhões,MATCH_VALOR_1.2%
10101,Supremo Tribunal Federal,71103,EFU - Sentenças Judiciais,2025,20,COMUM,1321365,NAO_IDENTIFICADO,PENDENTE,,,,,,UO generica EFU - sem CNPJ especifico para busca,NAO_TESTADO,0881327,Tribunal Regional Federal da 4a. Região,"2009-12-02 00:00:00,000","2025-01-30 00:00:00,000",11,Não,31909100,1305886,1347052.3714890769,Não Fundef,15,De 15 até 20 anos,Pessoal,Acima de R$ 1 milhão e até R$ 10 milhões,MATCH_VALOR_1.2%
12102,TRF - 1a. Região,71103,EFU - Sentenças Judiciais,2026,938797320254019000,Reajuste da tabela do SUS,1320624,NAO_IDENTIFICADO,PENDENTE,,,0093879-73.2025.4.01.9198,,,UO generica EFU - sem CNPJ especifico para busca,NAO_TESTADO,0881327,Tribunal Regional Federal da 4a. Região,"2009-12-02 00:00:00,000","2025-01-30 00:00:00,000",11,Não,31909100,1305886,1347052.3714890769,Não Fundef,15,De 15 até 20 anos,Pessoal,Acima de R$ 1 milhão e até R$ 10 milhões,MATCH_VALOR_1.1%
12102,TRF - 1a. Região,33904,F. Regime Geral Prev. Social,2026,1672593220254010000,Aposentadoria Especial (Art. 57/8) - Benefícios em Espécie - Direito Previdenciário,1319928,NAO_IDENTIFICADO,PENDENTE,,,0167259-32.2025.4.01.9198,,,Entidade nao mapeada para extracao TRF1,NAO_TESTADO,0878769,Tribunal Regional Federal da 3a. Região,"2005-08-15 00:00:00,000","2024-12-16 00:00:00,000",12,Não,33909100,1184184,1221513.8729409927,Não Fundef,19,De 15 até 20 anos,Previdência,Acima de R$ 1 milhão e até R$ 10 milhões,MATCH_VALOR_5.3%
11101,Superior Tribunal de Justiça,25101,M. da Fazenda,2024,12338,Administrativo - Militar - Pensão,1319817,NAO_IDENTIFICADO,PENDENTE,,,,,,Entidade nao mapeada para extracao TRF1,NAO_TESTADO,,,,,,,,,,,,,,,SEM_UO_NO_SIOP
12102,TRF - 1a. Região,71103,EFU - Sentenças Judiciais,2026,7556321620244010000,Honorários Advocatícios em Execução Contra a Fazenda Pública - Sucumbência,1319215,NAO_IDENTIFICADO,PENDENTE,,,0755632-16.2024.4.01.9198,,,UO generica EFU - sem CNPJ especifico para busca,NAO_TESTADO,0881327,Tribunal Regional Federal da 4a. Região,"2009-12-02 00:00:00,000","2025-01-30 00:00:00,000",11,Não,31909100,1305886,1347052.3714890769,Não Fundef,15,De 15 até 20 anos,Pessoal,Acima de R$ 1 milhão e até R$ 10 milhões,MATCH_VALOR_1.0%
12102,TRF - 1a. Região,71103,EFU - Sentenças Judiciais,2026,6584286920244010000,Cofins - Contribuição Social - Contribuições - Direito Tributário,1318662,NAO_IDENTIFICADO,PENDENTE,,,0658428-69.2024.4.01.9198,,,UO generica EFU - sem CNPJ especifico para busca,NAO_TESTADO,0881327,Tribunal Regional Federal da 4a. Região,"2009-12-02 00:00:00,000","2025-01-30 00:00:00,000",11,Não,31909100,1305886,1347052.3714890769,Não Fundef,15,De 15 até 20 anos,Pessoal,Acima de R$ 1 milhão e até R$ 10 milhões,MATCH_VALOR_1.0%
12102,TRF - 1a. Região,71103,EFU - Sentenças Judiciais,2026,1207253020254010000,Honorários Advocatícios - Sucumbência - Partes e Procuradores - DIREITO,1318370,NAO_IDENTIFICADO,PENDENTE,,,0120725-30.2025.4.01.9198,,,UO generica EFU - sem CNPJ especifico para busca,NAO_TESTADO,0881327,Tribunal Regional Federal da 4a. Região,"2009-12-02 00:00:00,000","2025-01-30 00:00:00,000",11,Não,31909100,1305886,1347052.3714890769,Não Fundef,15,De 15 até 20 anos,Pessoal,Acima de R$ 1 milhão e até R$ 10 milhões,MATCH_VALOR_0.9%
12102,TRF - 1a. Região,83201,EGPA,2026,1663611920254010000,Gratificação Incorporada/Quintos e Décimos/VPNI - Sistema Remuneratório e,1317198,NAO_IDENTIFICADO,PENDENTE,,,0166361-19.2025.4.01.9198,,,Entidade nao mapeada para extracao TRF1,NAO_TESTADO,,,,,,,,,,,,,,,SEM_MATCH_VALOR_10_cand
12103,TRF - 2a. Região,26245,UFRJ,2026,50074729520244000000,Plano de Classificação de Cargos,1316268,NAO_IDENTIFICADO,PENDENTE,,,5007472-95.2024.4.00.9198,,,Entidade nao mapeada para extracao TRF1,NAO_TESTADO,,,,,,,,,,,,,,,SEM_MATCH_VALOR_18_cand
11101,Superior Tribunal de Justiça,52101,M. da Defesa,2024,12724,Administrativo - Militar - Regime - Anistia Política (PRINCIPAL),1314685,NAO_IDENTIFICADO,PENDENTE,,,,,,Entidade nao mapeada para extracao TRF1,NAO_TESTADO,,,,,,,,,,,,,,,SEM_UO_NO_SIOP
12102,TRF - 1a. Região,33904,F. Regime Geral Prev. Social,2026,1647416920254010000,Aposentadoria Especial (Art. 57/8) - Benefícios em Espécie - Direito Previdenciário,1314168,NAO_IDENTIFICADO,PENDENTE,,,0164741-69.2025.4.01.9198,,,Entidade nao mapeada para extracao TRF1,NAO_TESTADO,0878769,Tribunal Regional Federal da 3a. Região,"2005-08-15 00:00:00,000","2024-12-16 00:00:00,000",12,Não,33909100,1184184,1221513.8729409927,Não Fundef,19,De 15 até 20 anos,Previdência,Acima de R$ 1 milhão e até R$ 10 milhões,MATCH_VALOR_4.9%
12102,TRF - 1a. Região,71103,EFU - Sentenças Judiciais,2026,1178620420254010000,Execução Contratual - Contratos Administrativos - Direito Administrativo e outras,1313954,NAO_IDENTIFICADO,PENDENTE,,,0117862-04.2025.4.01.9198,,,UO generica EFU - sem CNPJ especifico para busca,NAO_TESTADO,0881327,Tribunal Regional Federal da 4a. Região,"2009-12-02 00:00:00,000","2025-01-30 00:00:00,000",11,Não,31909100,1305886,1347052.3714890769,Não Fundef,15,De 15 até 20 anos,Pessoal,Acima de R$ 1 milhão e até R$ 10 milhões,MATCH_VALOR_0.6%
12102,TRF - 1a. Região,83201,EGPA,2026,1332131720254010000,Gratificação Incorporada/Quintos e Décimos/VPNI - Sistema Remuneratório e,1313011,NAO_IDENTIFICADO,PENDENTE,,,0133213-17.2025.4.01.9198,,,Entidade nao mapeada para extracao TRF1,NAO_TESTADO,,,,,,,,,,,,,,,SEM_MATCH_VALOR_10_cand
12103,TRF - 2a. Região,26406,Instituto Federal do Espírito,2026,50004869120254000000,Sistema Remuneratório e Benefícios,1312887,NAO_IDENTIFICADO,PENDENTE,,,5000486-91.2025.4.00.9198,,,Entidade nao mapeada para extracao TRF1,NAO_TESTADO,,,,,,,,,,,,,,,SEM_MATCH_VALOR_5_cand
12103,TRF - 2a. Região,33904,F. Regime Geral Prev. Social,2026,50006470420254000000,Pensão por Morte (Art. 74/9),1312731,NAO_IDENTIFICADO,PENDENTE,,,5000647-04.2025.4.00.9198,,,Entidade nao mapeada para extracao TRF1,NAO_TESTADO,0948541,Conselho Nacional de Justiça,"1995-06-01 00:00:00,000","2024-06-04 00:00:00,000",13,Não,33909100,1422968,1467825.2304972019,Não Fundef,29,20 anos ou mais,Previdência,Acima de R$ 1 milhão e até R$ 10 milhões,MATCH_VALOR_8.4%
12103,TRF - 2a. Região,71103,EFU - Sentenças Judiciais,2026,50000945420254000000,Agência e distribuição,1311465,NAO_IDENTIFICADO,PENDENTE,,,5000094-54.2025.4.00.9198,,,UO generica EFU - sem CNPJ especifico para busca,NAO_TESTADO,0881327,Tribunal Regional Federal da 4a. Região,"2009-12-02 00:00:00,000","2025-01-30 00:00:00,000",11,Não,31909100,1305886,1347052.3714890769,Não Fundef,15,De 15 até 20 anos,Pessoal,Acima de R$ 1 milhão e até R$ 10 milhões,MATCH_VALOR_0.4%
12102,TRF - 1a. Região,71103,EFU - Sentenças Judiciais,2026,1365310820254010000,Entidades sem Fins Lucrativos - Imunidade Tributária - Limitações ao Poder de Tributar,1310408,NAO_IDENTIFICADO,PENDENTE,,,0136531-08.2025.4.01.9198,,,UO generica EFU - sem CNPJ especifico para busca,NAO_TESTADO,0881327,Tribunal Regional Federal da 4a. Região,"2009-12-02 00:00:00,000","2025-01-30 00:00:00,000",11,Não,31909100,1305886,1347052.3714890769,Não Fundef,15,De 15 até 20 anos,Pessoal,Acima de R$ 1 milhão e até R$ 10 milhões,MATCH_VALOR_0.3%
12102,TRF - 1a. Região,71103,EFU - Sentenças Judiciais,2026,5076049820244010000,Enquadramento - Regime Estatutário - Servidor Público Civil - Administrativo,1308124,NAO_IDENTIFICADO,PENDENTE,,,0507604-98.2024.4.01.9198,,,UO generica EFU - sem CNPJ especifico para busca,NAO_TESTADO,0881327,Tribunal Regional Federal da 4a. Região,"2009-12-02 00:00:00,000","2025-01-30 00:00:00,000",11,Não,31909100,1305886,1347052.3714890769,Não Fundef,15,De 15 até 20 anos,Pessoal,Acima de R$ 1 milhão e até R$ 10 milhões,MATCH_VALOR_0.2%
12102,TRF - 1a. Região,71103,EFU - Sentenças Judiciais,2026,2403249420244010000,Enquadramento - Regime Estatutário - Servidor Público Civil - Administrativo,1307206,NAO_IDENTIFICADO,PENDENTE,,,0240324-94.2024.4.01.9198,,,UO generica EFU - sem CNPJ especifico para busca,NAO_TESTADO,0881327,Tribunal Regional Federal da 4a. Região,"2009-12-02 00:00:00,000","2025-01-30 00:00:00,000",11,Não,31909100,1305886,1347052.3714890769,Não Fundef,15,De 15 até 20 anos,Pessoal,Acima de R$ 1 milhão e até R$ 10 milhões,MATCH_VALOR_0.1%
12102,TRF - 1a. Região,71103,EFU - Sentenças Judiciais,2026,5076058320244010000,Enquadramento - Regime Estatutário - Servidor Público Civil - Administrativo,1307206,NAO_IDENTIFICADO,PENDENTE,,,0507605-83.2024.4.01.9198,,,UO generica EFU - sem CNPJ especifico para busca,NAO_TESTADO,0881327,Tribunal Regional Federal da 4a. Região,"2009-12-02 00:00:00,000","2025-01-30 00:00:00,000",11,Não,31909100,1305886,1347052.3714890769,Não Fundef,15,De 15 até 20 anos,Pessoal,Acima de R$ 1 milhão e até R$ 10 milhões,MATCH_VALOR_0.1%
12102,TRF - 1a. Região,49201,INCRA,2026,1344387220254010000,Honorários Advocatícios - Sucumbência - Partes e Procuradores - DIREITO,1306050,NAO_IDENTIFICADO,PENDENTE,,,0134438-72.2025.4.01.9198,,00375972000160,Precatorio de 2025 mas PRC extraidos ate 2022 - nao sincronizado no TRF1 publico,TRF1,,,,,,,,,,,,,,,SEM_MATCH_VALOR_138_cand
12102,TRF - 1a. Região,71103,EFU - Sentenças Judiciais,2026,1677633820254010000,"Índice de 28,86% Lei 8.622/1993 e 8.627/1993 - Reajuste de Vencimentos - Servidor",1305351,NAO_IDENTIFICADO,PENDENTE,,,0167763-38.2025.4.01.9198,,,UO generica EFU - sem CNPJ especifico para busca,NAO_TESTADO,0881327,Tribunal Regional Federal da 4a. Região,"2009-12-02 00:00:00,000","2025-01-30 00:00:00,000",11,Não,31909100,1305886,1347052.3714890769,Não Fundef,15,De 15 até 20 anos,Pessoal,Acima de R$ 1 milhão e até R$ 10 milhões,MATCH_VALOR_0.0%
12102,TRF - 1a. Região,49201,INCRA,2026,1672853020254010000,Desapropriação por Interesse Social para Reforma Agrária - Intervenção do Estado na,1304448,NAO_IDENTIFICADO,PENDENTE,,,0167285-30.2025.4.01.9198,,00375972000160,Precatorio de 2025 mas PRC extraidos ate 2022 - nao sincronizado no TRF1 publico,TRF1,,,,,,,,,,,,,,,SEM_MATCH_VALOR_138_cand
12102,TRF - 1a. Região,71103,EFU - Sentenças Judiciais,2026,5076318120244010000,Enquadramento - Regime Estatutário - Servidor Público Civil - Administrativo,1303924,NAO_IDENTIFICADO,PENDENTE,,,0507631-81.2024.4.01.9198,,,UO generica EFU - sem CNPJ especifico para busca,NAO_TESTADO,0881327,Tribunal Regional Federal da 4a. Região,"2009-12-02 00:00:00,000","2025-01-30 00:00:00,000",11,Não,31909100,1305886,1347052.3714890769,Não Fundef,15,De 15 até 20 anos,Pessoal,Acima de R$ 1 milhão e até R$ 10 milhões,MATCH_VALOR_0.2%
12102,TRF - 1a. Região,44201,Ibama,2026,6871761420244010000,"Índice de 28,86% Lei 8.622/1993 e 8.627/1993 - Reajuste de Vencimentos - Servidor",1303185,NAO_IDENTIFICADO,PENDENTE,,,0687176-14.2024.4.01.9198,,,Entidade nao mapeada para extracao TRF1,NAO_TESTADO,,,,,,,,,,,,,,,SEM_MATCH_VALOR_16_cand
12102,TRF - 1a. Região,71103,EFU - Sentenças Judiciais,2026,982074620254019000,Enquadramento - Regime Estatutário - Servidor Público Civil - Administrativo,1303183,NAO_IDENTIFICADO,PENDENTE,,,0098207-46.2025.4.01.9198,,,UO generica EFU - sem CNPJ especifico para busca,NAO_TESTADO,0881327,Tribunal Regional Federal da 4a. Região,"2009-12-02 00:00:00,000","2025-01-30 00:00:00,000",11,Não,31909100,1305886,1347052.3714890769,Não Fundef,15,De 15 até 20 anos,Pessoal,Acima de R$ 1 milhão e até R$ 10 milhões,MATCH_VALOR_0.2%
12102,TRF - 1a. Região,44201,Ibama,2026,1214857620254010000,Desapropriação Indireta - Intervenção na Propriedade - Administrativo,1300623,NAO_IDENTIFICADO,PENDENTE,,,0121485-76.2025.4.01.9198,,,Entidade nao mapeada para extracao TRF1,NAO_TESTADO,,,,,,,,,,,,,,,SEM_MATCH_VALOR_16_cand
12102,TRF - 1a. Região,44201,Ibama,2026,1214866120254010000,Desapropriação Indireta - Intervenção na Propriedade - Administrativo,1300623,NAO_IDENTIFICADO,PENDENTE,,,0121486-61.2025.4.01.9198,,,Entidade nao mapeada para extracao TRF1,NAO_TESTADO,,,,,,,,,,,,,,,SEM_MATCH_VALOR_16_cand
12102,TRF - 1a. Região,71103,EFU - Sentenças Judiciais,2026,151970720254019000,Taxa de Guia de Importação - Taxas Federais - Taxas - Direito Tributário,1300267,NAO_IDENTIFICADO,PENDENTE,,,0015197-07.2025.4.01.9198,,,UO generica EFU - sem CNPJ especifico para busca,NAO_TESTADO,0881327,Tribunal Regional Federal da 4a. Região,"2009-12-02 00:00:00,000","2025-01-30 00:00:00,000",11,Não,31909100,1305886,1347052.3714890769,Não Fundef,15,De 15 até 20 anos,Pessoal,Acima de R$ 1 milhão e até R$ 10 milhões,MATCH_VALOR_0.4%
12102,TRF - 1a. Região,71103,EFU - Sentenças Judiciais,2026,1362999320254010000,CONCESSÃO - PENSÃO - SERVIDOR PÚBLICO CIVIL - ADMINISTRATIVO,1299994,NAO_IDENTIFICADO,PENDENTE,,,0136299-93.2025.4.01.9198,,,UO generica EFU - sem CNPJ especifico para busca,NAO_TESTADO,0881327,Tribunal Regional Federal da 4a. Região,"2009-12-02 00:00:00,000","2025-01-30 00:00:00,000",11,Não,31909100,1305886,1347052.3714890769,Não Fundef,15,De 15 até 20 anos,Pessoal,Acima de R$ 1 milhão e até R$ 10 milhões,MATCH_VALOR_0.5%
12102,TRF - 1a. Região,71103,EFU - Sentenças Judiciais,2026,1662737820254010000,Gratificação Incorporada/Quintos e Décimos/VPNI - Sistema Remuneratório e,1299085,NAO_IDENTIFICADO,PENDENTE,,,0166273-78.2025.4.01.9198,,,UO generica EFU - sem CNPJ especifico para busca,NAO_TESTADO,0881327,Tribunal Regional Federal da 4a. Região,"2009-12-02 00:00:00,000","2025-01-30 00:00:00,000",11,Não,31909100,1305886,1347052.3714890769,Não Fundef,15,De 15 até 20 anos,Pessoal,Acima de R$ 1 milhão e até R$ 10 milhões,MATCH_VALOR_0.5%
12102,TRF - 1a. Região,33201,INSS,2026,1550209320254010000,"Índice de 28,86% Lei 8.622/1993 e 8.627/1993 - Reajuste de Vencimentos - Servidor",1298432,NAO_IDENTIFICADO,PENDENTE,,,0155020-93.2025.4.01.9198,,29979036000140,Entidade sem PRC extraido no TRF1 (CNPJ pode estar incorreto),TRF1,0806922,Tribunal Regional Federal da 1a. Região,"1993-07-26 00:00:00,000","2025-03-31 00:00:00,000",11,Não,31909100,1195211,1232888.4848905886,Não Fundef,31,20 anos ou mais,Pessoal,Acima de R$ 1 milhão e até R$ 10 milhões,MATCH_VALOR_2.9%
12102,TRF - 1a. Região,33201,INSS,2026,1548026520254010000,"Índice de 28,86% Lei 8.622/1993 e 8.627/1993 - Reajuste de Vencimentos - Servidor",1297670,NAO_IDENTIFICADO,PENDENTE,,,0154802-65.2025.4.01.9198,,29979036000140,Entidade sem PRC extraido no TRF1 (CNPJ pode estar incorreto),TRF1,0806922,Tribunal Regional Federal da 1a. Região,"1993-07-26 00:00:00,000","2025-03-31 00:00:00,000",11,Não,31909100,1195211,1232888.4848905886,Não Fundef,31,20 anos ou mais,Pessoal,Acima de R$ 1 milhão e até R$ 10 milhões,MATCH_VALOR_2.9%
11101,Superior Tribunal de Justiça,52101,M. da Defesa,2025,12871,Administrativo - Militar - Regime - Anistia Política (PRINCIPAL),1296513,NAO_IDENTIFICADO,PENDENTE,,,,,,Entidade nao mapeada para extracao TRF1,NAO_TESTADO,,,,,,,,,,,,,,,SEM_UO_NO_SIOP
12102,TRF - 1a. Região,71103,EFU - Sentenças Judiciais,2026,1345175120254010000,Anistia Política - Direitos e Garantias Fundamentais,1296071,NAO_IDENTIFICADO,PENDENTE,,,0134517-51.2025.4.01.9198,,,UO generica EFU - sem CNPJ especifico para busca,NAO_TESTADO,0881327,Tribunal Regional Federal da 4a. Região,"2009-12-02 00:00:00,000","2025-01-30 00:00:00,000",11,Não,31909100,1305886,1347052.3714890769,Não Fundef,15,De 15 até 20 anos,Pessoal,Acima de R$ 1 milhão e até R$ 10 milhões,MATCH_VALOR_0.8%
12103,TRF - 2a. Região,26201,Colégio Pedro II,2026,50048755620244000000,Sistema Remuneratório e Benefícios,1292369,NAO_IDENTIFICADO,PENDENTE,,,5004875-56.2024.4.00.9198,,,Entidade nao mapeada para extracao TRF1,NAO_TESTADO,,,,,,,,,,,,,,,SEM_MATCH_VALOR_1_cand
12103,TRF - 2a. Região,33904,F. Regime Geral Prev. Social,2026,50089492220254000000,RMI pela equivalência entre Salário-de-Benefício e Salário-de-Contribuição,1292331,NAO_IDENTIFICADO,PENDENTE,,,5008949-22.2025.4.00.9198,,,Entidade nao mapeada para extracao TRF1,NAO_TESTADO,0878769,Tribunal Regional Federal da 3a. Região,"2005-08-15 00:00:00,000","2024-12-16 00:00:00,000",12,Não,33909100,1184184,1221513.8729409927,Não Fundef,19,De 15 até 20 anos,Previdência,Acima de R$ 1 milhão e até R$ 10 milhões,MATCH_VALOR_8.4%
12102,TRF - 1a. Região,33904,F. Regime Geral Prev. Social,2026,4699005120244010000,Auxílio-Doença Previdenciário - Benefícios em Espécie - Direito Previdenciário,1290833,NAO_IDENTIFICADO,PENDENTE,,,0469900-51.2024.4.01.9198,,,Entidade nao mapeada para extracao TRF1,NAO_TESTADO,0878769,Tribunal Regional Federal da 3a. Região,"2005-08-15 00:00:00,000","2024-12-16 00:00:00,000",12,Não,33909100,1184184,1221513.8729409927,Não Fundef,19,De 15 até 20 anos,Previdência,Acima de R$ 1 milhão e até R$ 10 milhões,MATCH_VALOR_8.3%
12102,TRF - 1a. Região,71103,EFU - Sentenças Judiciais,2026,1652977120254010000,Cofins - Contribuição Social - Contribuições - Direito Tributário,1290370,NAO_IDENTIFICADO,PENDENTE,,,0165297-71.2025.4.01.9198,,,UO generica EFU - sem CNPJ especifico para busca,NAO_TESTADO,0881327,Tribunal Regional Federal da 4a. Região,"2009-12-02 00:00:00,000","2025-01-30 00:00:00,000",11,Não,31909100,1305886,1347052.3714890769,Não Fundef,15,De 15 até 20 anos,Pessoal,Acima de R$ 1 milhão e até R$ 10 milhões,MATCH_VALOR_1.2%
12102,TRF - 1a. Região,71103,EFU - Sentenças Judiciais,2026,376266520254019000,Enquadramento - Regime Estatutário - Servidor Público Civil - Administrativo,1288588,NAO_IDENTIFICADO,PENDENTE,,,0037626-65.2025.4.01.9198,,,UO generica EFU - sem CNPJ especifico para busca,NAO_TESTADO,0881327,Tribunal Regional Federal da 4a. Região,"2009-12-02 00:00:00,000","2025-01-30 00:00:00,000",11,Não,31909100,1305886,1347052.3714890769,Não Fundef,15,De 15 até 20 anos,Pessoal,Acima de R$ 1 milhão e até R$ 10 milhões,MATCH_VALOR_1.3%
12102,TRF - 1a. Região,71103,EFU - Sentenças Judiciais,2026,5711615920244010000,PROMOÇÃO - REGIME - SERVIDOR PÚBLICO MILITAR - ADMINISTRATIVO,1287953,NAO_IDENTIFICADO,PENDENTE,,,0571161-59.2024.4.01.9198,,,UO generica EFU - sem CNPJ especifico para busca,NAO_TESTADO,0881327,Tribunal Regional Federal da 4a. Região,"2009-12-02 00:00:00,000","2025-01-30 00:00:00,000",11,Não,31909100,1305886,1347052.3714890769,Não Fundef,15,De 15 até 20 anos,Pessoal,Acima de R$ 1 milhão e até R$ 10 milhões,MATCH_VALOR_1.4%
12102,TRF - 1a. Região,71103,EFU - Sentenças Judiciais,2026,366210820254019000,Índice da URV Lei 8.880/1994 - Reajuste de Vencimentos - Servidor Público Civil,1284808,NAO_IDENTIFICADO,PENDENTE,,,0036621-08.2025.4.01.9198,,,UO generica EFU - sem CNPJ especifico para busca,NAO_TESTADO,0881327,Tribunal Regional Federal da 4a. Região,"2009-12-02 00:00:00,000","2025-01-30 00:00:00,000",11,Não,31909100,1305886,1347052.3714890769,Não Fundef,15,De 15 até 20 anos,Pessoal,Acima de R$ 1 milhão e até R$ 10 milhões,MATCH_VALOR_1.6%
12103,TRF - 2a. Região,33904,F. Regime Geral Prev. Social,2026,50070441620244000000,"Benefício mínimo a partir da CF/88 (art. 201, §2º CF/88)",1284693,NAO_IDENTIFICADO,PENDENTE,,,5007044-16.2024.4.00.9198,,,Entidade nao mapeada para extracao TRF1,NAO_TESTADO,0878769,Tribunal Regional Federal da 3a. Região,"2005-08-15 00:00:00,000","2024-12-16 00:00:00,000",12,Não,33909100,1184184,1221513.8729409927,Não Fundef,19,De 15 até 20 anos,Previdência,Acima de R$ 1 milhão e até R$ 10 milhões,MATCH_VALOR_7.8%
12102,TRF - 1a. Região,71103,EFU - Sentenças Judiciais,2026,1651452320254010000,Enquadramento - Regime Estatutário - Servidor Público Civil - Administrativo,1281986,NAO_IDENTIFICADO,PENDENTE,,,0165145-23.2025.4.01.9198,,,UO generica EFU - sem CNPJ especifico para busca,NAO_TESTADO,0881327,Tribunal Regional Federal da 4a. Região,"2009-12-02 00:00:00,000","2025-01-30 00:00:00,000",11,Não,31909100,1305886,1347052.3714890769,Não Fundef,15,De 15 até 20 anos,Pessoal,Acima de R$ 1 milhão e até R$ 10 milhões,MATCH_VALOR_1.9%
12102,TRF - 1a. Região,71103,EFU - Sentenças Judiciais,2026,376249520254019000,Enquadramento - Regime Estatutário - Servidor Público Civil - Administrativo,1281986,NAO_IDENTIFICADO,PENDENTE,,,0037624-95.2025.4.01.9198,,,UO generica EFU - sem CNPJ especifico para busca,NAO_TESTADO,0881327,Tribunal Regional Federal da 4a. Região,"2009-12-02 00:00:00,000","2025-01-30 00:00:00,000",11,Não,31909100,1305886,1347052.3714890769,Não Fundef,15,De 15 até 20 anos,Pessoal,Acima de R$ 1 milhão e até R$ 10 milhões,MATCH_VALOR_1.9%
12103,TRF - 2a. Região,24204,CNEN,2026,50072659620244000000,Limite de Carga Horária - Jornada Semanal,1280907,NAO_IDENTIFICADO,PENDENTE,,,5007265-96.2024.4.00.9198,,,Entidade nao mapeada para extracao TRF1,NAO_TESTADO,,,,,,,,,,,,,,,SEM_MATCH_VALOR_41_cand
12102,TRF - 1a. Região,33201,INSS,2026,1553197020254010000,"Índice de 28,86% Lei 8.622/1993 e 8.627/1993 - Reajuste de Vencimentos - Servidor",1279216,NAO_IDENTIFICADO,PENDENTE,,,0155319-70.2025.4.01.9198,,29979036000140,Entidade sem PRC extraido no TRF1 (CNPJ pode estar incorreto),TRF1,0806922,Tribunal Regional Federal da 1a. Região,"1993-07-26 00:00:00,000","2025-03-31 00:00:00,000",11,Não,31909100,1195211,1232888.4848905886,Não Fundef,31,20 anos ou mais,Pessoal,Acima de R$ 1 milhão e até R$ 10 milhões,MATCH_VALOR_1.6%
12102,TRF - 1a. Região,71103,EFU - Sentenças Judiciais,2026,1055101420254010000,FUNDEF/Fundo de Manutenção e Desenvolvimento do Ensino Fundamental e,1278831,NAO_IDENTIFICADO,PENDENTE,,,0105510-14.2025.4.01.9198,,,UO generica EFU - sem CNPJ especifico para busca,NAO_TESTADO,0881327,Tribunal Regional Federal da 4a. Região,"2009-12-02 00:00:00,000","2025-01-30 00:00:00,000",11,Não,31909100,1305886,1347052.3714890769,Não Fundef,15,De 15 até 20 anos,Pessoal,Acima de R$ 1 milhão e até R$ 10 milhões,MATCH_VALOR_2.1%
12102,TRF - 1a. Região,33201,INSS,2026,1552780620254010000,"Índice de 28,86% Lei 8.622/1993 e 8.627/1993 - Reajuste de Vencimentos - Servidor",1277978,NAO_IDENTIFICADO,PENDENTE,,,0155278-06.2025.4.01.9198,,29979036000140,Entidade sem PRC extraido no TRF1 (CNPJ pode estar incorreto),TRF1,0806922,Tribunal Regional Federal da 1a. Região,"1993-07-26 00:00:00,000","2025-03-31 00:00:00,000",11,Não,31909100,1195211,1232888.4848905886,Não Fundef,31,20 anos ou mais,Pessoal,Acima de R$ 1 milhão e até R$ 10 milhões,MATCH_VALOR_1.5%
12102,TRF - 1a. Região,71103,EFU - Sentenças Judiciais,2026,1651998620254010000,Enquadramento - Regime Estatutário - Servidor Público Civil - Administrativo,1277574,NAO_IDENTIFICADO,PENDENTE,,,0165199-86.2025.4.01.9198,,,UO generica EFU - sem CNPJ especifico para busca,NAO_TESTADO,0881327,Tribunal Regional Federal da 4a. Região,"2009-12-02 00:00:00,000","2025-01-30 00:00:00,000",11,Não,31909100,1305886,1347052.3714890769,Não Fundef,15,De 15 até 20 anos,Pessoal,Acima de R$ 1 milhão e até R$ 10 milhões,MATCH_VALOR_2.2%
12102,TRF - 1a. Região,71103,EFU - Sentenças Judiciais,2026,1357196320254010000,Honorários Advocatícios - Sucumbência - Partes e Procuradores - DIREITO,1276059,NAO_IDENTIFICADO,PENDENTE,,,0135719-63.2025.4.01.9198,,,UO generica EFU - sem CNPJ especifico para busca,NAO_TESTADO,0881327,Tribunal Regional Federal da 4a. Região,"2009-12-02 00:00:00,000","2025-01-30 00:00:00,000",11,Não,31909100,1305886,1347052.3714890769,Não Fundef,15,De 15 até 20 anos,Pessoal,Acima de R$ 1 milhão e até R$ 10 milhões,MATCH_VALOR_2.3%
12102,TRF - 1a. Região,71103,EFU - Sentenças Judiciais,2026,6018222120244010000,Cofins - Contribuição Social - Contribuições - Direito Tributário,1274456,NAO_IDENTIFICADO,PENDENTE,,,0601822-21.2024.4.01.9198,,,UO generica EFU - sem CNPJ especifico para busca,NAO_TESTADO,0881327,Tribunal Regional Federal da 4a. Região,"2009-12-02 00:00:00,000","2025-01-30 00:00:00,000",11,Não,31909100,1305886,1347052.3714890769,Não Fundef,15,De 15 até 20 anos,Pessoal,Acima de R$ 1 milhão e até R$ 10 milhões,MATCH_VALOR_2.5%
12102,TRF - 1a. Região,33201,INSS,2026,1549732220254010000,"Índice de 28,86% Lei 8.622/1993 e 8.627/1993 - Reajuste de Vencimentos - Servidor",1273254,NAO_IDENTIFICADO,PENDENTE,,,0154973-22.2025.4.01.9198,,29979036000140,Entidade sem PRC extraido no TRF1 (CNPJ pode estar incorreto),TRF1,0806922,Tribunal Regional Federal da 1a. Região,"1993-07-26 00:00:00,000","2025-03-31 00:00:00,000",11,Não,31909100,1195211,1232888.4848905886,Não Fundef,31,20 anos ou mais,Pessoal,Acima de R$ 1 milhão e até R$ 10 milhões,MATCH_VALOR_1.1%
12102,TRF - 1a. Região,71103,EFU - Sentenças Judiciais,2026,5076083820244010000,Enquadramento - Regime Estatutário - Servidor Público Civil - Administrativo,1271771,NAO_IDENTIFICADO,PENDENTE,,,0507608-38.2024.4.01.9198,,,UO generica EFU - sem CNPJ especifico para busca,NAO_TESTADO,0881327,Tribunal Regional Federal da 4a. Região,"2009-12-02 00:00:00,000","2025-01-30 00:00:00,000",11,Não,31909100,1305886,1347052.3714890769,Não Fundef,15,De 15 até 20 anos,Pessoal,Acima de R$ 1 milhão e até R$ 10 milhões,MATCH_VALOR_2.7%
12102,TRF - 1a. Região,33201,INSS,2026,1475406420254010000,"Índice de 28,86% Lei 8.622/1993 e 8.627/1993 - Reajuste de Vencimentos - Servidor",1271378,NAO_IDENTIFICADO,PENDENTE,,,0147540-64.2025.4.01.9198,,29979036000140,Entidade sem PRC extraido no TRF1 (CNPJ pode estar incorreto),TRF1,0806922,Tribunal Regional Federal da 1a. Região,"1993-07-26 00:00:00,000","2025-03-31 00:00:00,000",11,Não,31909100,1195211,1232888.4848905886,Não Fundef,31,20 anos ou mais,Pessoal,Acima de R$ 1 milhão e até R$ 10 milhões,MATCH_VALOR_1.0%
12102,TRF - 1a. Região,71103,EFU - Sentenças Judiciais,2026,5076023120244010000,Enquadramento - Regime Estatutário - Servidor Público Civil - Administrativo,1269970,NAO_IDENTIFICADO,PENDENTE,,,0507602-31.2024.4.01.9198,,,UO generica EFU - sem CNPJ especifico para busca,NAO_TESTADO,0881327,Tribunal Regional Federal da 4a. Região,"2009-12-02 00:00:00,000","2025-01-30 00:00:00,000",11,Não,31909100,1305886,1347052.3714890769,Não Fundef,15,De 15 até 20 anos,Pessoal,Acima de R$ 1 milhão e até R$ 10 milhões,MATCH_VALOR_2.8%
12102,TRF - 1a. Região,71103,EFU - Sentenças Judiciais,2026,1662711120254010000,Anistia Administrativa - Regime Estatutário - Servidor Público Civil - Administrativo,1269448,NAO_IDENTIFICADO,PENDENTE,,,0166271-11.2025.4.01.9198,,,UO generica EFU - sem CNPJ especifico para busca,NAO_TESTADO,0881327,Tribunal Regional Federal da 4a. Região,"2009-12-02 00:00:00,000","2025-01-30 00:00:00,000",11,Não,31909100,1305886,1347052.3714890769,Não Fundef,15,De 15 até 20 anos,Pessoal,Acima de R$ 1 milhão e até R$ 10 milhões,MATCH_VALOR_2.9%
12102,TRF - 1a. Região,49201,INCRA,2026,1687126220254010000,Desapropriação por Interesse Social para Reforma Agrária - Intervenção do Estado na,1268832,NAO_IDENTIFICADO,PENDENTE,,,0168712-62.2025.4.01.9198,,00375972000160,Precatorio de 2025 mas PRC extraidos ate 2022 - nao sincronizado no TRF1 publico,TRF1,,,,,,,,,,,,,,,SEM_MATCH_VALOR_138_cand
12102,TRF - 1a. Região,71103,EFU - Sentenças Judiciais,2026,1471352820254010000,Indenização por Dano Material - Responsabilidade da Administração - Direito,1268649,NAO_IDENTIFICADO,PENDENTE,,,0147135-28.2025.4.01.9198,,,UO generica EFU - sem CNPJ especifico para busca,NAO_TESTADO,0881327,Tribunal Regional Federal da 4a. Região,"2009-12-02 00:00:00,000","2025-01-30 00:00:00,000",11,Não,31909100,1305886,1347052.3714890769,Não Fundef,15,De 15 até 20 anos,Pessoal,Acima de R$ 1 milhão e até R$ 10 milhões,MATCH_VALOR_2.9%
12102,TRF - 1a. Região,71103,EFU - Sentenças Judiciais,2026,1471379520254010000,Indenização por Dano Material - Responsabilidade da Administração - Direito,1268649,NAO_IDENTIFICADO,PENDENTE,,,0147137-95.2025.4.01.9198,,,UO generica EFU - sem CNPJ especifico para busca,NAO_TESTADO,0881327,Tribunal Regional Federal da 4a. Região,"2009-12-02 00:00:00,000","2025-01-30 00:00:00,000",11,Não,31909100,1305886,1347052.3714890769,Não Fundef,15,De 15 até 20 anos,Pessoal,Acima de R$ 1 milhão e até R$ 10 milhões,MATCH_VALOR_2.9%
12102,TRF - 1a. Região,71103,EFU - Sentenças Judiciais,2026,1651980420254010000,Enquadramento - Regime Estatutário - Servidor Público Civil - Administrativo,1266688,NAO_IDENTIFICADO,PENDENTE,,,0165198-04.2025.4.01.9198,,,UO generica EFU - sem CNPJ especifico para busca,NAO_TESTADO,0881327,Tribunal Regional Federal da 4a. Região,"2009-12-02 00:00:00,000","2025-01-30 00:00:00,000",11,Não,31909100,1305886,1347052.3714890769,Não Fundef,15,De 15 até 20 anos,Pessoal,Acima de R$ 1 milhão e até R$ 10 milhões,MATCH_VALOR_3.1%
12102,TRF - 1a. Região,71103,EFU - Sentenças Judiciais,2026,376231320254019000,Enquadramento - Regime Estatutário - Servidor Público Civil - Administrativo,1266688,NAO_IDENTIFICADO,PENDENTE,,,0037623-13.2025.4.01.9198,,,UO generica EFU - sem CNPJ especifico para busca,NAO_TESTADO,0881327,Tribunal Regional Federal da 4a. Região,"2009-12-02 00:00:00,000","2025-01-30 00:00:00,000",11,Não,31909100,1305886,1347052.3714890769,Não Fundef,15,De 15 até 20 anos,Pessoal,Acima de R$ 1 milhão e até R$ 10 milhões,MATCH_VALOR_3.1%
12102,TRF - 1a. Região,71103,EFU - Sentenças Judiciais,2026,417396220254019000,Cofins - Importação - Contribuição Social - Contribuições - Tributário - Direito Tributário,1266321,NAO_IDENTIFICADO,PENDENTE,,,0041739-62.2025.4.01.9198,,,UO generica EFU - sem CNPJ especifico para busca,NAO_TESTADO,0881327,Tribunal Regional Federal da 4a. Região,"2009-12-02 00:00:00,000","2025-01-30 00:00:00,000",11,Não,31909100,1305886,1347052.3714890769,Não Fundef,15,De 15 até 20 anos,Pessoal,Acima de R$ 1 milhão e até R$ 10 milhões,MATCH_VALOR_3.1%
12102,TRF - 1a. Região,71103,EFU - Sentenças Judiciais,2026,4979127520244010000,Obrigação de Fazer/Não Fazer - Liquidação/Cumprimento/Execução - Direito Processual,1265226,NAO_IDENTIFICADO,PENDENTE,,,0497912-75.2024.4.01.9198,,,UO generica EFU - sem CNPJ especifico para busca,NAO_TESTADO,0881327,Tribunal Regional Federal da 4a. Região,"2009-12-02 00:00:00,000","2025-01-30 00:00:00,000",11,Não,31909100,1305886,1347052.3714890769,Não Fundef,15,De 15 até 20 anos,Pessoal,Acima de R$ 1 milhão e até R$ 10 milhões,MATCH_VALOR_3.2%
12102,TRF - 1a. Região,71103,EFU - Sentenças Judiciais,2026,921146720254019000,CONCESSÃO - PENSÃO - SERVIDOR PÚBLICO CIVIL - ADMINISTRATIVO,1264740,NAO_IDENTIFICADO,PENDENTE,,,0092114-67.2025.4.01.9198,,,UO generica EFU - sem CNPJ especifico para busca,NAO_TESTADO,0881327,Tribunal Regional Federal da 4a. Região,"2009-12-02 00:00:00,000","2025-01-30 00:00:00,000",11,Não,31909100,1305886,1347052.3714890769,Não Fundef,15,De 15 até 20 anos,Pessoal,Acima de R$ 1 milhão e até R$ 10 milhões,MATCH_VALOR_3.3%
12102,TRF - 1a. Região,71103,EFU - Sentenças Judiciais,2026,1543185020254010000,FUNDO DE PARTICIPAÇÃO DOS MUNICÍPIOS - ENTIDADES,1264120,NAO_IDENTIFICADO,PENDENTE,,,0154318-50.2025.4.01.9198,,,UO generica EFU - sem CNPJ especifico para busca,NAO_TESTADO,0881327,Tribunal Regional Federal da 4a. Região,"2009-12-02 00:00:00,000","2025-01-30 00:00:00,000",11,Não,31909100,1305886,1347052.3714890769,Não Fundef,15,De 15 até 20 anos,Pessoal,Acima de R$ 1 milhão e até R$ 10 milhões,MATCH_VALOR_3.3%
12103,TRF - 2a. Região,26245,UFRJ,2026,50108107720244000000,Descontos Indevidos,1262754,NAO_IDENTIFICADO,PENDENTE,,,5010810-77.2024.4.00.9198,,,Entidade nao mapeada para extracao TRF1,NAO_TESTADO,,,,,,,,,,,,,,,SEM_MATCH_VALOR_18_cand
12102,TRF - 1a. Região,71103,EFU - Sentenças Judiciais,2026,7195179320244010000,Enquadramento - Regime Estatutário - Servidor Público Civil - Administrativo,1262462,NAO_IDENTIFICADO,PENDENTE,,,0719517-93.2024.4.01.9198,,,UO generica EFU - sem CNPJ especifico para busca,NAO_TESTADO,0881327,Tribunal Regional Federal da 4a. Região,"2009-12-02 00:00:00,000","2025-01-30 00:00:00,000",11,Não,31909100,1305886,1347052.3714890769,Não Fundef,15,De 15 até 20 anos,Pessoal,Acima de R$ 1 milhão e até R$ 10 milhões,MATCH_VALOR_3.4%
12102,TRF - 1a. Região,71103,EFU - Sentenças Judiciais,2026,1186086620254010000,Índice do IPC junho/1987 - Reajuste de Vencimentos - Servidor Público Civil,1261837,NAO_IDENTIFICADO,PENDENTE,,,0118608-66.2025.4.01.9198,,,UO generica EFU - sem CNPJ especifico para busca,NAO_TESTADO,0837373,Tribunal Regional Federal da 2a. Região,"2007-11-22 00:00:00,000","2024-11-06 00:00:00,000",21,Sim,33909100,1218103,1256502.1256587168,Não Fundef,16,De 15 até 20 anos,OCC,Acima de R$ 1 milhão e até R$ 10 milhões,MATCH_VALOR_3.5%
11101,Superior Tribunal de Justiça,52101,M. da Defesa,2025,12874,Administrativo - Militar - Regime - Anistia Política,1259840,NAO_IDENTIFICADO,PENDENTE,,,,,,Entidade nao mapeada para extracao TRF1,NAO_TESTADO,,,,,,,,,,,,,,,SEM_UO_NO_SIOP
12102,TRF - 1a. Região,71103,EFU - Sentenças Judiciais,2026,1662729320254010000,Honorários Advocatícios - Sucumbência - Partes e Procuradores - DIREITO,1258300,NAO_IDENTIFICADO,PENDENTE,,,0166272-93.2025.4.01.9198,,,UO generica EFU - sem CNPJ especifico para busca,NAO_TESTADO,0837373,Tribunal Regional Federal da 2a. Região,"2007-11-22 00:00:00,000","2024-11-06 00:00:00,000",21,Sim,33909100,1218103,1256502.1256587168,Não Fundef,16,De 15 até 20 anos,OCC,Acima de R$ 1 milhão e até R$ 10 milhões,MATCH_VALOR_3.2%
12102,TRF - 1a. Região,33201,INSS,2026,2154521520244010000,"Índice de 28,86% Lei 8.622/1993 e 8.627/1993 - Reajuste de Vencimentos - Servidor",1253260,NAO_IDENTIFICADO,PENDENTE,,,0215452-15.2024.4.01.9198,,29979036000140,Entidade sem PRC extraido no TRF1 (CNPJ pode estar incorreto),TRF1,0806922,Tribunal Regional Federal da 1a. Região,"1993-07-26 00:00:00,000","2025-03-31 00:00:00,000",11,Não,31909100,1195211,1232888.4848905886,Não Fundef,31,20 anos ou mais,Pessoal,Acima de R$ 1 milhão e até R$ 10 milhões,MATCH_VALOR_-0.4%
12102,TRF - 1a. Região,33201,INSS,2026,1553326920254010000,"Índice de 28,86% Lei 8.622/1993 e 8.627/1993 - Reajuste de Vencimentos - Servidor",1253080,NAO_IDENTIFICADO,PENDENTE,,,0155332-69.2025.4.01.9198,,29979036000140,Entidade sem PRC extraido no TRF1 (CNPJ pode estar incorreto),TRF1,0806922,Tribunal Regional Federal da 1a. Região,"1993-07-26 00:00:00,000","2025-03-31 00:00:00,000",11,Não,31909100,1195211,1232888.4848905886,Não Fundef,31,20 anos ou mais,Pessoal,Acima de R$ 1 milhão e até R$ 10 milhões,MATCH_VALOR_-0.4%
11101,Superior Tribunal de Justiça,33101,M. da Previdência Social,2024,12348,Administrativo - Servidor Público Civil - Processo Administrativo Disciplinar ou,1251562,NAO_IDENTIFICADO,PENDENTE,,,,,,Entidade nao mapeada para extracao TRF1,NAO_TESTADO,,,,,,,,,,,,,,,SEM_UO_NO_SIOP
11101,Superior Tribunal de Justiça,52101,M. da Defesa,2024,12732,Administrativo - Militar - Regime - Anistia Política,1248734,NAO_IDENTIFICADO,PENDENTE,,,,,,Entidade nao mapeada para extracao TRF1,NAO_TESTADO,,,,,,,,,,,,,,,SEM_UO_NO_SIOP
12102,TRF - 1a. Região,33904,F. Regime Geral Prev. Social,2026,7104414520244010000,Aposentadoria Especial (Art. 57/8) - Benefícios em Espécie - Direito Previdenciário,1248370,NAO_IDENTIFICADO,PENDENTE,,,0710441-45.2024.4.01.9198,,,Entidade nao mapeada para extracao TRF1,NAO_TESTADO,0878769,Tribunal Regional Federal da 3a. Região,"2005-08-15 00:00:00,000","2024-12-16 00:00:00,000",12,Não,33909100,1184184,1221513.8729409927,Não Fundef,19,De 15 até 20 anos,Previdência,Acima de R$ 1 milhão e até R$ 10 milhões,MATCH_VALOR_0.1%
12102,TRF - 1a. Região,39252,DNIT,2026,5104612020244010000,Pagamento Atrasado/Correção Monetária - Contratos Administrativos - Direito,1247870,IDENTIFICADO_PRC,PRC,0000517-32.2016.4.01.9198,0001648-37.2015.4.01.3100/AP,0510461-20.2024.4.01.9198,1_prc_entidade,04892707000100,,TRF1,,,,,,,,,,,,,,,SEM_MATCH_VALOR_33_cand
12103,TRF - 2a. Região,26406,Instituto Federal do Espírito,2026,50084203720244000000,"Reajustes de Remuneração, Proventos ou Pensão",1247179,NAO_IDENTIFICADO,PENDENTE,,,5008420-37.2024.4.00.9198,,,Entidade nao mapeada para extracao TRF1,NAO_TESTADO,,,,,,,,,,,,,,,SEM_MATCH_VALOR_5_cand
12102,TRF - 1a. Região,71103,EFU - Sentenças Judiciais,2026,1664989820254010000,Gratificação de incentivo - Sistema Remuneratório - Servidor Público Civil,1245215,NAO_IDENTIFICADO,PENDENTE,,,0166498-98.2025.4.01.9198,,,UO generica EFU - sem CNPJ especifico para busca,NAO_TESTADO,0837373,Tribunal Regional Federal da 2a. Região,"2007-11-22 00:00:00,000","2024-11-06 00:00:00,000",21,Sim,33909100,1218103,1256502.1256587168,Não Fundef,16,De 15 até 20 anos,OCC,Acima de R$ 1 milhão e até R$ 10 milhões,MATCH_VALOR_2.2%
12102,TRF - 1a. Região,71103,EFU - Sentenças Judiciais,2026,1543176520254010000,FUNDO DE PARTICIPAÇÃO DOS MUNICÍPIOS - ENTIDADES,1243268,NAO_IDENTIFICADO,PENDENTE,,,0154317-65.2025.4.01.9198,,,UO generica EFU - sem CNPJ especifico para busca,NAO_TESTADO,0837373,Tribunal Regional Federal da 2a. Região,"2007-11-22 00:00:00,000","2024-11-06 00:00:00,000",21,Sim,33909100,1218103,1256502.1256587168,Não Fundef,16,De 15 até 20 anos,OCC,Acima de R$ 1 milhão e até R$ 10 milhões,MATCH_VALOR_2.0%
12103,TRF - 2a. Região,26245,UFRJ,2026,50087137020254000000,"Reajustes de Remuneração, Proventos ou Pensão",1242864,NAO_IDENTIFICADO,PENDENTE,,,5008713-70.2025.4.00.9198,,,Entidade nao mapeada para extracao TRF1,NAO_TESTADO,,,,,,,,,,,,,,,SEM_MATCH_VALOR_18_cand
12102,TRF - 1a. Região,49201,INCRA,2026,4095076320244010000,Perda da propriedade - Propriedade - Coisas - Direito Civil e outras matérias do Direito,1242165,NAO_IDENTIFICADO,PENDENTE,,,0409507-63.2024.4.01.9198,,00375972000160,Precatorio de 2024 mas PRC extraidos ate 2022 - nao sincronizado no TRF1 publico,TRF1,,,,,,,,,,,,,,,SEM_MATCH_VALOR_138_cand
12102,TRF - 1a. Região,71103,EFU - Sentenças Judiciais,2026,4920009720244010000,Enquadramento - Regime Estatutário - Servidor Público Civil - Administrativo,1241181,NAO_IDENTIFICADO,PENDENTE,,,0492000-97.2024.4.01.9198,,,UO generica EFU - sem CNPJ especifico para busca,NAO_TESTADO,0837373,Tribunal Regional Federal da 2a. Região,"2007-11-22 00:00:00,000","2024-11-06 00:00:00,000",21,Sim,33909100,1218103,1256502.1256587168,Não Fundef,16,De 15 até 20 anos,OCC,Acima de R$ 1 milhão e até R$ 10 milhões,MATCH_VALOR_1.9%
12102,TRF - 1a. Região,71103,EFU - Sentenças Judiciais,2026,1543168020254010000,FUNDO DE PARTICIPAÇÃO DOS MUNICÍPIOS - ENTIDADES,1240747,NAO_IDENTIFICADO,PENDENTE,,,0154316-80.2025.4.01.9198,,,UO generica EFU - sem CNPJ especifico para busca,NAO_TESTADO,0837373,Tribunal Regional Federal da 2a. Região,"2007-11-22 00:00:00,000","2024-11-06 00:00:00,000",21,Sim,33909100,1218103,1256502.1256587168,Não Fundef,16,De 15 até 20 anos,OCC,Acima de R$ 1 milhão e até R$ 10 milhões,MATCH_VALOR_1.8%
12102,TRF - 1a. Região,71103,EFU - Sentenças Judiciais,2026,381384820254019000,Expedição de CND - Certidão Negativa de Débito (CND) - Crédito Tributário - Direito,1240713,NAO_IDENTIFICADO,PENDENTE,,,0038138-48.2025.4.01.9198,,,UO generica EFU - sem CNPJ especifico para busca,NAO_TESTADO,0837373,Tribunal Regional Federal da 2a. Região,"2007-11-22 00:00:00,000","2024-11-06 00:00:00,000",21,Sim,33909100,1218103,1256502.1256587168,Não Fundef,16,De 15 até 20 anos,OCC,Acima de R$ 1 milhão e até R$ 10 milhões,MATCH_VALOR_1.8%
11101,Superior Tribunal de Justiça,52101,M. da Defesa,2024,12541,Administrativo - Militar - Regime - Anistia Política (PRINCIPAL),1240199,NAO_IDENTIFICADO,PENDENTE,,,,,,Entidade nao mapeada para extracao TRF1,NAO_TESTADO,,,,,,,,,,,,,,,SEM_UO_NO_SIOP
12102,TRF - 1a. Região,71103,EFU - Sentenças Judiciais,2026,1547429220254010000,IPI/ Imposto sobre Produtos Industrializados - Impostos - Direito Tributário,1239952,NAO_IDENTIFICADO,PENDENTE,,,0154742-92.2025.4.01.9198,,,UO generica EFU - sem CNPJ especifico para busca,NAO_TESTADO,0837373,Tribunal Regional Federal da 2a. Região,"2007-11-22 00:00:00,000","2024-11-06 00:00:00,000",21,Sim,33909100,1218103,1256502.1256587168,Não Fundef,16,De 15 até 20 anos,OCC,Acima de R$ 1 milhão e até R$ 10 milhões,MATCH_VALOR_1.8%
12102,TRF - 1a. Região,33201,INSS,2026,1553379120254010000,"Índice de 28,86% Lei 8.622/1993 e 8.627/1993 - Reajuste de Vencimentos - Servidor",1239125,NAO_IDENTIFICADO,PENDENTE,,,0155337-91.2025.4.01.9198,,29979036000140,Entidade sem PRC extraido no TRF1 (CNPJ pode estar incorreto),TRF1,0806922,Tribunal Regional Federal da 1a. Região,"1993-07-26 00:00:00,000","2025-03-31 00:00:00,000",11,Não,31909100,1195211,1232888.4848905886,Não Fundef,31,20 anos ou mais,Pessoal,Acima de R$ 1 milhão e até R$ 10 milhões,MATCH_VALOR_-1.5%
12102,TRF - 1a. Região,71103,EFU - Sentenças Judiciais,2026,1324268520254010000,Taxa de Despacho Aduaneiro - Taxas Federais - Taxas - Direito Tributário,1237653,NAO_IDENTIFICADO,PENDENTE,,,0132426-85.2025.4.01.9198,,,UO generica EFU - sem CNPJ especifico para busca,NAO_TESTADO,0837373,Tribunal Regional Federal da 2a. Região,"2007-11-22 00:00:00,000","2024-11-06 00:00:00,000",21,Sim,33909100,1218103,1256502.1256587168,Não Fundef,16,De 15 até 20 anos,OCC,Acima de R$ 1 milhão e até R$ 10 milhões,MATCH_VALOR_1.6%
11101,Superior Tribunal de Justiça,52101,M. da Defesa,2024,12781,Administrativo - Militar - Regime - Anistia Política,1237545,NAO_IDENTIFICADO,PENDENTE,,,,,,Entidade nao mapeada para extracao TRF1,NAO_TESTADO,,,,,,,,,,,,,,,SEM_UO_NO_SIOP
12102,TRF - 1a. Região,33904,F. Regime Geral Prev. Social,2026,6817432920244010000,Aposentadoria Especial (Art. 57/8) - Benefícios em Espécie - Direito Previdenciário,1237247,NAO_IDENTIFICADO,PENDENTE,,,0681743-29.2024.4.01.9198,,,Entidade nao mapeada para extracao TRF1,NAO_TESTADO,0878769,Tribunal Regional Federal da 3a. Região,"2005-08-15 00:00:00,000","2024-12-16 00:00:00,000",12,Não,33909100,1184184,1221513.8729409927,Não Fundef,19,De 15 até 20 anos,Previdência,Acima de R$ 1 milhão e até R$ 10 milhões,MATCH_VALOR_-0.7%
12102,TRF - 1a. Região,71103,EFU - Sentenças Judiciais,2026,1645433220254010000,CONCESSÃO - PENSÃO - SERVIDOR PÚBLICO CIVIL - ADMINISTRATIVO,1236815,NAO_IDENTIFICADO,PENDENTE,,,0164543-32.2025.4.01.9198,,,UO generica EFU - sem CNPJ especifico para busca,NAO_TESTADO,0837373,Tribunal Regional Federal da 2a. Região,"2007-11-22 00:00:00,000","2024-11-06 00:00:00,000",21,Sim,33909100,1218103,1256502.1256587168,Não Fundef,16,De 15 até 20 anos,OCC,Acima de R$ 1 milhão e até R$ 10 milhões,MATCH_VALOR_1.5%
12103,TRF - 2a. Região,33201,INSS,2026,50068250320244000000,Pensão,1236198,NAO_IDENTIFICADO,PENDENTE,,,5006825-03.2024.4.00.9198,,29979036000140,Formato 20 dig com tribunal 00 - provavel outro TRF (nao TRF1),TRF1,0806922,Tribunal Regional Federal da 1a. Região,"1993-07-26 00:00:00,000","2025-03-31 00:00:00,000",11,Não,31909100,1195211,1232888.4848905886,Não Fundef,31,20 anos ou mais,Pessoal,Acima de R$ 1 milhão e até R$ 10 milhões,MATCH_VALOR_3.3%
12103,TRF - 2a. Região,33201,INSS,2026,50068268520244000000,Pensão,1236198,NAO_IDENTIFICADO,PENDENTE,,,5006826-85.2024.4.00.9198,,29979036000140,Formato 20 dig com tribunal 00 - provavel outro TRF (nao TRF1),TRF1,0806922,Tribunal Regional Federal da 1a. Região,"1993-07-26 00:00:00,000","2025-03-31 00:00:00,000",11,Não,31909100,1195211,1232888.4848905886,Não Fundef,31,20 anos ou mais,Pessoal,Acima de R$ 1 milhão e até R$ 10 milhões,MATCH_VALOR_3.3%
12103,TRF - 2a. Região,33201,INSS,2026,50068277020244000000,Pensão,1236198,NAO_IDENTIFICADO,PENDENTE,,,5006827-70.2024.4.00.9198,,29979036000140,Formato 20 dig com tribunal 00 - provavel outro TRF (nao TRF1),TRF1,0806922,Tribunal Regional Federal da 1a. Região,"1993-07-26 00:00:00,000","2025-03-31 00:00:00,000",11,Não,31909100,1195211,1232888.4848905886,Não Fundef,31,20 anos ou mais,Pessoal,Acima de R$ 1 milhão e até R$ 10 milhões,MATCH_VALOR_3.3%
12102,TRF - 1a. Região,71103,EFU - Sentenças Judiciais,2026,1251500320254010000,FUNDEF/Fundo de Manutenção e Desenvolvimento do Ensino Fundamental e,1234473,NAO_IDENTIFICADO,PENDENTE,,,0125150-03.2025.4.01.9198,,,UO generica EFU - sem CNPJ especifico para busca,NAO_TESTADO,0837373,Tribunal Regional Federal da 2a. Região,"2007-11-22 00:00:00,000","2024-11-06 00:00:00,000",21,Sim,33909100,1218103,1256502.1256587168,Não Fundef,16,De 15 até 20 anos,OCC,Acima de R$ 1 milhão e até R$ 10 milhões,MATCH_VALOR_1.3%
12102,TRF - 1a. Região,71103,EFU - Sentenças Judiciais,2026,6361281620244010000,Gratificação Incorporada/Quintos e Décimos/VPNI - Sistema Remuneratório e,1233252,NAO_IDENTIFICADO,PENDENTE,,,0636128-16.2024.4.01.9198,,,UO generica EFU - sem CNPJ especifico para busca,NAO_TESTADO,0837373,Tribunal Regional Federal da 2a. Região,"2007-11-22 00:00:00,000","2024-11-06 00:00:00,000",21,Sim,33909100,1218103,1256502.1256587168,Não Fundef,16,De 15 até 20 anos,OCC,Acima de R$ 1 milhão e até R$ 10 milhões,MATCH_VALOR_1.2%
11101,Superior Tribunal de Justiça,52101,M. da Defesa,2025,12850,Administrativo - Militar - Regime - Anistia Política,1232073,NAO_IDENTIFICADO,PENDENTE,,,,,,Entidade nao mapeada para extracao TRF1,NAO_TESTADO,,,,,,,,,,,,,,,SEM_UO_NO_SIOP
11101,Superior Tribunal de Justiça,52101,M. da Defesa,2024,12736,Administrativo - Militar - Regime - Anistia Política,1230155,NAO_IDENTIFICADO,PENDENTE,,,,,,Entidade nao mapeada para extracao TRF1,NAO_TESTADO,,,,,,,,,,,,,,,SEM_UO_NO_SIOP
12102,TRF - 1a. Região,33201,INSS,2026,1548052020254010000,"Índice de 28,86% Lei 8.622/1993 e 8.627/1993 - Reajuste de Vencimentos - Servidor",1229847,NAO_IDENTIFICADO,PENDENTE,,,0154805-20.2025.4.01.9198,,29979036000140,Entidade sem PRC extraido no TRF1 (CNPJ pode estar incorreto),TRF1,0806922,Tribunal Regional Federal da 1a. Região,"1993-07-26 00:00:00,000","2025-03-31 00:00:00,000",11,Não,31909100,1195211,1232888.4848905886,Não Fundef,31,20 anos ou mais,Pessoal,Acima de R$ 1 milhão e até R$ 10 milhões,MATCH_VALOR_-2.2%
12102,TRF - 1a. Região,71103,EFU - Sentenças Judiciais,2026,1405635620254010000,Gratificação Incorporada/Quintos e Décimos/VPNI - Sistema Remuneratório e,1229718,NAO_IDENTIFICADO,PENDENTE,,,0140563-56.2025.4.01.9198,,,UO generica EFU - sem CNPJ especifico para busca,NAO_TESTADO,0837373,Tribunal Regional Federal da 2a. Região,"2007-11-22 00:00:00,000","2024-11-06 00:00:00,000",21,Sim,33909100,1218103,1256502.1256587168,Não Fundef,16,De 15 até 20 anos,OCC,Acima de R$ 1 milhão e até R$ 10 milhões,MATCH_VALOR_0.9%
12102,TRF - 1a. Região,71103,EFU - Sentenças Judiciais,2026,5076282920244010000,Enquadramento - Regime Estatutário - Servidor Público Civil - Administrativo,1228454,NAO_IDENTIFICADO,PENDENTE,,,0507628-29.2024.4.01.9198,,,UO generica EFU - sem CNPJ especifico para busca,NAO_TESTADO,0837373,Tribunal Regional Federal da 2a. Região,"2007-11-22 00:00:00,000","2024-11-06 00:00:00,000",21,Sim,33909100,1218103,1256502.1256587168,Não Fundef,16,De 15 até 20 anos,OCC,Acima de R$ 1 milhão e até R$ 10 milhões,MATCH_VALOR_0.8%
12102,TRF - 1a. Região,71103,EFU - Sentenças Judiciais,2026,628466520254019000,"Índice de 28,86% Lei 8.622/1993 e 8.627/1993 - Reajuste de Vencimentos - Servidor",1227131,NAO_IDENTIFICADO,PENDENTE,,,0062846-65.2025.4.01.9198,,,UO generica EFU - sem CNPJ especifico para busca,NAO_TESTADO,0837373,Tribunal Regional Federal da 2a. Região,"2007-11-22 00:00:00,000","2024-11-06 00:00:00,000",21,Sim,33909100,1218103,1256502.1256587168,Não Fundef,16,De 15 até 20 anos,OCC,Acima de R$ 1 milhão e até R$ 10 milhões,MATCH_VALOR_0.7%
12102,TRF - 1a. Região,33201,INSS,2026,1544025120254010000,"Índice de 28,86% Lei 8.622/1993 e 8.627/1993 - Reajuste de Vencimentos - Servidor",1226662,NAO_IDENTIFICADO,PENDENTE,,,0154402-51.2025.4.01.9198,,29979036000140,Entidade sem PRC extraido no TRF1 (CNPJ pode estar incorreto),TRF1,0806922,Tribunal Regional Federal da 1a. Região,"1993-07-26 00:00:00,000","2025-03-31 00:00:00,000",11,Não,31909100,1195211,1232888.4848905886,Não Fundef,31,20 anos ou mais,Pessoal,Acima de R$ 1 milhão e até R$ 10 milhões,MATCH_VALOR_-2.4%
12103,TRF - 2a. Região,33904,F. Regime Geral Prev. Social,2026,50062327120244000000,Aposentadoria por Tempo de Contribuição (Art. 55/6),1225521,NAO_IDENTIFICADO,PENDENTE,,,5006232-71.2024.4.00.9198,,,Entidade nao mapeada para extracao TRF1,NAO_TESTADO,0878769,Tribunal Regional Federal da 3a. Região,"2005-08-15 00:00:00,000","2024-12-16 00:00:00,000",12,Não,33909100,1184184,1221513.8729409927,Não Fundef,19,De 15 até 20 anos,Previdência,Acima de R$ 1 milhão e até R$ 10 milhões,MATCH_VALOR_-1.6%
12103,TRF - 2a. Região,26236,UF - Fluminense/RJ,2026,50097576120244000000,Sistema Remuneratório e Benefícios,1224155,NAO_IDENTIFICADO,PENDENTE,,,5009757-61.2024.4.00.9198,,,Entidade nao mapeada para extracao TRF1,NAO_TESTADO,,,,,,,,,,,,,,,SEM_MATCH_VALOR_7_cand
12102,TRF - 1a. Região,71103,EFU - Sentenças Judiciais,2026,1463299020254010000,"Índice de 28,86% Lei 8.622/1993 e 8.627/1993 - Reajuste de Vencimentos - Servidor",1223952,NAO_IDENTIFICADO,PENDENTE,,,0146329-90.2025.4.01.9198,,,UO generica EFU - sem CNPJ especifico para busca,NAO_TESTADO,0837373,Tribunal Regional Federal da 2a. Região,"2007-11-22 00:00:00,000","2024-11-06 00:00:00,000",21,Sim,33909100,1218103,1256502.1256587168,Não Fundef,16,De 15 até 20 anos,OCC,Acima de R$ 1 milhão e até R$ 10 milhões,MATCH_VALOR_0.5%
12102,TRF - 1a. Região,71103,EFU - Sentenças Judiciais,2026,1652474520254010000,Honorários Advocatícios - Sucumbência - Partes e Procuradores - DIREITO,1223752,NAO_IDENTIFICADO,PENDENTE,,,0165247-45.2025.4.01.9198,,,UO generica EFU - sem CNPJ especifico para busca,NAO_TESTADO,0837373,Tribunal Regional Federal da 2a. Região,"2007-11-22 00:00:00,000","2024-11-06 00:00:00,000",21,Sim,33909100,1218103,1256502.1256587168,Não Fundef,16,De 15 até 20 anos,OCC,Acima de R$ 1 milhão e até R$ 10 milhões,MATCH_VALOR_0.5%
12102,TRF - 1a. Região,71103,EFU - Sentenças Judiciais,2026,1651366120254010000,Enquadramento - Regime Estatutário - Servidor Público Civil - Administrativo,1223451,NAO_IDENTIFICADO,PENDENTE,,,0165136-61.2025.4.01.9198,,,UO generica EFU - sem CNPJ especifico para busca,NAO_TESTADO,0837373,Tribunal Regional Federal da 2a. Região,"2007-11-22 00:00:00,000","2024-11-06 00:00:00,000",21,Sim,33909100,1218103,1256502.1256587168,Não Fundef,16,De 15 até 20 anos,OCC,Acima de R$ 1 milhão e até R$ 10 milhões,MATCH_VALOR_0.4%
12102,TRF - 1a. Região,71103,EFU - Sentenças Judiciais,2026,5076075320244010000,Enquadramento - Regime Estatutário - Servidor Público Civil - Administrativo,1223451,NAO_IDENTIFICADO,PENDENTE,,,0507607-53.2024.4.01.9198,,,UO generica EFU - sem CNPJ especifico para busca,NAO_TESTADO,0837373,Tribunal Regional Federal da 2a. Região,"2007-11-22 00:00:00,000","2024-11-06 00:00:00,000",21,Sim,33909100,1218103,1256502.1256587168,Não Fundef,16,De 15 até 20 anos,OCC,Acima de R$ 1 milhão e até R$ 10 milhões,MATCH_VALOR_0.4%
12102,TRF - 1a. Região,33201,INSS,2026,1548078720254010000,"Índice de 28,86% Lei 8.622/1993 e 8.627/1993 - Reajuste de Vencimentos - Servidor",1222221,NAO_IDENTIFICADO,PENDENTE,,,0154807-87.2025.4.01.9198,,29979036000140,Entidade sem PRC extraido no TRF1 (CNPJ pode estar incorreto),TRF1,0806922,Tribunal Regional Federal da 1a. Região,"1993-07-26 00:00:00,000","2025-03-31 00:00:00,000",11,Não,31909100,1195211,1232888.4848905886,Não Fundef,31,20 anos ou mais,Pessoal,Acima de R$ 1 milhão e até R$ 10 milhões,MATCH_VALOR_-2.8%
12102,TRF - 1a. Região,71103,EFU - Sentenças Judiciais,2026,1678352520254010000,Enquadramento - Regime Estatutário - Servidor Público Civil - Administrativo,1221127,NAO_IDENTIFICADO,PENDENTE,,,0167835-25.2025.4.01.9198,,,UO generica EFU - sem CNPJ especifico para busca,NAO_TESTADO,0837373,Tribunal Regional Federal da 2a. Região,"2007-11-22 00:00:00,000","2024-11-06 00:00:00,000",21,Sim,33909100,1218103,1256502.1256587168,Não Fundef,16,De 15 até 20 anos,OCC,Acima de R$ 1 milhão e até R$ 10 milhões,MATCH_VALOR_0.2%
11101,Superior Tribunal de Justiça,52101,M. da Defesa,2024,12747,Administrativo - Militar - Regime - Anistia Política,1220502,NAO_IDENTIFICADO,PENDENTE,,,,,,Entidade nao mapeada para extracao TRF1,NAO_TESTADO,,,,,,,,,,,,,,,SEM_UO_NO_SIOP
12103,TRF - 2a. Região,39252,DNIT,2026,50115694120244000000,Pagamento Atrasado / Correção Monetária,1219314,IDENTIFICADO_PRC,PRC,0000517-32.2016.4.01.9198,0001648-37.2015.4.01.3100/AP,5011569-41.2024.4.00.9198,1_prc_entidade,04892707000100,,TRF1,,,,,,,,,,,,,,,SEM_MATCH_VALOR_33_cand
12102,TRF - 1a. Região,33201,INSS,2026,1549463920254010000,"Índice de 28,86% Lei 8.622/1993 e 8.627/1993 - Reajuste de Vencimentos - Servidor",1219273,NAO_IDENTIFICADO,PENDENTE,,,0154946-39.2025.4.01.9198,,29979036000140,Entidade sem PRC extraido no TRF1 (CNPJ pode estar incorreto),TRF1,0806922,Tribunal Regional Federal da 1a. Região,"1993-07-26 00:00:00,000","2025-03-31 00:00:00,000",11,Não,31909100,1195211,1232888.4848905886,Não Fundef,31,20 anos ou mais,Pessoal,Acima de R$ 1 milhão e até R$ 10 milhões,MATCH_VALOR_-3.0%
12102,TRF - 1a. Região,33201,INSS,2026,1687195420254010000,"Índice de 28,86% Lei 8.622/1993 e 8.627/1993 - Reajuste de Vencimentos - Servidor",1219124,NAO_IDENTIFICADO,PENDENTE,,,0168719-54.2025.4.01.9198,,29979036000140,Entidade sem PRC extraido no TRF1 (CNPJ pode estar incorreto),TRF1,0806922,Tribunal Regional Federal da 1a. Região,"1993-07-26 00:00:00,000","2025-03-31 00:00:00,000",11,Não,31909100,1195211,1232888.4848905886,Não Fundef,31,20 anos ou mais,Pessoal,Acima de R$ 1 milhão e até R$ 10 milhões,MATCH_VALOR_-3.0%
12102,TRF - 1a. Região,33904,F. Regime Geral Prev. Social,2026,1288326320254010000,Aposentadoria por tempo de serviço (art. 52/4) - Benefícios em Espécie - Direito,1216823,NAO_IDENTIFICADO,PENDENTE,,,0128832-63.2025.4.01.9198,,,Entidade nao mapeada para extracao TRF1,NAO_TESTADO,0878769,Tribunal Regional Federal da 3a. Região,"2005-08-15 00:00:00,000","2024-12-16 00:00:00,000",12,Não,33909100,1184184,1221513.8729409927,Não Fundef,19,De 15 até 20 anos,Previdência,Acima de R$ 1 milhão e até R$ 10 milhões,MATCH_VALOR_-2.3%
12102,TRF - 1a. Região,71103,EFU - Sentenças Judiciais,2026,5295381520244010000,Férias - Sistema Remuneratório - Militar - Administrativo,1216287,NAO_IDENTIFICADO,PENDENTE,,,0529538-15.2024.4.01.9198,,,UO generica EFU - sem CNPJ especifico para busca,NAO_TESTADO,0837373,Tribunal Regional Federal da 2a. Região,"2007-11-22 00:00:00,000","2024-11-06 00:00:00,000",21,Sim,33909100,1218103,1256502.1256587168,Não Fundef,16,De 15 até 20 anos,OCC,Acima de R$ 1 milhão e até R$ 10 milhões,MATCH_VALOR_0.1%
12103,TRF - 2a. Região,33904,F. Regime Geral Prev. Social,2026,50110130520254000000,Averbação/Cômputo/Conversão de tempo de serviço especial,1215865,NAO_IDENTIFICADO,PENDENTE,,,5011013-05.2025.4.00.9198,,,Entidade nao mapeada para extracao TRF1,NAO_TESTADO,0878769,Tribunal Regional Federal da 3a. Região,"2005-08-15 00:00:00,000","2024-12-16 00:00:00,000",12,Não,33909100,1184184,1221513.8729409927,Não Fundef,19,De 15 até 20 anos,Previdência,Acima de R$ 1 milhão e até R$ 10 milhões,MATCH_VALOR_2.6%
12102,TRF - 1a. Região,71103,EFU - Sentenças Judiciais,2026,1543505520254010000,Honorários Advocatícios em Execução Contra a Fazenda Pública - Sucumbência,1213207,NAO_IDENTIFICADO,PENDENTE,,,0154350-55.2025.4.01.9198,,,UO generica EFU - sem CNPJ especifico para busca,NAO_TESTADO,0837373,Tribunal Regional Federal da 2a. Região,"2007-11-22 00:00:00,000","2024-11-06 00:00:00,000",21,Sim,33909100,1218103,1256502.1256587168,Não Fundef,16,De 15 até 20 anos,OCC,Acima de R$ 1 milhão e até R$ 10 milhões,MATCH_VALOR_0.4%
12102,TRF - 1a. Região,71103,EFU - Sentenças Judiciais,2026,1365440720254010000,"Índice de 28,86% Lei 8.622/1993 e 8.627/1993 - Reajuste de Vencimentos - Servidor",1213204,NAO_IDENTIFICADO,PENDENTE,,,0136544-07.2025.4.01.9198,,,UO generica EFU - sem CNPJ especifico para busca,NAO_TESTADO,0837373,Tribunal Regional Federal da 2a. Região,"2007-11-22 00:00:00,000","2024-11-06 00:00:00,000",21,Sim,33909100,1218103,1256502.1256587168,Não Fundef,16,De 15 até 20 anos,OCC,Acima de R$ 1 milhão e até R$ 10 milhões,MATCH_VALOR_0.4%
12102,TRF - 1a. Região,33201,INSS,2026,1478480320254010000,"Índice de 28,86% Lei 8.622/1993 e 8.627/1993 - Reajuste de Vencimentos - Servidor",1211467,NAO_IDENTIFICADO,PENDENTE,,,0147848-03.2025.4.01.9198,,29979036000140,Entidade sem PRC extraido no TRF1 (CNPJ pode estar incorreto),TRF1,0806922,Tribunal Regional Federal da 1a. Região,"1993-07-26 00:00:00,000","2025-03-31 00:00:00,000",11,Não,31909100,1195211,1232888.4848905886,Não Fundef,31,20 anos ou mais,Pessoal,Acima de R$ 1 milhão e até R$ 10 milhões,MATCH_VALOR_-3.7%
12102,TRF - 1a. Região,33201,INSS,2026,1550572320254010000,"Índice de 28,86% Lei 8.622/1993 e 8.627/1993 - Reajuste de Vencimentos - Servidor",1211317,NAO_IDENTIFICADO,PENDENTE,,,0155057-23.2025.4.01.9198,,29979036000140,Entidade sem PRC extraido no TRF1 (CNPJ pode estar incorreto),TRF1,0806922,Tribunal Regional Federal da 1a. Região,"1993-07-26 00:00:00,000","2025-03-31 00:00:00,000",11,Não,31909100,1195211,1232888.4848905886,Não Fundef,31,20 anos ou mais,Pessoal,Acima de R$ 1 milhão e até R$ 10 milhões,MATCH_VALOR_-3.7%
12102,TRF - 1a. Região,71103,EFU - Sentenças Judiciais,2026,628458020254019000,"Índice de 28,86% Lei 8.622/1993 e 8.627/1993 - Reajuste de Vencimentos - Servidor",1210459,NAO_IDENTIFICADO,PENDENTE,,,0062845-80.2025.4.01.9198,,,UO generica EFU - sem CNPJ especifico para busca,NAO_TESTADO,0837373,Tribunal Regional Federal da 2a. Região,"2007-11-22 00:00:00,000","2024-11-06 00:00:00,000",21,Sim,33909100,1218103,1256502.1256587168,Não Fundef,16,De 15 até 20 anos,OCC,Acima de R$ 1 milhão e até R$ 10 milhões,MATCH_VALOR_0.6%
11101,Superior Tribunal de Justiça,52101,M. da Defesa,2025,13235,Administrativo - Militar - Regime - Anistia Política,1209979,NAO_IDENTIFICADO,PENDENTE,,,,,,Entidade nao mapeada para extracao TRF1,NAO_TESTADO,,,,,,,,,,,,,,,SEM_UO_NO_SIOP
12102,TRF - 1a. Região,33201,INSS,2026,1548043520254010000,"Índice de 28,86% Lei 8.622/1993 e 8.627/1993 - Reajuste de Vencimentos - Servidor",1209588,NAO_IDENTIFICADO,PENDENTE,,,0154804-35.2025.4.01.9198,,29979036000140,Entidade sem PRC extraido no TRF1 (CNPJ pode estar incorreto),TRF1,0806922,Tribunal Regional Federal da 1a. Região,"1993-07-26 00:00:00,000","2025-03-31 00:00:00,000",11,Não,31909100,1195211,1232888.4848905886,Não Fundef,31,20 anos ou mais,Pessoal,Acima de R$ 1 milhão e até R$ 10 milhões,MATCH_VALOR_-3.8%
12102,TRF - 1a. Região,71103,EFU - Sentenças Judiciais,2026,1344940820254010000,CPMF/Contribuição Provisória sobre Movimentação Financeira - Contribuições,1208911,NAO_IDENTIFICADO,PENDENTE,,,0134494-08.2025.4.01.9198,,,UO generica EFU - sem CNPJ especifico para busca,NAO_TESTADO,0837373,Tribunal Regional Federal da 2a. Região,"2007-11-22 00:00:00,000","2024-11-06 00:00:00,000",21,Sim,33909100,1218103,1256502.1256587168,Não Fundef,16,De 15 até 20 anos,OCC,Acima de R$ 1 milhão e até R$ 10 milhões,MATCH_VALOR_0.8%
12102,TRF - 1a. Região,71103,EFU - Sentenças Judiciais,2026,7195248520244010000,Enquadramento - Regime Estatutário - Servidor Público Civil - Administrativo,1208798,NAO_IDENTIFICADO,PENDENTE,,,0719524-85.2024.4.01.9198,,,UO generica EFU - sem CNPJ especifico para busca,NAO_TESTADO,0837373,Tribunal Regional Federal da 2a. Região,"2007-11-22 00:00:00,000","2024-11-06 00:00:00,000",21,Sim,33909100,1218103,1256502.1256587168,Não Fundef,16,De 15 até 20 anos,OCC,Acima de R$ 1 milhão e até R$ 10 milhões,MATCH_VALOR_0.8%
12102,TRF - 1a. Região,33201,INSS,2026,1548961320254010000,"Índice de 28,86% Lei 8.622/1993 e 8.627/1993 - Reajuste de Vencimentos - Servidor",1207153,NAO_IDENTIFICADO,PENDENTE,,,0154896-13.2025.4.01.9198,,29979036000140,Entidade sem PRC extraido no TRF1 (CNPJ pode estar incorreto),TRF1,0806922,Tribunal Regional Federal da 1a. Região,"1993-07-26 00:00:00,000","2025-03-31 00:00:00,000",11,Não,31909100,1195211,1232888.4848905886,Não Fundef,31,20 anos ou mais,Pessoal,Acima de R$ 1 milhão e até R$ 10 milhões,MATCH_VALOR_-4.0%
12102,TRF - 1a. Região,33201,INSS,2026,1543938920254010000,"Índice de 28,86% Lei 8.622/1993 e 8.627/1993 - Reajuste de Vencimentos - Servidor",1206921,NAO_IDENTIFICADO,PENDENTE,,,0154393-89.2025.4.01.9198,,29979036000140,Entidade sem PRC extraido no TRF1 (CNPJ pode estar incorreto),TRF1,0806922,Tribunal Regional Federal da 1a. Região,"1993-07-26 00:00:00,000","2025-03-31 00:00:00,000",11,Não,31909100,1195211,1232888.4848905886,Não Fundef,31,20 anos ou mais,Pessoal,Acima de R$ 1 milhão e até R$ 10 milhões,MATCH_VALOR_-4.0%
12102,TRF - 1a. Região,33904,F. Regime Geral Prev. Social,2026,1363527420254010000,RMI pelo art. 202 CF/88 (média dos 36 últimos salários-de-contribuição) - Renda Mensal,1206811,NAO_IDENTIFICADO,PENDENTE,,,0136352-74.2025.4.01.9198,,,Entidade nao mapeada para extracao TRF1,NAO_TESTADO,0878769,Tribunal Regional Federal da 3a. Região,"2005-08-15 00:00:00,000","2024-12-16 00:00:00,000",12,Não,33909100,1184184,1221513.8729409927,Não Fundef,19,De 15 até 20 anos,Previdência,Acima de R$ 1 milhão e até R$ 10 milhões,MATCH_VALOR_1.9%
12102,TRF - 1a. Região,33904,F. Regime Geral Prev. Social,2026,1602597820254010000,Aposentadoria por tempo de contribuição (art. 55/6) - Benefícios em Espécie - Direito,1206756,NAO_IDENTIFICADO,PENDENTE,,,0160259-78.2025.4.01.9198,,,Entidade nao mapeada para extracao TRF1,NAO_TESTADO,0878769,Tribunal Regional Federal da 3a. Região,"2005-08-15 00:00:00,000","2024-12-16 00:00:00,000",12,Não,33909100,1184184,1221513.8729409927,Não Fundef,19,De 15 até 20 anos,Previdência,Acima de R$ 1 milhão e até R$ 10 milhões,MATCH_VALOR_-3.1%
12102,TRF - 1a. Região,71103,EFU - Sentenças Judiciais,2026,628449520254019000,"Índice de 28,86% Lei 8.622/1993 e 8.627/1993 - Reajuste de Vencimentos - Servidor",1206511,NAO_IDENTIFICADO,PENDENTE,,,0062844-95.2025.4.01.9198,,,UO generica EFU - sem CNPJ especifico para busca,NAO_TESTADO,0837373,Tribunal Regional Federal da 2a. Região,"2007-11-22 00:00:00,000","2024-11-06 00:00:00,000",21,Sim,33909100,1218103,1256502.1256587168,Não Fundef,16,De 15 até 20 anos,OCC,Acima de R$ 1 milhão e até R$ 10 milhões,MATCH_VALOR_1.0%
11101,Superior Tribunal de Justiça,52101,M. da Defesa,2025,12876,Administrativo - Militar - Regime - Anistia Política (PRINCIPAL),1205901,NAO_IDENTIFICADO,PENDENTE,,,,,,Entidade nao mapeada para extracao TRF1,NAO_TESTADO,,,,,,,,,,,,,,,SEM_UO_NO_SIOP
11101,Superior Tribunal de Justiça,52101,M. da Defesa,2025,13249,Administrativo - Militar - Regime - Anistia Política,1205120,NAO_IDENTIFICADO,PENDENTE,,,,,,Entidade nao mapeada para extracao TRF1,NAO_TESTADO,,,,,,,,,,,,,,,SEM_UO_NO_SIOP
12102,TRF - 1a. Região,71103,EFU - Sentenças Judiciais,2026,3882195920244010000,Enquadramento - Regime Estatutário - Servidor Público Civil - Administrativo,1205065,NAO_IDENTIFICADO,PENDENTE,,,0388219-59.2024.4.01.9198,,,UO generica EFU - sem CNPJ especifico para busca,NAO_TESTADO,0837373,Tribunal Regional Federal da 2a. Região,"2007-11-22 00:00:00,000","2024-11-06 00:00:00,000",21,Sim,33909100,1218103,1256502.1256587168,Não Fundef,16,De 15 até 20 anos,OCC,Acima de R$ 1 milhão e até R$ 10 milhões,MATCH_VALOR_1.1%
12102,TRF - 1a. Região,33904,F. Regime Geral Prev. Social,2026,4903528220244010000,Auxílio-Doença Previdenciário - Benefícios em Espécie - Direito Previdenciário,1204959,NAO_IDENTIFICADO,PENDENTE,,,0490352-82.2024.4.01.9198,,,Entidade nao mapeada para extracao TRF1,NAO_TESTADO,0878769,Tribunal Regional Federal da 3a. Região,"2005-08-15 00:00:00,000","2024-12-16 00:00:00,000",12,Não,33909100,1184184,1221513.8729409927,Não Fundef,19,De 15 até 20 anos,Previdência,Acima de R$ 1 milhão e até R$ 10 milhões,MATCH_VALOR_1.7%
12102,TRF - 1a. Região,71103,EFU - Sentenças Judiciais,2026,1678361020254010000,Enquadramento - Regime Estatutário - Servidor Público Civil - Administrativo,1204891,NAO_IDENTIFICADO,PENDENTE,,,0167836-10.2025.4.01.9198,,,UO generica EFU - sem CNPJ especifico para busca,NAO_TESTADO,0837373,Tribunal Regional Federal da 2a. Região,"2007-11-22 00:00:00,000","2024-11-06 00:00:00,000",21,Sim,33909100,1218103,1256502.1256587168,Não Fundef,16,De 15 até 20 anos,OCC,Acima de R$ 1 milhão e até R$ 10 milhões,MATCH_VALOR_1.1%
12103,TRF - 2a. Região,47205,IBGE,2026,50080770720254000000,Gratificação Incorporada / Quintos e Décimos / VPNI,1203859,NAO_IDENTIFICADO,PENDENTE,,,5008077-07.2025.4.00.9198,,,Entidade nao mapeada para extracao TRF1,NAO_TESTADO,,,,,,,,,,,,,,,SEM_MATCH_VALOR_5_cand
12103,TRF - 2a. Região,71103,EFU - Sentenças Judiciais,2026,50001352120254000000,Reforma,1203612,NAO_IDENTIFICADO,PENDENTE,,,5000135-21.2025.4.00.9198,,,UO generica EFU - sem CNPJ especifico para busca,NAO_TESTADO,0837373,Tribunal Regional Federal da 2a. Região,"2007-11-22 00:00:00,000","2024-11-06 00:00:00,000",21,Sim,33909100,1218103,1256502.1256587168,Não Fundef,16,De 15 até 20 anos,OCC,Acima de R$ 1 milhão e até R$ 10 milhões,MATCH_VALOR_1.2%
12103,TRF - 2a. Região,24204,CNEN,2026,50088638520244000000,Jornada de Trabalho,1203040,NAO_IDENTIFICADO,PENDENTE,,,5008863-85.2024.4.00.9198,,,Entidade nao mapeada para extracao TRF1,NAO_TESTADO,,,,,,,,,,,,,,,SEM_MATCH_VALOR_41_cand
12102,TRF - 1a. Região,33201,INSS,2026,1475519320254010000,"Índice de 28,86% Lei 8.622/1993 e 8.627/1993 - Reajuste de Vencimentos - Servidor",1200689,NAO_IDENTIFICADO,PENDENTE,,,0147551-93.2025.4.01.9198,,29979036000140,Entidade sem PRC extraido no TRF1 (CNPJ pode estar incorreto),TRF1,0806922,Tribunal Regional Federal da 1a. Região,"1993-07-26 00:00:00,000","2025-03-31 00:00:00,000",11,Não,31909100,1195211,1232888.4848905886,Não Fundef,31,20 anos ou mais,Pessoal,Acima de R$ 1 milhão e até R$ 10 milhões,MATCH_VALOR_-4.5%
12102,TRF - 1a. Região,71103,EFU - Sentenças Judiciais,2026,628431320254019000,"Índice de 28,86% Lei 8.622/1993 e 8.627/1993 - Reajuste de Vencimentos - Servidor",1199301,NAO_IDENTIFICADO,PENDENTE,,,0062843-13.2025.4.01.9198,,,UO generica EFU - sem CNPJ especifico para busca,NAO_TESTADO,0837373,Tribunal Regional Federal da 2a. Região,"2007-11-22 00:00:00,000","2024-11-06 00:00:00,000",21,Sim,33909100,1218103,1256502.1256587168,Não Fundef,16,De 15 até 20 anos,OCC,Acima de R$ 1 milhão e até R$ 10 milhões,MATCH_VALOR_1.6%
12102,TRF - 1a. Região,33201,INSS,2026,1475544820254010000,"Índice de 28,86% Lei 8.622/1993 e 8.627/1993 - Reajuste de Vencimentos - Servidor",1195211,NAO_IDENTIFICADO,PENDENTE,,,0147554-48.2025.4.01.9198,,29979036000140,Entidade sem PRC extraido no TRF1 (CNPJ pode estar incorreto),TRF1,0806922,Tribunal Regional Federal da 1a. Região,"1993-07-26 00:00:00,000","2025-03-31 00:00:00,000",11,Não,31909100,1195211,1232888.4848905886,Não Fundef,31,20 anos ou mais,Pessoal,Acima de R$ 1 milhão e até R$ 10 milhões,MATCH_VALOR_-5.0%
12102,TRF - 1a. Região,71103,EFU - Sentenças Judiciais,2026,5076031620244010000,Enquadramento - Regime Estatutário - Servidor Público Civil - Administrativo,1192820,NAO_IDENTIFICADO,PENDENTE,,,0507603-16.2024.4.01.9198,,,UO generica EFU - sem CNPJ especifico para busca,NAO_TESTADO,0837373,Tribunal Regional Federal da 2a. Região,"2007-11-22 00:00:00,000","2024-11-06 00:00:00,000",21,Sim,33909100,1218103,1256502.1256587168,Não Fundef,16,De 15 até 20 anos,OCC,Acima de R$ 1 milhão e até R$ 10 milhões,MATCH_VALOR_2.1%
12103,TRF - 2a. Região,71103,EFU - Sentenças Judiciais,2026,50002946120254000000,Reintegração,1191177,NAO_IDENTIFICADO,PENDENTE,,,5000294-61.2025.4.00.9198,,,UO generica EFU - sem CNPJ especifico para busca,NAO_TESTADO,0837373,Tribunal Regional Federal da 2a. Região,"2007-11-22 00:00:00,000","2024-11-06 00:00:00,000",21,Sim,33909100,1218103,1256502.1256587168,Não Fundef,16,De 15 até 20 anos,OCC,Acima de R$ 1 milhão e até R$ 10 milhões,MATCH_VALOR_2.3%
12102,TRF - 1a. Região,33201,INSS,2026,1547151220254010000,"Índice de 28,86% Lei 8.622/1993 e 8.627/1993 - Reajuste de Vencimentos - Servidor",1190531,NAO_IDENTIFICADO,PENDENTE,,,0154715-12.2025.4.01.9198,,29979036000140,Entidade sem PRC extraido no TRF1 (CNPJ pode estar incorreto),TRF1,0806922,Tribunal Regional Federal da 1a. Região,"1993-07-26 00:00:00,000","2025-03-31 00:00:00,000",11,Não,31909100,1195211,1232888.4848905886,Não Fundef,31,20 anos ou mais,Pessoal,Acima de R$ 1 milhão e até R$ 10 milhões,MATCH_VALOR_-4.6%
12102,TRF - 1a. Região,33201,INSS,2026,1543687620254010000,"Índice de 28,86% Lei 8.622/1993 e 8.627/1993 - Reajuste de Vencimentos - Servidor",1190236,NAO_IDENTIFICADO,PENDENTE,,,0154368-76.2025.4.01.9198,,29979036000140,Entidade sem PRC extraido no TRF1 (CNPJ pode estar incorreto),TRF1,0806922,Tribunal Regional Federal da 1a. Região,"1993-07-26 00:00:00,000","2025-03-31 00:00:00,000",11,Não,31909100,1195211,1232888.4848905886,Não Fundef,31,20 anos ou mais,Pessoal,Acima de R$ 1 milhão e até R$ 10 milhões,MATCH_VALOR_-4.6%
11101,Superior Tribunal de Justiça,52101,M. da Defesa,2024,12823,Administrativo - Garantias Constitucionais - Anistia Política,1189098,NAO_IDENTIFICADO,PENDENTE,,,,,,Entidade nao mapeada para extracao TRF1,NAO_TESTADO,,,,,,,,,,,,,,,SEM_UO_NO_SIOP
12103,TRF - 2a. Região,33904,F. Regime Geral Prev. Social,2026,50102969020254000000,Alteração do coeficiente de cálculo de pensão,1187542,NAO_IDENTIFICADO,PENDENTE,,,5010296-90.2025.4.00.9198,,,Entidade nao mapeada para extracao TRF1,NAO_TESTADO,0878769,Tribunal Regional Federal da 3a. Região,"2005-08-15 00:00:00,000","2024-12-16 00:00:00,000",12,Não,33909100,1184184,1221513.8729409927,Não Fundef,19,De 15 até 20 anos,Previdência,Acima de R$ 1 milhão e até R$ 10 milhões,MATCH_VALOR_0.3%
12102,TRF - 1a. Região,39252,DNIT,2026,1471769220254010000,Desapropriação - Intervenção na Propriedade - Administrativo,1187167,IDENTIFICADO_PRC,PRC,0000517-32.2016.4.01.9198,0001648-37.2015.4.01.3100/AP,0147176-92.2025.4.01.9198,1_prc_entidade,04892707000100,,TRF1,,,,,,,,,,,,,,,SEM_MATCH_VALOR_33_cand
12102,TRF - 1a. Região,33201,INSS,2026,1543903720254010000,"Índice de 28,86% Lei 8.622/1993 e 8.627/1993 - Reajuste de Vencimentos - Servidor",1187097,NAO_IDENTIFICADO,PENDENTE,,,0154390-37.2025.4.01.9198,,29979036000140,Entidade sem PRC extraido no TRF1 (CNPJ pode estar incorreto),TRF1,0806922,Tribunal Regional Federal da 1a. Região,"1993-07-26 00:00:00,000","2025-03-31 00:00:00,000",11,Não,31909100,1195211,1232888.4848905886,Não Fundef,31,20 anos ou mais,Pessoal,Acima de R$ 1 milhão e até R$ 10 milhões,MATCH_VALOR_-4.3%
12102,TRF - 1a. Região,44201,Ibama,2026,1645164920254010000,Restituição de área - Intervenção na Propriedade - Administrativo,1186797,NAO_IDENTIFICADO,PENDENTE,,,0164516-49.2025.4.01.9198,,,Entidade nao mapeada para extracao TRF1,NAO_TESTADO,,,,,,,,,,,,,,,SEM_MATCH_VALOR_16_cand
12102,TRF - 1a. Região,33201,INSS,2026,1547879620254010000,"Índice de 28,86% Lei 8.622/1993 e 8.627/1993 - Reajuste de Vencimentos - Servidor",1186717,NAO_IDENTIFICADO,PENDENTE,,,0154787-96.2025.4.01.9198,,29979036000140,Entidade sem PRC extraido no TRF1 (CNPJ pode estar incorreto),TRF1,0806922,Tribunal Regional Federal da 1a. Região,"1993-07-26 00:00:00,000","2025-03-31 00:00:00,000",11,Não,31909100,1195211,1232888.4848905886,Não Fundef,31,20 anos ou mais,Pessoal,Acima de R$ 1 milhão e até R$ 10 milhões,MATCH_VALOR_-4.3%
12102,TRF - 1a. Região,71103,EFU - Sentenças Judiciais,2026,5695048220244010000,PROMOÇÃO - REGIME - SERVIDOR PÚBLICO MILITAR - ADMINISTRATIVO,1186360,NAO_IDENTIFICADO,PENDENTE,,,0569504-82.2024.4.01.9198,,,UO generica EFU - sem CNPJ especifico para busca,NAO_TESTADO,0837373,Tribunal Regional Federal da 2a. Região,"2007-11-22 00:00:00,000","2024-11-06 00:00:00,000",21,Sim,33909100,1218103,1256502.1256587168,Não Fundef,16,De 15 até 20 anos,OCC,Acima de R$ 1 milhão e até R$ 10 milhões,MATCH_VALOR_2.7%
12103,TRF - 2a. Região,33904,F. Regime Geral Prev. Social,2026,50088721320254000000,Alteração do coeficiente de cálculo do benefício,1185714,NAO_IDENTIFICADO,PENDENTE,,,5008872-13.2025.4.00.9198,,,Entidade nao mapeada para extracao TRF1,NAO_TESTADO,0878769,Tribunal Regional Federal da 3a. Região,"2005-08-15 00:00:00,000","2024-12-16 00:00:00,000",12,Não,33909100,1184184,1221513.8729409927,Não Fundef,19,De 15 até 20 anos,Previdência,Acima de R$ 1 milhão e até R$ 10 milhões,MATCH_VALOR_0.1%
12102,TRF - 1a. Região,71103,EFU - Sentenças Judiciais,2026,6834442520244010000,"Índice de 28,86% Lei 8.622/1993 e 8.627/1993 - Reajuste de Vencimentos - Servidor",1183172,NAO_IDENTIFICADO,PENDENTE,,,0683444-25.2024.4.01.9198,,,UO generica EFU - sem CNPJ especifico para busca,NAO_TESTADO,0837373,Tribunal Regional Federal da 2a. Região,"2007-11-22 00:00:00,000","2024-11-06 00:00:00,000",21,Sim,33909100,1218103,1256502.1256587168,Não Fundef,16,De 15 até 20 anos,OCC,Acima de R$ 1 milhão e até R$ 10 milhões,MATCH_VALOR_3.0%
12102,TRF - 1a. Região,33201,INSS,2026,1545384820254010000,"Índice de 28,86% Lei 8.622/1993 e 8.627/1993 - Reajuste de Vencimentos - Servidor",1182307,NAO_IDENTIFICADO,PENDENTE,,,0154538-48.2025.4.01.9198,,29979036000140,Entidade sem PRC extraido no TRF1 (CNPJ pode estar incorreto),TRF1,0806922,Tribunal Regional Federal da 1a. Região,"1993-07-26 00:00:00,000","2025-03-31 00:00:00,000",11,Não,31909100,1195211,1232888.4848905886,Não Fundef,31,20 anos ou mais,Pessoal,Acima de R$ 1 milhão e até R$ 10 milhões,MATCH_VALOR_-3.9%
11101,Superior Tribunal de Justiça,52101,M. da Defesa,2025,13279,Administrativo - Servidor Público Civil - Aposentadoria (PRINCIPAL),1182020,NAO_IDENTIFICADO,PENDENTE,,,,,,Entidade nao mapeada para extracao TRF1,NAO_TESTADO,,,,,,,,,,,,,,,SEM_UO_NO_SIOP
12102,TRF - 1a. Região,71103,EFU - Sentenças Judiciais,2026,1543159520254010000,FUNDO DE PARTICIPAÇÃO DOS MUNICÍPIOS - ENTIDADES,1181616,NAO_IDENTIFICADO,PENDENTE,,,0154315-95.2025.4.01.9198,,,UO generica EFU - sem CNPJ especifico para busca,NAO_TESTADO,0837373,Tribunal Regional Federal da 2a. Região,"2007-11-22 00:00:00,000","2024-11-06 00:00:00,000",21,Sim,33909100,1218103,1256502.1256587168,Não Fundef,16,De 15 até 20 anos,OCC,Acima de R$ 1 milhão e até R$ 10 milhões,MATCH_VALOR_3.1%
12102,TRF - 1a. Região,24204,CNEN,2026,532635620254019000,Adicional de horas extras - Sistema Remuneratório - Servidor Público Civil,1180362,NAO_IDENTIFICADO,PENDENTE,,,0053263-56.2025.4.01.9198,,,Entidade nao mapeada para extracao TRF1,NAO_TESTADO,,,,,,,,,,,,,,,SEM_MATCH_VALOR_41_cand
12102,TRF - 1a. Região,71103,EFU - Sentenças Judiciais,2026,1288161220254010000,Gratificações de Atividade - Sistema Remuneratório - Servidor Público Civil,1179950,NAO_IDENTIFICADO,PENDENTE,,,0128816-12.2025.4.01.9198,,,UO generica EFU - sem CNPJ especifico para busca,NAO_TESTADO,0837373,Tribunal Regional Federal da 2a. Região,"2007-11-22 00:00:00,000","2024-11-06 00:00:00,000",21,Sim,33909100,1218103,1256502.1256587168,Não Fundef,16,De 15 até 20 anos,OCC,Acima de R$ 1 milhão e até R$ 10 milhões,MATCH_VALOR_3.2%
12102,TRF - 1a. Região,71103,EFU - Sentenças Judiciais,2026,1632571920254010000,Contribuição sobre a folha de salários - Contribuições Previdenciárias - Contribuições,1179875,NAO_IDENTIFICADO,PENDENTE,,,0163257-19.2025.4.01.9198,,,UO generica EFU - sem CNPJ especifico para busca,NAO_TESTADO,0837373,Tribunal Regional Federal da 2a. Região,"2007-11-22 00:00:00,000","2024-11-06 00:00:00,000",21,Sim,33909100,1218103,1256502.1256587168,Não Fundef,16,De 15 até 20 anos,OCC,Acima de R$ 1 milhão e até R$ 10 milhões,MATCH_VALOR_3.2%
12102,TRF - 1a. Região,71103,EFU - Sentenças Judiciais,2026,1670835320254010000,Gratificações de Atividade - Sistema Remuneratório - Servidor Público Civil,1177599,NAO_IDENTIFICADO,PENDENTE,,,0167083-53.2025.4.01.9198,,,UO generica EFU - sem CNPJ especifico para busca,NAO_TESTADO,0837373,Tribunal Regional Federal da 2a. Região,"2007-11-22 00:00:00,000","2024-11-06 00:00:00,000",21,Sim,33909100,1218103,1256502.1256587168,Não Fundef,16,De 15 até 20 anos,OCC,Acima de R$ 1 milhão e até R$ 10 milhões,MATCH_VALOR_3.4%
12102,TRF - 1a. Região,71103,EFU - Sentenças Judiciais,2026,1055899020254010000,Honorários Advocatícios - Sucumbência - Partes e Procuradores - DIREITO,1177095,NAO_IDENTIFICADO,PENDENTE,,,0105589-90.2025.4.01.9198,,,UO generica EFU - sem CNPJ especifico para busca,NAO_TESTADO,0837373,Tribunal Regional Federal da 2a. Região,"2007-11-22 00:00:00,000","2024-11-06 00:00:00,000",21,Sim,33909100,1218103,1256502.1256587168,Não Fundef,16,De 15 até 20 anos,OCC,Acima de R$ 1 milhão e até R$ 10 milhões,MATCH_VALOR_3.5%
12102,TRF - 1a. Região,33904,F. Regime Geral Prev. Social,2026,1599774020254010000,Restabelecimento - Pedidos Genéricos relativos aos Benefícios em Espécie - Direito,1176404,NAO_IDENTIFICADO,PENDENTE,,,0159977-40.2025.4.01.9198,,,Entidade nao mapeada para extracao TRF1,NAO_TESTADO,0878769,Tribunal Regional Federal da 3a. Região,"2005-08-15 00:00:00,000","2024-12-16 00:00:00,000",12,Não,33909100,1184184,1221513.8729409927,Não Fundef,19,De 15 até 20 anos,Previdência,Acima de R$ 1 milhão e até R$ 10 milhões,MATCH_VALOR_0.7%
12102,TRF - 1a. Região,33201,INSS,2026,1549723720254010000,"Índice de 28,86% Lei 8.622/1993 e 8.627/1993 - Reajuste de Vencimentos - Servidor",1176050,NAO_IDENTIFICADO,PENDENTE,,,0154972-37.2025.4.01.9198,,29979036000140,Entidade sem PRC extraido no TRF1 (CNPJ pode estar incorreto),TRF1,0806922,Tribunal Regional Federal da 1a. Região,"1993-07-26 00:00:00,000","2025-03-31 00:00:00,000",11,Não,31909100,1195211,1232888.4848905886,Não Fundef,31,20 anos ou mais,Pessoal,Acima de R$ 1 milhão e até R$ 10 milhões,MATCH_VALOR_-3.4%
12103,TRF - 2a. Região,71103,EFU - Sentenças Judiciais,2026,50003725520254000000,Honorários Advocatícios,1175948,NAO_IDENTIFICADO,PENDENTE,,,5000372-55.2025.4.00.9198,,,UO generica EFU - sem CNPJ especifico para busca,NAO_TESTADO,0837373,Tribunal Regional Federal da 2a. Região,"2007-11-22 00:00:00,000","2024-11-06 00:00:00,000",21,Sim,33909100,1218103,1256502.1256587168,Não Fundef,16,De 15 até 20 anos,OCC,Acima de R$ 1 milhão e até R$ 10 milhões,MATCH_VALOR_3.6%
12102,TRF - 1a. Região,71103,EFU - Sentenças Judiciais,2026,1205313020254010000,CONCESSÃO - PENSÃO - SERVIDOR PÚBLICO CIVIL - ADMINISTRATIVO,1175873,NAO_IDENTIFICADO,PENDENTE,,,0120531-30.2025.4.01.9198,,,UO generica EFU - sem CNPJ especifico para busca,NAO_TESTADO,0837373,Tribunal Regional Federal da 2a. Região,"2007-11-22 00:00:00,000","2024-11-06 00:00:00,000",21,Sim,33909100,1218103,1256502.1256587168,Não Fundef,16,De 15 até 20 anos,OCC,Acima de R$ 1 milhão e até R$ 10 milhões,MATCH_VALOR_3.6%
11101,Superior Tribunal de Justiça,52101,M. da Defesa,2024,12510,Administrativo - - Militar - Regime - Anistia Política (PRINCIPAL),1175234,NAO_IDENTIFICADO,PENDENTE,,,,,,Entidade nao mapeada para extracao TRF1,NAO_TESTADO,,,,,,,,,,,,,,,SEM_UO_NO_SIOP
12102,TRF - 1a. Região,33201,INSS,2026,1549411720254010000,"Índice de 28,86% Lei 8.622/1993 e 8.627/1993 - Reajuste de Vencimentos - Servidor",1173508,NAO_IDENTIFICADO,PENDENTE,,,0154941-17.2025.4.01.9198,,29979036000140,Entidade sem PRC extraido no TRF1 (CNPJ pode estar incorreto),TRF1,0806922,Tribunal Regional Federal da 1a. Região,"1993-07-26 00:00:00,000","2025-03-31 00:00:00,000",11,Não,31909100,1195211,1232888.4848905886,Não Fundef,31,20 anos ou mais,Pessoal,Acima de R$ 1 milhão e até R$ 10 milhões,MATCH_VALOR_-3.2%
12102,TRF - 1a. Região,33201,INSS,2026,1361084820254010000,Gratificação Incorporada/Quintos e Décimos/VPNI - Sistema Remuneratório e,1172595,NAO_IDENTIFICADO,PENDENTE,,,0136108-48.2025.4.01.9198,,29979036000140,Entidade sem PRC extraido no TRF1 (CNPJ pode estar incorreto),TRF1,0806922,Tribunal Regional Federal da 1a. Região,"1993-07-26 00:00:00,000","2025-03-31 00:00:00,000",11,Não,31909100,1195211,1232888.4848905886,Não Fundef,31,20 anos ou mais,Pessoal,Acima de R$ 1 milhão e até R$ 10 milhões,MATCH_VALOR_1.9%
12102,TRF - 1a. Região,44207,Instituto Chico Mendes,2026,1655661320254010000,Desapropriação - Intervenção na Propriedade - Administrativo,1172483,NAO_IDENTIFICADO,PENDENTE,,,0165566-13.2025.4.01.9198,,08829974000194,CNJ candidato nao encontrado na consulta publica TRF1 - possivel delay de sincronizacao,TRF1,,,,,,,,,,,,,,,SEM_MATCH_VALOR_5_cand
12102,TRF - 1a. Região,33201,INSS,2026,1475622520254010000,"Índice de 28,86% Lei 8.622/1993 e 8.627/1993 - Reajuste de Vencimentos - Servidor",1171659,NAO_IDENTIFICADO,PENDENTE,,,0147562-25.2025.4.01.9198,,29979036000140,Entidade sem PRC extraido no TRF1 (CNPJ pode estar incorreto),TRF1,0806922,Tribunal Regional Federal da 1a. Região,"1993-07-26 00:00:00,000","2025-03-31 00:00:00,000",11,Não,31909100,1195211,1232888.4848905886,Não Fundef,31,20 anos ou mais,Pessoal,Acima de R$ 1 milhão e até R$ 10 milhões,MATCH_VALOR_-3.0%
12103,TRF - 2a. Região,33904,F. Regime Geral Prev. Social,2026,50078270820244000000,RMI pelo art. 202 CF/88 (média dos 36 últimos salários-de-contribuição),1169353,NAO_IDENTIFICADO,PENDENTE,,,5007827-08.2024.4.00.9198,,,Entidade nao mapeada para extracao TRF1,NAO_TESTADO,0878769,Tribunal Regional Federal da 3a. Região,"2005-08-15 00:00:00,000","2024-12-16 00:00:00,000",12,Não,33909100,1184184,1221513.8729409927,Não Fundef,19,De 15 até 20 anos,Previdência,Acima de R$ 1 milhão e até R$ 10 milhões,MATCH_VALOR_1.3%
12103,TRF - 2a. Região,33904,F. Regime Geral Prev. Social,2026,50078289020244000000,RMI pelo art. 202 CF/88 (média dos 36 últimos salários-de-contribuição),1169353,NAO_IDENTIFICADO,PENDENTE,,,5007828-90.2024.4.00.9198,,,Entidade nao mapeada para extracao TRF1,NAO_TESTADO,0878769,Tribunal Regional Federal da 3a. Região,"2005-08-15 00:00:00,000","2024-12-16 00:00:00,000",12,Não,33909100,1184184,1221513.8729409927,Não Fundef,19,De 15 até 20 anos,Previdência,Acima de R$ 1 milhão e até R$ 10 milhões,MATCH_VALOR_1.3%
11101,Superior Tribunal de Justiça,52101,M. da Defesa,2025,13302,Administrativo - Militar - Regime - Anistia Política (PRINCIPAL),1169006,NAO_IDENTIFICADO,PENDENTE,,,,,,Entidade nao mapeada para extracao TRF1,NAO_TESTADO,,,,,,,,,,,,,,,SEM_UO_NO_SIOP
12102,TRF - 1a. Região,33201,INSS,2026,1547169420254010000,"Índice de 28,86% Lei 8.622/1993 e 8.627/1993 - Reajuste de Vencimentos - Servidor",1168912,NAO_IDENTIFICADO,PENDENTE,,,0154716-94.2025.4.01.9198,,29979036000140,Entidade sem PRC extraido no TRF1 (CNPJ pode estar incorreto),TRF1,0806922,Tribunal Regional Federal da 1a. Região,"1993-07-26 00:00:00,000","2025-03-31 00:00:00,000",11,Não,31909100,1195211,1232888.4848905886,Não Fundef,31,20 anos ou mais,Pessoal,Acima de R$ 1 milhão e até R$ 10 milhões,MATCH_VALOR_-2.8%
12102,TRF - 1a. Região,33201,INSS,2026,1551031220254010000,"Índice de 28,86% Lei 8.622/1993 e 8.627/1993 - Reajuste de Vencimentos - Servidor",1168373,NAO_IDENTIFICADO,PENDENTE,,,0155103-12.2025.4.01.9198,,29979036000140,Entidade sem PRC extraido no TRF1 (CNPJ pode estar incorreto),TRF1,0806922,Tribunal Regional Federal da 1a. Região,"1993-07-26 00:00:00,000","2025-03-31 00:00:00,000",11,Não,31909100,1195211,1232888.4848905886,Não Fundef,31,20 anos ou mais,Pessoal,Acima de R$ 1 milhão e até R$ 10 milhões,MATCH_VALOR_-2.7%
12103,TRF - 2a. Região,33904,F. Regime Geral Prev. Social,2026,50077327520244000000,Aposentadoria por Tempo de Contribuição (Art. 55/6),1167764,NAO_IDENTIFICADO,PENDENTE,,,5007732-75.2024.4.00.9198,,,Entidade nao mapeada para extracao TRF1,NAO_TESTADO,0878769,Tribunal Regional Federal da 3a. Região,"2005-08-15 00:00:00,000","2024-12-16 00:00:00,000",12,Não,33909100,1184184,1221513.8729409927,Não Fundef,19,De 15 até 20 anos,Previdência,Acima de R$ 1 milhão e até R$ 10 milhões,MATCH_VALOR_-3.6%
10101,Supremo Tribunal Federal,71103,EFU - Sentenças Judiciais,2025,24,COMUM,1166998,NAO_IDENTIFICADO,PENDENTE,,,,,,UO generica EFU - sem CNPJ especifico para busca,NAO_TESTADO,0837373,Tribunal Regional Federal da 2a. Região,"2007-11-22 00:00:00,000","2024-11-06 00:00:00,000",21,Sim,33909100,1218103,1256502.1256587168,Não Fundef,16,De 15 até 20 anos,OCC,Acima de R$ 1 milhão e até R$ 10 milhões,MATCH_VALOR_4.4%
10101,Supremo Tribunal Federal,71103,EFU - Sentenças Judiciais,2025,25,COMUM,1166998,NAO_IDENTIFICADO,PENDENTE,,,,,,UO generica EFU - sem CNPJ especifico para busca,NAO_TESTADO,0837373,Tribunal Regional Federal da 2a. Região,"2007-11-22 00:00:00,000","2024-11-06 00:00:00,000",21,Sim,33909100,1218103,1256502.1256587168,Não Fundef,16,De 15 até 20 anos,OCC,Acima de R$ 1 milhão e até R$ 10 milhões,MATCH_VALOR_4.4%
10101,Supremo Tribunal Federal,71103,EFU - Sentenças Judiciais,2025,26,COMUM,1166998,NAO_IDENTIFICADO,PENDENTE,,,,,,UO generica EFU - sem CNPJ especifico para busca,NAO_TESTADO,0837373,Tribunal Regional Federal da 2a. Região,"2007-11-22 00:00:00,000","2024-11-06 00:00:00,000",21,Sim,33909100,1218103,1256502.1256587168,Não Fundef,16,De 15 até 20 anos,OCC,Acima de R$ 1 milhão e até R$ 10 milhões,MATCH_VALOR_4.4%
10101,Supremo Tribunal Federal,71103,EFU - Sentenças Judiciais,2025,27,COMUM,1166998,NAO_IDENTIFICADO,PENDENTE,,,,,,UO generica EFU - sem CNPJ especifico para busca,NAO_TESTADO,0837373,Tribunal Regional Federal da 2a. Região,"2007-11-22 00:00:00,000","2024-11-06 00:00:00,000",21,Sim,33909100,1218103,1256502.1256587168,Não Fundef,16,De 15 até 20 anos,OCC,Acima de R$ 1 milhão e até R$ 10 milhões,MATCH_VALOR_4.4%
12103,TRF - 2a. Região,71103,EFU - Sentenças Judiciais,2026,50001343620254000000,Índice da URV Lei 8.880/1994,1166952,NAO_IDENTIFICADO,PENDENTE,,,5000134-36.2025.4.00.9198,,,UO generica EFU - sem CNPJ especifico para busca,NAO_TESTADO,0837373,Tribunal Regional Federal da 2a. Região,"2007-11-22 00:00:00,000","2024-11-06 00:00:00,000",21,Sim,33909100,1218103,1256502.1256587168,Não Fundef,16,De 15 até 20 anos,OCC,Acima de R$ 1 milhão e até R$ 10 milhões,MATCH_VALOR_4.4%
12102,TRF - 1a. Região,71103,EFU - Sentenças Judiciais,2026,1346387920254010000,Incidência sobre Aposentadoria - IRPF/Imposto de Renda de Pessoa Física - Impostos,1166267,NAO_IDENTIFICADO,PENDENTE,,,0134638-79.2025.4.01.9198,,,UO generica EFU - sem CNPJ especifico para busca,NAO_TESTADO,0837373,Tribunal Regional Federal da 2a. Região,"2007-11-22 00:00:00,000","2024-11-06 00:00:00,000",21,Sim,33909100,1218103,1256502.1256587168,Não Fundef,16,De 15 até 20 anos,OCC,Acima de R$ 1 milhão e até R$ 10 milhões,MATCH_VALOR_4.4%
12102,TRF - 1a. Região,71103,EFU - Sentenças Judiciais,2026,1463280820254010000,"Índice de 28,86% Lei 8.622/1993 e 8.627/1993 - Reajuste de Vencimentos - Servidor",1166266,NAO_IDENTIFICADO,PENDENTE,,,0146328-08.2025.4.01.9198,,,UO generica EFU - sem CNPJ especifico para busca,NAO_TESTADO,0837373,Tribunal Regional Federal da 2a. Região,"2007-11-22 00:00:00,000","2024-11-06 00:00:00,000",21,Sim,33909100,1218103,1256502.1256587168,Não Fundef,16,De 15 até 20 anos,OCC,Acima de R$ 1 milhão e até R$ 10 milhões,MATCH_VALOR_4.4%
12102,TRF - 1a. Região,71103,EFU - Sentenças Judiciais,2026,378397120254019000,Licenças - Sistema Remuneratório - Servidor Público Militar - Administrativo,1165866,NAO_IDENTIFICADO,PENDENTE,,,0037839-71.2025.4.01.9198,,,UO generica EFU - sem CNPJ especifico para busca,NAO_TESTADO,0837373,Tribunal Regional Federal da 2a. Região,"2007-11-22 00:00:00,000","2024-11-06 00:00:00,000",21,Sim,33909100,1218103,1256502.1256587168,Não Fundef,16,De 15 até 20 anos,OCC,Acima de R$ 1 milhão e até R$ 10 milhões,MATCH_VALOR_4.5%
12102,TRF - 1a. Região,33201,INSS,2026,1544085820254010000,"Índice de 28,86% Lei 8.622/1993 e 8.627/1993 - Reajuste de Vencimentos - Servidor",1165842,NAO_IDENTIFICADO,PENDENTE,,,0154408-58.2025.4.01.9198,,29979036000140,Entidade sem PRC extraido no TRF1 (CNPJ pode estar incorreto),TRF1,0806922,Tribunal Regional Federal da 1a. Região,"1993-07-26 00:00:00,000","2025-03-31 00:00:00,000",11,Não,31909100,1195211,1232888.4848905886,Não Fundef,31,20 anos ou mais,Pessoal,Acima de R$ 1 milhão e até R$ 10 milhões,MATCH_VALOR_-2.5%
12102,TRF - 1a. Região,33201,INSS,2026,1550884320254010000,"Índice de 28,86% Lei 8.622/1993 e 8.627/1993 - Reajuste de Vencimentos - Servidor",1164913,NAO_IDENTIFICADO,PENDENTE,,,0155088-43.2025.4.01.9198,,29979036000140,Entidade sem PRC extraido no TRF1 (CNPJ pode estar incorreto),TRF1,0806922,Tribunal Regional Federal da 1a. Região,"1993-07-26 00:00:00,000","2025-03-31 00:00:00,000",11,Não,31909100,1195211,1232888.4848905886,Não Fundef,31,20 anos ou mais,Pessoal,Acima de R$ 1 milhão e até R$ 10 milhões,MATCH_VALOR_-2.4%
11101,Superior Tribunal de Justiça,52101,M. da Defesa,2025,12893,Administrativo - Militar - Regime - Anistia Política,1164769,NAO_IDENTIFICADO,PENDENTE,,,,,,Entidade nao mapeada para extracao TRF1,NAO_TESTADO,,,,,,,,,,,,,,,SEM_UO_NO_SIOP
12102,TRF - 1a. Região,33904,F. Regime Geral Prev. Social,2026,2233091520244010000,Alteração do coeficiente de cálculo do benefício - Renda Mensal Inicial - Revisão de,1164524,NAO_IDENTIFICADO,PENDENTE,,,0223309-15.2024.4.01.9198,,,Entidade nao mapeada para extracao TRF1,NAO_TESTADO,0878769,Tribunal Regional Federal da 3a. Região,"2005-08-15 00:00:00,000","2024-12-16 00:00:00,000",12,Não,33909100,1184184,1221513.8729409927,Não Fundef,19,De 15 até 20 anos,Previdência,Acima de R$ 1 milhão e até R$ 10 milhões,MATCH_VALOR_1.7%
12102,TRF - 1a. Região,71103,EFU - Sentenças Judiciais,2026,1660087620254010000,Gratificações de Atividade - Sistema Remuneratório - Servidor Público Civil,1163465,NAO_IDENTIFICADO,PENDENTE,,,0166008-76.2025.4.01.9198,,,UO generica EFU - sem CNPJ especifico para busca,NAO_TESTADO,0837373,Tribunal Regional Federal da 2a. Região,"2007-11-22 00:00:00,000","2024-11-06 00:00:00,000",21,Sim,33909100,1218103,1256502.1256587168,Não Fundef,16,De 15 até 20 anos,OCC,Acima de R$ 1 milhão e até R$ 10 milhões,MATCH_VALOR_4.7%
12102,TRF - 1a. Região,33201,INSS,2026,1547446220254010000,"Índice de 28,86% Lei 8.622/1993 e 8.627/1993 - Reajuste de Vencimentos - Servidor",1163029,NAO_IDENTIFICADO,PENDENTE,,,0154744-62.2025.4.01.9198,,29979036000140,Entidade sem PRC extraido no TRF1 (CNPJ pode estar incorreto),TRF1,0806922,Tribunal Regional Federal da 1a. Região,"1993-07-26 00:00:00,000","2025-03-31 00:00:00,000",11,Não,31909100,1195211,1232888.4848905886,Não Fundef,31,20 anos ou mais,Pessoal,Acima de R$ 1 milhão e até R$ 10 milhões,MATCH_VALOR_-2.2%
12102,TRF - 1a. Região,71103,EFU - Sentenças Judiciais,2026,1463272320254010000,"Índice de 28,86% Lei 8.622/1993 e 8.627/1993 - Reajuste de Vencimentos - Servidor",1162931,NAO_IDENTIFICADO,PENDENTE,,,0146327-23.2025.4.01.9198,,,UO generica EFU - sem CNPJ especifico para busca,NAO_TESTADO,0837373,Tribunal Regional Federal da 2a. Região,"2007-11-22 00:00:00,000","2024-11-06 00:00:00,000",21,Sim,33909100,1218103,1256502.1256587168,Não Fundef,16,De 15 até 20 anos,OCC,Acima de R$ 1 milhão e até R$ 10 milhões,MATCH_VALOR_4.7%
10101,Supremo Tribunal Federal,71103,EFU - Sentenças Judiciais,2024,01,ALIMENTAR,1161634,NAO_IDENTIFICADO,PENDENTE,,,,,,UO generica EFU - sem CNPJ especifico para busca,NAO_TESTADO,0837373,Tribunal Regional Federal da 2a. Região,"2007-11-22 00:00:00,000","2024-11-06 00:00:00,000",21,Sim,33909100,1218103,1256502.1256587168,Não Fundef,16,De 15 até 20 anos,OCC,Acima de R$ 1 milhão e até R$ 10 milhões,MATCH_VALOR_4.9%
12102,TRF - 1a. Região,33201,INSS,2026,1547350320254010000,"Índice de 28,86% Lei 8.622/1993 e 8.627/1993 - Reajuste de Vencimentos - Servidor",1160714,NAO_IDENTIFICADO,PENDENTE,,,0154735-03.2025.4.01.9198,,29979036000140,Entidade sem PRC extraido no TRF1 (CNPJ pode estar incorreto),TRF1,0806922,Tribunal Regional Federal da 1a. Região,"1993-07-26 00:00:00,000","2025-03-31 00:00:00,000",11,Não,31909100,1195211,1232888.4848905886,Não Fundef,31,20 anos ou mais,Pessoal,Acima de R$ 1 milhão e até R$ 10 milhões,MATCH_VALOR_-2.0%
11101,Superior Tribunal de Justiça,52101,M. da Defesa,2024,12807,Administrativo - Militar - Regime - Anistia Política (PRINCIPAL),1157690,NAO_IDENTIFICADO,PENDENTE,,,,,,Entidade nao mapeada para extracao TRF1,NAO_TESTADO,,,,,,,,,,,,,,,SEM_UO_NO_SIOP
11101,Superior Tribunal de Justiça,52101,M. da Defesa,2024,12821,Administrativo - Militar - Regime - Anistia Política,1157507,NAO_IDENTIFICADO,PENDENTE,,,,,,Entidade nao mapeada para extracao TRF1,NAO_TESTADO,,,,,,,,,,,,,,,SEM_UO_NO_SIOP
12102,TRF - 1a. Região,33201,INSS,2026,1550823620254010000,"Índice de 28,86% Lei 8.622/1993 e 8.627/1993 - Reajuste de Vencimentos - Servidor",1156662,NAO_IDENTIFICADO,PENDENTE,,,0155082-36.2025.4.01.9198,,29979036000140,Entidade sem PRC extraido no TRF1 (CNPJ pode estar incorreto),TRF1,0808382,Tribunal Regional Federal da 1a. Região,"1993-07-26 00:00:00,000","2025-03-31 00:00:00,000",11,Não,31909100,1122296,1157674.9335797345,Não Fundef,31,20 anos ou mais,Pessoal,Acima de R$ 1 milhão e até R$ 10 milhões,MATCH_VALOR_-2.0%
12102,TRF - 1a. Região,33904,F. Regime Geral Prev. Social,2026,3346201120244010000,RMI pela equivalência entre Salário-de-Benefício e Salário-de-Contribuição - Renda,1156234,NAO_IDENTIFICADO,PENDENTE,,,0334620-11.2024.4.01.9198,,,Entidade nao mapeada para extracao TRF1,NAO_TESTADO,0878769,Tribunal Regional Federal da 3a. Região,"2005-08-15 00:00:00,000","2024-12-16 00:00:00,000",12,Não,33909100,1184184,1221513.8729409927,Não Fundef,19,De 15 até 20 anos,Previdência,Acima de R$ 1 milhão e até R$ 10 milhões,MATCH_VALOR_2.4%
12103,TRF - 2a. Região,33904,F. Regime Geral Prev. Social,2026,50086663320244000000,Correção Monetária de Benefício pago com atraso,1154249,NAO_IDENTIFICADO,PENDENTE,,,5008666-33.2024.4.00.9198,,,Entidade nao mapeada para extracao TRF1,NAO_TESTADO,0878769,Tribunal Regional Federal da 3a. Região,"2005-08-15 00:00:00,000","2024-12-16 00:00:00,000",12,Não,33909100,1184184,1221513.8729409927,Não Fundef,19,De 15 até 20 anos,Previdência,Acima de R$ 1 milhão e até R$ 10 milhões,MATCH_VALOR_2.6%
12102,TRF - 1a. Região,33904,F. Regime Geral Prev. Social,2026,6025462520244010000,Renúncia ao benefício - Disposições Diversas Relativas às Prestações - Direito,1153798,NAO_IDENTIFICADO,PENDENTE,,,0602546-25.2024.4.01.9198,,,Entidade nao mapeada para extracao TRF1,NAO_TESTADO,0878769,Tribunal Regional Federal da 3a. Região,"2005-08-15 00:00:00,000","2024-12-16 00:00:00,000",12,Não,33909100,1184184,1221513.8729409927,Não Fundef,19,De 15 até 20 anos,Previdência,Acima de R$ 1 milhão e até R$ 10 milhões,MATCH_VALOR_2.6%
10101,Supremo Tribunal Federal,71103,EFU - Sentenças Judiciais,2025,32,COMUM,1153601,NAO_IDENTIFICADO,PENDENTE,,,,,,UO generica EFU - sem CNPJ especifico para busca,NAO_TESTADO,0837373,Tribunal Regional Federal da 2a. Região,"2007-11-22 00:00:00,000","2024-11-06 00:00:00,000",21,Sim,33909100,1218103,1256502.1256587168,Não Fundef,16,De 15 até 20 anos,OCC,Acima de R$ 1 milhão e até R$ 10 milhões,MATCH_VALOR_5.6%
12102,TRF - 1a. Região,71103,EFU - Sentenças Judiciais,2026,1649616720254010000,Honorários Advocatícios em Execução Contra a Fazenda Pública - Sucumbência,1153243,NAO_IDENTIFICADO,PENDENTE,,,0164961-67.2025.4.01.9198,,,UO generica EFU - sem CNPJ especifico para busca,NAO_TESTADO,0837373,Tribunal Regional Federal da 2a. Região,"2007-11-22 00:00:00,000","2024-11-06 00:00:00,000",21,Sim,33909100,1218103,1256502.1256587168,Não Fundef,16,De 15 até 20 anos,OCC,Acima de R$ 1 milhão e até R$ 10 milhões,MATCH_VALOR_5.6%
12102,TRF - 1a. Região,71103,EFU - Sentenças Judiciais,2026,1115804720254010000,CONCESSÃO - PENSÃO - SERVIDOR PÚBLICO MILITAR - ADMINISTRATIVO,1152501,NAO_IDENTIFICADO,PENDENTE,,,0111580-47.2025.4.01.9198,,,UO generica EFU - sem CNPJ especifico para busca,NAO_TESTADO,0837373,Tribunal Regional Federal da 2a. Região,"2007-11-22 00:00:00,000","2024-11-06 00:00:00,000",21,Sim,33909100,1218103,1256502.1256587168,Não Fundef,16,De 15 até 20 anos,OCC,Acima de R$ 1 milhão e até R$ 10 milhões,MATCH_VALOR_5.7%
12102,TRF - 1a. Região,33904,F. Regime Geral Prev. Social,2026,1554764320254010000,Aposentadoria por tempo de contribuição (art. 55/6) - Benefícios em Espécie - Direito,1151666,NAO_IDENTIFICADO,PENDENTE,,,0155476-43.2025.4.01.9198,,,Entidade nao mapeada para extracao TRF1,NAO_TESTADO,0878769,Tribunal Regional Federal da 3a. Região,"2005-08-15 00:00:00,000","2024-12-16 00:00:00,000",12,Não,33909100,1184184,1221513.8729409927,Não Fundef,19,De 15 até 20 anos,Previdência,Acima de R$ 1 milhão e até R$ 10 milhões,MATCH_VALOR_-2.2%
12102,TRF - 1a. Região,71103,EFU - Sentenças Judiciais,2026,1680778120254010000,Anistia Administrativa - Regime Estatutário - Servidor Público Civil - Administrativo,1149955,NAO_IDENTIFICADO,PENDENTE,,,0168077-81.2025.4.01.9198,,,UO generica EFU - sem CNPJ especifico para busca,NAO_TESTADO,0837373,Tribunal Regional Federal da 2a. Região,"2007-11-22 00:00:00,000","2024-11-06 00:00:00,000",21,Sim,33909100,1218103,1256502.1256587168,Não Fundef,16,De 15 até 20 anos,OCC,Acima de R$ 1 milhão e até R$ 10 milhões,MATCH_VALOR_5.9%
12102,TRF - 1a. Região,71103,EFU - Sentenças Judiciais,2026,1547861420254010000,IPI/ Imposto sobre Produtos Industrializados - Impostos - Direito Tributário,1149287,NAO_IDENTIFICADO,PENDENTE,,,0154786-14.2025.4.01.9198,,,UO generica EFU - sem CNPJ especifico para busca,NAO_TESTADO,0837373,Tribunal Regional Federal da 2a. Região,"2007-11-22 00:00:00,000","2024-11-06 00:00:00,000",21,Sim,33909100,1218103,1256502.1256587168,Não Fundef,16,De 15 até 20 anos,OCC,Acima de R$ 1 milhão e até R$ 10 milhões,MATCH_VALOR_6.0%
12103,TRF - 2a. Região,33904,F. Regime Geral Prev. Social,2026,50072919420244000000,Alteração do teto máximo para o valor do benefício previdenciário do RGPS (EC 20 e 41),1149194,NAO_IDENTIFICADO,PENDENTE,,,5007291-94.2024.4.00.9198,,,Entidade nao mapeada para extracao TRF1,NAO_TESTADO,0878769,Tribunal Regional Federal da 3a. Região,"2005-08-15 00:00:00,000","2024-12-16 00:00:00,000",12,Não,33909100,1184184,1221513.8729409927,Não Fundef,19,De 15 até 20 anos,Previdência,Acima de R$ 1 milhão e até R$ 10 milhões,MATCH_VALOR_3.0%
12102,TRF - 1a. Região,33201,INSS,2026,1548927320254010000,"Índice de 28,86% Lei 8.622/1993 e 8.627/1993 - Reajuste de Vencimentos - Servidor",1147406,NAO_IDENTIFICADO,PENDENTE,,,0154892-73.2025.4.01.9198,,29979036000140,Entidade sem PRC extraido no TRF1 (CNPJ pode estar incorreto),TRF1,0808382,Tribunal Regional Federal da 1a. Região,"1993-07-26 00:00:00,000","2025-03-31 00:00:00,000",11,Não,31909100,1122296,1157674.9335797345,Não Fundef,31,20 anos ou mais,Pessoal,Acima de R$ 1 milhão e até R$ 10 milhões,MATCH_VALOR_-2.8%
12102,TRF - 1a. Região,33201,INSS,2026,1548381020254010000,"Índice de 28,86% Lei 8.622/1993 e 8.627/1993 - Reajuste de Vencimentos - Servidor",1146475,NAO_IDENTIFICADO,PENDENTE,,,0154838-10.2025.4.01.9198,,29979036000140,Entidade sem PRC extraido no TRF1 (CNPJ pode estar incorreto),TRF1,0808382,Tribunal Regional Federal da 1a. Região,"1993-07-26 00:00:00,000","2025-03-31 00:00:00,000",11,Não,31909100,1122296,1157674.9335797345,Não Fundef,31,20 anos ou mais,Pessoal,Acima de R$ 1 milhão e até R$ 10 milhões,MATCH_VALOR_-2.9%
12102,TRF - 1a. Região,33201,INSS,2026,1550901320254010000,"Índice de 28,86% Lei 8.622/1993 e 8.627/1993 - Reajuste de Vencimentos - Servidor",1146207,NAO_IDENTIFICADO,PENDENTE,,,0155090-13.2025.4.01.9198,,29979036000140,Entidade sem PRC extraido no TRF1 (CNPJ pode estar incorreto),TRF1,0808382,Tribunal Regional Federal da 1a. Região,"1993-07-26 00:00:00,000","2025-03-31 00:00:00,000",11,Não,31909100,1122296,1157674.9335797345,Não Fundef,31,20 anos ou mais,Pessoal,Acima de R$ 1 milhão e até R$ 10 milhões,MATCH_VALOR_-2.9%
12102,TRF - 1a. Região,33904,F. Regime Geral Prev. Social,2026,1185055920254010000,Aposentadoria por tempo de serviço (art. 52/4) - Benefícios em Espécie - Direito,1144500,NAO_IDENTIFICADO,PENDENTE,,,0118505-59.2025.4.01.9198,,,Entidade nao mapeada para extracao TRF1,NAO_TESTADO,0878769,Tribunal Regional Federal da 3a. Região,"2005-08-15 00:00:00,000","2024-12-16 00:00:00,000",12,Não,33909100,1184184,1221513.8729409927,Não Fundef,19,De 15 até 20 anos,Previdência,Acima de R$ 1 milhão e até R$ 10 milhões,MATCH_VALOR_-1.5%
12102,TRF - 1a. Região,33904,F. Regime Geral Prev. Social,2026,152378620254019000,RMI pela equivalência entre Salário-de-Benefício e Salário-de-Contribuição - Renda,1144411,NAO_IDENTIFICADO,PENDENTE,,,0015237-86.2025.4.01.9198,,,Entidade nao mapeada para extracao TRF1,NAO_TESTADO,0878769,Tribunal Regional Federal da 3a. Região,"2005-08-15 00:00:00,000","2024-12-16 00:00:00,000",12,Não,33909100,1184184,1221513.8729409927,Não Fundef,19,De 15 até 20 anos,Previdência,Acima de R$ 1 milhão e até R$ 10 milhões,MATCH_VALOR_3.5%
12102,TRF - 1a. Região,71103,EFU - Sentenças Judiciais,2026,3882273620244010000,Enquadramento - Regime Estatutário - Servidor Público Civil - Administrativo,1144186,NAO_IDENTIFICADO,PENDENTE,,,0388227-36.2024.4.01.9198,,,UO generica EFU - sem CNPJ especifico para busca,NAO_TESTADO,0837373,Tribunal Regional Federal da 2a. Região,"2007-11-22 00:00:00,000","2024-11-06 00:00:00,000",21,Sim,33909100,1218103,1256502.1256587168,Não Fundef,16,De 15 até 20 anos,OCC,Acima de R$ 1 milhão e até R$ 10 milhões,MATCH_VALOR_6.5%
12102,TRF - 1a. Região,44201,Ibama,2026,1645156420254010000,Restituição de área - Intervenção na Propriedade - Administrativo,1143619,NAO_IDENTIFICADO,PENDENTE,,,0164515-64.2025.4.01.9198,,,Entidade nao mapeada para extracao TRF1,NAO_TESTADO,,,,,,,,,,,,,,,SEM_MATCH_VALOR_16_cand
12102,TRF - 1a. Região,71103,EFU - Sentenças Judiciais,2026,1632511220254010000,Anistia Política - Direitos e Garantias Fundamentais,1142611,NAO_IDENTIFICADO,PENDENTE,,,0163251-12.2025.4.01.9198,,,UO generica EFU - sem CNPJ especifico para busca,NAO_TESTADO,0837373,Tribunal Regional Federal da 2a. Região,"2007-11-22 00:00:00,000","2024-11-06 00:00:00,000",21,Sim,33909100,1218103,1256502.1256587168,Não Fundef,16,De 15 até 20 anos,OCC,Acima de R$ 1 milhão e até R$ 10 milhões,MATCH_VALOR_6.6%
12102,TRF - 1a. Região,71103,EFU - Sentenças Judiciais,2026,1632529420254010000,Anistia Política - Direitos e Garantias Fundamentais,1142611,NAO_IDENTIFICADO,PENDENTE,,,0163252-94.2025.4.01.9198,,,UO generica EFU - sem CNPJ especifico para busca,NAO_TESTADO,0837373,Tribunal Regional Federal da 2a. Região,"2007-11-22 00:00:00,000","2024-11-06 00:00:00,000",21,Sim,33909100,1218103,1256502.1256587168,Não Fundef,16,De 15 até 20 anos,OCC,Acima de R$ 1 milhão e até R$ 10 milhões,MATCH_VALOR_6.6%
12102,TRF - 1a. Região,33201,INSS,2026,1553448320254010000,"Índice de 28,86% Lei 8.622/1993 e 8.627/1993 - Reajuste de Vencimentos - Servidor",1142604,NAO_IDENTIFICADO,PENDENTE,,,0155344-83.2025.4.01.9198,,29979036000140,Entidade sem PRC extraido no TRF1 (CNPJ pode estar incorreto),TRF1,0808382,Tribunal Regional Federal da 1a. Região,"1993-07-26 00:00:00,000","2025-03-31 00:00:00,000",11,Não,31909100,1122296,1157674.9335797345,Não Fundef,31,20 anos ou mais,Pessoal,Acima de R$ 1 milhão e até R$ 10 milhões,MATCH_VALOR_-3.2%
12102,TRF - 1a. Região,33201,INSS,2026,1548502420254010000,"Índice de 28,86% Lei 8.622/1993 e 8.627/1993 - Reajuste de Vencimentos - Servidor",1141512,NAO_IDENTIFICADO,PENDENTE,,,0154850-24.2025.4.01.9198,,29979036000140,Entidade sem PRC extraido no TRF1 (CNPJ pode estar incorreto),TRF1,0808382,Tribunal Regional Federal da 1a. Região,"1993-07-26 00:00:00,000","2025-03-31 00:00:00,000",11,Não,31909100,1122296,1157674.9335797345,Não Fundef,31,20 anos ou mais,Pessoal,Acima de R$ 1 milhão e até R$ 10 milhões,MATCH_VALOR_-3.3%
12102,TRF - 1a. Região,33201,INSS,2026,1549715220254010000,"Índice de 28,86% Lei 8.622/1993 e 8.627/1993 - Reajuste de Vencimentos - Servidor",1141027,NAO_IDENTIFICADO,PENDENTE,,,0154971-52.2025.4.01.9198,,29979036000140,Entidade sem PRC extraido no TRF1 (CNPJ pode estar incorreto),TRF1,0808382,Tribunal Regional Federal da 1a. Região,"1993-07-26 00:00:00,000","2025-03-31 00:00:00,000",11,Não,31909100,1122296,1157674.9335797345,Não Fundef,31,20 anos ou mais,Pessoal,Acima de R$ 1 milhão e até R$ 10 milhões,MATCH_VALOR_-3.4%
12102,TRF - 1a. Região,33201,INSS,2026,1548173420254010000,"Índice de 28,86% Lei 8.622/1993 e 8.627/1993 - Reajuste de Vencimentos - Servidor",1140969,NAO_IDENTIFICADO,PENDENTE,,,0154817-34.2025.4.01.9198,,29979036000140,Entidade sem PRC extraido no TRF1 (CNPJ pode estar incorreto),TRF1,0808382,Tribunal Regional Federal da 1a. Região,"1993-07-26 00:00:00,000","2025-03-31 00:00:00,000",11,Não,31909100,1122296,1157674.9335797345,Não Fundef,31,20 anos ou mais,Pessoal,Acima de R$ 1 milhão e até R$ 10 milhões,MATCH_VALOR_-3.4%
12102,TRF - 1a. Região,71103,EFU - Sentenças Judiciais,2026,1680769620254010000,Anistia Administrativa - Regime Estatutário - Servidor Público Civil - Administrativo,1140760,NAO_IDENTIFICADO,PENDENTE,,,0168076-96.2025.4.01.9198,,,UO generica EFU - sem CNPJ especifico para busca,NAO_TESTADO,0809722,Tribunal Regional Federal da 1a. Região,"1990-03-19 00:00:00,000","2025-03-31 00:00:00,000",11,Não,31909100,1064962,1098533.5531935792,Não Fundef,35,20 anos ou mais,Pessoal,Acima de R$ 1 milhão e até R$ 10 milhões,MATCH_VALOR_6.6%
12102,TRF - 1a. Região,71103,EFU - Sentenças Judiciais,2026,1463263820254010000,"Índice de 28,86% Lei 8.622/1993 e 8.627/1993 - Reajuste de Vencimentos - Servidor",1138661,NAO_IDENTIFICADO,PENDENTE,,,0146326-38.2025.4.01.9198,,,UO generica EFU - sem CNPJ especifico para busca,NAO_TESTADO,0809722,Tribunal Regional Federal da 1a. Região,"1990-03-19 00:00:00,000","2025-03-31 00:00:00,000",11,Não,31909100,1064962,1098533.5531935792,Não Fundef,35,20 anos ou mais,Pessoal,Acima de R$ 1 milhão e até R$ 10 milhões,MATCH_VALOR_6.5%
12102,TRF - 1a. Região,71103,EFU - Sentenças Judiciais,2026,1671658420254010000,Gratificações de Atividade - Sistema Remuneratório - Servidor Público Civil,1138293,NAO_IDENTIFICADO,PENDENTE,,,0167165-84.2025.4.01.9198,,,UO generica EFU - sem CNPJ especifico para busca,NAO_TESTADO,0809722,Tribunal Regional Federal da 1a. Região,"1990-03-19 00:00:00,000","2025-03-31 00:00:00,000",11,Não,31909100,1064962,1098533.5531935792,Não Fundef,35,20 anos ou mais,Pessoal,Acima de R$ 1 milhão e até R$ 10 milhões,MATCH_VALOR_6.4%
12102,TRF - 1a. Região,33201,INSS,2026,1550580820254010000,"Índice de 28,86% Lei 8.622/1993 e 8.627/1993 - Reajuste de Vencimentos - Servidor",1137846,NAO_IDENTIFICADO,PENDENTE,,,0155058-08.2025.4.01.9198,,29979036000140,Entidade sem PRC extraido no TRF1 (CNPJ pode estar incorreto),TRF1,0808382,Tribunal Regional Federal da 1a. Região,"1993-07-26 00:00:00,000","2025-03-31 00:00:00,000",11,Não,31909100,1122296,1157674.9335797345,Não Fundef,31,20 anos ou mais,Pessoal,Acima de R$ 1 milhão e até R$ 10 milhões,MATCH_VALOR_-3.6%
12102,TRF - 1a. Região,33201,INSS,2026,1549767420254010000,"Índice de 28,86% Lei 8.622/1993 e 8.627/1993 - Reajuste de Vencimentos - Servidor",1136104,NAO_IDENTIFICADO,PENDENTE,,,0154976-74.2025.4.01.9198,,29979036000140,Entidade sem PRC extraido no TRF1 (CNPJ pode estar incorreto),TRF1,0808382,Tribunal Regional Federal da 1a. Região,"1993-07-26 00:00:00,000","2025-03-31 00:00:00,000",11,Não,31909100,1122296,1157674.9335797345,Não Fundef,31,20 anos ou mais,Pessoal,Acima de R$ 1 milhão e até R$ 10 milhões,MATCH_VALOR_-3.8%
12102,TRF - 1a. Região,33201,INSS,2026,1550096420254010000,"Índice de 28,86% Lei 8.622/1993 e 8.627/1993 - Reajuste de Vencimentos - Servidor",1135302,NAO_IDENTIFICADO,PENDENTE,,,0155009-64.2025.4.01.9198,,29979036000140,Entidade sem PRC extraido no TRF1 (CNPJ pode estar incorreto),TRF1,0808382,Tribunal Regional Federal da 1a. Região,"1993-07-26 00:00:00,000","2025-03-31 00:00:00,000",11,Não,31909100,1122296,1157674.9335797345,Não Fundef,31,20 anos ou mais,Pessoal,Acima de R$ 1 milhão e até R$ 10 milhões,MATCH_VALOR_-3.9%
12102,TRF - 1a. Região,33201,INSS,2026,1552382420254010000,"Índice de 28,86% Lei 8.622/1993 e 8.627/1993 - Reajuste de Vencimentos - Servidor",1134385,NAO_IDENTIFICADO,PENDENTE,,,0155238-24.2025.4.01.9198,,29979036000140,Entidade sem PRC extraido no TRF1 (CNPJ pode estar incorreto),TRF1,0808382,Tribunal Regional Federal da 1a. Região,"1993-07-26 00:00:00,000","2025-03-31 00:00:00,000",11,Não,31909100,1122296,1157674.9335797345,Não Fundef,31,20 anos ou mais,Pessoal,Acima de R$ 1 milhão e até R$ 10 milhões,MATCH_VALOR_-3.9%
12102,TRF - 1a. Região,33201,INSS,2026,1548571620254010000,"Índice de 28,86% Lei 8.622/1993 e 8.627/1993 - Reajuste de Vencimentos - Servidor",1133340,NAO_IDENTIFICADO,PENDENTE,,,0154857-16.2025.4.01.9198,,29979036000140,Entidade sem PRC extraido no TRF1 (CNPJ pode estar incorreto),TRF1,0808382,Tribunal Regional Federal da 1a. Região,"1993-07-26 00:00:00,000","2025-03-31 00:00:00,000",11,Não,31909100,1122296,1157674.9335797345,Não Fundef,31,20 anos ou mais,Pessoal,Acima de R$ 1 milhão e até R$ 10 milhões,MATCH_VALOR_-4.0%
12102,TRF - 1a. Região,33201,INSS,2026,1655107720254010000,"Índice de 28,86% Lei 8.622/1993 e 8.627/1993 - Reajuste de Vencimentos - Servidor",1132277,NAO_IDENTIFICADO,PENDENTE,,,0165510-77.2025.4.01.9198,,29979036000140,Entidade sem PRC extraido no TRF1 (CNPJ pode estar incorreto),TRF1,0808382,Tribunal Regional Federal da 1a. Região,"1993-07-26 00:00:00,000","2025-03-31 00:00:00,000",11,Não,31909100,1122296,1157674.9335797345,Não Fundef,31,20 anos ou mais,Pessoal,Acima de R$ 1 milhão e até R$ 10 milhões,MATCH_VALOR_-4.1%
12102,TRF - 1a. Região,33201,INSS,2026,1543739820254010000,"Índice de 28,86% Lei 8.622/1993 e 8.627/1993 - Reajuste de Vencimentos - Servidor",1131026,NAO_IDENTIFICADO,PENDENTE,,,0154373-98.2025.4.01.9198,,29979036000140,Entidade sem PRC extraido no TRF1 (CNPJ pode estar incorreto),TRF1,0808382,Tribunal Regional Federal da 1a. Região,"1993-07-26 00:00:00,000","2025-03-31 00:00:00,000",11,Não,31909100,1122296,1157674.9335797345,Não Fundef,31,20 anos ou mais,Pessoal,Acima de R$ 1 milhão e até R$ 10 milhões,MATCH_VALOR_-4.2%
12102,TRF - 1a. Região,26232,UFBA,2026,1362565920254010000,Gratificação Incorporada/Quintos e Décimos/VPNI - Sistema Remuneratório e,1130963,NAO_IDENTIFICADO,PENDENTE,,,0136256-59.2025.4.01.9198,,15180714000104,CNJ candidato nao encontrado na consulta publica TRF1 - possivel delay de sincronizacao,TRF1,0825368,Tribunal Regional Federal da 1a. Região,"2006-12-11 00:00:00,000","2024-12-06 00:00:00,000",11,Não,31909100,1023298,1055556.1493423083,Não Fundef,17,De 15 até 20 anos,Pessoal,Acima de R$ 1 milhão e até R$ 10 milhões,MATCH_VALOR_9.5%
12103,TRF - 2a. Região,33904,F. Regime Geral Prev. Social,2026,50007691720254000000,Aposentadoria por Tempo de Serviço (Art. 52/4),1130354,NAO_IDENTIFICADO,PENDENTE,,,5000769-17.2025.4.00.9198,,,Entidade nao mapeada para extracao TRF1,NAO_TESTADO,0849430,Tribunal Regional Federal da 3a. Região,"2015-01-29 00:00:00,000","2025-03-20 00:00:00,000",12,Não,33909100,1082945,1117083.444069573,Não Fundef,10,De 10 até 15 anos,Previdência,Acima de R$ 1 milhão e até R$ 10 milhões,MATCH_VALOR_-0.8%
12102,TRF - 1a. Região,33201,INSS,2026,1551127120254010000,"Índice de 28,86% Lei 8.622/1993 e 8.627/1993 - Reajuste de Vencimentos - Servidor",1129272,NAO_IDENTIFICADO,PENDENTE,,,0155112-71.2025.4.01.9198,,29979036000140,Entidade sem PRC extraido no TRF1 (CNPJ pode estar incorreto),TRF1,0808382,Tribunal Regional Federal da 1a. Região,"1993-07-26 00:00:00,000","2025-03-31 00:00:00,000",11,Não,31909100,1122296,1157674.9335797345,Não Fundef,31,20 anos ou mais,Pessoal,Acima de R$ 1 milhão e até R$ 10 milhões,MATCH_VALOR_-4.4%
11101,Superior Tribunal de Justiça,52101,M. da Defesa,2024,12695,Administrativo - Militar - Regime - Anistia Política (PRINCIPAL),1129190,NAO_IDENTIFICADO,PENDENTE,,,,,,Entidade nao mapeada para extracao TRF1,NAO_TESTADO,,,,,,,,,,,,,,,SEM_UO_NO_SIOP
12102,TRF - 1a. Região,33201,INSS,2026,1548347020254010000,"Índice de 28,86% Lei 8.622/1993 e 8.627/1993 - Reajuste de Vencimentos - Servidor",1129156,NAO_IDENTIFICADO,PENDENTE,,,0154834-70.2025.4.01.9198,,29979036000140,Entidade sem PRC extraido no TRF1 (CNPJ pode estar incorreto),TRF1,0808382,Tribunal Regional Federal da 1a. Região,"1993-07-26 00:00:00,000","2025-03-31 00:00:00,000",11,Não,31909100,1122296,1157674.9335797345,Não Fundef,31,20 anos ou mais,Pessoal,Acima de R$ 1 milhão e até R$ 10 milhões,MATCH_VALOR_-4.4%
12102,TRF - 1a. Região,33904,F. Regime Geral Prev. Social,2026,1474107420254010000,Renda Mensal Inicial - Revisão de Benefícios - Direito Previdenciário,1128928,NAO_IDENTIFICADO,PENDENTE,,,0147410-74.2025.4.01.9198,,,Entidade nao mapeada para extracao TRF1,NAO_TESTADO,0849430,Tribunal Regional Federal da 3a. Região,"2015-01-29 00:00:00,000","2025-03-20 00:00:00,000",12,Não,33909100,1082945,1117083.444069573,Não Fundef,10,De 10 até 15 anos,Previdência,Acima de R$ 1 milhão e até R$ 10 milhões,MATCH_VALOR_4.1%
12102,TRF - 1a. Região,33201,INSS,2026,1547818920254010000,"Índice de 28,86% Lei 8.622/1993 e 8.627/1993 - Reajuste de Vencimentos - Servidor",1127904,NAO_IDENTIFICADO,PENDENTE,,,0154781-89.2025.4.01.9198,,29979036000140,Entidade sem PRC extraido no TRF1 (CNPJ pode estar incorreto),TRF1,0808382,Tribunal Regional Federal da 1a. Região,"1993-07-26 00:00:00,000","2025-03-31 00:00:00,000",11,Não,31909100,1122296,1157674.9335797345,Não Fundef,31,20 anos ou mais,Pessoal,Acima de R$ 1 milhão e até R$ 10 milhões,MATCH_VALOR_-4.5%
12102,TRF - 1a. Região,33201,INSS,2026,1478377120254010000,"Índice de 28,86% Lei 8.622/1993 e 8.627/1993 - Reajuste de Vencimentos - Servidor",1127605,NAO_IDENTIFICADO,PENDENTE,,,0147837-71.2025.4.01.9198,,29979036000140,Entidade sem PRC extraido no TRF1 (CNPJ pode estar incorreto),TRF1,0808382,Tribunal Regional Federal da 1a. Região,"1993-07-26 00:00:00,000","2025-03-31 00:00:00,000",11,Não,31909100,1122296,1157674.9335797345,Não Fundef,31,20 anos ou mais,Pessoal,Acima de R$ 1 milhão e até R$ 10 milhões,MATCH_VALOR_-4.5%
12102,TRF - 1a. Região,33201,INSS,2026,1551057920254010000,"Índice de 28,86% Lei 8.622/1993 e 8.627/1993 - Reajuste de Vencimentos - Servidor",1127144,NAO_IDENTIFICADO,PENDENTE,,,0155105-79.2025.4.01.9198,,29979036000140,Entidade sem PRC extraido no TRF1 (CNPJ pode estar incorreto),TRF1,0808382,Tribunal Regional Federal da 1a. Região,"1993-07-26 00:00:00,000","2025-03-31 00:00:00,000",11,Não,31909100,1122296,1157674.9335797345,Não Fundef,31,20 anos ou mais,Pessoal,Acima de R$ 1 milhão e até R$ 10 milhões,MATCH_VALOR_-4.6%
12102,TRF - 1a. Região,33201,INSS,2026,1547056520254010000,"Índice de 28,86% Lei 8.622/1993 e 8.627/1993 - Reajuste de Vencimentos - Servidor",1126838,NAO_IDENTIFICADO,PENDENTE,,,0154705-65.2025.4.01.9198,,29979036000140,Entidade sem PRC extraido no TRF1 (CNPJ pode estar incorreto),TRF1,0808382,Tribunal Regional Federal da 1a. Região,"1993-07-26 00:00:00,000","2025-03-31 00:00:00,000",11,Não,31909100,1122296,1157674.9335797345,Não Fundef,31,20 anos ou mais,Pessoal,Acima de R$ 1 milhão e até R$ 10 milhões,MATCH_VALOR_-4.6%
12102,TRF - 1a. Região,71103,EFU - Sentenças Judiciais,2026,5347337820244010000,Índice da URV Lei 8.880/1994 - Reajuste de Vencimentos - Servidor Público Civil,1126725,NAO_IDENTIFICADO,PENDENTE,,,0534733-78.2024.4.01.9198,,,UO generica EFU - sem CNPJ especifico para busca,NAO_TESTADO,0809722,Tribunal Regional Federal da 1a. Região,"1990-03-19 00:00:00,000","2025-03-31 00:00:00,000",11,Não,31909100,1064962,1098533.5531935792,Não Fundef,35,20 anos ou mais,Pessoal,Acima de R$ 1 milhão e até R$ 10 milhões,MATCH_VALOR_5.5%
12102,TRF - 1a. Região,33201,INSS,2026,1553439820254010000,"Índice de 28,86% Lei 8.622/1993 e 8.627/1993 - Reajuste de Vencimentos - Servidor",1126588,NAO_IDENTIFICADO,PENDENTE,,,0155343-98.2025.4.01.9198,,29979036000140,Entidade sem PRC extraido no TRF1 (CNPJ pode estar incorreto),TRF1,0808382,Tribunal Regional Federal da 1a. Região,"1993-07-26 00:00:00,000","2025-03-31 00:00:00,000",11,Não,31909100,1122296,1157674.9335797345,Não Fundef,31,20 anos ou mais,Pessoal,Acima de R$ 1 milhão e até R$ 10 milhões,MATCH_VALOR_-4.6%
12102,TRF - 1a. Região,33201,INSS,2026,1551196320254010000,"Índice de 28,86% Lei 8.622/1993 e 8.627/1993 - Reajuste de Vencimentos - Servidor",1125706,NAO_IDENTIFICADO,PENDENTE,,,0155119-63.2025.4.01.9198,,29979036000140,Entidade sem PRC extraido no TRF1 (CNPJ pode estar incorreto),TRF1,0808382,Tribunal Regional Federal da 1a. Região,"1993-07-26 00:00:00,000","2025-03-31 00:00:00,000",11,Não,31909100,1122296,1157674.9335797345,Não Fundef,31,20 anos ou mais,Pessoal,Acima de R$ 1 milhão e até R$ 10 milhões,MATCH_VALOR_-4.7%
11101,Superior Tribunal de Justiça,25101,M. da Fazenda,2024,12831,Administrativo - Militar - Pensão,1125069,NAO_IDENTIFICADO,PENDENTE,,,,,,Entidade nao mapeada para extracao TRF1,NAO_TESTADO,,,,,,,,,,,,,,,SEM_UO_NO_SIOP
12102,TRF - 1a. Região,33904,F. Regime Geral Prev. Social,2026,1685645120254010000,Aposentadoria Especial (Art. 57/8) - Benefícios em Espécie - Direito Previdenciário,1124339,NAO_IDENTIFICADO,PENDENTE,,,0168564-51.2025.4.01.9198,,,Entidade nao mapeada para extracao TRF1,NAO_TESTADO,0849430,Tribunal Regional Federal da 3a. Região,"2015-01-29 00:00:00,000","2025-03-20 00:00:00,000",12,Não,33909100,1082945,1117083.444069573,Não Fundef,10,De 10 até 15 anos,Previdência,Acima de R$ 1 milhão e até R$ 10 milhões,MATCH_VALOR_-1.3%
12102,TRF - 1a. Região,33201,INSS,2026,1550191120254010000,"Índice de 28,86% Lei 8.622/1993 e 8.627/1993 - Reajuste de Vencimentos - Servidor",1124322,NAO_IDENTIFICADO,PENDENTE,,,0155019-11.2025.4.01.9198,,29979036000140,Entidade sem PRC extraido no TRF1 (CNPJ pode estar incorreto),TRF1,0808382,Tribunal Regional Federal da 1a. Região,"1993-07-26 00:00:00,000","2025-03-31 00:00:00,000",11,Não,31909100,1122296,1157674.9335797345,Não Fundef,31,20 anos ou mais,Pessoal,Acima de R$ 1 milhão e até R$ 10 milhões,MATCH_VALOR_-4.8%
12102,TRF - 1a. Região,33201,INSS,2026,1552417620254010000,"Índice de 28,86% Lei 8.622/1993 e 8.627/1993 - Reajuste de Vencimentos - Servidor",1123434,NAO_IDENTIFICADO,PENDENTE,,,0155241-76.2025.4.01.9198,,29979036000140,Entidade sem PRC extraido no TRF1 (CNPJ pode estar incorreto),TRF1,0808382,Tribunal Regional Federal da 1a. Região,"1993-07-26 00:00:00,000","2025-03-31 00:00:00,000",11,Não,31909100,1122296,1157674.9335797345,Não Fundef,31,20 anos ou mais,Pessoal,Acima de R$ 1 milhão e até R$ 10 milhões,MATCH_VALOR_-4.9%
12102,TRF - 1a. Região,84201,FUNAI,2026,1662685620254010000,Gratificação Incorporada/Quintos e Décimos/VPNI - Sistema Remuneratório e,1123181,NAO_IDENTIFICADO,PENDENTE,,,0166268-56.2025.4.01.9198,,,Entidade nao mapeada para extracao TRF1,NAO_TESTADO,,,,,,,,,,,,,,,SEM_MATCH_VALOR_7_cand
12102,TRF - 1a. Região,33201,INSS,2026,1478507020254010000,"Índice de 28,86% Lei 8.622/1993 e 8.627/1993 - Reajuste de Vencimentos - Servidor",1122854,NAO_IDENTIFICADO,PENDENTE,,,0147850-70.2025.4.01.9198,,29979036000140,Entidade sem PRC extraido no TRF1 (CNPJ pode estar incorreto),TRF1,0808382,Tribunal Regional Federal da 1a. Região,"1993-07-26 00:00:00,000","2025-03-31 00:00:00,000",11,Não,31909100,1122296,1157674.9335797345,Não Fundef,31,20 anos ou mais,Pessoal,Acima de R$ 1 milhão e até R$ 10 milhões,MATCH_VALOR_-5.0%
12102,TRF - 1a. Região,33201,INSS,2026,1551525320254010000,"Índice de 28,86% Lei 8.622/1993 e 8.627/1993 - Reajuste de Vencimentos - Servidor",1122296,NAO_IDENTIFICADO,PENDENTE,,,0155152-53.2025.4.01.9198,,29979036000140,Entidade sem PRC extraido no TRF1 (CNPJ pode estar incorreto),TRF1,0808382,Tribunal Regional Federal da 1a. Região,"1993-07-26 00:00:00,000","2025-03-31 00:00:00,000",11,Não,31909100,1122296,1157674.9335797345,Não Fundef,31,20 anos ou mais,Pessoal,Acima de R$ 1 milhão e até R$ 10 milhões,MATCH_VALOR_-5.0%
12102,TRF - 1a. Região,71103,EFU - Sentenças Judiciais,2026,6391369820244010000,Correção da Tabela - IRPF/Imposto de Renda de Pessoa Física - Impostos - Direito,1122239,NAO_IDENTIFICADO,PENDENTE,,,0639136-98.2024.4.01.9198,,,UO generica EFU - sem CNPJ especifico para busca,NAO_TESTADO,0809722,Tribunal Regional Federal da 1a. Região,"1990-03-19 00:00:00,000","2025-03-31 00:00:00,000",11,Não,31909100,1064962,1098533.5531935792,Não Fundef,35,20 anos ou mais,Pessoal,Acima de R$ 1 milhão e até R$ 10 milhões,MATCH_VALOR_5.1%
12102,TRF - 1a. Região,71103,EFU - Sentenças Judiciais,2026,4026639720244010000,REINTEGRAÇÃO - REGIME - SERVIDOR PÚBLICO MILITAR - ADMINISTRATIVO,1122197,NAO_IDENTIFICADO,PENDENTE,,,0402663-97.2024.4.01.9198,,,UO generica EFU - sem CNPJ especifico para busca,NAO_TESTADO,0809722,Tribunal Regional Federal da 1a. Região,"1990-03-19 00:00:00,000","2025-03-31 00:00:00,000",11,Não,31909100,1064962,1098533.5531935792,Não Fundef,35,20 anos ou mais,Pessoal,Acima de R$ 1 milhão e até R$ 10 milhões,MATCH_VALOR_5.1%
12102,TRF - 1a. Região,71103,EFU - Sentenças Judiciais,2026,463419620254019000,Teto Salarial - Sistema Remuneratório e Benefícios - Servidor Público Civil,1121869,NAO_IDENTIFICADO,PENDENTE,,,0046341-96.2025.4.01.9198,,,UO generica EFU - sem CNPJ especifico para busca,NAO_TESTADO,0809722,Tribunal Regional Federal da 1a. Região,"1990-03-19 00:00:00,000","2025-03-31 00:00:00,000",11,Não,31909100,1064962,1098533.5531935792,Não Fundef,35,20 anos ou mais,Pessoal,Acima de R$ 1 milhão e até R$ 10 milhões,MATCH_VALOR_5.1%
12102,TRF - 1a. Região,33201,INSS,2026,1549480920254010000,"Índice de 28,86% Lei 8.622/1993 e 8.627/1993 - Reajuste de Vencimentos - Servidor",1121555,NAO_IDENTIFICADO,PENDENTE,,,0154948-09.2025.4.01.9198,,29979036000140,Entidade sem PRC extraido no TRF1 (CNPJ pode estar incorreto),TRF1,0808382,Tribunal Regional Federal da 1a. Região,"1993-07-26 00:00:00,000","2025-03-31 00:00:00,000",11,Não,31909100,1122296,1157674.9335797345,Não Fundef,31,20 anos ou mais,Pessoal,Acima de R$ 1 milhão e até R$ 10 milhões,MATCH_VALOR_-4.9%
12102,TRF - 1a. Região,33201,INSS,2026,1550234820254010000,"Índice de 28,86% Lei 8.622/1993 e 8.627/1993 - Reajuste de Vencimentos - Servidor",1121486,NAO_IDENTIFICADO,PENDENTE,,,0155023-48.2025.4.01.9198,,29979036000140,Entidade sem PRC extraido no TRF1 (CNPJ pode estar incorreto),TRF1,0808382,Tribunal Regional Federal da 1a. Região,"1993-07-26 00:00:00,000","2025-03-31 00:00:00,000",11,Não,31909100,1122296,1157674.9335797345,Não Fundef,31,20 anos ou mais,Pessoal,Acima de R$ 1 milhão e até R$ 10 milhões,MATCH_VALOR_-4.9%
12102,TRF - 1a. Região,33201,INSS,2026,1478350420254010000,"Índice de 28,86% Lei 8.622/1993 e 8.627/1993 - Reajuste de Vencimentos - Servidor",1121291,NAO_IDENTIFICADO,PENDENTE,,,0147835-04.2025.4.01.9198,,29979036000140,Entidade sem PRC extraido no TRF1 (CNPJ pode estar incorreto),TRF1,0808382,Tribunal Regional Federal da 1a. Região,"1993-07-26 00:00:00,000","2025-03-31 00:00:00,000",11,Não,31909100,1122296,1157674.9335797345,Não Fundef,31,20 anos ou mais,Pessoal,Acima de R$ 1 milhão e até R$ 10 milhões,MATCH_VALOR_-4.9%
12102,TRF - 1a. Região,33201,INSS,2026,1553396120254010000,"Índice de 28,86% Lei 8.622/1993 e 8.627/1993 - Reajuste de Vencimentos - Servidor",1121229,NAO_IDENTIFICADO,PENDENTE,,,0155339-61.2025.4.01.9198,,29979036000140,Entidade sem PRC extraido no TRF1 (CNPJ pode estar incorreto),TRF1,0808382,Tribunal Regional Federal da 1a. Região,"1993-07-26 00:00:00,000","2025-03-31 00:00:00,000",11,Não,31909100,1122296,1157674.9335797345,Não Fundef,31,20 anos ou mais,Pessoal,Acima de R$ 1 milhão e até R$ 10 milhões,MATCH_VALOR_-4.9%
12102,TRF - 1a. Região,71103,EFU - Sentenças Judiciais,2026,1543141320254010000,FUNDO DE PARTICIPAÇÃO DOS MUNICÍPIOS - ENTIDADES,1119332,NAO_IDENTIFICADO,PENDENTE,,,0154314-13.2025.4.01.9198,,,UO generica EFU - sem CNPJ especifico para busca,NAO_TESTADO,0809722,Tribunal Regional Federal da 1a. Região,"1990-03-19 00:00:00,000","2025-03-31 00:00:00,000",11,Não,31909100,1064962,1098533.5531935792,Não Fundef,35,20 anos ou mais,Pessoal,Acima de R$ 1 milhão e até R$ 10 milhões,MATCH_VALOR_4.9%
12102,TRF - 1a. Região,71103,EFU - Sentenças Judiciais,2026,4076958320244010000,PROMOÇÃO - REGIME - SERVIDOR PÚBLICO MILITAR - ADMINISTRATIVO,1119111,NAO_IDENTIFICADO,PENDENTE,,,0407695-83.2024.4.01.9198,,,UO generica EFU - sem CNPJ especifico para busca,NAO_TESTADO,0809722,Tribunal Regional Federal da 1a. Região,"1990-03-19 00:00:00,000","2025-03-31 00:00:00,000",11,Não,31909100,1064962,1098533.5531935792,Não Fundef,35,20 anos ou mais,Pessoal,Acima de R$ 1 milhão e até R$ 10 milhões,MATCH_VALOR_4.8%
12102,TRF - 1a. Região,33201,INSS,2026,1550798120254010000,"Índice de 28,86% Lei 8.622/1993 e 8.627/1993 - Reajuste de Vencimentos - Servidor",1118649,NAO_IDENTIFICADO,PENDENTE,,,0155079-81.2025.4.01.9198,,29979036000140,Entidade sem PRC extraido no TRF1 (CNPJ pode estar incorreto),TRF1,0808382,Tribunal Regional Federal da 1a. Região,"1993-07-26 00:00:00,000","2025-03-31 00:00:00,000",11,Não,31909100,1122296,1157674.9335797345,Não Fundef,31,20 anos ou mais,Pessoal,Acima de R$ 1 milhão e até R$ 10 milhões,MATCH_VALOR_-4.7%
12102,TRF - 1a. Região,33201,INSS,2026,1547498420254010000,"Índice de 28,86% Lei 8.622/1993 e 8.627/1993 - Reajuste de Vencimentos - Servidor",1118413,NAO_IDENTIFICADO,PENDENTE,,,0154749-84.2025.4.01.9198,,29979036000140,Entidade sem PRC extraido no TRF1 (CNPJ pode estar incorreto),TRF1,0808382,Tribunal Regional Federal da 1a. Região,"1993-07-26 00:00:00,000","2025-03-31 00:00:00,000",11,Não,31909100,1122296,1157674.9335797345,Não Fundef,31,20 anos ou mais,Pessoal,Acima de R$ 1 milhão e até R$ 10 milhões,MATCH_VALOR_-4.7%
12102,TRF - 1a. Região,33201,INSS,2026,1478394120254010000,"Índice de 28,86% Lei 8.622/1993 e 8.627/1993 - Reajuste de Vencimentos - Servidor",1118285,NAO_IDENTIFICADO,PENDENTE,,,0147839-41.2025.4.01.9198,,29979036000140,Entidade sem PRC extraido no TRF1 (CNPJ pode estar incorreto),TRF1,0808382,Tribunal Regional Federal da 1a. Região,"1993-07-26 00:00:00,000","2025-03-31 00:00:00,000",11,Não,31909100,1122296,1157674.9335797345,Não Fundef,31,20 anos ou mais,Pessoal,Acima de R$ 1 milhão e até R$ 10 milhões,MATCH_VALOR_-4.6%
12103,TRF - 2a. Região,33201,INSS,2026,50116773620254000000,Pensão,1118229,NAO_IDENTIFICADO,PENDENTE,,,5011677-36.2025.4.00.9198,,29979036000140,Formato 20 dig com tribunal 00 - provavel outro TRF (nao TRF1),TRF1,0808382,Tribunal Regional Federal da 1a. Região,"1993-07-26 00:00:00,000","2025-03-31 00:00:00,000",11,Não,31909100,1122296,1157674.9335797345,Não Fundef,31,20 anos ou mais,Pessoal,Acima de R$ 1 milhão e até R$ 10 milhões,MATCH_VALOR_0.4%
12102,TRF - 1a. Região,71103,EFU - Sentenças Judiciais,2026,7727284420244010000,Incidência sobre Aposentadoria - IRPF/Imposto de Renda de Pessoa Física - Impostos,1117989,NAO_IDENTIFICADO,PENDENTE,,,0772728-44.2024.4.01.9198,,,UO generica EFU - sem CNPJ especifico para busca,NAO_TESTADO,0809722,Tribunal Regional Federal da 1a. Região,"1990-03-19 00:00:00,000","2025-03-31 00:00:00,000",11,Não,31909100,1064962,1098533.5531935792,Não Fundef,35,20 anos ou mais,Pessoal,Acima de R$ 1 milhão e até R$ 10 milhões,MATCH_VALOR_4.7%
12102,TRF - 1a. Região,44201,Ibama,2026,1673251220254010000,Enquadramento - Regime Estatutário - Servidor Público Civil - Administrativo,1117713,NAO_IDENTIFICADO,PENDENTE,,,0167325-12.2025.4.01.9198,,,Entidade nao mapeada para extracao TRF1,NAO_TESTADO,,,,,,,,,,,,,,,SEM_MATCH_VALOR_16_cand
12102,TRF - 1a. Região,33201,INSS,2026,1544050620254010000,"Índice de 28,86% Lei 8.622/1993 e 8.627/1993 - Reajuste de Vencimentos - Servidor",1117641,NAO_IDENTIFICADO,PENDENTE,,,0154405-06.2025.4.01.9198,,29979036000140,Entidade sem PRC extraido no TRF1 (CNPJ pode estar incorreto),TRF1,0808382,Tribunal Regional Federal da 1a. Região,"1993-07-26 00:00:00,000","2025-03-31 00:00:00,000",11,Não,31909100,1122296,1157674.9335797345,Não Fundef,31,20 anos ou mais,Pessoal,Acima de R$ 1 milhão e até R$ 10 milhões,MATCH_VALOR_-4.6%
12103,TRF - 2a. Região,33201,INSS,2026,50113490920254000000,Pensão,1116617,NAO_IDENTIFICADO,PENDENTE,,,5011349-09.2025.4.00.9198,,29979036000140,Formato 20 dig com tribunal 00 - provavel outro TRF (nao TRF1),TRF1,0808382,Tribunal Regional Federal da 1a. Região,"1993-07-26 00:00:00,000","2025-03-31 00:00:00,000",11,Não,31909100,1122296,1157674.9335797345,Não Fundef,31,20 anos ou mais,Pessoal,Acima de R$ 1 milhão e até R$ 10 milhões,MATCH_VALOR_0.5%
12102,TRF - 1a. Região,71103,EFU - Sentenças Judiciais,2026,1602277320254010000,CONCESSÃO - PENSÃO - SERVIDOR PÚBLICO CIVIL - ADMINISTRATIVO,1115473,NAO_IDENTIFICADO,PENDENTE,,,0160227-73.2025.4.01.9198,,,UO generica EFU - sem CNPJ especifico para busca,NAO_TESTADO,0809722,Tribunal Regional Federal da 1a. Região,"1990-03-19 00:00:00,000","2025-03-31 00:00:00,000",11,Não,31909100,1064962,1098533.5531935792,Não Fundef,35,20 anos ou mais,Pessoal,Acima de R$ 1 milhão e até R$ 10 milhões,MATCH_VALOR_4.5%
12102,TRF - 1a. Região,71103,EFU - Sentenças Judiciais,2026,1655505920254010000,CONCESSÃO - PENSÃO - SERVIDOR PÚBLICO MILITAR - ADMINISTRATIVO,1115274,NAO_IDENTIFICADO,PENDENTE,,,0165550-59.2025.4.01.9198,,,UO generica EFU - sem CNPJ especifico para busca,NAO_TESTADO,0809722,Tribunal Regional Federal da 1a. Região,"1990-03-19 00:00:00,000","2025-03-31 00:00:00,000",11,Não,31909100,1064962,1098533.5531935792,Não Fundef,35,20 anos ou mais,Pessoal,Acima de R$ 1 milhão e até R$ 10 milhões,MATCH_VALOR_4.5%
12102,TRF - 1a. Região,33201,INSS,2026,1550052720254010000,"Índice de 28,86% Lei 8.622/1993 e 8.627/1993 - Reajuste de Vencimentos - Servidor",1115088,NAO_IDENTIFICADO,PENDENTE,,,0155005-27.2025.4.01.9198,,29979036000140,Entidade sem PRC extraido no TRF1 (CNPJ pode estar incorreto),TRF1,0808234,Tribunal Regional Federal da 1a. Região,"1993-07-26 00:00:00,000","2025-03-31 00:00:00,000",11,Não,31909100,1109311,1144280.5982060605,Não Fundef,31,20 anos ou mais,Pessoal,Acima de R$ 1 milhão e até R$ 10 milhões,MATCH_VALOR_-4.5%
12102,TRF - 1a. Região,71103,EFU - Sentenças Judiciais,2026,381912920254019000,Anistia Administrativa - Regime Estatutário - Servidor Público Civil - Administrativo,1114860,NAO_IDENTIFICADO,PENDENTE,,,0038191-29.2025.4.01.9198,,,UO generica EFU - sem CNPJ especifico para busca,NAO_TESTADO,0809722,Tribunal Regional Federal da 1a. Região,"1990-03-19 00:00:00,000","2025-03-31 00:00:00,000",11,Não,31909100,1064962,1098533.5531935792,Não Fundef,35,20 anos ou mais,Pessoal,Acima de R$ 1 milhão e até R$ 10 milhões,MATCH_VALOR_4.5%
12102,TRF - 1a. Região,71103,EFU - Sentenças Judiciais,2026,1463255320254010000,"Índice de 28,86% Lei 8.622/1993 e 8.627/1993 - Reajuste de Vencimentos - Servidor",1114285,NAO_IDENTIFICADO,PENDENTE,,,0146325-53.2025.4.01.9198,,,UO generica EFU - sem CNPJ especifico para busca,NAO_TESTADO,0809722,Tribunal Regional Federal da 1a. Região,"1990-03-19 00:00:00,000","2025-03-31 00:00:00,000",11,Não,31909100,1064962,1098533.5531935792,Não Fundef,35,20 anos ou mais,Pessoal,Acima de R$ 1 milhão e até R$ 10 milhões,MATCH_VALOR_4.4%
12102,TRF - 1a. Região,71103,EFU - Sentenças Judiciais,2026,502643320254019000,Indenização por Dano Moral - Responsabilidade da Administração - Direito,1114279,NAO_IDENTIFICADO,PENDENTE,,,0050264-33.2025.4.01.9198,,,UO generica EFU - sem CNPJ especifico para busca,NAO_TESTADO,0809722,Tribunal Regional Federal da 1a. Região,"1990-03-19 00:00:00,000","2025-03-31 00:00:00,000",11,Não,31909100,1064962,1098533.5531935792,Não Fundef,35,20 anos ou mais,Pessoal,Acima de R$ 1 milhão e até R$ 10 milhões,MATCH_VALOR_4.4%
12102,TRF - 1a. Região,71103,EFU - Sentenças Judiciais,2026,502651820254019000,Indenização por Dano Moral - Responsabilidade da Administração - Direito,1114279,NAO_IDENTIFICADO,PENDENTE,,,0050265-18.2025.4.01.9198,,,UO generica EFU - sem CNPJ especifico para busca,NAO_TESTADO,0809722,Tribunal Regional Federal da 1a. Região,"1990-03-19 00:00:00,000","2025-03-31 00:00:00,000",11,Não,31909100,1064962,1098533.5531935792,Não Fundef,35,20 anos ou mais,Pessoal,Acima de R$ 1 milhão e até R$ 10 milhões,MATCH_VALOR_4.4%
12103,TRF - 2a. Região,33904,F. Regime Geral Prev. Social,2026,50018101920254000000,RMI - Renda Mensal Inicial,1113576,NAO_IDENTIFICADO,PENDENTE,,,5001810-19.2025.4.00.9198,,,Entidade nao mapeada para extracao TRF1,NAO_TESTADO,0849430,Tribunal Regional Federal da 3a. Região,"2015-01-29 00:00:00,000","2025-03-20 00:00:00,000",12,Não,33909100,1082945,1117083.444069573,Não Fundef,10,De 10 até 15 anos,Previdência,Acima de R$ 1 milhão e até R$ 10 milhões,MATCH_VALOR_2.8%
12102,TRF - 1a. Região,33201,INSS,2026,1548736720254010000,"Índice de 28,86% Lei 8.622/1993 e 8.627/1993 - Reajuste de Vencimentos - Servidor",1113340,NAO_IDENTIFICADO,PENDENTE,,,0154873-67.2025.4.01.9198,,29979036000140,Entidade sem PRC extraido no TRF1 (CNPJ pode estar incorreto),TRF1,0808234,Tribunal Regional Federal da 1a. Região,"1993-07-26 00:00:00,000","2025-03-31 00:00:00,000",11,Não,31909100,1109311,1144280.5982060605,Não Fundef,31,20 anos ou mais,Pessoal,Acima de R$ 1 milhão e até R$ 10 milhões,MATCH_VALOR_-4.6%
12102,TRF - 1a. Região,33201,INSS,2026,1552252520254010000,"Índice de 28,86% Lei 8.622/1993 e 8.627/1993 - Reajuste de Vencimentos - Servidor",1112788,NAO_IDENTIFICADO,PENDENTE,,,0155225-25.2025.4.01.9198,,29979036000140,Entidade sem PRC extraido no TRF1 (CNPJ pode estar incorreto),TRF1,0808234,Tribunal Regional Federal da 1a. Região,"1993-07-26 00:00:00,000","2025-03-31 00:00:00,000",11,Não,31909100,1109311,1144280.5982060605,Não Fundef,31,20 anos ou mais,Pessoal,Acima de R$ 1 milhão e até R$ 10 milhões,MATCH_VALOR_-4.7%
12102,TRF - 1a. Região,33201,INSS,2026,1551248520254010000,"Índice de 28,86% Lei 8.622/1993 e 8.627/1993 - Reajuste de Vencimentos - Servidor",1111942,NAO_IDENTIFICADO,PENDENTE,,,0155124-85.2025.4.01.9198,,29979036000140,Entidade sem PRC extraido no TRF1 (CNPJ pode estar incorreto),TRF1,0808234,Tribunal Regional Federal da 1a. Região,"1993-07-26 00:00:00,000","2025-03-31 00:00:00,000",11,Não,31909100,1109311,1144280.5982060605,Não Fundef,31,20 anos ou mais,Pessoal,Acima de R$ 1 milhão e até R$ 10 milhões,MATCH_VALOR_-4.8%
11101,Superior Tribunal de Justiça,52101,M. da Defesa,2025,13204,Administrativo - Militar - Regime - Anistia Política,1111341,NAO_IDENTIFICADO,PENDENTE,,,,,,Entidade nao mapeada para extracao TRF1,NAO_TESTADO,,,,,,,,,,,,,,,SEM_UO_NO_SIOP
12102,TRF - 1a. Região,33201,INSS,2026,1548640820254010000,"Índice de 28,86% Lei 8.622/1993 e 8.627/1993 - Reajuste de Vencimentos - Servidor",1110182,NAO_IDENTIFICADO,PENDENTE,,,0154864-08.2025.4.01.9198,,29979036000140,Entidade sem PRC extraido no TRF1 (CNPJ pode estar incorreto),TRF1,0808234,Tribunal Regional Federal da 1a. Região,"1993-07-26 00:00:00,000","2025-03-31 00:00:00,000",11,Não,31909100,1109311,1144280.5982060605,Não Fundef,31,20 anos ou mais,Pessoal,Acima de R$ 1 milhão e até R$ 10 milhões,MATCH_VALOR_-4.9%
12103,TRF - 2a. Região,26245,UFRJ,2026,50124363420244000000,Jornada de Trabalho,1110129,NAO_IDENTIFICADO,PENDENTE,,,5012436-34.2024.4.00.9198,,,Entidade nao mapeada para extracao TRF1,NAO_TESTADO,,,,,,,,,,,,,,,SEM_MATCH_VALOR_18_cand
12102,TRF - 1a. Região,33201,INSS,2026,1550044220254010000,"Índice de 28,86% Lei 8.622/1993 e 8.627/1993 - Reajuste de Vencimentos - Servidor",1109311,NAO_IDENTIFICADO,PENDENTE,,,0155004-42.2025.4.01.9198,,29979036000140,Entidade sem PRC extraido no TRF1 (CNPJ pode estar incorreto),TRF1,0808234,Tribunal Regional Federal da 1a. Região,"1993-07-26 00:00:00,000","2025-03-31 00:00:00,000",11,Não,31909100,1109311,1144280.5982060605,Não Fundef,31,20 anos ou mais,Pessoal,Acima de R$ 1 milhão e até R$ 10 milhões,MATCH_VALOR_-5.0%
12102,TRF - 1a. Região,71103,EFU - Sentenças Judiciais,2026,1363085520254010000,Consulta - Tratamento médico-hospitalar - Pública - DIREITO DA SAÚDE,1109305,NAO_IDENTIFICADO,PENDENTE,,,0136308-55.2025.4.01.9198,,,UO generica EFU - sem CNPJ especifico para busca,NAO_TESTADO,0809722,Tribunal Regional Federal da 1a. Região,"1990-03-19 00:00:00,000","2025-03-31 00:00:00,000",11,Não,31909100,1064962,1098533.5531935792,Não Fundef,35,20 anos ou mais,Pessoal,Acima de R$ 1 milhão e até R$ 10 milhões,MATCH_VALOR_4.0%
12102,TRF - 1a. Região,71103,EFU - Sentenças Judiciais,2026,1554418320254010000,Abono Pecuniário (Art. 78 Lei 8.112/90) - Sistema Remuneratório - Servidor Público,1108956,NAO_IDENTIFICADO,PENDENTE,,,0155441-83.2025.4.01.9198,,,UO generica EFU - sem CNPJ especifico para busca,NAO_TESTADO,0809722,Tribunal Regional Federal da 1a. Região,"1990-03-19 00:00:00,000","2025-03-31 00:00:00,000",11,Não,31909100,1064962,1098533.5531935792,Não Fundef,35,20 anos ou mais,Pessoal,Acima de R$ 1 milhão e até R$ 10 milhões,MATCH_VALOR_4.0%
12103,TRF - 2a. Região,33904,F. Regime Geral Prev. Social,2026,50051544220244000000,Pensão por Morte (Art. 74/9),1108550,NAO_IDENTIFICADO,PENDENTE,,,5005154-42.2024.4.00.9198,,,Entidade nao mapeada para extracao TRF1,NAO_TESTADO,0849430,Tribunal Regional Federal da 3a. Região,"2015-01-29 00:00:00,000","2025-03-20 00:00:00,000",12,Não,33909100,1082945,1117083.444069573,Não Fundef,10,De 10 até 15 anos,Previdência,Acima de R$ 1 milhão e até R$ 10 milhões,MATCH_VALOR_2.3%
12102,TRF - 1a. Região,71103,EFU - Sentenças Judiciais,2026,1669268020254010000,CONCESSÃO - PENSÃO - SERVIDOR PÚBLICO MILITAR - ADMINISTRATIVO,1108457,NAO_IDENTIFICADO,PENDENTE,,,0166926-80.2025.4.01.9198,,,UO generica EFU - sem CNPJ especifico para busca,NAO_TESTADO,0809722,Tribunal Regional Federal da 1a. Região,"1990-03-19 00:00:00,000","2025-03-31 00:00:00,000",11,Não,31909100,1064962,1098533.5531935792,Não Fundef,35,20 anos ou mais,Pessoal,Acima de R$ 1 milhão e até R$ 10 milhões,MATCH_VALOR_3.9%
12102,TRF - 1a. Região,33201,INSS,2026,1551265520254010000,"Índice de 28,86% Lei 8.622/1993 e 8.627/1993 - Reajuste de Vencimentos - Servidor",1107509,NAO_IDENTIFICADO,PENDENTE,,,0155126-55.2025.4.01.9198,,29979036000140,Entidade sem PRC extraido no TRF1 (CNPJ pode estar incorreto),TRF1,0808234,Tribunal Regional Federal da 1a. Região,"1993-07-26 00:00:00,000","2025-03-31 00:00:00,000",11,Não,31909100,1109311,1144280.5982060605,Não Fundef,31,20 anos ou mais,Pessoal,Acima de R$ 1 milhão e até R$ 10 milhões,MATCH_VALOR_-4.8%
12102,TRF - 1a. Região,71103,EFU - Sentenças Judiciais,2026,4045277320244010000,"Índice da URP - 26,05% (1989)",1107072,NAO_IDENTIFICADO,PENDENTE,,,0404527-73.2024.4.01.9198,,,UO generica EFU - sem CNPJ especifico para busca,NAO_TESTADO,0809722,Tribunal Regional Federal da 1a. Região,"1990-03-19 00:00:00,000","2025-03-31 00:00:00,000",11,Não,31909100,1064962,1098533.5531935792,Não Fundef,35,20 anos ou mais,Pessoal,Acima de R$ 1 milhão e até R$ 10 milhões,MATCH_VALOR_3.8%
10101,Supremo Tribunal Federal,71103,EFU - Sentenças Judiciais,2025,28,COMUM,1106776,NAO_IDENTIFICADO,PENDENTE,,,,,,UO generica EFU - sem CNPJ especifico para busca,NAO_TESTADO,0809722,Tribunal Regional Federal da 1a. Região,"1990-03-19 00:00:00,000","2025-03-31 00:00:00,000",11,Não,31909100,1064962,1098533.5531935792,Não Fundef,35,20 anos ou mais,Pessoal,Acima de R$ 1 milhão e até R$ 10 milhões,MATCH_VALOR_3.8%
11101,Superior Tribunal de Justiça,52101,M. da Defesa,2024,12557,Administrativo - Militar - Regime - Anistia Política,1106558,NAO_IDENTIFICADO,PENDENTE,,,,,,Entidade nao mapeada para extracao TRF1,NAO_TESTADO,,,,,,,,,,,,,,,SEM_UO_NO_SIOP
12102,TRF - 1a. Região,33201,INSS,2026,1551386920254010000,"Índice de 28,86% Lei 8.622/1993 e 8.627/1993 - Reajuste de Vencimentos - Servidor",1105283,NAO_IDENTIFICADO,PENDENTE,,,0155138-69.2025.4.01.9198,,29979036000140,Entidade sem PRC extraido no TRF1 (CNPJ pode estar incorreto),TRF1,0808234,Tribunal Regional Federal da 1a. Região,"1993-07-26 00:00:00,000","2025-03-31 00:00:00,000",11,Não,31909100,1109311,1144280.5982060605,Não Fundef,31,20 anos ou mais,Pessoal,Acima de R$ 1 milhão e até R$ 10 milhões,MATCH_VALOR_-4.6%
12102,TRF - 1a. Região,33201,INSS,2026,1548623820254010000,"Índice de 28,86% Lei 8.622/1993 e 8.627/1993 - Reajuste de Vencimentos - Servidor",1103713,NAO_IDENTIFICADO,PENDENTE,,,0154862-38.2025.4.01.9198,,29979036000140,Entidade sem PRC extraido no TRF1 (CNPJ pode estar incorreto),TRF1,0808234,Tribunal Regional Federal da 1a. Região,"1993-07-26 00:00:00,000","2025-03-31 00:00:00,000",11,Não,31909100,1109311,1144280.5982060605,Não Fundef,31,20 anos ou mais,Pessoal,Acima de R$ 1 milhão e até R$ 10 milhões,MATCH_VALOR_-4.5%
12102,TRF - 1a. Região,33904,F. Regime Geral Prev. Social,2026,5377789020244010000,Aposentadoria por tempo de serviço (art. 52/4) - Benefícios em Espécie - Direito,1103329,NAO_IDENTIFICADO,PENDENTE,,,0537778-90.2024.4.01.9198,,,Entidade nao mapeada para extracao TRF1,NAO_TESTADO,0849430,Tribunal Regional Federal da 3a. Região,"2015-01-29 00:00:00,000","2025-03-20 00:00:00,000",12,Não,33909100,1082945,1117083.444069573,Não Fundef,10,De 10 até 15 anos,Previdência,Acima de R$ 1 milhão e até R$ 10 milhões,MATCH_VALOR_-3.2%
12102,TRF - 1a. Região,49201,INCRA,2026,3586423620244010000,Sucumbência - Direito Processual Civil - Direito Processual,1103187,NAO_IDENTIFICADO,PENDENTE,,,0358642-36.2024.4.01.9198,,00375972000160,Precatorio de 2024 mas PRC extraidos ate 2022 - nao sincronizado no TRF1 publico,TRF1,,,,,,,,,,,,,,,SEM_MATCH_VALOR_138_cand
12102,TRF - 1a. Região,71103,EFU - Sentenças Judiciais,2026,1671666920254010000,CONCESSÃO - PENSÃO - SERVIDOR PÚBLICO CIVIL - ADMINISTRATIVO,1102698,NAO_IDENTIFICADO,PENDENTE,,,0167166-69.2025.4.01.9198,,,UO generica EFU - sem CNPJ especifico para busca,NAO_TESTADO,0809722,Tribunal Regional Federal da 1a. Região,"1990-03-19 00:00:00,000","2025-03-31 00:00:00,000",11,Não,31909100,1064962,1098533.5531935792,Não Fundef,35,20 anos ou mais,Pessoal,Acima de R$ 1 milhão e até R$ 10 milhões,MATCH_VALOR_3.4%
12102,TRF - 1a. Região,33201,INSS,2026,1545895920254010000,"Índice de 28,86% Lei 8.622/1993 e 8.627/1993 - Reajuste de Vencimentos - Servidor",1102278,NAO_IDENTIFICADO,PENDENTE,,,0154589-59.2025.4.01.9198,,29979036000140,Entidade sem PRC extraido no TRF1 (CNPJ pode estar incorreto),TRF1,0808234,Tribunal Regional Federal da 1a. Região,"1993-07-26 00:00:00,000","2025-03-31 00:00:00,000",11,Não,31909100,1109311,1144280.5982060605,Não Fundef,31,20 anos ou mais,Pessoal,Acima de R$ 1 milhão e até R$ 10 milhões,MATCH_VALOR_-4.4%
12102,TRF - 1a. Região,33201,INSS,2026,1547523920254010000,"Índice de 28,86% Lei 8.622/1993 e 8.627/1993 - Reajuste de Vencimentos - Servidor",1101847,NAO_IDENTIFICADO,PENDENTE,,,0154752-39.2025.4.01.9198,,29979036000140,Entidade sem PRC extraido no TRF1 (CNPJ pode estar incorreto),TRF1,0808234,Tribunal Regional Federal da 1a. Região,"1993-07-26 00:00:00,000","2025-03-31 00:00:00,000",11,Não,31909100,1109311,1144280.5982060605,Não Fundef,31,20 anos ou mais,Pessoal,Acima de R$ 1 milhão e até R$ 10 milhões,MATCH_VALOR_-4.3%
12102,TRF - 1a. Região,39252,DNIT,2026,1655843420254010000,Indenização por Dano Moral - Responsabilidade da Administração - Direito,1101610,IDENTIFICADO_PRC,PRC,0000517-32.2016.4.01.9198,0001648-37.2015.4.01.3100/AP,0165584-34.2025.4.01.9198,1_prc_entidade,04892707000100,,TRF1,,,,,,,,,,,,,,,SEM_MATCH_VALOR_33_cand
12102,TRF - 1a. Região,33201,INSS,2026,1552997920254010000,"Índice de 28,86% Lei 8.622/1993 e 8.627/1993 - Reajuste de Vencimentos - Servidor",1101114,NAO_IDENTIFICADO,PENDENTE,,,0155299-79.2025.4.01.9198,,29979036000140,Entidade sem PRC extraido no TRF1 (CNPJ pode estar incorreto),TRF1,0808234,Tribunal Regional Federal da 1a. Região,"1993-07-26 00:00:00,000","2025-03-31 00:00:00,000",11,Não,31909100,1109311,1144280.5982060605,Não Fundef,31,20 anos ou mais,Pessoal,Acima de R$ 1 milhão e até R$ 10 milhões,MATCH_VALOR_-4.3%
12102,TRF - 1a. Região,33201,INSS,2026,1547073520254010000,"Índice de 28,86% Lei 8.622/1993 e 8.627/1993 - Reajuste de Vencimentos - Servidor",1100443,NAO_IDENTIFICADO,PENDENTE,,,0154707-35.2025.4.01.9198,,29979036000140,Entidade sem PRC extraido no TRF1 (CNPJ pode estar incorreto),TRF1,0808234,Tribunal Regional Federal da 1a. Região,"1993-07-26 00:00:00,000","2025-03-31 00:00:00,000",11,Não,31909100,1109311,1144280.5982060605,Não Fundef,31,20 anos ou mais,Pessoal,Acima de R$ 1 milhão e até R$ 10 milhões,MATCH_VALOR_-4.2%
12103,TRF - 2a. Região,33904,F. Regime Geral Prev. Social,2026,50049318920244000000,Reajustes e Revisões Específicos,1100204,NAO_IDENTIFICADO,PENDENTE,,,5004931-89.2024.4.00.9198,,,Entidade nao mapeada para extracao TRF1,NAO_TESTADO,0849430,Tribunal Regional Federal da 3a. Região,"2015-01-29 00:00:00,000","2025-03-20 00:00:00,000",12,Não,33909100,1082945,1117083.444069573,Não Fundef,10,De 10 até 15 anos,Previdência,Acima de R$ 1 milhão e até R$ 10 milhões,MATCH_VALOR_1.6%
12102,TRF - 1a. Região,33201,INSS,2026,1549420220254010000,"Índice de 28,86% Lei 8.622/1993 e 8.627/1993 - Reajuste de Vencimentos - Servidor",1100063,NAO_IDENTIFICADO,PENDENTE,,,0154942-02.2025.4.01.9198,,29979036000140,Entidade sem PRC extraido no TRF1 (CNPJ pode estar incorreto),TRF1,0808234,Tribunal Regional Federal da 1a. Região,"1993-07-26 00:00:00,000","2025-03-31 00:00:00,000",11,Não,31909100,1109311,1144280.5982060605,Não Fundef,31,20 anos ou mais,Pessoal,Acima de R$ 1 milhão e até R$ 10 milhões,MATCH_VALOR_-4.2%
12102,TRF - 1a. Região,33201,INSS,2026,1550087920254010000,"Índice de 28,86% Lei 8.622/1993 e 8.627/1993 - Reajuste de Vencimentos - Servidor",1099926,NAO_IDENTIFICADO,PENDENTE,,,0155008-79.2025.4.01.9198,,29979036000140,Entidade sem PRC extraido no TRF1 (CNPJ pode estar incorreto),TRF1,0808234,Tribunal Regional Federal da 1a. Região,"1993-07-26 00:00:00,000","2025-03-31 00:00:00,000",11,Não,31909100,1109311,1144280.5982060605,Não Fundef,31,20 anos ou mais,Pessoal,Acima de R$ 1 milhão e até R$ 10 milhões,MATCH_VALOR_-4.1%
12102,TRF - 1a. Região,39252,DNIT,2026,1675260420254010000,Licença-Prêmio - Afastamento - Servidor Público Civil - Administrativo,1099585,IDENTIFICADO_PRC,PRC,0000517-32.2016.4.01.9198,0001648-37.2015.4.01.3100/AP,0167526-04.2025.4.01.9198,1_prc_entidade,04892707000100,,TRF1,,,,,,,,,,,,,,,SEM_MATCH_VALOR_33_cand
12103,TRF - 2a. Região,33904,F. Regime Geral Prev. Social,2026,50017192620254000000,Aposentadoria Especial (Art. 57/8),1098748,NAO_IDENTIFICADO,PENDENTE,,,5001719-26.2025.4.00.9198,,,Entidade nao mapeada para extracao TRF1,NAO_TESTADO,0849430,Tribunal Regional Federal da 3a. Região,"2015-01-29 00:00:00,000","2025-03-20 00:00:00,000",12,Não,33909100,1082945,1117083.444069573,Não Fundef,10,De 10 até 15 anos,Previdência,Acima de R$ 1 milhão e até R$ 10 milhões,MATCH_VALOR_-3.6%
12102,TRF - 1a. Região,33201,INSS,2026,1548875120254010000,"Índice de 28,86% Lei 8.622/1993 e 8.627/1993 - Reajuste de Vencimentos - Servidor",1097293,NAO_IDENTIFICADO,PENDENTE,,,0154887-51.2025.4.01.9198,,29979036000140,Entidade sem PRC extraido no TRF1 (CNPJ pode estar incorreto),TRF1,0808234,Tribunal Regional Federal da 1a. Região,"1993-07-26 00:00:00,000","2025-03-31 00:00:00,000",11,Não,31909100,1109311,1144280.5982060605,Não Fundef,31,20 anos ou mais,Pessoal,Acima de R$ 1 milhão e até R$ 10 milhões,MATCH_VALOR_-3.9%
12102,TRF - 1a. Região,33201,INSS,2026,1549828120254010000,"Índice de 28,86% Lei 8.622/1993 e 8.627/1993 - Reajuste de Vencimentos - Servidor",1096819,NAO_IDENTIFICADO,PENDENTE,,,0154982-81.2025.4.01.9198,,29979036000140,Entidade sem PRC extraido no TRF1 (CNPJ pode estar incorreto),TRF1,0808234,Tribunal Regional Federal da 1a. Região,"1993-07-26 00:00:00,000","2025-03-31 00:00:00,000",11,Não,31909100,1109311,1144280.5982060605,Não Fundef,31,20 anos ou mais,Pessoal,Acima de R$ 1 milhão e até R$ 10 milhões,MATCH_VALOR_-3.9%
12102,TRF - 1a. Região,71103,EFU - Sentenças Judiciais,2026,1677711520254010000,Contribuições Previdenciárias - Contribuições - Direito Tributário,1096763,NAO_IDENTIFICADO,PENDENTE,,,0167771-15.2025.4.01.9198,,,UO generica EFU - sem CNPJ especifico para busca,NAO_TESTADO,0809722,Tribunal Regional Federal da 1a. Região,"1990-03-19 00:00:00,000","2025-03-31 00:00:00,000",11,Não,31909100,1064962,1098533.5531935792,Não Fundef,35,20 anos ou mais,Pessoal,Acima de R$ 1 milhão e até R$ 10 milhões,MATCH_VALOR_2.9%
12102,TRF - 1a. Região,33201,INSS,2026,1553249220254010000,"Índice de 28,86% Lei 8.622/1993 e 8.627/1993 - Reajuste de Vencimentos - Servidor",1096650,NAO_IDENTIFICADO,PENDENTE,,,0155324-92.2025.4.01.9198,,29979036000140,Entidade sem PRC extraido no TRF1 (CNPJ pode estar incorreto),TRF1,0808234,Tribunal Regional Federal da 1a. Região,"1993-07-26 00:00:00,000","2025-03-31 00:00:00,000",11,Não,31909100,1109311,1144280.5982060605,Não Fundef,31,20 anos ou mais,Pessoal,Acima de R$ 1 milhão e até R$ 10 milhões,MATCH_VALOR_-3.8%
12102,TRF - 1a. Região,33201,INSS,2026,1550321020254010000,"Índice de 28,86% Lei 8.622/1993 e 8.627/1993 - Reajuste de Vencimentos - Servidor",1096601,NAO_IDENTIFICADO,PENDENTE,,,0155032-10.2025.4.01.9198,,29979036000140,Entidade sem PRC extraido no TRF1 (CNPJ pode estar incorreto),TRF1,0808234,Tribunal Regional Federal da 1a. Região,"1993-07-26 00:00:00,000","2025-03-31 00:00:00,000",11,Não,31909100,1109311,1144280.5982060605,Não Fundef,31,20 anos ou mais,Pessoal,Acima de R$ 1 milhão e até R$ 10 milhões,MATCH_VALOR_-3.8%
12102,TRF - 1a. Região,33201,INSS,2026,1548883620254010000,"Índice de 28,86% Lei 8.622/1993 e 8.627/1993 - Reajuste de Vencimentos - Servidor",1096163,NAO_IDENTIFICADO,PENDENTE,,,0154888-36.2025.4.01.9198,,29979036000140,Entidade sem PRC extraido no TRF1 (CNPJ pode estar incorreto),TRF1,0808234,Tribunal Regional Federal da 1a. Região,"1993-07-26 00:00:00,000","2025-03-31 00:00:00,000",11,Não,31909100,1109311,1144280.5982060605,Não Fundef,31,20 anos ou mais,Pessoal,Acima de R$ 1 milhão e até R$ 10 milhões,MATCH_VALOR_-3.8%
12102,TRF - 1a. Região,33201,INSS,2026,1475570320254010000,"Índice de 28,86% Lei 8.622/1993 e 8.627/1993 - Reajuste de Vencimentos - Servidor",1095799,NAO_IDENTIFICADO,PENDENTE,,,0147557-03.2025.4.01.9198,,29979036000140,Entidade sem PRC extraido no TRF1 (CNPJ pode estar incorreto),TRF1,0808234,Tribunal Regional Federal da 1a. Região,"1993-07-26 00:00:00,000","2025-03-31 00:00:00,000",11,Não,31909100,1109311,1144280.5982060605,Não Fundef,31,20 anos ou mais,Pessoal,Acima de R$ 1 milhão e até R$ 10 milhões,MATCH_VALOR_-3.8%
12103,TRF - 2a. Região,33201,INSS,2026,50015503920254000000,Indenização por Dano Moral,1095767,NAO_IDENTIFICADO,PENDENTE,,,5001550-39.2025.4.00.9198,,29979036000140,Formato 20 dig com tribunal 00 - provavel outro TRF (nao TRF1),TRF1,0808234,Tribunal Regional Federal da 1a. Região,"1993-07-26 00:00:00,000","2025-03-31 00:00:00,000",11,Não,31909100,1109311,1144280.5982060605,Não Fundef,31,20 anos ou mais,Pessoal,Acima de R$ 1 milhão e até R$ 10 milhões,MATCH_VALOR_1.2%
12102,TRF - 1a. Região,33201,INSS,2026,1547065020254010000,"Índice de 28,86% Lei 8.622/1993 e 8.627/1993 - Reajuste de Vencimentos - Servidor",1095712,NAO_IDENTIFICADO,PENDENTE,,,0154706-50.2025.4.01.9198,,29979036000140,Entidade sem PRC extraido no TRF1 (CNPJ pode estar incorreto),TRF1,0808234,Tribunal Regional Federal da 1a. Região,"1993-07-26 00:00:00,000","2025-03-31 00:00:00,000",11,Não,31909100,1109311,1144280.5982060605,Não Fundef,31,20 anos ou mais,Pessoal,Acima de R$ 1 milhão e até R$ 10 milhões,MATCH_VALOR_-3.8%
12102,TRF - 1a. Região,39207,VALEC,2026,1665405020254010000,Desapropriação por Utilidade Pública/DL 3.365/41 - Intervenção na Propriedade,1095118,NAO_IDENTIFICADO,PENDENTE,,,0166540-50.2025.4.01.9198,,,Entidade nao mapeada para extracao TRF1,NAO_TESTADO,,,,,,,,,,,,,,,SEM_MATCH_VALOR_12_cand
12102,TRF - 1a. Região,39207,VALEC,2026,1665457220254010000,Desapropriação por Utilidade Pública/DL 3.365/41 - Intervenção na Propriedade,1095118,NAO_IDENTIFICADO,PENDENTE,,,0166545-72.2025.4.01.9198,,,Entidade nao mapeada para extracao TRF1,NAO_TESTADO,,,,,,,,,,,,,,,SEM_MATCH_VALOR_12_cand
12102,TRF - 1a. Região,71103,EFU - Sentenças Judiciais,2026,1462051020254010000,Honorários Advocatícios - Sucumbência - Partes e Procuradores - DIREITO,1094970,NAO_IDENTIFICADO,PENDENTE,,,0146205-10.2025.4.01.9198,,,UO generica EFU - sem CNPJ especifico para busca,NAO_TESTADO,0809722,Tribunal Regional Federal da 1a. Região,"1990-03-19 00:00:00,000","2025-03-31 00:00:00,000",11,Não,31909100,1064962,1098533.5531935792,Não Fundef,35,20 anos ou mais,Pessoal,Acima de R$ 1 milhão e até R$ 10 milhões,MATCH_VALOR_2.7%
12102,TRF - 1a. Região,33201,INSS,2026,1544042120254010000,"Índice de 28,86% Lei 8.622/1993 e 8.627/1993 - Reajuste de Vencimentos - Servidor",1094939,NAO_IDENTIFICADO,PENDENTE,,,0154404-21.2025.4.01.9198,,29979036000140,Entidade sem PRC extraido no TRF1 (CNPJ pode estar incorreto),TRF1,0808234,Tribunal Regional Federal da 1a. Região,"1993-07-26 00:00:00,000","2025-03-31 00:00:00,000",11,Não,31909100,1109311,1144280.5982060605,Não Fundef,31,20 anos ou mais,Pessoal,Acima de R$ 1 milhão e até R$ 10 milhões,MATCH_VALOR_-3.7%
12102,TRF - 1a. Região,33904,F. Regime Geral Prev. Social,2026,6907261720244010000,Averbação/cômputo/conversão de tempo de serviço especial - Tempo de Serviço - Direito,1094914,NAO_IDENTIFICADO,PENDENTE,,,0690726-17.2024.4.01.9198,,,Entidade nao mapeada para extracao TRF1,NAO_TESTADO,0849430,Tribunal Regional Federal da 3a. Região,"2015-01-29 00:00:00,000","2025-03-20 00:00:00,000",12,Não,33909100,1082945,1117083.444069573,Não Fundef,10,De 10 até 15 anos,Previdência,Acima de R$ 1 milhão e até R$ 10 milhões,MATCH_VALOR_1.1%
12102,TRF - 1a. Região,33201,INSS,2026,1550035720254010000,"Índice de 28,86% Lei 8.622/1993 e 8.627/1993 - Reajuste de Vencimentos - Servidor",1094668,NAO_IDENTIFICADO,PENDENTE,,,0155003-57.2025.4.01.9198,,29979036000140,Entidade sem PRC extraido no TRF1 (CNPJ pode estar incorreto),TRF1,0808234,Tribunal Regional Federal da 1a. Região,"1993-07-26 00:00:00,000","2025-03-31 00:00:00,000",11,Não,31909100,1109311,1144280.5982060605,Não Fundef,31,20 anos ou mais,Pessoal,Acima de R$ 1 milhão e até R$ 10 milhões,MATCH_VALOR_-3.7%
12102,TRF - 1a. Região,71103,EFU - Sentenças Judiciais,2026,1364133220254010000,Gratificação Incorporada/Quintos e Décimos/VPNI - Sistema Remuneratório e,1094585,NAO_IDENTIFICADO,PENDENTE,,,0136413-32.2025.4.01.9198,,,UO generica EFU - sem CNPJ especifico para busca,NAO_TESTADO,0809722,Tribunal Regional Federal da 1a. Região,"1990-03-19 00:00:00,000","2025-03-31 00:00:00,000",11,Não,31909100,1064962,1098533.5531935792,Não Fundef,35,20 anos ou mais,Pessoal,Acima de R$ 1 milhão e até R$ 10 milhões,MATCH_VALOR_-2.3%
12102,TRF - 1a. Região,71103,EFU - Sentenças Judiciais,2026,7246147420244010000,Gratificação Incorporada/Quintos e Décimos/VPNI - Sistema Remuneratório e,1093161,NAO_IDENTIFICADO,PENDENTE,,,0724614-74.2024.4.01.9198,,,UO generica EFU - sem CNPJ especifico para busca,NAO_TESTADO,0809722,Tribunal Regional Federal da 1a. Região,"1990-03-19 00:00:00,000","2025-03-31 00:00:00,000",11,Não,31909100,1064962,1098533.5531935792,Não Fundef,35,20 anos ou mais,Pessoal,Acima de R$ 1 milhão e até R$ 10 milhões,MATCH_VALOR_-2.4%
12102,TRF - 1a. Região,71103,EFU - Sentenças Judiciais,2026,1674958120254010000,Anistia Política - Direitos e Garantias Fundamentais,1092759,NAO_IDENTIFICADO,PENDENTE,,,0167495-81.2025.4.01.9198,,,UO generica EFU - sem CNPJ especifico para busca,NAO_TESTADO,0809722,Tribunal Regional Federal da 1a. Região,"1990-03-19 00:00:00,000","2025-03-31 00:00:00,000",11,Não,31909100,1064962,1098533.5531935792,Não Fundef,35,20 anos ou mais,Pessoal,Acima de R$ 1 milhão e até R$ 10 milhões,MATCH_VALOR_2.5%
12102,TRF - 1a. Região,71103,EFU - Sentenças Judiciais,2026,1680751420254010000,Anistia Administrativa - Regime Estatutário - Servidor Público Civil - Administrativo,1092345,NAO_IDENTIFICADO,PENDENTE,,,0168075-14.2025.4.01.9198,,,UO generica EFU - sem CNPJ especifico para busca,NAO_TESTADO,0809722,Tribunal Regional Federal da 1a. Região,"1990-03-19 00:00:00,000","2025-03-31 00:00:00,000",11,Não,31909100,1064962,1098533.5531935792,Não Fundef,35,20 anos ou mais,Pessoal,Acima de R$ 1 milhão e até R$ 10 milhões,MATCH_VALOR_2.5%
12102,TRF - 1a. Região,33201,INSS,2026,1547177920254010000,"Índice de 28,86% Lei 8.622/1993 e 8.627/1993 - Reajuste de Vencimentos - Servidor",1092047,NAO_IDENTIFICADO,PENDENTE,,,0154717-79.2025.4.01.9198,,29979036000140,Entidade sem PRC extraido no TRF1 (CNPJ pode estar incorreto),TRF1,0808234,Tribunal Regional Federal da 1a. Região,"1993-07-26 00:00:00,000","2025-03-31 00:00:00,000",11,Não,31909100,1109311,1144280.5982060605,Não Fundef,31,20 anos ou mais,Pessoal,Acima de R$ 1 milhão e até R$ 10 milhões,MATCH_VALOR_-3.4%
12102,TRF - 1a. Região,71103,EFU - Sentenças Judiciais,2026,1331647320254010000,Indenização por dano moral - Responsabilidade civil - Direito Civil e outras matérias do,1091733,NAO_IDENTIFICADO,PENDENTE,,,0133164-73.2025.4.01.9198,,,UO generica EFU - sem CNPJ especifico para busca,NAO_TESTADO,0809722,Tribunal Regional Federal da 1a. Região,"1990-03-19 00:00:00,000","2025-03-31 00:00:00,000",11,Não,31909100,1064962,1098533.5531935792,Não Fundef,35,20 anos ou mais,Pessoal,Acima de R$ 1 milhão e até R$ 10 milhões,MATCH_VALOR_2.5%
12102,TRF - 1a. Região,33201,INSS,2026,1549585320254010000,"Índice de 28,86% Lei 8.622/1993 e 8.627/1993 - Reajuste de Vencimentos - Servidor",1091728,NAO_IDENTIFICADO,PENDENTE,,,0154958-53.2025.4.01.9198,,29979036000140,Entidade sem PRC extraido no TRF1 (CNPJ pode estar incorreto),TRF1,0808234,Tribunal Regional Federal da 1a. Região,"1993-07-26 00:00:00,000","2025-03-31 00:00:00,000",11,Não,31909100,1109311,1144280.5982060605,Não Fundef,31,20 anos ou mais,Pessoal,Acima de R$ 1 milhão e até R$ 10 milhões,MATCH_VALOR_-3.4%
12102,TRF - 1a. Região,33201,INSS,2026,1550546820254010000,"Índice de 28,86% Lei 8.622/1993 e 8.627/1993 - Reajuste de Vencimentos - Servidor",1091445,NAO_IDENTIFICADO,PENDENTE,,,0155054-68.2025.4.01.9198,,29979036000140,Entidade sem PRC extraido no TRF1 (CNPJ pode estar incorreto),TRF1,0808234,Tribunal Regional Federal da 1a. Região,"1993-07-26 00:00:00,000","2025-03-31 00:00:00,000",11,Não,31909100,1109311,1144280.5982060605,Não Fundef,31,20 anos ou mais,Pessoal,Acima de R$ 1 milhão e até R$ 10 milhões,MATCH_VALOR_-3.4%
12102,TRF - 1a. Região,33904,F. Regime Geral Prev. Social,2026,419457620254019000,Pensão por Morte (Art. 74/9) - Benefícios em Espécie - Direito Previdenciário,1089898,NAO_IDENTIFICADO,PENDENTE,,,0041945-76.2025.4.01.9198,,,Entidade nao mapeada para extracao TRF1,NAO_TESTADO,0849430,Tribunal Regional Federal da 3a. Região,"2015-01-29 00:00:00,000","2025-03-20 00:00:00,000",12,Não,33909100,1082945,1117083.444069573,Não Fundef,10,De 10 até 15 anos,Previdência,Acima de R$ 1 milhão e até R$ 10 milhões,MATCH_VALOR_0.6%
12102,TRF - 1a. Região,33201,INSS,2026,1359733620254010000,Gratificação Incorporada/Quintos e Décimos/VPNI - Sistema Remuneratório e,1089756,NAO_IDENTIFICADO,PENDENTE,,,0135973-36.2025.4.01.9198,,29979036000140,Entidade sem PRC extraido no TRF1 (CNPJ pode estar incorreto),TRF1,0808234,Tribunal Regional Federal da 1a. Região,"1993-07-26 00:00:00,000","2025-03-31 00:00:00,000",11,Não,31909100,1109311,1144280.5982060605,Não Fundef,31,20 anos ou mais,Pessoal,Acima de R$ 1 milhão e até R$ 10 milhões,MATCH_VALOR_1.8%
12102,TRF - 1a. Região,33201,INSS,2026,1543964420254010000,"Índice de 28,86% Lei 8.622/1993 e 8.627/1993 - Reajuste de Vencimentos - Servidor",1089603,NAO_IDENTIFICADO,PENDENTE,,,0154396-44.2025.4.01.9198,,29979036000140,Entidade sem PRC extraido no TRF1 (CNPJ pode estar incorreto),TRF1,0808234,Tribunal Regional Federal da 1a. Região,"1993-07-26 00:00:00,000","2025-03-31 00:00:00,000",11,Não,31909100,1109311,1144280.5982060605,Não Fundef,31,20 anos ou mais,Pessoal,Acima de R$ 1 milhão e até R$ 10 milhões,MATCH_VALOR_-3.2%
12103,TRF - 2a. Região,33904,F. Regime Geral Prev. Social,2026,50055623320244000000,Aposentadoria por Tempo de Serviço (Art. 52/4),1088970,NAO_IDENTIFICADO,PENDENTE,,,5005562-33.2024.4.00.9198,,,Entidade nao mapeada para extracao TRF1,NAO_TESTADO,0849430,Tribunal Regional Federal da 3a. Região,"2015-01-29 00:00:00,000","2025-03-20 00:00:00,000",12,Não,33909100,1082945,1117083.444069573,Não Fundef,10,De 10 até 15 anos,Previdência,Acima de R$ 1 milhão e até R$ 10 milhões,MATCH_VALOR_-4.4%
12102,TRF - 1a. Região,33201,INSS,2026,1547117220254010000,"Índice de 28,86% Lei 8.622/1993 e 8.627/1993 - Reajuste de Vencimentos - Servidor",1088193,NAO_IDENTIFICADO,PENDENTE,,,0154711-72.2025.4.01.9198,,29979036000140,Entidade sem PRC extraido no TRF1 (CNPJ pode estar incorreto),TRF1,0923667,Tribunal Regional Federal da 5a. Região,"1997-05-22 00:00:00,000","2025-04-01 00:00:00,000",11,Não,31909100,1067498,1101149.4973220071,Não Fundef,27,20 anos ou mais,Pessoal,Acima de R$ 1 milhão e até R$ 10 milhões,MATCH_VALOR_-3.1%
12102,TRF - 1a. Região,71103,EFU - Sentenças Judiciais,2026,1010707220254010000,Cofins - Importação - Contribuição Social - Contribuições - Tributário - Direito Tributário,1087828,NAO_IDENTIFICADO,PENDENTE,,,0101070-72.2025.4.01.9198,,,UO generica EFU - sem CNPJ especifico para busca,NAO_TESTADO,0809722,Tribunal Regional Federal da 1a. Região,"1990-03-19 00:00:00,000","2025-03-31 00:00:00,000",11,Não,31909100,1064962,1098533.5531935792,Não Fundef,35,20 anos ou mais,Pessoal,Acima de R$ 1 milhão e até R$ 10 milhões,MATCH_VALOR_2.1%
12102,TRF - 1a. Região,71103,EFU - Sentenças Judiciais,2026,5742829520244010000,FUNDEF/Fundo de Manutenção e Desenvolvimento do Ensino Fundamental e,1087790,NAO_IDENTIFICADO,PENDENTE,,,0574282-95.2024.4.01.9198,,,UO generica EFU - sem CNPJ especifico para busca,NAO_TESTADO,0809722,Tribunal Regional Federal da 1a. Região,"1990-03-19 00:00:00,000","2025-03-31 00:00:00,000",11,Não,31909100,1064962,1098533.5531935792,Não Fundef,35,20 anos ou mais,Pessoal,Acima de R$ 1 milhão e até R$ 10 milhões,MATCH_VALOR_2.1%
12102,TRF - 1a. Região,33201,INSS,2026,1545229420254010000,"Índice de 28,86% Lei 8.622/1993 e 8.627/1993 - Reajuste de Vencimentos - Servidor",1087324,NAO_IDENTIFICADO,PENDENTE,,,0154522-94.2025.4.01.9198,,29979036000140,Entidade sem PRC extraido no TRF1 (CNPJ pode estar incorreto),TRF1,0923667,Tribunal Regional Federal da 5a. Região,"1997-05-22 00:00:00,000","2025-04-01 00:00:00,000",11,Não,31909100,1067498,1101149.4973220071,Não Fundef,27,20 anos ou mais,Pessoal,Acima de R$ 1 milhão e até R$ 10 milhões,MATCH_VALOR_-3.2%
12102,TRF - 1a. Região,33201,INSS,2026,1547800720254010000,"Índice de 28,86% Lei 8.622/1993 e 8.627/1993 - Reajuste de Vencimentos - Servidor",1087259,NAO_IDENTIFICADO,PENDENTE,,,0154780-07.2025.4.01.9198,,29979036000140,Entidade sem PRC extraido no TRF1 (CNPJ pode estar incorreto),TRF1,0923667,Tribunal Regional Federal da 5a. Região,"1997-05-22 00:00:00,000","2025-04-01 00:00:00,000",11,Não,31909100,1067498,1101149.4973220071,Não Fundef,27,20 anos ou mais,Pessoal,Acima de R$ 1 milhão e até R$ 10 milhões,MATCH_VALOR_-3.2%
12102,TRF - 1a. Região,33201,INSS,2026,1549499120254010000,"Índice de 28,86% Lei 8.622/1993 e 8.627/1993 - Reajuste de Vencimentos - Servidor",1086540,NAO_IDENTIFICADO,PENDENTE,,,0154949-91.2025.4.01.9198,,29979036000140,Entidade sem PRC extraido no TRF1 (CNPJ pode estar incorreto),TRF1,0923667,Tribunal Regional Federal da 5a. Região,"1997-05-22 00:00:00,000","2025-04-01 00:00:00,000",11,Não,31909100,1067498,1101149.4973220071,Não Fundef,27,20 anos ou mais,Pessoal,Acima de R$ 1 milhão e até R$ 10 milhões,MATCH_VALOR_-3.2%
12102,TRF - 1a. Região,33201,INSS,2026,1478429320254010000,"Índice de 28,86% Lei 8.622/1993 e 8.627/1993 - Reajuste de Vencimentos - Servidor",1085869,NAO_IDENTIFICADO,PENDENTE,,,0147842-93.2025.4.01.9198,,29979036000140,Entidade sem PRC extraido no TRF1 (CNPJ pode estar incorreto),TRF1,0923667,Tribunal Regional Federal da 5a. Região,"1997-05-22 00:00:00,000","2025-04-01 00:00:00,000",11,Não,31909100,1067498,1101149.4973220071,Não Fundef,27,20 anos ou mais,Pessoal,Acima de R$ 1 milhão e até R$ 10 milhões,MATCH_VALOR_-3.3%
12102,TRF - 1a. Região,71103,EFU - Sentenças Judiciais,2026,1365718720254010000,Honorários Advocatícios em Execução Contra a Fazenda Pública - Sucumbência,1085411,NAO_IDENTIFICADO,PENDENTE,,,0136571-87.2025.4.01.9198,,,UO generica EFU - sem CNPJ especifico para busca,NAO_TESTADO,0809722,Tribunal Regional Federal da 1a. Região,"1990-03-19 00:00:00,000","2025-03-31 00:00:00,000",11,Não,31909100,1064962,1098533.5531935792,Não Fundef,35,20 anos ou mais,Pessoal,Acima de R$ 1 milhão e até R$ 10 milhões,MATCH_VALOR_1.9%
12102,TRF - 1a. Região,33201,INSS,2026,1550079420254010000,"Índice de 28,86% Lei 8.622/1993 e 8.627/1993 - Reajuste de Vencimentos - Servidor",1084823,NAO_IDENTIFICADO,PENDENTE,,,0155007-94.2025.4.01.9198,,29979036000140,Entidade sem PRC extraido no TRF1 (CNPJ pode estar incorreto),TRF1,0923667,Tribunal Regional Federal da 5a. Região,"1997-05-22 00:00:00,000","2025-04-01 00:00:00,000",11,Não,31909100,1067498,1101149.4973220071,Não Fundef,27,20 anos ou mais,Pessoal,Acima de R$ 1 milhão e até R$ 10 milhões,MATCH_VALOR_-3.4%
12102,TRF - 1a. Região,33201,INSS,2026,1552824320254010000,"Índice de 28,86% Lei 8.622/1993 e 8.627/1993 - Reajuste de Vencimentos - Servidor",1084618,NAO_IDENTIFICADO,PENDENTE,,,0155282-43.2025.4.01.9198,,29979036000140,Entidade sem PRC extraido no TRF1 (CNPJ pode estar incorreto),TRF1,0923667,Tribunal Regional Federal da 5a. Região,"1997-05-22 00:00:00,000","2025-04-01 00:00:00,000",11,Não,31909100,1067498,1101149.4973220071,Não Fundef,27,20 anos ou mais,Pessoal,Acima de R$ 1 milhão e até R$ 10 milhões,MATCH_VALOR_-3.4%
12103,TRF - 2a. Região,33904,F. Regime Geral Prev. Social,2026,50107480320254000000,RMI cujo salário-de-benefício supera menor valor teto,1084113,NAO_IDENTIFICADO,PENDENTE,,,5010748-03.2025.4.00.9198,,,Entidade nao mapeada para extracao TRF1,NAO_TESTADO,0849430,Tribunal Regional Federal da 3a. Região,"2015-01-29 00:00:00,000","2025-03-20 00:00:00,000",12,Não,33909100,1082945,1117083.444069573,Não Fundef,10,De 10 até 15 anos,Previdência,Acima de R$ 1 milhão e até R$ 10 milhões,MATCH_VALOR_0.1%
12102,TRF - 1a. Região,71103,EFU - Sentenças Judiciais,2026,1115285120254010000,PIS - Contribuição Social - Contribuições - Direito Tributário,1083782,NAO_IDENTIFICADO,PENDENTE,,,0111528-51.2025.4.01.9198,,,UO generica EFU - sem CNPJ especifico para busca,NAO_TESTADO,0809722,Tribunal Regional Federal da 1a. Região,"1990-03-19 00:00:00,000","2025-03-31 00:00:00,000",11,Não,31909100,1064962,1098533.5531935792,Não Fundef,35,20 anos ou mais,Pessoal,Acima de R$ 1 milhão e até R$ 10 milhões,MATCH_VALOR_1.7%
12102,TRF - 1a. Região,33201,INSS,2026,1545852220254010000,"Índice de 28,86% Lei 8.622/1993 e 8.627/1993 - Reajuste de Vencimentos - Servidor",1083216,NAO_IDENTIFICADO,PENDENTE,,,0154585-22.2025.4.01.9198,,29979036000140,Entidade sem PRC extraido no TRF1 (CNPJ pode estar incorreto),TRF1,0923667,Tribunal Regional Federal da 5a. Região,"1997-05-22 00:00:00,000","2025-04-01 00:00:00,000",11,Não,31909100,1067498,1101149.4973220071,Não Fundef,27,20 anos ou mais,Pessoal,Acima de R$ 1 milhão e até R$ 10 milhões,MATCH_VALOR_-3.5%
12102,TRF - 1a. Região,33201,INSS,2026,1478593220254010000,"Índice de 28,86% Lei 8.622/1993 e 8.627/1993 - Reajuste de Vencimentos - Servidor",1083178,NAO_IDENTIFICADO,PENDENTE,,,0147859-32.2025.4.01.9198,,29979036000140,Entidade sem PRC extraido no TRF1 (CNPJ pode estar incorreto),TRF1,0923667,Tribunal Regional Federal da 5a. Região,"1997-05-22 00:00:00,000","2025-04-01 00:00:00,000",11,Não,31909100,1067498,1101149.4973220071,Não Fundef,27,20 anos ou mais,Pessoal,Acima de R$ 1 milhão e até R$ 10 milhões,MATCH_VALOR_-3.6%
12102,TRF - 1a. Região,33201,INSS,2026,1550997220254010000,"Índice de 28,86% Lei 8.622/1993 e 8.627/1993 - Reajuste de Vencimentos - Servidor",1082948,NAO_IDENTIFICADO,PENDENTE,,,0155099-72.2025.4.01.9198,,29979036000140,Entidade sem PRC extraido no TRF1 (CNPJ pode estar incorreto),TRF1,0923667,Tribunal Regional Federal da 5a. Região,"1997-05-22 00:00:00,000","2025-04-01 00:00:00,000",11,Não,31909100,1067498,1101149.4973220071,Não Fundef,27,20 anos ou mais,Pessoal,Acima de R$ 1 milhão e até R$ 10 milhões,MATCH_VALOR_-3.6%
12102,TRF - 1a. Região,33201,INSS,2026,1543869720254010000,"Índice de 28,86% Lei 8.622/1993 e 8.627/1993 - Reajuste de Vencimentos - Servidor",1082780,NAO_IDENTIFICADO,PENDENTE,,,0154386-97.2025.4.01.9198,,29979036000140,Entidade sem PRC extraido no TRF1 (CNPJ pode estar incorreto),TRF1,0923667,Tribunal Regional Federal da 5a. Região,"1997-05-22 00:00:00,000","2025-04-01 00:00:00,000",11,Não,31909100,1067498,1101149.4973220071,Não Fundef,27,20 anos ou mais,Pessoal,Acima de R$ 1 milhão e até R$ 10 milhões,MATCH_VALOR_-3.6%
12102,TRF - 1a. Região,71103,EFU - Sentenças Judiciais,2026,1463246820254010000,"Índice de 28,86% Lei 8.622/1993 e 8.627/1993 - Reajuste de Vencimentos - Servidor",1082145,NAO_IDENTIFICADO,PENDENTE,,,0146324-68.2025.4.01.9198,,,UO generica EFU - sem CNPJ especifico para busca,NAO_TESTADO,0809722,Tribunal Regional Federal da 1a. Região,"1990-03-19 00:00:00,000","2025-03-31 00:00:00,000",11,Não,31909100,1064962,1098533.5531935792,Não Fundef,35,20 anos ou mais,Pessoal,Acima de R$ 1 milhão e até R$ 10 milhões,MATCH_VALOR_1.6%
12102,TRF - 1a. Região,44207,Instituto Chico Mendes,2026,7667083720244010000,Desapropriação - Intervenção na Propriedade - Administrativo,1081896,NAO_IDENTIFICADO,PENDENTE,,,0766708-37.2024.4.01.9198,,08829974000194,CNJ candidato nao encontrado na consulta publica TRF1 - possivel delay de sincronizacao,TRF1,,,,,,,,,,,,,,,SEM_MATCH_VALOR_5_cand
12103,TRF - 2a. Região,26245,UFRJ,2026,50105843820254000000,"Reajustes de Remuneração, Proventos ou Pensão",1081651,NAO_IDENTIFICADO,PENDENTE,,,5010584-38.2025.4.00.9198,,,Entidade nao mapeada para extracao TRF1,NAO_TESTADO,,,,,,,,,,,,,,,SEM_MATCH_VALOR_18_cand
12102,TRF - 1a. Região,33201,INSS,2026,1543981420254010000,"Índice de 28,86% Lei 8.622/1993 e 8.627/1993 - Reajuste de Vencimentos - Servidor",1081097,NAO_IDENTIFICADO,PENDENTE,,,0154398-14.2025.4.01.9198,,29979036000140,Entidade sem PRC extraido no TRF1 (CNPJ pode estar incorreto),TRF1,0923667,Tribunal Regional Federal da 5a. Região,"1997-05-22 00:00:00,000","2025-04-01 00:00:00,000",11,Não,31909100,1067498,1101149.4973220071,Não Fundef,27,20 anos ou mais,Pessoal,Acima de R$ 1 milhão e até R$ 10 milhões,MATCH_VALOR_-3.7%
12102,TRF - 1a. Região,33904,F. Regime Geral Prev. Social,2026,6125640820244010000,Averbação/cômputo de tempo de serviço urbano - Tempo de Serviço - Direito,1080539,NAO_IDENTIFICADO,PENDENTE,,,0612564-08.2024.4.01.9198,,,Entidade nao mapeada para extracao TRF1,NAO_TESTADO,0849430,Tribunal Regional Federal da 3a. Região,"2015-01-29 00:00:00,000","2025-03-20 00:00:00,000",12,Não,33909100,1082945,1117083.444069573,Não Fundef,10,De 10 até 15 anos,Previdência,Acima de R$ 1 milhão e até R$ 10 milhões,MATCH_VALOR_0.2%
12102,TRF - 1a. Região,33201,INSS,2026,1553413120254010000,"Índice de 28,86% Lei 8.622/1993 e 8.627/1993 - Reajuste de Vencimentos - Servidor",1080505,NAO_IDENTIFICADO,PENDENTE,,,0155341-31.2025.4.01.9198,,29979036000140,Entidade sem PRC extraido no TRF1 (CNPJ pode estar incorreto),TRF1,0923667,Tribunal Regional Federal da 5a. Região,"1997-05-22 00:00:00,000","2025-04-01 00:00:00,000",11,Não,31909100,1067498,1101149.4973220071,Não Fundef,27,20 anos ou mais,Pessoal,Acima de R$ 1 milhão e até R$ 10 milhões,MATCH_VALOR_-3.8%
12102,TRF - 1a. Região,33201,INSS,2026,1478385620254010000,"Índice de 28,86% Lei 8.622/1993 e 8.627/1993 - Reajuste de Vencimentos - Servidor",1080001,NAO_IDENTIFICADO,PENDENTE,,,0147838-56.2025.4.01.9198,,29979036000140,Entidade sem PRC extraido no TRF1 (CNPJ pode estar incorreto),TRF1,0923667,Tribunal Regional Federal da 5a. Região,"1997-05-22 00:00:00,000","2025-04-01 00:00:00,000",11,Não,31909100,1067498,1101149.4973220071,Não Fundef,27,20 anos ou mais,Pessoal,Acima de R$ 1 milhão e até R$ 10 milhões,MATCH_VALOR_-3.8%
12102,TRF - 1a. Região,36211,FUNASA,2026,1672645420254010000,CONCESSÃO - PENSÃO - SERVIDOR PÚBLICO CIVIL - ADMINISTRATIVO,1079851,NAO_IDENTIFICADO,PENDENTE,,,0167264-54.2025.4.01.9198,,,Entidade nao mapeada para extracao TRF1,NAO_TESTADO,,,,,,,,,,,,,,,SEM_MATCH_VALOR_23_cand
12102,TRF - 1a. Região,33201,INSS,2026,1553205520254010000,"Índice de 28,86% Lei 8.622/1993 e 8.627/1993 - Reajuste de Vencimentos - Servidor",1078944,NAO_IDENTIFICADO,PENDENTE,,,0155320-55.2025.4.01.9198,,29979036000140,Entidade sem PRC extraido no TRF1 (CNPJ pode estar incorreto),TRF1,0923667,Tribunal Regional Federal da 5a. Região,"1997-05-22 00:00:00,000","2025-04-01 00:00:00,000",11,Não,31909100,1067498,1101149.4973220071,Não Fundef,27,20 anos ou mais,Pessoal,Acima de R$ 1 milhão e até R$ 10 milhões,MATCH_VALOR_-3.9%
12102,TRF - 1a. Região,33201,INSS,2026,1550858820254010000,"Índice de 28,86% Lei 8.622/1993 e 8.627/1993 - Reajuste de Vencimentos - Servidor",1078666,NAO_IDENTIFICADO,PENDENTE,,,0155085-88.2025.4.01.9198,,29979036000140,Entidade sem PRC extraido no TRF1 (CNPJ pode estar incorreto),TRF1,0923667,Tribunal Regional Federal da 5a. Região,"1997-05-22 00:00:00,000","2025-04-01 00:00:00,000",11,Não,31909100,1067498,1101149.4973220071,Não Fundef,27,20 anos ou mais,Pessoal,Acima de R$ 1 milhão e até R$ 10 milhões,MATCH_VALOR_-4.0%
12102,TRF - 1a. Região,33201,INSS,2026,1551187820254010000,"Índice de 28,86% Lei 8.622/1993 e 8.627/1993 - Reajuste de Vencimentos - Servidor",1077483,NAO_IDENTIFICADO,PENDENTE,,,0155118-78.2025.4.01.9198,,29979036000140,Entidade sem PRC extraido no TRF1 (CNPJ pode estar incorreto),TRF1,0923667,Tribunal Regional Federal da 5a. Região,"1997-05-22 00:00:00,000","2025-04-01 00:00:00,000",11,Não,31909100,1067498,1101149.4973220071,Não Fundef,27,20 anos ou mais,Pessoal,Acima de R$ 1 milhão e até R$ 10 milhões,MATCH_VALOR_-4.1%
12102,TRF - 1a. Região,33201,INSS,2026,1547134220254010000,"Índice de 28,86% Lei 8.622/1993 e 8.627/1993 - Reajuste de Vencimentos - Servidor",1076963,NAO_IDENTIFICADO,PENDENTE,,,0154713-42.2025.4.01.9198,,29979036000140,Entidade sem PRC extraido no TRF1 (CNPJ pode estar incorreto),TRF1,0923667,Tribunal Regional Federal da 5a. Região,"1997-05-22 00:00:00,000","2025-04-01 00:00:00,000",11,Não,31909100,1067498,1101149.4973220071,Não Fundef,27,20 anos ou mais,Pessoal,Acima de R$ 1 milhão e até R$ 10 milhões,MATCH_VALOR_-4.1%
12102,TRF - 1a. Região,71103,EFU - Sentenças Judiciais,2026,1463238320254010000,"Índice de 28,86% Lei 8.622/1993 e 8.627/1993 - Reajuste de Vencimentos - Servidor",1076888,NAO_IDENTIFICADO,PENDENTE,,,0146323-83.2025.4.01.9198,,,UO generica EFU - sem CNPJ especifico para busca,NAO_TESTADO,0809722,Tribunal Regional Federal da 1a. Região,"1990-03-19 00:00:00,000","2025-03-31 00:00:00,000",11,Não,31909100,1064962,1098533.5531935792,Não Fundef,35,20 anos ou mais,Pessoal,Acima de R$ 1 milhão e até R$ 10 milhões,MATCH_VALOR_1.1%
11101,Superior Tribunal de Justiça,52101,M. da Defesa,2025,13360,Administrativo - Militar - Regime - Anistia Política,1076672,NAO_IDENTIFICADO,PENDENTE,,,,,,Entidade nao mapeada para extracao TRF1,NAO_TESTADO,,,,,,,,,,,,,,,SEM_UO_NO_SIOP
12102,TRF - 1a. Região,71103,EFU - Sentenças Judiciais,2026,1660079120254010000,Gratificações de Atividade - Sistema Remuneratório - Servidor Público Civil,1076250,NAO_IDENTIFICADO,PENDENTE,,,0166007-91.2025.4.01.9198,,,UO generica EFU - sem CNPJ especifico para busca,NAO_TESTADO,0809722,Tribunal Regional Federal da 1a. Região,"1990-03-19 00:00:00,000","2025-03-31 00:00:00,000",11,Não,31909100,1064962,1098533.5531935792,Não Fundef,35,20 anos ou mais,Pessoal,Acima de R$ 1 milhão e até R$ 10 milhões,MATCH_VALOR_1.0%
12102,TRF - 1a. Região,33201,INSS,2026,1544068820254010000,"Índice de 28,86% Lei 8.622/1993 e 8.627/1993 - Reajuste de Vencimentos - Servidor",1076105,NAO_IDENTIFICADO,PENDENTE,,,0154406-88.2025.4.01.9198,,29979036000140,Entidade sem PRC extraido no TRF1 (CNPJ pode estar incorreto),TRF1,0923667,Tribunal Regional Federal da 5a. Região,"1997-05-22 00:00:00,000","2025-04-01 00:00:00,000",11,Não,31909100,1067498,1101149.4973220071,Não Fundef,27,20 anos ou mais,Pessoal,Acima de R$ 1 milhão e até R$ 10 milhões,MATCH_VALOR_-4.2%
12102,TRF - 1a. Região,33201,INSS,2026,1478411120254010000,"Índice de 28,86% Lei 8.622/1993 e 8.627/1993 - Reajuste de Vencimentos - Servidor",1075832,NAO_IDENTIFICADO,PENDENTE,,,0147841-11.2025.4.01.9198,,29979036000140,Entidade sem PRC extraido no TRF1 (CNPJ pode estar incorreto),TRF1,0923667,Tribunal Regional Federal da 5a. Região,"1997-05-22 00:00:00,000","2025-04-01 00:00:00,000",11,Não,31909100,1067498,1101149.4973220071,Não Fundef,27,20 anos ou mais,Pessoal,Acima de R$ 1 milhão e até R$ 10 milhões,MATCH_VALOR_-4.2%
12103,TRF - 2a. Região,33904,F. Regime Geral Prev. Social,2026,50090733920244000000,RMI - Renda Mensal Inicial,1075700,NAO_IDENTIFICADO,PENDENTE,,,5009073-39.2024.4.00.9198,,,Entidade nao mapeada para extracao TRF1,NAO_TESTADO,0849430,Tribunal Regional Federal da 3a. Região,"2015-01-29 00:00:00,000","2025-03-20 00:00:00,000",12,Não,33909100,1082945,1117083.444069573,Não Fundef,10,De 10 até 15 anos,Previdência,Acima de R$ 1 milhão e até R$ 10 milhões,MATCH_VALOR_0.7%
12102,TRF - 1a. Região,33201,INSS,2026,1550607520254010000,"Índice de 28,86% Lei 8.622/1993 e 8.627/1993 - Reajuste de Vencimentos - Servidor",1075571,NAO_IDENTIFICADO,PENDENTE,,,0155060-75.2025.4.01.9198,,29979036000140,Entidade sem PRC extraido no TRF1 (CNPJ pode estar incorreto),TRF1,0923667,Tribunal Regional Federal da 5a. Região,"1997-05-22 00:00:00,000","2025-04-01 00:00:00,000",11,Não,31909100,1067498,1101149.4973220071,Não Fundef,27,20 anos ou mais,Pessoal,Acima de R$ 1 milhão e até R$ 10 milhões,MATCH_VALOR_-4.2%
12102,TRF - 1a. Região,33201,INSS,2026,1548554620254010000,"Índice de 28,86% Lei 8.622/1993 e 8.627/1993 - Reajuste de Vencimentos - Servidor",1075517,NAO_IDENTIFICADO,PENDENTE,,,0154855-46.2025.4.01.9198,,29979036000140,Entidade sem PRC extraido no TRF1 (CNPJ pode estar incorreto),TRF1,0923667,Tribunal Regional Federal da 5a. Região,"1997-05-22 00:00:00,000","2025-04-01 00:00:00,000",11,Não,31909100,1067498,1101149.4973220071,Não Fundef,27,20 anos ou mais,Pessoal,Acima de R$ 1 milhão e até R$ 10 milhões,MATCH_VALOR_-4.3%
12102,TRF - 1a. Região,33201,INSS,2026,1478333420254010000,"Índice de 28,86% Lei 8.622/1993 e 8.627/1993 - Reajuste de Vencimentos - Servidor",1075414,NAO_IDENTIFICADO,PENDENTE,,,0147833-34.2025.4.01.9198,,29979036000140,Entidade sem PRC extraido no TRF1 (CNPJ pode estar incorreto),TRF1,0923667,Tribunal Regional Federal da 5a. Região,"1997-05-22 00:00:00,000","2025-04-01 00:00:00,000",11,Não,31909100,1067498,1101149.4973220071,Não Fundef,27,20 anos ou mais,Pessoal,Acima de R$ 1 milhão e até R$ 10 milhões,MATCH_VALOR_-4.3%
12102,TRF - 1a. Região,33201,INSS,2026,1478532520254010000,"Índice de 28,86% Lei 8.622/1993 e 8.627/1993 - Reajuste de Vencimentos - Servidor",1074510,NAO_IDENTIFICADO,PENDENTE,,,0147853-25.2025.4.01.9198,,29979036000140,Entidade sem PRC extraido no TRF1 (CNPJ pode estar incorreto),TRF1,0923667,Tribunal Regional Federal da 5a. Região,"1997-05-22 00:00:00,000","2025-04-01 00:00:00,000",11,Não,31909100,1067498,1101149.4973220071,Não Fundef,27,20 anos ou mais,Pessoal,Acima de R$ 1 milhão e até R$ 10 milhões,MATCH_VALOR_-4.3%
11101,Superior Tribunal de Justiça,25101,M. da Fazenda,2024,12335,Administrativo - Militar - Pensão,1073772,NAO_IDENTIFICADO,PENDENTE,,,,,,Entidade nao mapeada para extracao TRF1,NAO_TESTADO,,,,,,,,,,,,,,,SEM_UO_NO_SIOP
12102,TRF - 1a. Região,33904,F. Regime Geral Prev. Social,2026,2899343120244010000,Auxílio-Doença Previdenciário - Benefícios em Espécie - Direito Previdenciário,1073224,NAO_IDENTIFICADO,PENDENTE,,,0289934-31.2024.4.01.9198,,,Entidade nao mapeada para extracao TRF1,NAO_TESTADO,0849430,Tribunal Regional Federal da 3a. Região,"2015-01-29 00:00:00,000","2025-03-20 00:00:00,000",12,Não,33909100,1082945,1117083.444069573,Não Fundef,10,De 10 até 15 anos,Previdência,Acima de R$ 1 milhão e até R$ 10 milhões,MATCH_VALOR_0.9%
12102,TRF - 1a. Região,33904,F. Regime Geral Prev. Social,2026,711262520254019000,Restabelecimento - Pedidos Genéricos relativos aos Benefícios em Espécie - Direito,1073140,NAO_IDENTIFICADO,PENDENTE,,,0071126-25.2025.4.01.9198,,,Entidade nao mapeada para extracao TRF1,NAO_TESTADO,0849430,Tribunal Regional Federal da 3a. Região,"2015-01-29 00:00:00,000","2025-03-20 00:00:00,000",12,Não,33909100,1082945,1117083.444069573,Não Fundef,10,De 10 até 15 anos,Previdência,Acima de R$ 1 milhão e até R$ 10 milhões,MATCH_VALOR_0.9%
12102,TRF - 1a. Região,83201,EGPA,2026,1326104120254010000,Gratificação Incorporada/Quintos e Décimos/VPNI - Sistema Remuneratório e,1072412,NAO_IDENTIFICADO,PENDENTE,,,0132610-41.2025.4.01.9198,,,Entidade nao mapeada para extracao TRF1,NAO_TESTADO,,,,,,,,,,,,,,,SEM_MATCH_VALOR_10_cand
12102,TRF - 1a. Região,33904,F. Regime Geral Prev. Social,2026,4169073120244010000,RMI pela equivalência entre Salário-de-Benefício e Salário-de-Contribuição - Renda,1071999,NAO_IDENTIFICADO,PENDENTE,,,0416907-31.2024.4.01.9198,,,Entidade nao mapeada para extracao TRF1,NAO_TESTADO,0849430,Tribunal Regional Federal da 3a. Região,"2015-01-29 00:00:00,000","2025-03-20 00:00:00,000",12,Não,33909100,1082945,1117083.444069573,Não Fundef,10,De 10 até 15 anos,Previdência,Acima de R$ 1 milhão e até R$ 10 milhões,MATCH_VALOR_1.0%
12102,TRF - 1a. Região,71103,EFU - Sentenças Judiciais,2026,129228520254019000,Gratificação Incorporada/Quintos e Décimos/VPNI - Sistema Remuneratório e,1071897,NAO_IDENTIFICADO,PENDENTE,,,0012922-85.2025.4.01.9198,,,UO generica EFU - sem CNPJ especifico para busca,NAO_TESTADO,0809722,Tribunal Regional Federal da 1a. Região,"1990-03-19 00:00:00,000","2025-03-31 00:00:00,000",11,Não,31909100,1064962,1098533.5531935792,Não Fundef,35,20 anos ou mais,Pessoal,Acima de R$ 1 milhão e até R$ 10 milhões,MATCH_VALOR_-4.4%
12103,TRF - 2a. Região,33904,F. Regime Geral Prev. Social,2026,50113396220254000000,RMI - Renda Mensal Inicial,1071376,NAO_IDENTIFICADO,PENDENTE,,,5011339-62.2025.4.00.9198,,,Entidade nao mapeada para extracao TRF1,NAO_TESTADO,0849430,Tribunal Regional Federal da 3a. Região,"2015-01-29 00:00:00,000","2025-03-20 00:00:00,000",12,Não,33909100,1082945,1117083.444069573,Não Fundef,10,De 10 até 15 anos,Previdência,Acima de R$ 1 milhão e até R$ 10 milhões,MATCH_VALOR_1.1%
12102,TRF - 1a. Região,33201,INSS,2026,1478402620254010000,"Índice de 28,86% Lei 8.622/1993 e 8.627/1993 - Reajuste de Vencimentos - Servidor",1071272,NAO_IDENTIFICADO,PENDENTE,,,0147840-26.2025.4.01.9198,,29979036000140,Entidade sem PRC extraido no TRF1 (CNPJ pode estar incorreto),TRF1,0923667,Tribunal Regional Federal da 5a. Região,"1997-05-22 00:00:00,000","2025-04-01 00:00:00,000",11,Não,31909100,1067498,1101149.4973220071,Não Fundef,27,20 anos ou mais,Pessoal,Acima de R$ 1 milhão e até R$ 10 milhões,MATCH_VALOR_-4.6%
12102,TRF - 1a. Região,71103,EFU - Sentenças Judiciais,2026,1670627720254010000,FUNDEF/Fundo de Manutenção e Desenvolvimento do Ensino Fundamental e,1071193,NAO_IDENTIFICADO,PENDENTE,,,0167062-77.2025.4.01.9198,,,UO generica EFU - sem CNPJ especifico para busca,NAO_TESTADO,0809722,Tribunal Regional Federal da 1a. Região,"1990-03-19 00:00:00,000","2025-03-31 00:00:00,000",11,Não,31909100,1064962,1098533.5531935792,Não Fundef,35,20 anos ou mais,Pessoal,Acima de R$ 1 milhão e até R$ 10 milhões,MATCH_VALOR_0.6%
12102,TRF - 1a. Região,71103,EFU - Sentenças Judiciais,2026,820474320254019000,Isonomia - Sistema Remuneratório - Servidor Público Militar - Administrativo,1071113,NAO_IDENTIFICADO,PENDENTE,,,0082047-43.2025.4.01.9198,,,UO generica EFU - sem CNPJ especifico para busca,NAO_TESTADO,0809722,Tribunal Regional Federal da 1a. Região,"1990-03-19 00:00:00,000","2025-03-31 00:00:00,000",11,Não,31909100,1064962,1098533.5531935792,Não Fundef,35,20 anos ou mais,Pessoal,Acima de R$ 1 milhão e até R$ 10 milhões,MATCH_VALOR_0.6%
12102,TRF - 1a. Região,33201,INSS,2026,1545324120254010000,"Índice de 28,86% Lei 8.622/1993 e 8.627/1993 - Reajuste de Vencimentos - Servidor",1070684,NAO_IDENTIFICADO,PENDENTE,,,0154532-41.2025.4.01.9198,,29979036000140,Entidade sem PRC extraido no TRF1 (CNPJ pode estar incorreto),TRF1,0923667,Tribunal Regional Federal da 5a. Região,"1997-05-22 00:00:00,000","2025-04-01 00:00:00,000",11,Não,31909100,1067498,1101149.4973220071,Não Fundef,27,20 anos ou mais,Pessoal,Acima de R$ 1 milhão e até R$ 10 milhões,MATCH_VALOR_-4.7%
12102,TRF - 1a. Região,33201,INSS,2026,1478341920254010000,"Índice de 28,86% Lei 8.622/1993 e 8.627/1993 - Reajuste de Vencimentos - Servidor",1070668,NAO_IDENTIFICADO,PENDENTE,,,0147834-19.2025.4.01.9198,,29979036000140,Entidade sem PRC extraido no TRF1 (CNPJ pode estar incorreto),TRF1,0923667,Tribunal Regional Federal da 5a. Região,"1997-05-22 00:00:00,000","2025-04-01 00:00:00,000",11,Não,31909100,1067498,1101149.4973220071,Não Fundef,27,20 anos ou mais,Pessoal,Acima de R$ 1 milhão e até R$ 10 milhões,MATCH_VALOR_-4.7%
12102,TRF - 1a. Região,33201,INSS,2026,1548996520254010000,"Índice de 28,86% Lei 8.622/1993 e 8.627/1993 - Reajuste de Vencimentos - Servidor",1069916,NAO_IDENTIFICADO,PENDENTE,,,0154899-65.2025.4.01.9198,,29979036000140,Entidade sem PRC extraido no TRF1 (CNPJ pode estar incorreto),TRF1,0923667,Tribunal Regional Federal da 5a. Região,"1997-05-22 00:00:00,000","2025-04-01 00:00:00,000",11,Não,31909100,1067498,1101149.4973220071,Não Fundef,27,20 anos ou mais,Pessoal,Acima de R$ 1 milhão e até R$ 10 milhões,MATCH_VALOR_-4.8%
12102,TRF - 1a. Região,33201,INSS,2026,1553404620254010000,"Índice de 28,86% Lei 8.622/1993 e 8.627/1993 - Reajuste de Vencimentos - Servidor",1069353,NAO_IDENTIFICADO,PENDENTE,,,0155340-46.2025.4.01.9198,,29979036000140,Entidade sem PRC extraido no TRF1 (CNPJ pode estar incorreto),TRF1,0923667,Tribunal Regional Federal da 5a. Região,"1997-05-22 00:00:00,000","2025-04-01 00:00:00,000",11,Não,31909100,1067498,1101149.4973220071,Não Fundef,27,20 anos ou mais,Pessoal,Acima de R$ 1 milhão e até R$ 10 milhões,MATCH_VALOR_-4.8%
12102,TRF - 1a. Região,33201,INSS,2026,1553509020254010000,"Índice de 28,86% Lei 8.622/1993 e 8.627/1993 - Reajuste de Vencimentos - Servidor",1069166,NAO_IDENTIFICADO,PENDENTE,,,0155350-90.2025.4.01.9198,,29979036000140,Entidade sem PRC extraido no TRF1 (CNPJ pode estar incorreto),TRF1,0923667,Tribunal Regional Federal da 5a. Região,"1997-05-22 00:00:00,000","2025-04-01 00:00:00,000",11,Não,31909100,1067498,1101149.4973220071,Não Fundef,27,20 anos ou mais,Pessoal,Acima de R$ 1 milhão e até R$ 10 milhões,MATCH_VALOR_-4.8%
12102,TRF - 1a. Região,33201,INSS,2026,1550988720254010000,"Índice de 28,86% Lei 8.622/1993 e 8.627/1993 - Reajuste de Vencimentos - Servidor",1069067,NAO_IDENTIFICADO,PENDENTE,,,0155098-87.2025.4.01.9198,,29979036000140,Entidade sem PRC extraido no TRF1 (CNPJ pode estar incorreto),TRF1,0923667,Tribunal Regional Federal da 5a. Região,"1997-05-22 00:00:00,000","2025-04-01 00:00:00,000",11,Não,31909100,1067498,1101149.4973220071,Não Fundef,27,20 anos ou mais,Pessoal,Acima de R$ 1 milhão e até R$ 10 milhões,MATCH_VALOR_-4.9%
12102,TRF - 1a. Região,33201,INSS,2026,1548563120254010000,"Índice de 28,86% Lei 8.622/1993 e 8.627/1993 - Reajuste de Vencimentos - Servidor",1068652,NAO_IDENTIFICADO,PENDENTE,,,0154856-31.2025.4.01.9198,,29979036000140,Entidade sem PRC extraido no TRF1 (CNPJ pode estar incorreto),TRF1,0923667,Tribunal Regional Federal da 5a. Região,"1997-05-22 00:00:00,000","2025-04-01 00:00:00,000",11,Não,31909100,1067498,1101149.4973220071,Não Fundef,27,20 anos ou mais,Pessoal,Acima de R$ 1 milhão e até R$ 10 milhões,MATCH_VALOR_-4.9%
12102,TRF - 1a. Região,33201,INSS,2026,1548589820254010000,"Índice de 28,86% Lei 8.622/1993 e 8.627/1993 - Reajuste de Vencimentos - Servidor",1068529,NAO_IDENTIFICADO,PENDENTE,,,0154858-98.2025.4.01.9198,,29979036000140,Entidade sem PRC extraido no TRF1 (CNPJ pode estar incorreto),TRF1,0923667,Tribunal Regional Federal da 5a. Região,"1997-05-22 00:00:00,000","2025-04-01 00:00:00,000",11,Não,31909100,1067498,1101149.4973220071,Não Fundef,27,20 anos ou mais,Pessoal,Acima de R$ 1 milhão e até R$ 10 milhões,MATCH_VALOR_-4.9%
12102,TRF - 1a. Região,33201,INSS,2026,1547108720254010000,"Índice de 28,86% Lei 8.622/1993 e 8.627/1993 - Reajuste de Vencimentos - Servidor",1068244,NAO_IDENTIFICADO,PENDENTE,,,0154710-87.2025.4.01.9198,,29979036000140,Entidade sem PRC extraido no TRF1 (CNPJ pode estar incorreto),TRF1,0923667,Tribunal Regional Federal da 5a. Região,"1997-05-22 00:00:00,000","2025-04-01 00:00:00,000",11,Não,31909100,1067498,1101149.4973220071,Não Fundef,27,20 anos ou mais,Pessoal,Acima de R$ 1 milhão e até R$ 10 milhões,MATCH_VALOR_-4.9%
12102,TRF - 1a. Região,33201,INSS,2026,1543920720254010000,"Índice de 28,86% Lei 8.622/1993 e 8.627/1993 - Reajuste de Vencimentos - Servidor",1067908,NAO_IDENTIFICADO,PENDENTE,,,0154392-07.2025.4.01.9198,,29979036000140,Entidade sem PRC extraido no TRF1 (CNPJ pode estar incorreto),TRF1,0923667,Tribunal Regional Federal da 5a. Região,"1997-05-22 00:00:00,000","2025-04-01 00:00:00,000",11,Não,31909100,1067498,1101149.4973220071,Não Fundef,27,20 anos ou mais,Pessoal,Acima de R$ 1 milhão e até R$ 10 milhões,MATCH_VALOR_-5.0%
12102,TRF - 1a. Região,33201,INSS,2026,1551958720254010000,"Índice de 28,86% Lei 8.622/1993 e 8.627/1993 - Reajuste de Vencimentos - Servidor",1067431,NAO_IDENTIFICADO,PENDENTE,,,0155195-87.2025.4.01.9198,,29979036000140,Entidade sem PRC extraido no TRF1 (CNPJ pode estar incorreto),TRF1,0923667,Tribunal Regional Federal da 5a. Região,"1997-05-22 00:00:00,000","2025-04-01 00:00:00,000",11,Não,31909100,1067498,1101149.4973220071,Não Fundef,27,20 anos ou mais,Pessoal,Acima de R$ 1 milhão e até R$ 10 milhões,MATCH_VALOR_-5.0%
12102,TRF - 1a. Região,33201,INSS,2026,1543999620254010000,"Índice de 28,86% Lei 8.622/1993 e 8.627/1993 - Reajuste de Vencimentos - Servidor",1066397,NAO_IDENTIFICADO,PENDENTE,,,0154399-96.2025.4.01.9198,,29979036000140,Entidade sem PRC extraido no TRF1 (CNPJ pode estar incorreto),TRF1,0923667,Tribunal Regional Federal da 5a. Região,"1997-05-22 00:00:00,000","2025-04-01 00:00:00,000",11,Não,31909100,1067498,1101149.4973220071,Não Fundef,27,20 anos ou mais,Pessoal,Acima de R$ 1 milhão e até R$ 10 milhões,MATCH_VALOR_-4.9%
12102,TRF - 1a. Região,33201,INSS,2026,1547125720254010000,"Índice de 28,86% Lei 8.622/1993 e 8.627/1993 - Reajuste de Vencimentos - Servidor",1065985,NAO_IDENTIFICADO,PENDENTE,,,0154712-57.2025.4.01.9198,,29979036000140,Entidade sem PRC extraido no TRF1 (CNPJ pode estar incorreto),TRF1,0923667,Tribunal Regional Federal da 5a. Região,"1997-05-22 00:00:00,000","2025-04-01 00:00:00,000",11,Não,31909100,1067498,1101149.4973220071,Não Fundef,27,20 anos ou mais,Pessoal,Acima de R$ 1 milhão e até R$ 10 milhões,MATCH_VALOR_-4.9%
12102,TRF - 1a. Região,33201,INSS,2026,1548095720254010000,"Índice de 28,86% Lei 8.622/1993 e 8.627/1993 - Reajuste de Vencimentos - Servidor",1065826,NAO_IDENTIFICADO,PENDENTE,,,0154809-57.2025.4.01.9198,,29979036000140,Entidade sem PRC extraido no TRF1 (CNPJ pode estar incorreto),TRF1,0923667,Tribunal Regional Federal da 5a. Região,"1997-05-22 00:00:00,000","2025-04-01 00:00:00,000",11,Não,31909100,1067498,1101149.4973220071,Não Fundef,27,20 anos ou mais,Pessoal,Acima de R$ 1 milhão e até R$ 10 milhões,MATCH_VALOR_-4.8%
12102,TRF - 1a. Região,33904,F. Regime Geral Prev. Social,2026,1666850920254010000,Aposentadoria Especial (Art. 57/8) - Benefícios em Espécie - Direito Previdenciário,1065797,NAO_IDENTIFICADO,PENDENTE,,,0166685-09.2025.4.01.9198,,,Entidade nao mapeada para extracao TRF1,NAO_TESTADO,0862136,Tribunal Regional Federal da 3a. Região,"2019-03-14 00:00:00,000","2024-06-12 00:00:00,000",12,Não,33909100,1058138,1091494.4353968946,Não Fundef,5,De 5 até 10 anos,Previdência,Acima de R$ 1 milhão e até R$ 10 milhões,MATCH_VALOR_-4.3%
12102,TRF - 1a. Região,33201,INSS,2026,1547048020254010000,"Índice de 28,86% Lei 8.622/1993 e 8.627/1993 - Reajuste de Vencimentos - Servidor",1065716,NAO_IDENTIFICADO,PENDENTE,,,0154704-80.2025.4.01.9198,,29979036000140,Entidade sem PRC extraido no TRF1 (CNPJ pode estar incorreto),TRF1,0923667,Tribunal Regional Federal da 5a. Região,"1997-05-22 00:00:00,000","2025-04-01 00:00:00,000",11,Não,31909100,1067498,1101149.4973220071,Não Fundef,27,20 anos ou mais,Pessoal,Acima de R$ 1 milhão e até R$ 10 milhões,MATCH_VALOR_-4.8%
12103,TRF - 2a. Região,33904,F. Regime Geral Prev. Social,2026,50099308520244000000,Reajustes e Revisões Específicos,1065473,NAO_IDENTIFICADO,PENDENTE,,,5009930-85.2024.4.00.9198,,,Entidade nao mapeada para extracao TRF1,NAO_TESTADO,0862136,Tribunal Regional Federal da 3a. Região,"2019-03-14 00:00:00,000","2024-06-12 00:00:00,000",12,Não,33909100,1058138,1091494.4353968946,Não Fundef,5,De 5 até 10 anos,Previdência,Acima de R$ 1 milhão e até R$ 10 milhões,MATCH_VALOR_0.7%
12102,TRF - 1a. Região,33201,INSS,2026,1544077320254010000,"Índice de 28,86% Lei 8.622/1993 e 8.627/1993 - Reajuste de Vencimentos - Servidor",1065361,NAO_IDENTIFICADO,PENDENTE,,,0154407-73.2025.4.01.9198,,29979036000140,Entidade sem PRC extraido no TRF1 (CNPJ pode estar incorreto),TRF1,0923667,Tribunal Regional Federal da 5a. Região,"1997-05-22 00:00:00,000","2025-04-01 00:00:00,000",11,Não,31909100,1067498,1101149.4973220071,Não Fundef,27,20 anos ou mais,Pessoal,Acima de R$ 1 milhão e até R$ 10 milhões,MATCH_VALOR_-4.8%
12102,TRF - 1a. Região,71103,EFU - Sentenças Judiciais,2026,1647356220254010000,Gratificação Incorporada/Quintos e Décimos/VPNI - Sistema Remuneratório e,1064962,NAO_IDENTIFICADO,PENDENTE,,,0164735-62.2025.4.01.9198,,,UO generica EFU - sem CNPJ especifico para busca,NAO_TESTADO,0809722,Tribunal Regional Federal da 1a. Região,"1990-03-19 00:00:00,000","2025-03-31 00:00:00,000",11,Não,31909100,1064962,1098533.5531935792,Não Fundef,35,20 anos ou mais,Pessoal,Acima de R$ 1 milhão e até R$ 10 milhões,MATCH_VALOR_-5.0%
12102,TRF - 1a. Região,33201,INSS,2026,1475423420254010000,"Índice de 28,86% Lei 8.622/1993 e 8.627/1993 - Reajuste de Vencimentos - Servidor",1064432,NAO_IDENTIFICADO,PENDENTE,,,0147542-34.2025.4.01.9198,,29979036000140,Entidade sem PRC extraido no TRF1 (CNPJ pode estar incorreto),TRF1,0923667,Tribunal Regional Federal da 5a. Região,"1997-05-22 00:00:00,000","2025-04-01 00:00:00,000",11,Não,31909100,1067498,1101149.4973220071,Não Fundef,27,20 anos ou mais,Pessoal,Acima de R$ 1 milhão e até R$ 10 milhões,MATCH_VALOR_-4.7%
12102,TRF - 1a. Região,71103,EFU - Sentenças Judiciais,2026,1547307820254010000,IPI/ Imposto sobre Produtos Industrializados - Impostos - Direito Tributário,1064418,NAO_IDENTIFICADO,PENDENTE,,,0154730-78.2025.4.01.9198,,,UO generica EFU - sem CNPJ especifico para busca,NAO_TESTADO,0809722,Tribunal Regional Federal da 1a. Região,"1990-03-19 00:00:00,000","2025-03-31 00:00:00,000",11,Não,31909100,1064962,1098533.5531935792,Não Fundef,35,20 anos ou mais,Pessoal,Acima de R$ 1 milhão e até R$ 10 milhões,MATCH_VALOR_0.1%
12102,TRF - 1a. Região,33201,INSS,2026,1475631020254010000,"Índice de 28,86% Lei 8.622/1993 e 8.627/1993 - Reajuste de Vencimentos - Servidor",1064188,NAO_IDENTIFICADO,PENDENTE,,,0147563-10.2025.4.01.9198,,29979036000140,Entidade sem PRC extraido no TRF1 (CNPJ pode estar incorreto),TRF1,0923667,Tribunal Regional Federal da 5a. Região,"1997-05-22 00:00:00,000","2025-04-01 00:00:00,000",11,Não,31909100,1067498,1101149.4973220071,Não Fundef,27,20 anos ou mais,Pessoal,Acima de R$ 1 milhão e até R$ 10 milhões,MATCH_VALOR_-4.7%
12102,TRF - 1a. Região,33201,INSS,2026,1548615320254010000,"Índice de 28,86% Lei 8.622/1993 e 8.627/1993 - Reajuste de Vencimentos - Servidor",1063518,NAO_IDENTIFICADO,PENDENTE,,,0154861-53.2025.4.01.9198,,29979036000140,Entidade sem PRC extraido no TRF1 (CNPJ pode estar incorreto),TRF1,0923667,Tribunal Regional Federal da 5a. Região,"1997-05-22 00:00:00,000","2025-04-01 00:00:00,000",11,Não,31909100,1067498,1101149.4973220071,Não Fundef,27,20 anos ou mais,Pessoal,Acima de R$ 1 milhão e até R$ 10 milhões,MATCH_VALOR_-4.6%
12102,TRF - 1a. Região,71103,EFU - Sentenças Judiciais,2026,1650482320254010000,Anistia Política - Direitos e Garantias Fundamentais,1063375,NAO_IDENTIFICADO,PENDENTE,,,0165048-23.2025.4.01.9198,,,UO generica EFU - sem CNPJ especifico para busca,NAO_TESTADO,0809722,Tribunal Regional Federal da 1a. Região,"1990-03-19 00:00:00,000","2025-03-31 00:00:00,000",11,Não,31909100,1064962,1098533.5531935792,Não Fundef,35,20 anos ou mais,Pessoal,Acima de R$ 1 milhão e até R$ 10 milhões,MATCH_VALOR_0.1%
12102,TRF - 1a. Região,33904,F. Regime Geral Prev. Social,2026,5436846120244010000,Auxílio-Doença Previdenciário - Benefícios em Espécie - Direito Previdenciário,1063369,NAO_IDENTIFICADO,PENDENTE,,,0543684-61.2024.4.01.9198,,,Entidade nao mapeada para extracao TRF1,NAO_TESTADO,0862136,Tribunal Regional Federal da 3a. Região,"2019-03-14 00:00:00,000","2024-06-12 00:00:00,000",12,Não,33909100,1058138,1091494.4353968946,Não Fundef,5,De 5 até 10 anos,Previdência,Acima de R$ 1 milhão e até R$ 10 milhões,MATCH_VALOR_0.5%
12102,TRF - 1a. Região,71103,EFU - Sentenças Judiciais,2026,1671631720254010000,Gratificações de Atividade - Sistema Remuneratório - Servidor Público Civil,1062517,NAO_IDENTIFICADO,PENDENTE,,,0167163-17.2025.4.01.9198,,,UO generica EFU - sem CNPJ especifico para busca,NAO_TESTADO,0809722,Tribunal Regional Federal da 1a. Região,"1990-03-19 00:00:00,000","2025-03-31 00:00:00,000",11,Não,31909100,1064962,1098533.5531935792,Não Fundef,35,20 anos ou mais,Pessoal,Acima de R$ 1 milhão e até R$ 10 milhões,MATCH_VALOR_0.2%
12102,TRF - 1a. Região,33904,F. Regime Geral Prev. Social,2026,3109763920244010000,Aposentadoria Especial (Art. 57/8) - Benefícios em Espécie - Direito Previdenciário,1062313,NAO_IDENTIFICADO,PENDENTE,,,0310976-39.2024.4.01.9198,,,Entidade nao mapeada para extracao TRF1,NAO_TESTADO,0862136,Tribunal Regional Federal da 3a. Região,"2019-03-14 00:00:00,000","2024-06-12 00:00:00,000",12,Não,33909100,1058138,1091494.4353968946,Não Fundef,5,De 5 até 10 anos,Previdência,Acima de R$ 1 milhão e até R$ 10 milhões,MATCH_VALOR_-4.6%
12102,TRF - 1a. Região,33904,F. Regime Geral Prev. Social,2026,3941357420244010000,Pensão por Morte (Art. 74/9) - Benefícios em Espécie - Direito Previdenciário,1061837,NAO_IDENTIFICADO,PENDENTE,,,0394135-74.2024.4.01.9198,,,Entidade nao mapeada para extracao TRF1,NAO_TESTADO,0862136,Tribunal Regional Federal da 3a. Região,"2019-03-14 00:00:00,000","2024-06-12 00:00:00,000",12,Não,33909100,1058138,1091494.4353968946,Não Fundef,5,De 5 até 10 anos,Previdência,Acima de R$ 1 milhão e até R$ 10 milhões,MATCH_VALOR_0.3%
10101,Supremo Tribunal Federal,71103,EFU - Sentenças Judiciais,2025,08,COMUM - ITR,1061306,NAO_IDENTIFICADO,PENDENTE,,,,,,UO generica EFU - sem CNPJ especifico para busca,NAO_TESTADO,0809722,Tribunal Regional Federal da 1a. Região,"1990-03-19 00:00:00,000","2025-03-31 00:00:00,000",11,Não,31909100,1064962,1098533.5531935792,Não Fundef,35,20 anos ou mais,Pessoal,Acima de R$ 1 milhão e até R$ 10 milhões,MATCH_VALOR_0.3%
12102,TRF - 1a. Região,33201,INSS,2026,1545644620254010000,"Índice de 28,86% Lei 8.622/1993 e 8.627/1993 - Reajuste de Vencimentos - Servidor",1061148,NAO_IDENTIFICADO,PENDENTE,,,0154564-46.2025.4.01.9198,,29979036000140,Entidade sem PRC extraido no TRF1 (CNPJ pode estar incorreto),TRF1,0923667,Tribunal Regional Federal da 5a. Região,"1997-05-22 00:00:00,000","2025-04-01 00:00:00,000",11,Não,31909100,1067498,1101149.4973220071,Não Fundef,27,20 anos ou mais,Pessoal,Acima de R$ 1 milhão e até R$ 10 milhões,MATCH_VALOR_-4.4%
12102,TRF - 1a. Região,33201,INSS,2026,1553387620254010000,"Índice de 28,86% Lei 8.622/1993 e 8.627/1993 - Reajuste de Vencimentos - Servidor",1060412,NAO_IDENTIFICADO,PENDENTE,,,0155338-76.2025.4.01.9198,,29979036000140,Entidade sem PRC extraido no TRF1 (CNPJ pode estar incorreto),TRF1,0923667,Tribunal Regional Federal da 5a. Região,"1997-05-22 00:00:00,000","2025-04-01 00:00:00,000",11,Não,31909100,1067498,1101149.4973220071,Não Fundef,27,20 anos ou mais,Pessoal,Acima de R$ 1 milhão e até R$ 10 milhões,MATCH_VALOR_-4.3%
12102,TRF - 1a. Região,33201,INSS,2026,1550892820254010000,"Índice de 28,86% Lei 8.622/1993 e 8.627/1993 - Reajuste de Vencimentos - Servidor",1060368,NAO_IDENTIFICADO,PENDENTE,,,0155089-28.2025.4.01.9198,,29979036000140,Entidade sem PRC extraido no TRF1 (CNPJ pode estar incorreto),TRF1,0923667,Tribunal Regional Federal da 5a. Região,"1997-05-22 00:00:00,000","2025-04-01 00:00:00,000",11,Não,31909100,1067498,1101149.4973220071,Não Fundef,27,20 anos ou mais,Pessoal,Acima de R$ 1 milhão e até R$ 10 milhões,MATCH_VALOR_-4.3%
12102,TRF - 1a. Região,33201,INSS,2026,1550832120254010000,"Índice de 28,86% Lei 8.622/1993 e 8.627/1993 - Reajuste de Vencimentos - Servidor",1059757,NAO_IDENTIFICADO,PENDENTE,,,0155083-21.2025.4.01.9198,,29979036000140,Entidade sem PRC extraido no TRF1 (CNPJ pode estar incorreto),TRF1,0923667,Tribunal Regional Federal da 5a. Região,"1997-05-22 00:00:00,000","2025-04-01 00:00:00,000",11,Não,31909100,1067498,1101149.4973220071,Não Fundef,27,20 anos ou mais,Pessoal,Acima de R$ 1 milhão e até R$ 10 milhões,MATCH_VALOR_-4.3%
12102,TRF - 1a. Região,33201,INSS,2026,1552910520254010000,"Índice de 28,86% Lei 8.622/1993 e 8.627/1993 - Reajuste de Vencimentos - Servidor",1059648,NAO_IDENTIFICADO,PENDENTE,,,0155291-05.2025.4.01.9198,,29979036000140,Entidade sem PRC extraido no TRF1 (CNPJ pode estar incorreto),TRF1,0923667,Tribunal Regional Federal da 5a. Região,"1997-05-22 00:00:00,000","2025-04-01 00:00:00,000",11,Não,31909100,1067498,1101149.4973220071,Não Fundef,27,20 anos ou mais,Pessoal,Acima de R$ 1 milhão e até R$ 10 milhões,MATCH_VALOR_-4.3%
12102,TRF - 1a. Região,71103,EFU - Sentenças Judiciais,2026,2909112320244010000,PIS - Contribuição Social - Contribuições - Direito Tributário,1059592,NAO_IDENTIFICADO,PENDENTE,,,0290911-23.2024.4.01.9198,,,UO generica EFU - sem CNPJ especifico para busca,NAO_TESTADO,0809722,Tribunal Regional Federal da 1a. Região,"1990-03-19 00:00:00,000","2025-03-31 00:00:00,000",11,Não,31909100,1064962,1098533.5531935792,Não Fundef,35,20 anos ou mais,Pessoal,Acima de R$ 1 milhão e até R$ 10 milhões,MATCH_VALOR_0.5%
12102,TRF - 1a. Região,33201,INSS,2026,1543851520254010000,"Índice de 28,86% Lei 8.622/1993 e 8.627/1993 - Reajuste de Vencimentos - Servidor",1059515,NAO_IDENTIFICADO,PENDENTE,,,0154385-15.2025.4.01.9198,,29979036000140,Entidade sem PRC extraido no TRF1 (CNPJ pode estar incorreto),TRF1,0923667,Tribunal Regional Federal da 5a. Região,"1997-05-22 00:00:00,000","2025-04-01 00:00:00,000",11,Não,31909100,1067498,1101149.4973220071,Não Fundef,27,20 anos ou mais,Pessoal,Acima de R$ 1 milhão e até R$ 10 milhões,MATCH_VALOR_-4.2%
12102,TRF - 1a. Região,33904,F. Regime Geral Prev. Social,2026,5397725620244010000,RMI pela equivalência entre Salário-de-Benefício e Salário-de-Contribuição - Renda,1059087,NAO_IDENTIFICADO,PENDENTE,,,0539772-56.2024.4.01.9198,,,Entidade nao mapeada para extracao TRF1,NAO_TESTADO,0862136,Tribunal Regional Federal da 3a. Região,"2019-03-14 00:00:00,000","2024-06-12 00:00:00,000",12,Não,33909100,1058138,1091494.4353968946,Não Fundef,5,De 5 até 10 anos,Previdência,Acima de R$ 1 milhão e até R$ 10 milhões,MATCH_VALOR_0.1%
12102,TRF - 1a. Região,33201,INSS,2026,1359802820254010000,Gratificação Incorporada/Quintos e Décimos/VPNI - Sistema Remuneratório e,1058102,NAO_IDENTIFICADO,PENDENTE,,,0135980-28.2025.4.01.9198,,29979036000140,Entidade sem PRC extraido no TRF1 (CNPJ pode estar incorreto),TRF1,0923667,Tribunal Regional Federal da 5a. Região,"1997-05-22 00:00:00,000","2025-04-01 00:00:00,000",11,Não,31909100,1067498,1101149.4973220071,Não Fundef,27,20 anos ou mais,Pessoal,Acima de R$ 1 milhão e até R$ 10 milhões,MATCH_VALOR_0.9%
12102,TRF - 1a. Região,33201,INSS,2026,1360131820254010000,Gratificação Incorporada/Quintos e Décimos/VPNI - Sistema Remuneratório e,1057480,NAO_IDENTIFICADO,PENDENTE,,,0136013-18.2025.4.01.9198,,29979036000140,Entidade sem PRC extraido no TRF1 (CNPJ pode estar incorreto),TRF1,0923667,Tribunal Regional Federal da 5a. Região,"1997-05-22 00:00:00,000","2025-04-01 00:00:00,000",11,Não,31909100,1067498,1101149.4973220071,Não Fundef,27,20 anos ou mais,Pessoal,Acima de R$ 1 milhão e até R$ 10 milhões,MATCH_VALOR_0.9%
12102,TRF - 1a. Região,33201,INSS,2026,1655099220254010000,"Índice de 28,86% Lei 8.622/1993 e 8.627/1993 - Reajuste de Vencimentos - Servidor",1057302,NAO_IDENTIFICADO,PENDENTE,,,0165509-92.2025.4.01.9198,,29979036000140,Entidade sem PRC extraido no TRF1 (CNPJ pode estar incorreto),TRF1,0923667,Tribunal Regional Federal da 5a. Região,"1997-05-22 00:00:00,000","2025-04-01 00:00:00,000",11,Não,31909100,1067498,1101149.4973220071,Não Fundef,27,20 anos ou mais,Pessoal,Acima de R$ 1 milhão e até R$ 10 milhões,MATCH_VALOR_-4.0%
12102,TRF - 1a. Região,33201,INSS,2026,1475614020254010000,"Índice de 28,86% Lei 8.622/1993 e 8.627/1993 - Reajuste de Vencimentos - Servidor",1057236,NAO_IDENTIFICADO,PENDENTE,,,0147561-40.2025.4.01.9198,,29979036000140,Entidade sem PRC extraido no TRF1 (CNPJ pode estar incorreto),TRF1,0923667,Tribunal Regional Federal da 5a. Região,"1997-05-22 00:00:00,000","2025-04-01 00:00:00,000",11,Não,31909100,1067498,1101149.4973220071,Não Fundef,27,20 anos ou mais,Pessoal,Acima de R$ 1 milhão e até R$ 10 milhões,MATCH_VALOR_-4.0%
12102,TRF - 1a. Região,33201,INSS,2026,1547082020254010000,"Índice de 28,86% Lei 8.622/1993 e 8.627/1993 - Reajuste de Vencimentos - Servidor",1057100,NAO_IDENTIFICADO,PENDENTE,,,0154708-20.2025.4.01.9198,,29979036000140,Entidade sem PRC extraido no TRF1 (CNPJ pode estar incorreto),TRF1,0923667,Tribunal Regional Federal da 5a. Região,"1997-05-22 00:00:00,000","2025-04-01 00:00:00,000",11,Não,31909100,1067498,1101149.4973220071,Não Fundef,27,20 anos ou mais,Pessoal,Acima de R$ 1 milhão e até R$ 10 milhões,MATCH_VALOR_-4.0%
11101,Superior Tribunal de Justiça,52101,M. da Defesa,2025,13236,Administrativo - Militar - Regime - Anistia Política,1055104,NAO_IDENTIFICADO,PENDENTE,,,,,,Entidade nao mapeada para extracao TRF1,NAO_TESTADO,,,,,,,,,,,,,,,SEM_UO_NO_SIOP
12102,TRF - 1a. Região,33201,INSS,2026,1359855020254010000,Gratificação Incorporada/Quintos e Décimos/VPNI - Sistema Remuneratório e,1054438,NAO_IDENTIFICADO,PENDENTE,,,0135985-50.2025.4.01.9198,,29979036000140,Entidade sem PRC extraido no TRF1 (CNPJ pode estar incorreto),TRF1,0808077,Tribunal Regional Federal da 1a. Região,"1993-07-26 00:00:00,000","2025-03-31 00:00:00,000",11,Não,31909100,1042661,1075529.54293803,Não Fundef,31,20 anos ou mais,Pessoal,Acima de R$ 1 milhão e até R$ 10 milhões,MATCH_VALOR_1.1%
12102,TRF - 1a. Região,33201,INSS,2026,1405046820254010000,Gratificação Incorporada/Quintos e Décimos/VPNI - Sistema Remuneratório e,1054438,NAO_IDENTIFICADO,PENDENTE,,,0140504-68.2025.4.01.9198,,29979036000140,Entidade sem PRC extraido no TRF1 (CNPJ pode estar incorreto),TRF1,0808077,Tribunal Regional Federal da 1a. Região,"1993-07-26 00:00:00,000","2025-03-31 00:00:00,000",11,Não,31909100,1042661,1075529.54293803,Não Fundef,31,20 anos ou mais,Pessoal,Acima de R$ 1 milhão e até R$ 10 milhões,MATCH_VALOR_1.1%
12102,TRF - 1a. Região,33904,F. Regime Geral Prev. Social,2026,1137959320254010000,Aposentadoria por tempo de serviço (art. 52/4) - Benefícios em Espécie - Direito,1054050,NAO_IDENTIFICADO,PENDENTE,,,0113795-93.2025.4.01.9198,,,Entidade nao mapeada para extracao TRF1,NAO_TESTADO,0862136,Tribunal Regional Federal da 3a. Região,"2019-03-14 00:00:00,000","2024-06-12 00:00:00,000",12,Não,33909100,1058138,1091494.4353968946,Não Fundef,5,De 5 até 10 anos,Previdência,Acima de R$ 1 milhão e até R$ 10 milhões,MATCH_VALOR_-4.6%
12102,TRF - 1a. Região,71103,EFU - Sentenças Judiciais,2026,1683661420254010000,Reforma - Sistema Remuneratório - Servidor Público Militar - Administrativo,1053786,NAO_IDENTIFICADO,PENDENTE,,,0168366-14.2025.4.01.9198,,,UO generica EFU - sem CNPJ especifico para busca,NAO_TESTADO,0809722,Tribunal Regional Federal da 1a. Região,"1990-03-19 00:00:00,000","2025-03-31 00:00:00,000",11,Não,31909100,1064962,1098533.5531935792,Não Fundef,35,20 anos ou mais,Pessoal,Acima de R$ 1 milhão e até R$ 10 milhões,MATCH_VALOR_1.1%
11101,Superior Tribunal de Justiça,52101,M. da Defesa,2025,13247,Administrativo - Militar - Regime - Anistia Política,1053785,NAO_IDENTIFICADO,PENDENTE,,,,,,Entidade nao mapeada para extracao TRF1,NAO_TESTADO,,,,,,,,,,,,,,,SEM_UO_NO_SIOP
12102,TRF - 1a. Região,33201,INSS,2026,1553352420254010000,"Índice de 28,86% Lei 8.622/1993 e 8.627/1993 - Reajuste de Vencimentos - Servidor",1053783,NAO_IDENTIFICADO,PENDENTE,,,0155335-24.2025.4.01.9198,,29979036000140,Entidade sem PRC extraido no TRF1 (CNPJ pode estar incorreto),TRF1,0808077,Tribunal Regional Federal da 1a. Região,"1993-07-26 00:00:00,000","2025-03-31 00:00:00,000",11,Não,31909100,1042661,1075529.54293803,Não Fundef,31,20 anos ou mais,Pessoal,Acima de R$ 1 milhão e até R$ 10 milhões,MATCH_VALOR_-3.9%
12102,TRF - 1a. Região,33201,INSS,2026,1359421620254010000,Gratificação Incorporada/Quintos e Décimos/VPNI - Sistema Remuneratório e,1053640,NAO_IDENTIFICADO,PENDENTE,,,0135942-16.2025.4.01.9198,,29979036000140,Entidade sem PRC extraido no TRF1 (CNPJ pode estar incorreto),TRF1,0808077,Tribunal Regional Federal da 1a. Região,"1993-07-26 00:00:00,000","2025-03-31 00:00:00,000",11,Não,31909100,1042661,1075529.54293803,Não Fundef,31,20 anos ou mais,Pessoal,Acima de R$ 1 milhão e até R$ 10 milhões,MATCH_VALOR_1.0%
12102,TRF - 1a. Região,33201,INSS,2026,1547540920254010000,"Índice de 28,86% Lei 8.622/1993 e 8.627/1993 - Reajuste de Vencimentos - Servidor",1053504,NAO_IDENTIFICADO,PENDENTE,,,0154754-09.2025.4.01.9198,,29979036000140,Entidade sem PRC extraido no TRF1 (CNPJ pode estar incorreto),TRF1,0808077,Tribunal Regional Federal da 1a. Região,"1993-07-26 00:00:00,000","2025-03-31 00:00:00,000",11,Não,31909100,1042661,1075529.54293803,Não Fundef,31,20 anos ou mais,Pessoal,Acima de R$ 1 milhão e até R$ 10 milhões,MATCH_VALOR_-4.0%
12102,TRF - 1a. Região,33201,INSS,2026,1550616020254010000,"Índice de 28,86% Lei 8.622/1993 e 8.627/1993 - Reajuste de Vencimentos - Servidor",1053435,NAO_IDENTIFICADO,PENDENTE,,,0155061-60.2025.4.01.9198,,29979036000140,Entidade sem PRC extraido no TRF1 (CNPJ pode estar incorreto),TRF1,0808077,Tribunal Regional Federal da 1a. Região,"1993-07-26 00:00:00,000","2025-03-31 00:00:00,000",11,Não,31909100,1042661,1075529.54293803,Não Fundef,31,20 anos ou mais,Pessoal,Acima de R$ 1 milhão e até R$ 10 milhões,MATCH_VALOR_-4.0%
12102,TRF - 1a. Região,71103,EFU - Sentenças Judiciais,2026,1601280620254010000,Honorários Advocatícios - Sucumbência - Partes e Procuradores - DIREITO,1053128,NAO_IDENTIFICADO,PENDENTE,,,0160128-06.2025.4.01.9198,,,UO generica EFU - sem CNPJ especifico para busca,NAO_TESTADO,0809722,Tribunal Regional Federal da 1a. Região,"1990-03-19 00:00:00,000","2025-03-31 00:00:00,000",11,Não,31909100,1064962,1098533.5531935792,Não Fundef,35,20 anos ou mais,Pessoal,Acima de R$ 1 milhão e até R$ 10 milhões,MATCH_VALOR_1.1%
12102,TRF - 1a. Região,33201,INSS,2026,1361266920254010000,Gratificação Incorporada/Quintos e Décimos/VPNI - Sistema Remuneratório e,1053122,NAO_IDENTIFICADO,PENDENTE,,,0136126-69.2025.4.01.9198,,29979036000140,Entidade sem PRC extraido no TRF1 (CNPJ pode estar incorreto),TRF1,0808077,Tribunal Regional Federal da 1a. Região,"1993-07-26 00:00:00,000","2025-03-31 00:00:00,000",11,Não,31909100,1042661,1075529.54293803,Não Fundef,31,20 anos ou mais,Pessoal,Acima de R$ 1 milhão e até R$ 10 milhões,MATCH_VALOR_1.0%
12102,TRF - 1a. Região,33904,F. Regime Geral Prev. Social,2026,152456320254019000,Aposentadoria Especial (Art. 57/8) - Benefícios em Espécie - Direito Previdenciário,1052451,NAO_IDENTIFICADO,PENDENTE,,,0015245-63.2025.4.01.9198,,,Entidade nao mapeada para extracao TRF1,NAO_TESTADO,0862136,Tribunal Regional Federal da 3a. Região,"2019-03-14 00:00:00,000","2024-06-12 00:00:00,000",12,Não,33909100,1058138,1091494.4353968946,Não Fundef,5,De 5 até 10 anos,Previdência,Acima de R$ 1 milhão e até R$ 10 milhões,MATCH_VALOR_-4.5%
12102,TRF - 1a. Região,33201,INSS,2026,1359092620254010000,Gratificação Incorporada/Quintos e Décimos/VPNI - Sistema Remuneratório e,1052447,NAO_IDENTIFICADO,PENDENTE,,,0135909-26.2025.4.01.9198,,29979036000140,Entidade sem PRC extraido no TRF1 (CNPJ pode estar incorreto),TRF1,0808077,Tribunal Regional Federal da 1a. Região,"1993-07-26 00:00:00,000","2025-03-31 00:00:00,000",11,Não,31909100,1042661,1075529.54293803,Não Fundef,31,20 anos ou mais,Pessoal,Acima de R$ 1 milhão e até R$ 10 milhões,MATCH_VALOR_0.9%
12102,TRF - 1a. Região,33201,INSS,2026,1359655920254010000,Gratificação Incorporada/Quintos e Décimos/VPNI - Sistema Remuneratório e,1052447,NAO_IDENTIFICADO,PENDENTE,,,0135965-59.2025.4.01.9198,,29979036000140,Entidade sem PRC extraido no TRF1 (CNPJ pode estar incorreto),TRF1,0808077,Tribunal Regional Federal da 1a. Região,"1993-07-26 00:00:00,000","2025-03-31 00:00:00,000",11,Não,31909100,1042661,1075529.54293803,Não Fundef,31,20 anos ou mais,Pessoal,Acima de R$ 1 milhão e até R$ 10 milhões,MATCH_VALOR_0.9%
12102,TRF - 1a. Região,33201,INSS,2026,1550840620254010000,"Índice de 28,86% Lei 8.622/1993 e 8.627/1993 - Reajuste de Vencimentos - Servidor",1052427,NAO_IDENTIFICADO,PENDENTE,,,0155084-06.2025.4.01.9198,,29979036000140,Entidade sem PRC extraido no TRF1 (CNPJ pode estar incorreto),TRF1,0808077,Tribunal Regional Federal da 1a. Região,"1993-07-26 00:00:00,000","2025-03-31 00:00:00,000",11,Não,31909100,1042661,1075529.54293803,Não Fundef,31,20 anos ou mais,Pessoal,Acima de R$ 1 milhão e até R$ 10 milhões,MATCH_VALOR_-4.1%
11101,Superior Tribunal de Justiça,52101,M. da Defesa,2025,13399,Administrativo - Militar - Regime - Anistia Política (PRINCIPAL),1051796,NAO_IDENTIFICADO,PENDENTE,,,,,,Entidade nao mapeada para extracao TRF1,NAO_TESTADO,,,,,,,,,,,,,,,SEM_UO_NO_SIOP
12103,TRF - 2a. Região,33904,F. Regime Geral Prev. Social,2026,50086897620244000000,Reajustes e Revisões Específicos,1051627,NAO_IDENTIFICADO,PENDENTE,,,5008689-76.2024.4.00.9198,,,Entidade nao mapeada para extracao TRF1,NAO_TESTADO,0846387,Tribunal Regional Federal da 3a. Região,"2006-09-28 00:00:00,000","2025-03-07 00:00:00,000",12,Não,33909100,1045242,1078191.9056334058,Não Fundef,18,De 15 até 20 anos,Previdência,Acima de R$ 1 milhão e até R$ 10 milhões,MATCH_VALOR_0.6%
12102,TRF - 1a. Região,33201,INSS,2026,1550251820254010000,"Índice de 28,86% Lei 8.622/1993 e 8.627/1993 - Reajuste de Vencimentos - Servidor",1050998,NAO_IDENTIFICADO,PENDENTE,,,0155025-18.2025.4.01.9198,,29979036000140,Entidade sem PRC extraido no TRF1 (CNPJ pode estar incorreto),TRF1,0808077,Tribunal Regional Federal da 1a. Região,"1993-07-26 00:00:00,000","2025-03-31 00:00:00,000",11,Não,31909100,1042661,1075529.54293803,Não Fundef,31,20 anos ou mais,Pessoal,Acima de R$ 1 milhão e até R$ 10 milhões,MATCH_VALOR_-4.2%
12102,TRF - 1a. Região,71103,EFU - Sentenças Judiciais,2026,1463229820254010000,"Índice de 28,86% Lei 8.622/1993 e 8.627/1993 - Reajuste de Vencimentos - Servidor",1050982,NAO_IDENTIFICADO,PENDENTE,,,0146322-98.2025.4.01.9198,,,UO generica EFU - sem CNPJ especifico para busca,NAO_TESTADO,0809722,Tribunal Regional Federal da 1a. Região,"1990-03-19 00:00:00,000","2025-03-31 00:00:00,000",11,Não,31909100,1064962,1098533.5531935792,Não Fundef,35,20 anos ou mais,Pessoal,Acima de R$ 1 milhão e até R$ 10 milhões,MATCH_VALOR_1.3%
12102,TRF - 1a. Região,33201,INSS,2026,1359326920254010000,Gratificação Incorporada/Quintos e Décimos/VPNI - Sistema Remuneratório e,1050789,NAO_IDENTIFICADO,PENDENTE,,,0135932-69.2025.4.01.9198,,29979036000140,Entidade sem PRC extraido no TRF1 (CNPJ pode estar incorreto),TRF1,0808077,Tribunal Regional Federal da 1a. Região,"1993-07-26 00:00:00,000","2025-03-31 00:00:00,000",11,Não,31909100,1042661,1075529.54293803,Não Fundef,31,20 anos ou mais,Pessoal,Acima de R$ 1 milhão e até R$ 10 milhões,MATCH_VALOR_0.8%
12102,TRF - 1a. Região,33201,INSS,2026,1359473820254010000,Gratificação Incorporada/Quintos e Décimos/VPNI - Sistema Remuneratório e,1050789,NAO_IDENTIFICADO,PENDENTE,,,0135947-38.2025.4.01.9198,,29979036000140,Entidade sem PRC extraido no TRF1 (CNPJ pode estar incorreto),TRF1,0808077,Tribunal Regional Federal da 1a. Região,"1993-07-26 00:00:00,000","2025-03-31 00:00:00,000",11,Não,31909100,1042661,1075529.54293803,Não Fundef,31,20 anos ou mais,Pessoal,Acima de R$ 1 milhão e até R$ 10 milhões,MATCH_VALOR_0.8%
12102,TRF - 1a. Região,33201,INSS,2026,1360123320254010000,Gratificação Incorporada/Quintos e Décimos/VPNI - Sistema Remuneratório e,1050789,NAO_IDENTIFICADO,PENDENTE,,,0136012-33.2025.4.01.9198,,29979036000140,Entidade sem PRC extraido no TRF1 (CNPJ pode estar incorreto),TRF1,0808077,Tribunal Regional Federal da 1a. Região,"1993-07-26 00:00:00,000","2025-03-31 00:00:00,000",11,Não,31909100,1042661,1075529.54293803,Não Fundef,31,20 anos ou mais,Pessoal,Acima de R$ 1 milhão e até R$ 10 milhões,MATCH_VALOR_0.8%
12102,TRF - 1a. Região,33201,INSS,2026,1405939120254010000,Gratificação Incorporada/Quintos e Décimos/VPNI - Sistema Remuneratório e,1050782,NAO_IDENTIFICADO,PENDENTE,,,0140593-91.2025.4.01.9198,,29979036000140,Entidade sem PRC extraido no TRF1 (CNPJ pode estar incorreto),TRF1,0808077,Tribunal Regional Federal da 1a. Região,"1993-07-26 00:00:00,000","2025-03-31 00:00:00,000",11,Não,31909100,1042661,1075529.54293803,Não Fundef,31,20 anos ou mais,Pessoal,Acima de R$ 1 milhão e até R$ 10 milhões,MATCH_VALOR_0.8%
12102,TRF - 1a. Região,33201,INSS,2026,1548659020254010000,"Índice de 28,86% Lei 8.622/1993 e 8.627/1993 - Reajuste de Vencimentos - Servidor",1050757,NAO_IDENTIFICADO,PENDENTE,,,0154865-90.2025.4.01.9198,,29979036000140,Entidade sem PRC extraido no TRF1 (CNPJ pode estar incorreto),TRF1,0808077,Tribunal Regional Federal da 1a. Região,"1993-07-26 00:00:00,000","2025-03-31 00:00:00,000",11,Não,31909100,1042661,1075529.54293803,Não Fundef,31,20 anos ou mais,Pessoal,Acima de R$ 1 milhão e até R$ 10 milhões,MATCH_VALOR_-4.2%
12102,TRF - 1a. Região,71103,EFU - Sentenças Judiciais,2026,1323757420254010000,Salário-Educação - Contribuição Social - Contribuições - Direito Tributário,1050744,NAO_IDENTIFICADO,PENDENTE,,,0132375-74.2025.4.01.9198,,,UO generica EFU - sem CNPJ especifico para busca,NAO_TESTADO,0809722,Tribunal Regional Federal da 1a. Região,"1990-03-19 00:00:00,000","2025-03-31 00:00:00,000",11,Não,31909100,1064962,1098533.5531935792,Não Fundef,35,20 anos ou mais,Pessoal,Acima de R$ 1 milhão e até R$ 10 milhões,MATCH_VALOR_1.4%
11101,Superior Tribunal de Justiça,52101,M. da Defesa,2025,12929,Administrativo - Militar - Regime - Anistia Política,1050578,NAO_IDENTIFICADO,PENDENTE,,,,,,Entidade nao mapeada para extracao TRF1,NAO_TESTADO,,,,,,,,,,,,,,,SEM_UO_NO_SIOP
12102,TRF - 1a. Região,71103,EFU - Sentenças Judiciais,2026,1476879020254010000,FUNDEF/Fundo de Manutenção e Desenvolvimento do Ensino Fundamental e,1050575,NAO_IDENTIFICADO,PENDENTE,,,0147687-90.2025.4.01.9198,,,UO generica EFU - sem CNPJ especifico para busca,NAO_TESTADO,0809722,Tribunal Regional Federal da 1a. Região,"1990-03-19 00:00:00,000","2025-03-31 00:00:00,000",11,Não,31909100,1064962,1098533.5531935792,Não Fundef,35,20 anos ou mais,Pessoal,Acima de R$ 1 milhão e até R$ 10 milhões,MATCH_VALOR_1.4%
11101,Superior Tribunal de Justiça,52101,M. da Defesa,2024,12555,Administrativo - Militar - Regime - Anistia Política,1050507,NAO_IDENTIFICADO,PENDENTE,,,,,,Entidade nao mapeada para extracao TRF1,NAO_TESTADO,,,,,,,,,,,,,,,SEM_UO_NO_SIOP
12102,TRF - 1a. Região,33201,INSS,2026,1550312520254010000,"Índice de 28,86% Lei 8.622/1993 e 8.627/1993 - Reajuste de Vencimentos - Servidor",1050143,NAO_IDENTIFICADO,PENDENTE,,,0155031-25.2025.4.01.9198,,29979036000140,Entidade sem PRC extraido no TRF1 (CNPJ pode estar incorreto),TRF1,0808077,Tribunal Regional Federal da 1a. Região,"1993-07-26 00:00:00,000","2025-03-31 00:00:00,000",11,Não,31909100,1042661,1075529.54293803,Não Fundef,31,20 anos ou mais,Pessoal,Acima de R$ 1 milhão e até R$ 10 milhões,MATCH_VALOR_-4.3%
12102,TRF - 1a. Região,71103,EFU - Sentenças Judiciais,2026,1463211620254010000,"Índice de 28,86% Lei 8.622/1993 e 8.627/1993 - Reajuste de Vencimentos - Servidor",1049920,NAO_IDENTIFICADO,PENDENTE,,,0146321-16.2025.4.01.9198,,,UO generica EFU - sem CNPJ especifico para busca,NAO_TESTADO,0809722,Tribunal Regional Federal da 1a. Região,"1990-03-19 00:00:00,000","2025-03-31 00:00:00,000",11,Não,31909100,1064962,1098533.5531935792,Não Fundef,35,20 anos ou mais,Pessoal,Acima de R$ 1 milhão e até R$ 10 milhões,MATCH_VALOR_1.4%
12102,TRF - 1a. Região,71103,EFU - Sentenças Judiciais,2026,724877720254019000,Gratificação Incorporada/Quintos e Décimos/VPNI - Sistema Remuneratório e,1048860,NAO_IDENTIFICADO,PENDENTE,,,0072487-77.2025.4.01.9198,,,UO generica EFU - sem CNPJ especifico para busca,NAO_TESTADO,0809722,Tribunal Regional Federal da 1a. Região,"1990-03-19 00:00:00,000","2025-03-31 00:00:00,000",11,Não,31909100,1064962,1098533.5531935792,Não Fundef,35,20 anos ou mais,Pessoal,Acima de R$ 1 milhão e até R$ 10 milhões,MATCH_VALOR_-3.5%
12102,TRF - 1a. Região,33201,INSS,2026,1544890720254010000,"Índice de 28,86% Lei 8.622/1993 e 8.627/1993 - Reajuste de Vencimentos - Servidor",1047892,NAO_IDENTIFICADO,PENDENTE,,,0154489-07.2025.4.01.9198,,29979036000140,Entidade sem PRC extraido no TRF1 (CNPJ pode estar incorreto),TRF1,0808077,Tribunal Regional Federal da 1a. Região,"1993-07-26 00:00:00,000","2025-03-31 00:00:00,000",11,Não,31909100,1042661,1075529.54293803,Não Fundef,31,20 anos ou mais,Pessoal,Acima de R$ 1 milhão e até R$ 10 milhões,MATCH_VALOR_-4.5%
12102,TRF - 1a. Região,71103,EFU - Sentenças Judiciais,2026,1251820820254010000,FUNDO DE PARTICIPAÇÃO DOS MUNICÍPIOS - ENTIDADES,1047780,NAO_IDENTIFICADO,PENDENTE,,,0125182-08.2025.4.01.9198,,,UO generica EFU - sem CNPJ especifico para busca,NAO_TESTADO,0809722,Tribunal Regional Federal da 1a. Região,"1990-03-19 00:00:00,000","2025-03-31 00:00:00,000",11,Não,31909100,1064962,1098533.5531935792,Não Fundef,35,20 anos ou mais,Pessoal,Acima de R$ 1 milhão e até R$ 10 milhões,MATCH_VALOR_1.6%
12102,TRF - 1a. Região,33904,F. Regime Geral Prev. Social,2026,1667839120254010000,Renda Mensal Vitalícia - Benefícios em Espécie - Direito Previdenciário,1047746,NAO_IDENTIFICADO,PENDENTE,,,0166783-91.2025.4.01.9198,,,Entidade nao mapeada para extracao TRF1,NAO_TESTADO,0846387,Tribunal Regional Federal da 3a. Região,"2006-09-28 00:00:00,000","2025-03-07 00:00:00,000",12,Não,33909100,1045242,1078191.9056334058,Não Fundef,18,De 15 até 20 anos,Previdência,Acima de R$ 1 milhão e até R$ 10 milhões,MATCH_VALOR_0.2%
12102,TRF - 1a. Região,33201,INSS,2026,1549593820254010000,"Índice de 28,86% Lei 8.622/1993 e 8.627/1993 - Reajuste de Vencimentos - Servidor",1047520,NAO_IDENTIFICADO,PENDENTE,,,0154959-38.2025.4.01.9198,,29979036000140,Entidade sem PRC extraido no TRF1 (CNPJ pode estar incorreto),TRF1,0808077,Tribunal Regional Federal da 1a. Região,"1993-07-26 00:00:00,000","2025-03-31 00:00:00,000",11,Não,31909100,1042661,1075529.54293803,Não Fundef,31,20 anos ou mais,Pessoal,Acima de R$ 1 milhão e até R$ 10 milhões,MATCH_VALOR_-4.5%
12102,TRF - 1a. Região,33201,INSS,2026,1553222520254010000,"Índice de 28,86% Lei 8.622/1993 e 8.627/1993 - Reajuste de Vencimentos - Servidor",1047299,NAO_IDENTIFICADO,PENDENTE,,,0155322-25.2025.4.01.9198,,29979036000140,Entidade sem PRC extraido no TRF1 (CNPJ pode estar incorreto),TRF1,0808077,Tribunal Regional Federal da 1a. Região,"1993-07-26 00:00:00,000","2025-03-31 00:00:00,000",11,Não,31909100,1042661,1075529.54293803,Não Fundef,31,20 anos ou mais,Pessoal,Acima de R$ 1 milhão e até R$ 10 milhões,MATCH_VALOR_-4.6%
12102,TRF - 1a. Região,33904,F. Regime Geral Prev. Social,2026,1623114720254010000,Aposentadoria por tempo de contribuição (art. 55/6) - Benefícios em Espécie - Direito,1047211,NAO_IDENTIFICADO,PENDENTE,,,0162311-47.2025.4.01.9198,,,Entidade nao mapeada para extracao TRF1,NAO_TESTADO,0846387,Tribunal Regional Federal da 3a. Região,"2006-09-28 00:00:00,000","2025-03-07 00:00:00,000",12,Não,33909100,1045242,1078191.9056334058,Não Fundef,18,De 15 até 20 anos,Previdência,Acima de R$ 1 milhão e até R$ 10 milhões,MATCH_VALOR_-4.8%
12102,TRF - 1a. Região,33201,INSS,2026,1553482320254010000,"Índice de 28,86% Lei 8.622/1993 e 8.627/1993 - Reajuste de Vencimentos - Servidor",1047130,NAO_IDENTIFICADO,PENDENTE,,,0155348-23.2025.4.01.9198,,29979036000140,Entidade sem PRC extraido no TRF1 (CNPJ pode estar incorreto),TRF1,0808077,Tribunal Regional Federal da 1a. Região,"1993-07-26 00:00:00,000","2025-03-31 00:00:00,000",11,Não,31909100,1042661,1075529.54293803,Não Fundef,31,20 anos ou mais,Pessoal,Acima de R$ 1 milhão e até R$ 10 milhões,MATCH_VALOR_-4.6%
12102,TRF - 1a. Região,33201,INSS,2026,1657540620254010000,"Índice de 28,86% Lei 8.622/1993 e 8.627/1993 - Reajuste de Vencimentos - Servidor",1046875,NAO_IDENTIFICADO,PENDENTE,,,0165754-06.2025.4.01.9198,,29979036000140,Entidade sem PRC extraido no TRF1 (CNPJ pode estar incorreto),TRF1,0808077,Tribunal Regional Federal da 1a. Região,"1993-07-26 00:00:00,000","2025-03-31 00:00:00,000",11,Não,31909100,1042661,1075529.54293803,Não Fundef,31,20 anos ou mais,Pessoal,Acima de R$ 1 milhão e até R$ 10 milhões,MATCH_VALOR_-4.6%
12102,TRF - 1a. Região,33201,INSS,2026,1404405820254010000,Gratificação Incorporada/Quintos e Décimos/VPNI - Sistema Remuneratório e,1046842,NAO_IDENTIFICADO,PENDENTE,,,0140440-58.2025.4.01.9198,,29979036000140,Entidade sem PRC extraido no TRF1 (CNPJ pode estar incorreto),TRF1,0808077,Tribunal Regional Federal da 1a. Região,"1993-07-26 00:00:00,000","2025-03-31 00:00:00,000",11,Não,31909100,1042661,1075529.54293803,Não Fundef,31,20 anos ou mais,Pessoal,Acima de R$ 1 milhão e até R$ 10 milhões,MATCH_VALOR_0.4%
12102,TRF - 1a. Região,71103,EFU - Sentenças Judiciais,2026,1253094320254010000,Anistia Política - Direitos e Garantias Fundamentais,1045713,NAO_IDENTIFICADO,PENDENTE,,,0125309-43.2025.4.01.9198,,,UO generica EFU - sem CNPJ especifico para busca,NAO_TESTADO,0809722,Tribunal Regional Federal da 1a. Região,"1990-03-19 00:00:00,000","2025-03-31 00:00:00,000",11,Não,31909100,1064962,1098533.5531935792,Não Fundef,35,20 anos ou mais,Pessoal,Acima de R$ 1 milhão e até R$ 10 milhões,MATCH_VALOR_1.8%
12102,TRF - 1a. Região,71103,EFU - Sentenças Judiciais,2026,1364229120254010000,FUNDO DE PARTICIPAÇÃO DOS MUNICÍPIOS - ENTIDADES,1044523,NAO_IDENTIFICADO,PENDENTE,,,0136422-91.2025.4.01.9198,,,UO generica EFU - sem CNPJ especifico para busca,NAO_TESTADO,0809722,Tribunal Regional Federal da 1a. Região,"1990-03-19 00:00:00,000","2025-03-31 00:00:00,000",11,Não,31909100,1064962,1098533.5531935792,Não Fundef,35,20 anos ou mais,Pessoal,Acima de R$ 1 milhão e até R$ 10 milhões,MATCH_VALOR_2.0%
12102,TRF - 1a. Região,33201,INSS,2026,1547559120254010000,"Índice de 28,86% Lei 8.622/1993 e 8.627/1993 - Reajuste de Vencimentos - Servidor",1044253,NAO_IDENTIFICADO,PENDENTE,,,0154755-91.2025.4.01.9198,,29979036000140,Entidade sem PRC extraido no TRF1 (CNPJ pode estar incorreto),TRF1,0808077,Tribunal Regional Federal da 1a. Região,"1993-07-26 00:00:00,000","2025-03-31 00:00:00,000",11,Não,31909100,1042661,1075529.54293803,Não Fundef,31,20 anos ou mais,Pessoal,Acima de R$ 1 milhão e até R$ 10 milhões,MATCH_VALOR_-4.8%
12102,TRF - 1a. Região,33201,INSS,2026,1549602320254010000,"Índice de 28,86% Lei 8.622/1993 e 8.627/1993 - Reajuste de Vencimentos - Servidor",1043667,NAO_IDENTIFICADO,PENDENTE,,,0154960-23.2025.4.01.9198,,29979036000140,Entidade sem PRC extraido no TRF1 (CNPJ pode estar incorreto),TRF1,0808077,Tribunal Regional Federal da 1a. Região,"1993-07-26 00:00:00,000","2025-03-31 00:00:00,000",11,Não,31909100,1042661,1075529.54293803,Não Fundef,31,20 anos ou mais,Pessoal,Acima de R$ 1 milhão e até R$ 10 milhões,MATCH_VALOR_-4.9%
12102,TRF - 1a. Região,33201,INSS,2026,1359084120254010000,Gratificação Incorporada/Quintos e Décimos/VPNI - Sistema Remuneratório e,1043327,NAO_IDENTIFICADO,PENDENTE,,,0135908-41.2025.4.01.9198,,29979036000140,Entidade sem PRC extraido no TRF1 (CNPJ pode estar incorreto),TRF1,0808077,Tribunal Regional Federal da 1a. Região,"1993-07-26 00:00:00,000","2025-03-31 00:00:00,000",11,Não,31909100,1042661,1075529.54293803,Não Fundef,31,20 anos ou mais,Pessoal,Acima de R$ 1 milhão e até R$ 10 milhões,MATCH_VALOR_0.1%
12102,TRF - 1a. Região,71103,EFU - Sentenças Judiciais,2026,2744169820244010000,Enquadramento - Regime Estatutário - Servidor Público Civil - Administrativo,1042935,NAO_IDENTIFICADO,PENDENTE,,,0274416-98.2024.4.01.9198,,,UO generica EFU - sem CNPJ especifico para busca,NAO_TESTADO,0809722,Tribunal Regional Federal da 1a. Região,"1990-03-19 00:00:00,000","2025-03-31 00:00:00,000",11,Não,31909100,1064962,1098533.5531935792,Não Fundef,35,20 anos ou mais,Pessoal,Acima de R$ 1 milhão e até R$ 10 milhões,MATCH_VALOR_2.1%
12102,TRF - 1a. Região,33201,INSS,2026,1548476920254010000,"Índice de 28,86% Lei 8.622/1993 e 8.627/1993 - Reajuste de Vencimentos - Servidor",1042661,NAO_IDENTIFICADO,PENDENTE,,,0154847-69.2025.4.01.9198,,29979036000140,Entidade sem PRC extraido no TRF1 (CNPJ pode estar incorreto),TRF1,0808077,Tribunal Regional Federal da 1a. Região,"1993-07-26 00:00:00,000","2025-03-31 00:00:00,000",11,Não,31909100,1042661,1075529.54293803,Não Fundef,31,20 anos ou mais,Pessoal,Acima de R$ 1 milhão e até R$ 10 milhões,MATCH_VALOR_-5.0%
12102,TRF - 1a. Região,33201,INSS,2026,1545653120254010000,"Índice de 28,86% Lei 8.622/1993 e 8.627/1993 - Reajuste de Vencimentos - Servidor",1042562,NAO_IDENTIFICADO,PENDENTE,,,0154565-31.2025.4.01.9198,,29979036000140,Entidade sem PRC extraido no TRF1 (CNPJ pode estar incorreto),TRF1,0808077,Tribunal Regional Federal da 1a. Região,"1993-07-26 00:00:00,000","2025-03-31 00:00:00,000",11,Não,31909100,1042661,1075529.54293803,Não Fundef,31,20 anos ou mais,Pessoal,Acima de R$ 1 milhão e até R$ 10 milhões,MATCH_VALOR_-5.0%
12102,TRF - 1a. Região,33201,INSS,2026,1553214020254010000,"Índice de 28,86% Lei 8.622/1993 e 8.627/1993 - Reajuste de Vencimentos - Servidor",1042066,NAO_IDENTIFICADO,PENDENTE,,,0155321-40.2025.4.01.9198,,29979036000140,Entidade sem PRC extraido no TRF1 (CNPJ pode estar incorreto),TRF1,0808077,Tribunal Regional Federal da 1a. Região,"1993-07-26 00:00:00,000","2025-03-31 00:00:00,000",11,Não,31909100,1042661,1075529.54293803,Não Fundef,31,20 anos ou mais,Pessoal,Acima de R$ 1 milhão e até R$ 10 milhões,MATCH_VALOR_-4.9%
12102,TRF - 1a. Região,33201,INSS,2026,1551291020254010000,"Índice de 28,86% Lei 8.622/1993 e 8.627/1993 - Reajuste de Vencimentos - Servidor",1041230,NAO_IDENTIFICADO,PENDENTE,,,0155129-10.2025.4.01.9198,,29979036000140,Entidade sem PRC extraido no TRF1 (CNPJ pode estar incorreto),TRF1,0808077,Tribunal Regional Federal da 1a. Região,"1993-07-26 00:00:00,000","2025-03-31 00:00:00,000",11,Não,31909100,1042661,1075529.54293803,Não Fundef,31,20 anos ou mais,Pessoal,Acima de R$ 1 milhão e até R$ 10 milhões,MATCH_VALOR_-4.9%
12102,TRF - 1a. Região,33201,INSS,2026,1550442420254010000,"Índice de 28,86% Lei 8.622/1993 e 8.627/1993 - Reajuste de Vencimentos - Servidor",1041013,NAO_IDENTIFICADO,PENDENTE,,,0155044-24.2025.4.01.9198,,29979036000140,Entidade sem PRC extraido no TRF1 (CNPJ pode estar incorreto),TRF1,0808077,Tribunal Regional Federal da 1a. Região,"1993-07-26 00:00:00,000","2025-03-31 00:00:00,000",11,Não,31909100,1042661,1075529.54293803,Não Fundef,31,20 anos ou mais,Pessoal,Acima de R$ 1 milhão e até R$ 10 milhões,MATCH_VALOR_-4.8%
12102,TRF - 1a. Região,33201,INSS,2026,1549394720254010000,"Índice de 28,86% Lei 8.622/1993 e 8.627/1993 - Reajuste de Vencimentos - Servidor",1040648,NAO_IDENTIFICADO,PENDENTE,,,0154939-47.2025.4.01.9198,,29979036000140,Entidade sem PRC extraido no TRF1 (CNPJ pode estar incorreto),TRF1,0808077,Tribunal Regional Federal da 1a. Região,"1993-07-26 00:00:00,000","2025-03-31 00:00:00,000",11,Não,31909100,1042661,1075529.54293803,Não Fundef,31,20 anos ou mais,Pessoal,Acima de R$ 1 milhão e até R$ 10 milhões,MATCH_VALOR_-4.8%
12102,TRF - 1a. Região,71103,EFU - Sentenças Judiciais,2026,1646576820254010000,Gratificação Incorporada/Quintos e Décimos/VPNI - Sistema Remuneratório e,1040299,NAO_IDENTIFICADO,PENDENTE,,,0164657-68.2025.4.01.9198,,,UO generica EFU - sem CNPJ especifico para busca,NAO_TESTADO,0809722,Tribunal Regional Federal da 1a. Região,"1990-03-19 00:00:00,000","2025-03-31 00:00:00,000",11,Não,31909100,1064962,1098533.5531935792,Não Fundef,35,20 anos ou mais,Pessoal,Acima de R$ 1 milhão e até R$ 10 milhões,MATCH_VALOR_-2.6%
12102,TRF - 1a. Região,33201,INSS,2026,1550217820254010000,"Índice de 28,86% Lei 8.622/1993 e 8.627/1993 - Reajuste de Vencimentos - Servidor",1039895,NAO_IDENTIFICADO,PENDENTE,,,0155021-78.2025.4.01.9198,,29979036000140,Entidade sem PRC extraido no TRF1 (CNPJ pode estar incorreto),TRF1,0808077,Tribunal Regional Federal da 1a. Região,"1993-07-26 00:00:00,000","2025-03-31 00:00:00,000",11,Não,31909100,1042661,1075529.54293803,Não Fundef,31,20 anos ou mais,Pessoal,Acima de R$ 1 milhão e até R$ 10 milhões,MATCH_VALOR_-4.7%
12102,TRF - 1a. Região,33201,INSS,2026,1551793620254010000,"Índice de 28,86% Lei 8.622/1993 e 8.627/1993 - Reajuste de Vencimentos - Servidor",1039720,NAO_IDENTIFICADO,PENDENTE,,,0155179-36.2025.4.01.9198,,29979036000140,Entidade sem PRC extraido no TRF1 (CNPJ pode estar incorreto),TRF1,0808077,Tribunal Regional Federal da 1a. Região,"1993-07-26 00:00:00,000","2025-03-31 00:00:00,000",11,Não,31909100,1042661,1075529.54293803,Não Fundef,31,20 anos ou mais,Pessoal,Acima de R$ 1 milhão e até R$ 10 milhões,MATCH_VALOR_-4.7%
12102,TRF - 1a. Região,36211,FUNASA,2026,1663551220254010000,"Índice de 28,86% Lei 8.622/1993 e 8.627/1993 - Reajuste de Vencimentos - Servidor",1039681,NAO_IDENTIFICADO,PENDENTE,,,0166355-12.2025.4.01.9198,,,Entidade nao mapeada para extracao TRF1,NAO_TESTADO,,,,,,,,,,,,,,,SEM_MATCH_VALOR_23_cand
12102,TRF - 1a. Região,33201,INSS,2026,1545271920254010000,"Índice de 28,86% Lei 8.622/1993 e 8.627/1993 - Reajuste de Vencimentos - Servidor",1039409,NAO_IDENTIFICADO,PENDENTE,,,0154527-19.2025.4.01.9198,,29979036000140,Entidade sem PRC extraido no TRF1 (CNPJ pode estar incorreto),TRF1,0808077,Tribunal Regional Federal da 1a. Região,"1993-07-26 00:00:00,000","2025-03-31 00:00:00,000",11,Não,31909100,1042661,1075529.54293803,Não Fundef,31,20 anos ou mais,Pessoal,Acima de R$ 1 milhão e até R$ 10 milhões,MATCH_VALOR_-4.7%
12102,TRF - 1a. Região,33201,INSS,2026,1550745920254010000,"Índice de 28,86% Lei 8.622/1993 e 8.627/1993 - Reajuste de Vencimentos - Servidor",1038695,NAO_IDENTIFICADO,PENDENTE,,,0155074-59.2025.4.01.9198,,29979036000140,Entidade sem PRC extraido no TRF1 (CNPJ pode estar incorreto),TRF1,0808077,Tribunal Regional Federal da 1a. Região,"1993-07-26 00:00:00,000","2025-03-31 00:00:00,000",11,Não,31909100,1042661,1075529.54293803,Não Fundef,31,20 anos ou mais,Pessoal,Acima de R$ 1 milhão e até R$ 10 milhões,MATCH_VALOR_-4.6%
12102,TRF - 1a. Região,71103,EFU - Sentenças Judiciais,2026,2988496920244010000,Enquadramento - Regime Estatutário - Servidor Público Civil - Administrativo,1038630,NAO_IDENTIFICADO,PENDENTE,,,0298849-69.2024.4.01.9198,,,UO generica EFU - sem CNPJ especifico para busca,NAO_TESTADO,0809722,Tribunal Regional Federal da 1a. Região,"1990-03-19 00:00:00,000","2025-03-31 00:00:00,000",11,Não,31909100,1064962,1098533.5531935792,Não Fundef,35,20 anos ou mais,Pessoal,Acima de R$ 1 milhão e até R$ 10 milhões,MATCH_VALOR_2.5%
12102,TRF - 1a. Região,71103,EFU - Sentenças Judiciais,2026,1647347720254010000,Isonomia/Equivalência Salarial - Regime Estatutário - Servidor Público Civil,1038020,NAO_IDENTIFICADO,PENDENTE,,,0164734-77.2025.4.01.9198,,,UO generica EFU - sem CNPJ especifico para busca,NAO_TESTADO,0809722,Tribunal Regional Federal da 1a. Região,"1990-03-19 00:00:00,000","2025-03-31 00:00:00,000",11,Não,31909100,1064962,1098533.5531935792,Não Fundef,35,20 anos ou mais,Pessoal,Acima de R$ 1 milhão e até R$ 10 milhões,MATCH_VALOR_2.6%
12102,TRF - 1a. Região,33201,INSS,2026,1553136320254010000,"Índice de 28,86% Lei 8.622/1993 e 8.627/1993 - Reajuste de Vencimentos - Servidor",1037855,NAO_IDENTIFICADO,PENDENTE,,,0155313-63.2025.4.01.9198,,29979036000140,Entidade sem PRC extraido no TRF1 (CNPJ pode estar incorreto),TRF1,0808077,Tribunal Regional Federal da 1a. Região,"1993-07-26 00:00:00,000","2025-03-31 00:00:00,000",11,Não,31909100,1042661,1075529.54293803,Não Fundef,31,20 anos ou mais,Pessoal,Acima de R$ 1 milhão e até R$ 10 milhões,MATCH_VALOR_-4.5%
12102,TRF - 1a. Região,71103,EFU - Sentenças Judiciais,2026,1663594920254010000,Competência da Justiça Federal - Competência - Jurisdição e Competência - DIREITO,1037789,NAO_IDENTIFICADO,PENDENTE,,,0166359-49.2025.4.01.9198,,,UO generica EFU - sem CNPJ especifico para busca,NAO_TESTADO,0809722,Tribunal Regional Federal da 1a. Região,"1990-03-19 00:00:00,000","2025-03-31 00:00:00,000",11,Não,31909100,1064962,1098533.5531935792,Não Fundef,35,20 anos ou mais,Pessoal,Acima de R$ 1 milhão e até R$ 10 milhões,MATCH_VALOR_2.6%
12102,TRF - 1a. Região,33201,INSS,2026,1549610820254010000,"Índice de 28,86% Lei 8.622/1993 e 8.627/1993 - Reajuste de Vencimentos - Servidor",1037383,NAO_IDENTIFICADO,PENDENTE,,,0154961-08.2025.4.01.9198,,29979036000140,Entidade sem PRC extraido no TRF1 (CNPJ pode estar incorreto),TRF1,0808077,Tribunal Regional Federal da 1a. Região,"1993-07-26 00:00:00,000","2025-03-31 00:00:00,000",11,Não,31909100,1042661,1075529.54293803,Não Fundef,31,20 anos ou mais,Pessoal,Acima de R$ 1 milhão e até R$ 10 milhões,MATCH_VALOR_-4.5%
12102,TRF - 1a. Região,33201,INSS,2026,1553231020254010000,"Índice de 28,86% Lei 8.622/1993 e 8.627/1993 - Reajuste de Vencimentos - Servidor",1036725,NAO_IDENTIFICADO,PENDENTE,,,0155323-10.2025.4.01.9198,,29979036000140,Entidade sem PRC extraido no TRF1 (CNPJ pode estar incorreto),TRF1,0808077,Tribunal Regional Federal da 1a. Região,"1993-07-26 00:00:00,000","2025-03-31 00:00:00,000",11,Não,31909100,1042661,1075529.54293803,Não Fundef,31,20 anos ou mais,Pessoal,Acima de R$ 1 milhão e até R$ 10 milhões,MATCH_VALOR_-4.4%
12102,TRF - 1a. Região,33201,INSS,2026,1545020620254010000,"Índice de 28,86% Lei 8.622/1993 e 8.627/1993 - Reajuste de Vencimentos - Servidor",1036499,NAO_IDENTIFICADO,PENDENTE,,,0154502-06.2025.4.01.9198,,29979036000140,Entidade sem PRC extraido no TRF1 (CNPJ pode estar incorreto),TRF1,0808077,Tribunal Regional Federal da 1a. Região,"1993-07-26 00:00:00,000","2025-03-31 00:00:00,000",11,Não,31909100,1042661,1075529.54293803,Não Fundef,31,20 anos ou mais,Pessoal,Acima de R$ 1 milhão e até R$ 10 milhões,MATCH_VALOR_-4.4%
12102,TRF - 1a. Região,33904,F. Regime Geral Prev. Social,2026,5897197920244010000,Averbação/cômputo de tempo de serviço urbano - Tempo de Serviço - Direito,1036426,NAO_IDENTIFICADO,PENDENTE,,,0589719-79.2024.4.01.9198,,,Entidade nao mapeada para extracao TRF1,NAO_TESTADO,0846387,Tribunal Regional Federal da 3a. Região,"2006-09-28 00:00:00,000","2025-03-07 00:00:00,000",12,Não,33909100,1045242,1078191.9056334058,Não Fundef,18,De 15 até 20 anos,Previdência,Acima de R$ 1 milhão e até R$ 10 milhões,MATCH_VALOR_0.9%
12102,TRF - 1a. Região,33201,INSS,2026,1548952820254010000,"Índice de 28,86% Lei 8.622/1993 e 8.627/1993 - Reajuste de Vencimentos - Servidor",1036415,NAO_IDENTIFICADO,PENDENTE,,,0154895-28.2025.4.01.9198,,29979036000140,Entidade sem PRC extraido no TRF1 (CNPJ pode estar incorreto),TRF1,0808077,Tribunal Regional Federal da 1a. Região,"1993-07-26 00:00:00,000","2025-03-31 00:00:00,000",11,Não,31909100,1042661,1075529.54293803,Não Fundef,31,20 anos ou mais,Pessoal,Acima de R$ 1 milhão e até R$ 10 milhões,MATCH_VALOR_-4.4%
12102,TRF - 1a. Região,71103,EFU - Sentenças Judiciais,2026,1471457220254010000,Reforma - Sistema Remuneratório - Servidor Público Militar - Administrativo,1036311,NAO_IDENTIFICADO,PENDENTE,,,0147145-72.2025.4.01.9198,,,UO generica EFU - sem CNPJ especifico para busca,NAO_TESTADO,0822559,Tribunal Regional Federal da 1a. Região,"2017-04-11 00:00:00,000","2024-10-23 00:00:00,000",21,Sim,33909100,1008822,1040623.8121171019,Não Fundef,7,De 5 até 10 anos,OCC,Acima de R$ 1 milhão e até R$ 10 milhões,MATCH_VALOR_2.7%
12102,TRF - 1a. Região,33201,INSS,2026,1551915020254010000,"Índice de 28,86% Lei 8.622/1993 e 8.627/1993 - Reajuste de Vencimentos - Servidor",1036268,NAO_IDENTIFICADO,PENDENTE,,,0155191-50.2025.4.01.9198,,29979036000140,Entidade sem PRC extraido no TRF1 (CNPJ pode estar incorreto),TRF1,0808077,Tribunal Regional Federal da 1a. Região,"1993-07-26 00:00:00,000","2025-03-31 00:00:00,000",11,Não,31909100,1042661,1075529.54293803,Não Fundef,31,20 anos ou mais,Pessoal,Acima de R$ 1 milhão e até R$ 10 milhões,MATCH_VALOR_-4.4%
12102,TRF - 1a. Região,33201,INSS,2026,1553360920254010000,"Índice de 28,86% Lei 8.622/1993 e 8.627/1993 - Reajuste de Vencimentos - Servidor",1035838,NAO_IDENTIFICADO,PENDENTE,,,0155336-09.2025.4.01.9198,,29979036000140,Entidade sem PRC extraido no TRF1 (CNPJ pode estar incorreto),TRF1,0808077,Tribunal Regional Federal da 1a. Região,"1993-07-26 00:00:00,000","2025-03-31 00:00:00,000",11,Não,31909100,1042661,1075529.54293803,Não Fundef,31,20 anos ou mais,Pessoal,Acima de R$ 1 milhão e até R$ 10 milhões,MATCH_VALOR_-4.3%
12102,TRF - 1a. Região,33201,INSS,2026,1550762920254010000,"Índice de 28,86% Lei 8.622/1993 e 8.627/1993 - Reajuste de Vencimentos - Servidor",1035745,NAO_IDENTIFICADO,PENDENTE,,,0155076-29.2025.4.01.9198,,29979036000140,Entidade sem PRC extraido no TRF1 (CNPJ pode estar incorreto),TRF1,0808077,Tribunal Regional Federal da 1a. Região,"1993-07-26 00:00:00,000","2025-03-31 00:00:00,000",11,Não,31909100,1042661,1075529.54293803,Não Fundef,31,20 anos ou mais,Pessoal,Acima de R$ 1 milhão e até R$ 10 milhões,MATCH_VALOR_-4.3%
12103,TRF - 2a. Região,33201,INSS,2026,50078311120254000000,Plano de Classificação de Cargos,1035358,NAO_IDENTIFICADO,PENDENTE,,,5007831-11.2025.4.00.9198,,29979036000140,Formato 20 dig com tribunal 00 - provavel outro TRF (nao TRF1),TRF1,0808077,Tribunal Regional Federal da 1a. Região,"1993-07-26 00:00:00,000","2025-03-31 00:00:00,000",11,Não,31909100,1042661,1075529.54293803,Não Fundef,31,20 anos ou mais,Pessoal,Acima de R$ 1 milhão e até R$ 10 milhões,MATCH_VALOR_0.7%
12102,TRF - 1a. Região,33201,INSS,2026,1544978120254010000,"Índice de 28,86% Lei 8.622/1993 e 8.627/1993 - Reajuste de Vencimentos - Servidor",1035025,NAO_IDENTIFICADO,PENDENTE,,,0154497-81.2025.4.01.9198,,29979036000140,Entidade sem PRC extraido no TRF1 (CNPJ pode estar incorreto),TRF1,0808077,Tribunal Regional Federal da 1a. Região,"1993-07-26 00:00:00,000","2025-03-31 00:00:00,000",11,Não,31909100,1042661,1075529.54293803,Não Fundef,31,20 anos ou mais,Pessoal,Acima de R$ 1 milhão e até R$ 10 milhões,MATCH_VALOR_-4.3%
12102,TRF - 1a. Região,33201,INSS,2026,1551569020254010000,"Índice de 28,86% Lei 8.622/1993 e 8.627/1993 - Reajuste de Vencimentos - Servidor",1034954,NAO_IDENTIFICADO,PENDENTE,,,0155156-90.2025.4.01.9198,,29979036000140,Entidade sem PRC extraido no TRF1 (CNPJ pode estar incorreto),TRF1,0808077,Tribunal Regional Federal da 1a. Região,"1993-07-26 00:00:00,000","2025-03-31 00:00:00,000",11,Não,31909100,1042661,1075529.54293803,Não Fundef,31,20 anos ou mais,Pessoal,Acima de R$ 1 milhão e até R$ 10 milhões,MATCH_VALOR_-4.3%
12102,TRF - 1a. Região,33904,F. Regime Geral Prev. Social,2026,902526120254019000,Pensão por Morte (Art. 74/9) - Benefícios em Espécie - Direito Previdenciário,1034781,NAO_IDENTIFICADO,PENDENTE,,,0090252-61.2025.4.01.9198,,,Entidade nao mapeada para extracao TRF1,NAO_TESTADO,0846387,Tribunal Regional Federal da 3a. Região,"2006-09-28 00:00:00,000","2025-03-07 00:00:00,000",12,Não,33909100,1045242,1078191.9056334058,Não Fundef,18,De 15 até 20 anos,Previdência,Acima de R$ 1 milhão e até R$ 10 milhões,MATCH_VALOR_1.0%
11101,Superior Tribunal de Justiça,52101,M. da Defesa,2025,13174,Administrativo - Militar - Regime - Anistia Política,1034627,NAO_IDENTIFICADO,PENDENTE,,,,,,Entidade nao mapeada para extracao TRF1,NAO_TESTADO,,,,,,,,,,,,,,,SEM_UO_NO_SIOP
12102,TRF - 1a. Região,33201,INSS,2026,1550511620254010000,"Índice de 28,86% Lei 8.622/1993 e 8.627/1993 - Reajuste de Vencimentos - Servidor",1034126,NAO_IDENTIFICADO,PENDENTE,,,0155051-16.2025.4.01.9198,,29979036000140,Entidade sem PRC extraido no TRF1 (CNPJ pode estar incorreto),TRF1,0808077,Tribunal Regional Federal da 1a. Região,"1993-07-26 00:00:00,000","2025-03-31 00:00:00,000",11,Não,31909100,1042661,1075529.54293803,Não Fundef,31,20 anos ou mais,Pessoal,Acima de R$ 1 milhão e até R$ 10 milhões,MATCH_VALOR_-4.2%
12102,TRF - 1a. Região,33904,F. Regime Geral Prev. Social,2026,502574120254019000,RMI pela equivalência entre Salário-de-Benefício e Salário-de-Contribuição - Renda,1033261,NAO_IDENTIFICADO,PENDENTE,,,0050257-41.2025.4.01.9198,,,Entidade nao mapeada para extracao TRF1,NAO_TESTADO,0846387,Tribunal Regional Federal da 3a. Região,"2006-09-28 00:00:00,000","2025-03-07 00:00:00,000",12,Não,33909100,1045242,1078191.9056334058,Não Fundef,18,De 15 até 20 anos,Previdência,Acima de R$ 1 milhão e até R$ 10 milhões,MATCH_VALOR_1.2%
12102,TRF - 1a. Região,33201,INSS,2026,1548147920254010000,"Índice de 28,86% Lei 8.622/1993 e 8.627/1993 - Reajuste de Vencimentos - Servidor",1032171,NAO_IDENTIFICADO,PENDENTE,,,0154814-79.2025.4.01.9198,,29979036000140,Entidade sem PRC extraido no TRF1 (CNPJ pode estar incorreto),TRF1,0808077,Tribunal Regional Federal da 1a. Região,"1993-07-26 00:00:00,000","2025-03-31 00:00:00,000",11,Não,31909100,1042661,1075529.54293803,Não Fundef,31,20 anos ou mais,Pessoal,Acima de R$ 1 milhão e até R$ 10 milhões,MATCH_VALOR_-4.0%
12102,TRF - 1a. Região,33201,INSS,2026,1387006520254010000,"Índice de 28,86% Lei 8.622/1993 e 8.627/1993 - Reajuste de Vencimentos - Servidor",1031433,NAO_IDENTIFICADO,PENDENTE,,,0138700-65.2025.4.01.9198,,29979036000140,Entidade sem PRC extraido no TRF1 (CNPJ pode estar incorreto),TRF1,0808077,Tribunal Regional Federal da 1a. Região,"1993-07-26 00:00:00,000","2025-03-31 00:00:00,000",11,Não,31909100,1042661,1075529.54293803,Não Fundef,31,20 anos ou mais,Pessoal,Acima de R$ 1 milhão e até R$ 10 milhões,MATCH_VALOR_-3.9%
11101,Superior Tribunal de Justiça,52101,M. da Defesa,2025,13212,Administrativo - Militar - Regime - Anistia Política,1031296,NAO_IDENTIFICADO,PENDENTE,,,,,,Entidade nao mapeada para extracao TRF1,NAO_TESTADO,,,,,,,,,,,,,,,SEM_UO_NO_SIOP
12102,TRF - 1a. Região,33201,INSS,2026,1553421620254010000,"Índice de 28,86% Lei 8.622/1993 e 8.627/1993 - Reajuste de Vencimentos - Servidor",1030327,NAO_IDENTIFICADO,PENDENTE,,,0155342-16.2025.4.01.9198,,29979036000140,Entidade sem PRC extraido no TRF1 (CNPJ pode estar incorreto),TRF1,0808077,Tribunal Regional Federal da 1a. Região,"1993-07-26 00:00:00,000","2025-03-31 00:00:00,000",11,Não,31909100,1042661,1075529.54293803,Não Fundef,31,20 anos ou mais,Pessoal,Acima de R$ 1 milhão e até R$ 10 milhões,MATCH_VALOR_-3.8%
12102,TRF - 1a. Região,33201,INSS,2026,1251786820254010000,"Correção Monetária de Diferenças Pagas em Atraso - Reajustes de Remuneração,",1030142,NAO_IDENTIFICADO,PENDENTE,,,0125178-68.2025.4.01.9198,,29979036000140,Entidade sem PRC extraido no TRF1 (CNPJ pode estar incorreto),TRF1,0808077,Tribunal Regional Federal da 1a. Região,"1993-07-26 00:00:00,000","2025-03-31 00:00:00,000",11,Não,31909100,1042661,1075529.54293803,Não Fundef,31,20 anos ou mais,Pessoal,Acima de R$ 1 milhão e até R$ 10 milhões,MATCH_VALOR_1.2%
12102,TRF - 1a. Região,33201,INSS,2026,1547402520254010000,"Índice de 28,86% Lei 8.622/1993 e 8.627/1993 - Reajuste de Vencimentos - Servidor",1029952,NAO_IDENTIFICADO,PENDENTE,,,0154740-25.2025.4.01.9198,,29979036000140,Entidade sem PRC extraido no TRF1 (CNPJ pode estar incorreto),TRF1,0808077,Tribunal Regional Federal da 1a. Região,"1993-07-26 00:00:00,000","2025-03-31 00:00:00,000",11,Não,31909100,1042661,1075529.54293803,Não Fundef,31,20 anos ou mais,Pessoal,Acima de R$ 1 milhão e até R$ 10 milhões,MATCH_VALOR_-3.8%
10101,Supremo Tribunal Federal,71103,EFU - Sentenças Judiciais,2025,21,COMUM,1028211,NAO_IDENTIFICADO,PENDENTE,,,,,,UO generica EFU - sem CNPJ especifico para busca,NAO_TESTADO,0822559,Tribunal Regional Federal da 1a. Região,"2017-04-11 00:00:00,000","2024-10-23 00:00:00,000",21,Sim,33909100,1008822,1040623.8121171019,Não Fundef,7,De 5 até 10 anos,OCC,Acima de R$ 1 milhão e até R$ 10 milhões,MATCH_VALOR_1.9%
10101,Supremo Tribunal Federal,71103,EFU - Sentenças Judiciais,2025,22,COMUM,1028211,NAO_IDENTIFICADO,PENDENTE,,,,,,UO generica EFU - sem CNPJ especifico para busca,NAO_TESTADO,0822559,Tribunal Regional Federal da 1a. Região,"2017-04-11 00:00:00,000","2024-10-23 00:00:00,000",21,Sim,33909100,1008822,1040623.8121171019,Não Fundef,7,De 5 até 10 anos,OCC,Acima de R$ 1 milhão e até R$ 10 milhões,MATCH_VALOR_1.9%
12102,TRF - 1a. Região,33201,INSS,2026,1548156420254010000,"Índice de 28,86% Lei 8.622/1993 e 8.627/1993 - Reajuste de Vencimentos - Servidor",1027723,NAO_IDENTIFICADO,PENDENTE,,,0154815-64.2025.4.01.9198,,29979036000140,Entidade sem PRC extraido no TRF1 (CNPJ pode estar incorreto),TRF1,0808077,Tribunal Regional Federal da 1a. Região,"1993-07-26 00:00:00,000","2025-03-31 00:00:00,000",11,Não,31909100,1042661,1075529.54293803,Não Fundef,31,20 anos ou mais,Pessoal,Acima de R$ 1 milhão e até R$ 10 milhões,MATCH_VALOR_-3.5%
12102,TRF - 1a. Região,33201,INSS,2026,1548918820254010000,"Índice de 28,86% Lei 8.622/1993 e 8.627/1993 - Reajuste de Vencimentos - Servidor",1026184,NAO_IDENTIFICADO,PENDENTE,,,0154891-88.2025.4.01.9198,,29979036000140,Entidade sem PRC extraido no TRF1 (CNPJ pode estar incorreto),TRF1,0808077,Tribunal Regional Federal da 1a. Região,"1993-07-26 00:00:00,000","2025-03-31 00:00:00,000",11,Não,31909100,1042661,1075529.54293803,Não Fundef,31,20 anos ou mais,Pessoal,Acima de R$ 1 milhão e até R$ 10 milhões,MATCH_VALOR_-3.4%
12102,TRF - 1a. Região,33201,INSS,2026,1475553320254010000,"Índice de 28,86% Lei 8.622/1993 e 8.627/1993 - Reajuste de Vencimentos - Servidor",1025861,NAO_IDENTIFICADO,PENDENTE,,,0147555-33.2025.4.01.9198,,29979036000140,Entidade sem PRC extraido no TRF1 (CNPJ pode estar incorreto),TRF1,0808077,Tribunal Regional Federal da 1a. Região,"1993-07-26 00:00:00,000","2025-03-31 00:00:00,000",11,Não,31909100,1042661,1075529.54293803,Não Fundef,31,20 anos ou mais,Pessoal,Acima de R$ 1 milhão e até R$ 10 milhões,MATCH_VALOR_-3.4%
12102,TRF - 1a. Região,33201,INSS,2026,1548892120254010000,"Índice de 28,86% Lei 8.622/1993 e 8.627/1993 - Reajuste de Vencimentos - Servidor",1024996,NAO_IDENTIFICADO,PENDENTE,,,0154889-21.2025.4.01.9198,,29979036000140,Entidade sem PRC extraido no TRF1 (CNPJ pode estar incorreto),TRF1,0808077,Tribunal Regional Federal da 1a. Região,"1993-07-26 00:00:00,000","2025-03-31 00:00:00,000",11,Não,31909100,1042661,1075529.54293803,Não Fundef,31,20 anos ou mais,Pessoal,Acima de R$ 1 milhão e até R$ 10 milhões,MATCH_VALOR_-3.3%
12102,TRF - 1a. Região,24204,CNEN,2026,532644120254019000,Adicional de horas extras - Sistema Remuneratório - Servidor Público Civil,1024924,NAO_IDENTIFICADO,PENDENTE,,,0053264-41.2025.4.01.9198,,,Entidade nao mapeada para extracao TRF1,NAO_TESTADO,,,,,,,,,,,,,,,SEM_MATCH_VALOR_41_cand
12102,TRF - 1a. Região,33201,INSS,2026,1549541620254010000,"Índice de 28,86% Lei 8.622/1993 e 8.627/1993 - Reajuste de Vencimentos - Servidor",1024779,NAO_IDENTIFICADO,PENDENTE,,,0154954-16.2025.4.01.9198,,29979036000140,Entidade sem PRC extraido no TRF1 (CNPJ pode estar incorreto),TRF1,0808077,Tribunal Regional Federal da 1a. Região,"1993-07-26 00:00:00,000","2025-03-31 00:00:00,000",11,Não,31909100,1042661,1075529.54293803,Não Fundef,31,20 anos ou mais,Pessoal,Acima de R$ 1 milhão e até R$ 10 milhões,MATCH_VALOR_-3.3%
12102,TRF - 1a. Região,71103,EFU - Sentenças Judiciais,2026,381921420254019000,Anistia Política - Direitos e Garantias Fundamentais,1024633,NAO_IDENTIFICADO,PENDENTE,,,0038192-14.2025.4.01.9198,,,UO generica EFU - sem CNPJ especifico para busca,NAO_TESTADO,0822559,Tribunal Regional Federal da 1a. Região,"2017-04-11 00:00:00,000","2024-10-23 00:00:00,000",21,Sim,33909100,1008822,1040623.8121171019,Não Fundef,7,De 5 até 10 anos,OCC,Acima de R$ 1 milhão e até R$ 10 milhões,MATCH_VALOR_1.5%
12102,TRF - 1a. Região,71103,EFU - Sentenças Judiciais,2026,1463194620254010000,"Índice de 28,86% Lei 8.622/1993 e 8.627/1993 - Reajuste de Vencimentos - Servidor",1024457,NAO_IDENTIFICADO,PENDENTE,,,0146319-46.2025.4.01.9198,,,UO generica EFU - sem CNPJ especifico para busca,NAO_TESTADO,0822559,Tribunal Regional Federal da 1a. Região,"2017-04-11 00:00:00,000","2024-10-23 00:00:00,000",21,Sim,33909100,1008822,1040623.8121171019,Não Fundef,7,De 5 até 10 anos,OCC,Acima de R$ 1 milhão e até R$ 10 milhões,MATCH_VALOR_1.5%
12102,TRF - 1a. Região,33201,INSS,2026,1548667520254010000,"Índice de 28,86% Lei 8.622/1993 e 8.627/1993 - Reajuste de Vencimentos - Servidor",1024283,NAO_IDENTIFICADO,PENDENTE,,,0154866-75.2025.4.01.9198,,29979036000140,Entidade sem PRC extraido no TRF1 (CNPJ pode estar incorreto),TRF1,0808077,Tribunal Regional Federal da 1a. Região,"1993-07-26 00:00:00,000","2025-03-31 00:00:00,000",11,Não,31909100,1042661,1075529.54293803,Não Fundef,31,20 anos ou mais,Pessoal,Acima de R$ 1 milhão e até R$ 10 milhões,MATCH_VALOR_-3.2%
12102,TRF - 1a. Região,33201,INSS,2026,1550243320254010000,"Índice de 28,86% Lei 8.622/1993 e 8.627/1993 - Reajuste de Vencimentos - Servidor",1024023,NAO_IDENTIFICADO,PENDENTE,,,0155024-33.2025.4.01.9198,,29979036000140,Entidade sem PRC extraido no TRF1 (CNPJ pode estar incorreto),TRF1,0808077,Tribunal Regional Federal da 1a. Região,"1993-07-26 00:00:00,000","2025-03-31 00:00:00,000",11,Não,31909100,1042661,1075529.54293803,Não Fundef,31,20 anos ou mais,Pessoal,Acima de R$ 1 milhão e até R$ 10 milhões,MATCH_VALOR_-3.2%
12102,TRF - 1a. Região,33201,INSS,2026,1548598320254010000,"Índice de 28,86% Lei 8.622/1993 e 8.627/1993 - Reajuste de Vencimentos - Servidor",1023653,NAO_IDENTIFICADO,PENDENTE,,,0154859-83.2025.4.01.9198,,29979036000140,Entidade sem PRC extraido no TRF1 (CNPJ pode estar incorreto),TRF1,0808077,Tribunal Regional Federal da 1a. Região,"1993-07-26 00:00:00,000","2025-03-31 00:00:00,000",11,Não,31909100,1042661,1075529.54293803,Não Fundef,31,20 anos ou mais,Pessoal,Acima de R$ 1 milhão e até R$ 10 milhões,MATCH_VALOR_-3.1%
12102,TRF - 1a. Região,26232,UFBA,2026,218736820254019000,Honorários Advocatícios - Sucumbência - Partes e Procuradores - DIREITO,1023587,IDENTIFICADO_PRC,PRC,0021873-68.2025.4.01.9198,0013267-78.1994.4.01.3300/BA,0021873-68.2025.4.01.9198,prefix16_exato,15180714000104,,TRF1,0825368,Tribunal Regional Federal da 1a. Região,"2006-12-11 00:00:00,000","2024-12-06 00:00:00,000",11,Não,31909100,1023298,1055556.1493423083,Não Fundef,17,De 15 até 20 anos,Pessoal,Acima de R$ 1 milhão e até R$ 10 milhões,MATCH_VALOR_0.0%
12102,TRF - 1a. Região,26232,UFBA,2026,218753820254019000,Honorários Advocatícios - Sucumbência - Partes e Procuradores - DIREITO,1023587,IDENTIFICADO_PRC,PRC,0021875-38.2025.4.01.9198,0013267-78.1994.4.01.3300/BA,0021875-38.2025.4.01.9198,prefix16_exato,15180714000104,,TRF1,0825368,Tribunal Regional Federal da 1a. Região,"2006-12-11 00:00:00,000","2024-12-06 00:00:00,000",11,Não,31909100,1023298,1055556.1493423083,Não Fundef,17,De 15 até 20 anos,Pessoal,Acima de R$ 1 milhão e até R$ 10 milhões,MATCH_VALOR_0.0%
12102,TRF - 1a. Região,33201,INSS,2026,1478610220254010000,"Índice de 28,86% Lei 8.622/1993 e 8.627/1993 - Reajuste de Vencimentos - Servidor",1023550,NAO_IDENTIFICADO,PENDENTE,,,0147861-02.2025.4.01.9198,,29979036000140,Entidade sem PRC extraido no TRF1 (CNPJ pode estar incorreto),TRF1,0808077,Tribunal Regional Federal da 1a. Região,"1993-07-26 00:00:00,000","2025-03-31 00:00:00,000",11,Não,31909100,1042661,1075529.54293803,Não Fundef,31,20 anos ou mais,Pessoal,Acima de R$ 1 milhão e até R$ 10 milhões,MATCH_VALOR_-3.1%
12102,TRF - 1a. Região,26232,UFBA,2026,7331991820244010000,Sistema Remuneratório e Benefícios - Servidor Público Civil - Administrativo,1023298,NAO_IDENTIFICADO,PENDENTE,,,0733199-18.2024.4.01.9198,,15180714000104,CNJ candidato nao encontrado na consulta publica TRF1 - possivel delay de sincronizacao,TRF1,0825368,Tribunal Regional Federal da 1a. Região,"2006-12-11 00:00:00,000","2024-12-06 00:00:00,000",11,Não,31909100,1023298,1055556.1493423083,Não Fundef,17,De 15 até 20 anos,Pessoal,Acima de R$ 1 milhão e até R$ 10 milhões,MATCH_VALOR_-5.0%
12102,TRF - 1a. Região,33201,INSS,2026,1548468420254010000,"Índice de 28,86% Lei 8.622/1993 e 8.627/1993 - Reajuste de Vencimentos - Servidor",1023288,NAO_IDENTIFICADO,PENDENTE,,,0154846-84.2025.4.01.9198,,29979036000140,Entidade sem PRC extraido no TRF1 (CNPJ pode estar incorreto),TRF1,0808077,Tribunal Regional Federal da 1a. Região,"1993-07-26 00:00:00,000","2025-03-31 00:00:00,000",11,Não,31909100,1042661,1075529.54293803,Não Fundef,31,20 anos ou mais,Pessoal,Acima de R$ 1 milhão e até R$ 10 milhões,MATCH_VALOR_-3.1%
12102,TRF - 1a. Região,33201,INSS,2026,1548935820254010000,"Índice de 28,86% Lei 8.622/1993 e 8.627/1993 - Reajuste de Vencimentos - Servidor",1023140,NAO_IDENTIFICADO,PENDENTE,,,0154893-58.2025.4.01.9198,,29979036000140,Entidade sem PRC extraido no TRF1 (CNPJ pode estar incorreto),TRF1,0808077,Tribunal Regional Federal da 1a. Região,"1993-07-26 00:00:00,000","2025-03-31 00:00:00,000",11,Não,31909100,1042661,1075529.54293803,Não Fundef,31,20 anos ou mais,Pessoal,Acima de R$ 1 milhão e até R$ 10 milhões,MATCH_VALOR_-3.1%
10101,Supremo Tribunal Federal,71103,EFU - Sentenças Judiciais,2025,04,ALIMENTAR,1022975,NAO_IDENTIFICADO,PENDENTE,,,,,,UO generica EFU - sem CNPJ especifico para busca,NAO_TESTADO,0822559,Tribunal Regional Federal da 1a. Região,"2017-04-11 00:00:00,000","2024-10-23 00:00:00,000",21,Sim,33909100,1008822,1040623.8121171019,Não Fundef,7,De 5 até 10 anos,OCC,Acima de R$ 1 milhão e até R$ 10 milhões,MATCH_VALOR_1.4%
12103,TRF - 2a. Região,33904,F. Regime Geral Prev. Social,2026,50116878020254000000,Reajustes e Revisões Específicos,1022514,NAO_IDENTIFICADO,PENDENTE,,,5011687-80.2025.4.00.9198,,,Entidade nao mapeada para extracao TRF1,NAO_TESTADO,0851631,Tribunal Regional Federal da 3a. Região,"2005-01-18 00:00:00,000","2025-03-25 00:00:00,000",12,Não,33909100,1010096,1041937.9733235755,Não Fundef,20,20 anos ou mais,Previdência,Acima de R$ 1 milhão e até R$ 10 milhões,MATCH_VALOR_1.2%
12102,TRF - 1a. Região,83201,EGPA,2026,1461367520254010000,Honorários Periciais - Direito Processual Civil - Direito Processual,1022197,NAO_IDENTIFICADO,PENDENTE,,,0146136-75.2025.4.01.9198,,,Entidade nao mapeada para extracao TRF1,NAO_TESTADO,,,,,,,,,,,,,,,SEM_MATCH_VALOR_10_cand
12102,TRF - 1a. Região,33904,F. Regime Geral Prev. Social,2026,6992665420244010000,Aposentadoria por tempo de contribuição (art. 55/6) - Benefícios em Espécie - Direito,1021962,NAO_IDENTIFICADO,PENDENTE,,,0699266-54.2024.4.01.9198,,,Entidade nao mapeada para extracao TRF1,NAO_TESTADO,0846387,Tribunal Regional Federal da 3a. Região,"2006-09-28 00:00:00,000","2025-03-07 00:00:00,000",12,Não,33909100,1045242,1078191.9056334058,Não Fundef,18,De 15 até 20 anos,Previdência,Acima de R$ 1 milhão e até R$ 10 milhões,MATCH_VALOR_-2.7%
12102,TRF - 1a. Região,33904,F. Regime Geral Prev. Social,2026,5570567720244010000,Aposentadoria Especial (Art. 57/8) - Benefícios em Espécie - Direito Previdenciário,1021795,NAO_IDENTIFICADO,PENDENTE,,,0557056-77.2024.4.01.9198,,,Entidade nao mapeada para extracao TRF1,NAO_TESTADO,0846387,Tribunal Regional Federal da 3a. Região,"2006-09-28 00:00:00,000","2025-03-07 00:00:00,000",12,Não,33909100,1045242,1078191.9056334058,Não Fundef,18,De 15 até 20 anos,Previdência,Acima de R$ 1 milhão e até R$ 10 milhões,MATCH_VALOR_-2.7%
12102,TRF - 1a. Região,71103,EFU - Sentenças Judiciais,2026,1463186120254010000,"Índice de 28,86% Lei 8.622/1993 e 8.627/1993 - Reajuste de Vencimentos - Servidor",1021221,NAO_IDENTIFICADO,PENDENTE,,,0146318-61.2025.4.01.9198,,,UO generica EFU - sem CNPJ especifico para busca,NAO_TESTADO,0822559,Tribunal Regional Federal da 1a. Região,"2017-04-11 00:00:00,000","2024-10-23 00:00:00,000",21,Sim,33909100,1008822,1040623.8121171019,Não Fundef,7,De 5 até 10 anos,OCC,Acima de R$ 1 milhão e até R$ 10 milhões,MATCH_VALOR_1.2%
12102,TRF - 1a. Região,33201,INSS,2026,1552426120254010000,"Índice de 28,86% Lei 8.622/1993 e 8.627/1993 - Reajuste de Vencimentos - Servidor",1020760,NAO_IDENTIFICADO,PENDENTE,,,0155242-61.2025.4.01.9198,,29979036000140,Entidade sem PRC extraido no TRF1 (CNPJ pode estar incorreto),TRF1,0808077,Tribunal Regional Federal da 1a. Região,"1993-07-26 00:00:00,000","2025-03-31 00:00:00,000",11,Não,31909100,1042661,1075529.54293803,Não Fundef,31,20 anos ou mais,Pessoal,Acima de R$ 1 milhão e até R$ 10 milhões,MATCH_VALOR_-2.9%
12102,TRF - 1a. Região,33201,INSS,2026,1686416020254010000,"Índice de 28,86% Lei 8.622/1993 e 8.627/1993 - Reajuste de Vencimentos - Servidor",1020503,NAO_IDENTIFICADO,PENDENTE,,,0168641-60.2025.4.01.9198,,29979036000140,Entidade sem PRC extraido no TRF1 (CNPJ pode estar incorreto),TRF1,0808077,Tribunal Regional Federal da 1a. Região,"1993-07-26 00:00:00,000","2025-03-31 00:00:00,000",11,Não,31909100,1042661,1075529.54293803,Não Fundef,31,20 anos ou mais,Pessoal,Acima de R$ 1 milhão e até R$ 10 milhões,MATCH_VALOR_-2.8%
12102,TRF - 1a. Região,33201,INSS,2026,1548121220254010000,"Índice de 28,86% Lei 8.622/1993 e 8.627/1993 - Reajuste de Vencimentos - Servidor",1020355,NAO_IDENTIFICADO,PENDENTE,,,0154812-12.2025.4.01.9198,,29979036000140,Entidade sem PRC extraido no TRF1 (CNPJ pode estar incorreto),TRF1,0808077,Tribunal Regional Federal da 1a. Região,"1993-07-26 00:00:00,000","2025-03-31 00:00:00,000",11,Não,31909100,1042661,1075529.54293803,Não Fundef,31,20 anos ou mais,Pessoal,Acima de R$ 1 milhão e até R$ 10 milhões,MATCH_VALOR_-2.8%
12102,TRF - 1a. Região,33201,INSS,2026,1478628420254010000,"Índice de 28,86% Lei 8.622/1993 e 8.627/1993 - Reajuste de Vencimentos - Servidor",1020201,NAO_IDENTIFICADO,PENDENTE,,,0147862-84.2025.4.01.9198,,29979036000140,Entidade sem PRC extraido no TRF1 (CNPJ pode estar incorreto),TRF1,0808077,Tribunal Regional Federal da 1a. Região,"1993-07-26 00:00:00,000","2025-03-31 00:00:00,000",11,Não,31909100,1042661,1075529.54293803,Não Fundef,31,20 anos ou mais,Pessoal,Acima de R$ 1 milhão e até R$ 10 milhões,MATCH_VALOR_-2.8%
12102,TRF - 1a. Região,33201,INSS,2026,1548632320254010000,"Índice de 28,86% Lei 8.622/1993 e 8.627/1993 - Reajuste de Vencimentos - Servidor",1020189,NAO_IDENTIFICADO,PENDENTE,,,0154863-23.2025.4.01.9198,,29979036000140,Entidade sem PRC extraido no TRF1 (CNPJ pode estar incorreto),TRF1,0808077,Tribunal Regional Federal da 1a. Região,"1993-07-26 00:00:00,000","2025-03-31 00:00:00,000",11,Não,31909100,1042661,1075529.54293803,Não Fundef,31,20 anos ou mais,Pessoal,Acima de R$ 1 milhão e até R$ 10 milhões,MATCH_VALOR_-2.8%
12103,TRF - 2a. Região,33904,F. Regime Geral Prev. Social,2026,50109671620254000000,RMI - Renda Mensal Inicial,1020136,NAO_IDENTIFICADO,PENDENTE,,,5010967-16.2025.4.00.9198,,,Entidade nao mapeada para extracao TRF1,NAO_TESTADO,0851631,Tribunal Regional Federal da 3a. Região,"2005-01-18 00:00:00,000","2025-03-25 00:00:00,000",12,Não,33909100,1010096,1041937.9733235755,Não Fundef,20,20 anos ou mais,Previdência,Acima de R$ 1 milhão e até R$ 10 milhões,MATCH_VALOR_1.0%
12102,TRF - 1a. Região,33904,F. Regime Geral Prev. Social,2026,1599497220254010000,Pensão por Morte (Art. 74/9) - Benefícios em Espécie - Direito Previdenciário,1019910,NAO_IDENTIFICADO,PENDENTE,,,0159949-72.2025.4.01.9198,,,Entidade nao mapeada para extracao TRF1,NAO_TESTADO,0851631,Tribunal Regional Federal da 3a. Região,"2005-01-18 00:00:00,000","2025-03-25 00:00:00,000",12,Não,33909100,1010096,1041937.9733235755,Não Fundef,20,20 anos ou mais,Previdência,Acima de R$ 1 milhão e até R$ 10 milhões,MATCH_VALOR_1.0%
12102,TRF - 1a. Região,33201,INSS,2026,1550226320254010000,"Índice de 28,86% Lei 8.622/1993 e 8.627/1993 - Reajuste de Vencimentos - Servidor",1019403,NAO_IDENTIFICADO,PENDENTE,,,0155022-63.2025.4.01.9198,,29979036000140,Entidade sem PRC extraido no TRF1 (CNPJ pode estar incorreto),TRF1,0808077,Tribunal Regional Federal da 1a. Região,"1993-07-26 00:00:00,000","2025-03-31 00:00:00,000",11,Não,31909100,1042661,1075529.54293803,Não Fundef,31,20 anos ou mais,Pessoal,Acima de R$ 1 milhão e até R$ 10 milhões,MATCH_VALOR_-2.7%
12102,TRF - 1a. Região,33201,INSS,2026,1548866620254010000,"Índice de 28,86% Lei 8.622/1993 e 8.627/1993 - Reajuste de Vencimentos - Servidor",1018821,NAO_IDENTIFICADO,PENDENTE,,,0154886-66.2025.4.01.9198,,29979036000140,Entidade sem PRC extraido no TRF1 (CNPJ pode estar incorreto),TRF1,0808077,Tribunal Regional Federal da 1a. Região,"1993-07-26 00:00:00,000","2025-03-31 00:00:00,000",11,Não,31909100,1042661,1075529.54293803,Não Fundef,31,20 anos ou mais,Pessoal,Acima de R$ 1 milhão e até R$ 10 milhões,MATCH_VALOR_-2.7%
12102,TRF - 1a. Região,33201,INSS,2026,1553473820254010000,"Índice de 28,86% Lei 8.622/1993 e 8.627/1993 - Reajuste de Vencimentos - Servidor",1018784,NAO_IDENTIFICADO,PENDENTE,,,0155347-38.2025.4.01.9198,,29979036000140,Entidade sem PRC extraido no TRF1 (CNPJ pode estar incorreto),TRF1,0808077,Tribunal Regional Federal da 1a. Região,"1993-07-26 00:00:00,000","2025-03-31 00:00:00,000",11,Não,31909100,1042661,1075529.54293803,Não Fundef,31,20 anos ou mais,Pessoal,Acima de R$ 1 milhão e até R$ 10 milhões,MATCH_VALOR_-2.7%
12103,TRF - 2a. Região,33904,F. Regime Geral Prev. Social,2026,50085863520254000000,RMI - Renda Mensal Inicial,1018748,NAO_IDENTIFICADO,PENDENTE,,,5008586-35.2025.4.00.9198,,,Entidade nao mapeada para extracao TRF1,NAO_TESTADO,0851631,Tribunal Regional Federal da 3a. Região,"2005-01-18 00:00:00,000","2025-03-25 00:00:00,000",12,Não,33909100,1010096,1041937.9733235755,Não Fundef,20,20 anos ou mais,Previdência,Acima de R$ 1 milhão e até R$ 10 milhões,MATCH_VALOR_0.8%
12103,TRF - 2a. Região,33904,F. Regime Geral Prev. Social,2026,50083744820244000000,RMI cujo salário-de-benefício supera menor valor teto,1018729,NAO_IDENTIFICADO,PENDENTE,,,5008374-48.2024.4.00.9198,,,Entidade nao mapeada para extracao TRF1,NAO_TESTADO,0851631,Tribunal Regional Federal da 3a. Região,"2005-01-18 00:00:00,000","2025-03-25 00:00:00,000",12,Não,33909100,1010096,1041937.9733235755,Não Fundef,20,20 anos ou mais,Previdência,Acima de R$ 1 milhão e até R$ 10 milhões,MATCH_VALOR_0.8%
12102,TRF - 1a. Região,71103,EFU - Sentenças Judiciais,2026,1601108220254010000,Plano de Classificação de Cargos - Sistema Remuneratório - Servidor Público Civil,1018656,NAO_IDENTIFICADO,PENDENTE,,,0160110-82.2025.4.01.9198,,,UO generica EFU - sem CNPJ especifico para busca,NAO_TESTADO,0822559,Tribunal Regional Federal da 1a. Região,"2017-04-11 00:00:00,000","2024-10-23 00:00:00,000",21,Sim,33909100,1008822,1040623.8121171019,Não Fundef,7,De 5 até 10 anos,OCC,Acima de R$ 1 milhão e até R$ 10 milhões,MATCH_VALOR_1.0%
12102,TRF - 1a. Região,33201,INSS,2026,1550339220254010000,"Índice de 28,86% Lei 8.622/1993 e 8.627/1993 - Reajuste de Vencimentos - Servidor",1018395,NAO_IDENTIFICADO,PENDENTE,,,0155033-92.2025.4.01.9198,,29979036000140,Entidade sem PRC extraido no TRF1 (CNPJ pode estar incorreto),TRF1,0808077,Tribunal Regional Federal da 1a. Região,"1993-07-26 00:00:00,000","2025-03-31 00:00:00,000",11,Não,31909100,1042661,1075529.54293803,Não Fundef,31,20 anos ou mais,Pessoal,Acima de R$ 1 milhão e até R$ 10 milhões,MATCH_VALOR_-2.6%
12102,TRF - 1a. Região,71103,EFU - Sentenças Judiciais,2026,1664971620254010000,"ADIDOS, AGREGADOS E ADJUNTOS - REGIME - SERVIDOR PÚBLICO",1018350,NAO_IDENTIFICADO,PENDENTE,,,0166497-16.2025.4.01.9198,,,UO generica EFU - sem CNPJ especifico para busca,NAO_TESTADO,0822559,Tribunal Regional Federal da 1a. Região,"2017-04-11 00:00:00,000","2024-10-23 00:00:00,000",21,Sim,33909100,1008822,1040623.8121171019,Não Fundef,7,De 5 até 10 anos,OCC,Acima de R$ 1 milhão e até R$ 10 milhões,MATCH_VALOR_0.9%
12102,TRF - 1a. Região,33201,INSS,2026,1655081020254010000,"Índice de 28,86% Lei 8.622/1993 e 8.627/1993 - Reajuste de Vencimentos - Servidor",1017869,NAO_IDENTIFICADO,PENDENTE,,,0165508-10.2025.4.01.9198,,29979036000140,Entidade sem PRC extraido no TRF1 (CNPJ pode estar incorreto),TRF1,0808077,Tribunal Regional Federal da 1a. Região,"1993-07-26 00:00:00,000","2025-03-31 00:00:00,000",11,Não,31909100,1042661,1075529.54293803,Não Fundef,31,20 anos ou mais,Pessoal,Acima de R$ 1 milhão e até R$ 10 milhões,MATCH_VALOR_-2.6%
12102,TRF - 1a. Região,33201,INSS,2026,1544016620254010000,"Índice de 28,86% Lei 8.622/1993 e 8.627/1993 - Reajuste de Vencimentos - Servidor",1017658,NAO_IDENTIFICADO,PENDENTE,,,0154401-66.2025.4.01.9198,,29979036000140,Entidade sem PRC extraido no TRF1 (CNPJ pode estar incorreto),TRF1,0808077,Tribunal Regional Federal da 1a. Região,"1993-07-26 00:00:00,000","2025-03-31 00:00:00,000",11,Não,31909100,1042661,1075529.54293803,Não Fundef,31,20 anos ou mais,Pessoal,Acima de R$ 1 milhão e até R$ 10 milhões,MATCH_VALOR_-2.5%
12102,TRF - 1a. Região,33201,INSS,2026,1549317020254010000,"Índice de 28,86% Lei 8.622/1993 e 8.627/1993 - Reajuste de Vencimentos - Servidor",1017077,NAO_IDENTIFICADO,PENDENTE,,,0154931-70.2025.4.01.9198,,29979036000140,Entidade sem PRC extraido no TRF1 (CNPJ pode estar incorreto),TRF1,0808077,Tribunal Regional Federal da 1a. Região,"1993-07-26 00:00:00,000","2025-03-31 00:00:00,000",11,Não,31909100,1042661,1075529.54293803,Não Fundef,31,20 anos ou mais,Pessoal,Acima de R$ 1 milhão e até R$ 10 milhões,MATCH_VALOR_-2.5%
12102,TRF - 1a. Região,33201,INSS,2026,1475588520254010000,"Índice de 28,86% Lei 8.622/1993 e 8.627/1993 - Reajuste de Vencimentos - Servidor",1016978,NAO_IDENTIFICADO,PENDENTE,,,0147558-85.2025.4.01.9198,,29979036000140,Entidade sem PRC extraido no TRF1 (CNPJ pode estar incorreto),TRF1,0808077,Tribunal Regional Federal da 1a. Região,"1993-07-26 00:00:00,000","2025-03-31 00:00:00,000",11,Não,31909100,1042661,1075529.54293803,Não Fundef,31,20 anos ou mais,Pessoal,Acima de R$ 1 milhão e até R$ 10 milhões,MATCH_VALOR_-2.5%
12102,TRF - 1a. Região,71103,EFU - Sentenças Judiciais,2026,1668470420254010000,Crédito Prêmio - Crédito Tributário - Direito Tributário,1016588,NAO_IDENTIFICADO,PENDENTE,,,0166847-04.2025.4.01.9198,,,UO generica EFU - sem CNPJ especifico para busca,NAO_TESTADO,0822559,Tribunal Regional Federal da 1a. Região,"2017-04-11 00:00:00,000","2024-10-23 00:00:00,000",21,Sim,33909100,1008822,1040623.8121171019,Não Fundef,7,De 5 até 10 anos,OCC,Acima de R$ 1 milhão e até R$ 10 milhões,MATCH_VALOR_0.8%
12102,TRF - 1a. Região,33201,INSS,2026,1549342520254010000,"Índice de 28,86% Lei 8.622/1993 e 8.627/1993 - Reajuste de Vencimentos - Servidor",1015659,NAO_IDENTIFICADO,PENDENTE,,,0154934-25.2025.4.01.9198,,29979036000140,Entidade sem PRC extraido no TRF1 (CNPJ pode estar incorreto),TRF1,0808077,Tribunal Regional Federal da 1a. Região,"1993-07-26 00:00:00,000","2025-03-31 00:00:00,000",11,Não,31909100,1042661,1075529.54293803,Não Fundef,31,20 anos ou mais,Pessoal,Acima de R$ 1 milhão e até R$ 10 milhões,MATCH_VALOR_-2.3%
12102,TRF - 1a. Região,33201,INSS,2026,1478515520254010000,"Índice de 28,86% Lei 8.622/1993 e 8.627/1993 - Reajuste de Vencimentos - Servidor",1015456,NAO_IDENTIFICADO,PENDENTE,,,0147851-55.2025.4.01.9198,,29979036000140,Entidade sem PRC extraido no TRF1 (CNPJ pode estar incorreto),TRF1,0808077,Tribunal Regional Federal da 1a. Região,"1993-07-26 00:00:00,000","2025-03-31 00:00:00,000",11,Não,31909100,1042661,1075529.54293803,Não Fundef,31,20 anos ou mais,Pessoal,Acima de R$ 1 milhão e até R$ 10 milhões,MATCH_VALOR_-2.3%
12103,TRF - 2a. Região,33904,F. Regime Geral Prev. Social,2026,50086383120254000000,Reajustes e Revisões Específicos,1015331,NAO_IDENTIFICADO,PENDENTE,,,5008638-31.2025.4.00.9198,,,Entidade nao mapeada para extracao TRF1,NAO_TESTADO,0851631,Tribunal Regional Federal da 3a. Região,"2005-01-18 00:00:00,000","2025-03-25 00:00:00,000",12,Não,33909100,1010096,1041937.9733235755,Não Fundef,20,20 anos ou mais,Previdência,Acima de R$ 1 milhão e até R$ 10 milhões,MATCH_VALOR_0.5%
12102,TRF - 1a. Região,33201,INSS,2026,1475389420254010000,"Índice de 28,86% Lei 8.622/1993 e 8.627/1993 - Reajuste de Vencimentos - Servidor",1014861,NAO_IDENTIFICADO,PENDENTE,,,0147538-94.2025.4.01.9198,,29979036000140,Entidade sem PRC extraido no TRF1 (CNPJ pode estar incorreto),TRF1,0808077,Tribunal Regional Federal da 1a. Região,"1993-07-26 00:00:00,000","2025-03-31 00:00:00,000",11,Não,31909100,1042661,1075529.54293803,Não Fundef,31,20 anos ou mais,Pessoal,Acima de R$ 1 milhão e até R$ 10 milhões,MATCH_VALOR_-2.3%
12102,TRF - 1a. Região,33201,INSS,2026,1552928720254010000,"Índice de 28,86% Lei 8.622/1993 e 8.627/1993 - Reajuste de Vencimentos - Servidor",1014848,NAO_IDENTIFICADO,PENDENTE,,,0155292-87.2025.4.01.9198,,29979036000140,Entidade sem PRC extraido no TRF1 (CNPJ pode estar incorreto),TRF1,0808077,Tribunal Regional Federal da 1a. Região,"1993-07-26 00:00:00,000","2025-03-31 00:00:00,000",11,Não,31909100,1042661,1075529.54293803,Não Fundef,31,20 anos ou mais,Pessoal,Acima de R$ 1 milhão e até R$ 10 milhões,MATCH_VALOR_-2.3%
12102,TRF - 1a. Região,71103,EFU - Sentenças Judiciais,2026,1684553720254010000,"Índice de 28,86% Lei 8.622/1993 e 8.627/1993 - Reajuste de Vencimentos - Servidor",1014332,NAO_IDENTIFICADO,PENDENTE,,,0168455-37.2025.4.01.9198,,,UO generica EFU - sem CNPJ especifico para busca,NAO_TESTADO,0822559,Tribunal Regional Federal da 1a. Região,"2017-04-11 00:00:00,000","2024-10-23 00:00:00,000",21,Sim,33909100,1008822,1040623.8121171019,Não Fundef,7,De 5 até 10 anos,OCC,Acima de R$ 1 milhão e até R$ 10 milhões,MATCH_VALOR_0.5%
12102,TRF - 1a. Região,33201,INSS,2026,1543834520254010000,"Índice de 28,86% Lei 8.622/1993 e 8.627/1993 - Reajuste de Vencimentos - Servidor",1013647,NAO_IDENTIFICADO,PENDENTE,,,0154383-45.2025.4.01.9198,,29979036000140,Entidade sem PRC extraido no TRF1 (CNPJ pode estar incorreto),TRF1,0808077,Tribunal Regional Federal da 1a. Região,"1993-07-26 00:00:00,000","2025-03-31 00:00:00,000",11,Não,31909100,1042661,1075529.54293803,Não Fundef,31,20 anos ou mais,Pessoal,Acima de R$ 1 milhão e até R$ 10 milhões,MATCH_VALOR_-2.1%
12102,TRF - 1a. Região,33201,INSS,2026,1553456820254010000,"Índice de 28,86% Lei 8.622/1993 e 8.627/1993 - Reajuste de Vencimentos - Servidor",1013646,NAO_IDENTIFICADO,PENDENTE,,,0155345-68.2025.4.01.9198,,29979036000140,Entidade sem PRC extraido no TRF1 (CNPJ pode estar incorreto),TRF1,0808077,Tribunal Regional Federal da 1a. Região,"1993-07-26 00:00:00,000","2025-03-31 00:00:00,000",11,Não,31909100,1042661,1075529.54293803,Não Fundef,31,20 anos ou mais,Pessoal,Acima de R$ 1 milhão e até R$ 10 milhões,MATCH_VALOR_-2.1%
12103,TRF - 2a. Região,71103,EFU - Sentenças Judiciais,2026,50002876920254000000,Concessão,1013539,NAO_IDENTIFICADO,PENDENTE,,,5000287-69.2025.4.00.9198,,,UO generica EFU - sem CNPJ especifico para busca,NAO_TESTADO,0822559,Tribunal Regional Federal da 1a. Região,"2017-04-11 00:00:00,000","2024-10-23 00:00:00,000",21,Sim,33909100,1008822,1040623.8121171019,Não Fundef,7,De 5 até 10 anos,OCC,Acima de R$ 1 milhão e até R$ 10 milhões,MATCH_VALOR_0.5%
12102,TRF - 1a. Região,33201,INSS,2026,1478706120254010000,"Índice de 28,86% Lei 8.622/1993 e 8.627/1993 - Reajuste de Vencimentos - Servidor",1013051,NAO_IDENTIFICADO,PENDENTE,,,0147870-61.2025.4.01.9198,,29979036000140,Entidade sem PRC extraido no TRF1 (CNPJ pode estar incorreto),TRF1,0808077,Tribunal Regional Federal da 1a. Região,"1993-07-26 00:00:00,000","2025-03-31 00:00:00,000",11,Não,31909100,1042661,1075529.54293803,Não Fundef,31,20 anos ou mais,Pessoal,Acima de R$ 1 milhão e até R$ 10 milhões,MATCH_VALOR_-2.1%
12102,TRF - 1a. Região,71103,EFU - Sentenças Judiciais,2026,5887697020244010000,Sucumbência - Direito Processual Civil - Direito Processual,1012478,NAO_IDENTIFICADO,PENDENTE,,,0588769-70.2024.4.01.9198,,,UO generica EFU - sem CNPJ especifico para busca,NAO_TESTADO,0822559,Tribunal Regional Federal da 1a. Região,"2017-04-11 00:00:00,000","2024-10-23 00:00:00,000",21,Sim,33909100,1008822,1040623.8121171019,Não Fundef,7,De 5 até 10 anos,OCC,Acima de R$ 1 milhão e até R$ 10 milhões,MATCH_VALOR_0.4%
12102,TRF - 1a. Região,71103,EFU - Sentenças Judiciais,2026,1677703020254010000,Contribuições Previdenciárias - Contribuições - Direito Tributário,1012473,NAO_IDENTIFICADO,PENDENTE,,,0167770-30.2025.4.01.9198,,,UO generica EFU - sem CNPJ especifico para busca,NAO_TESTADO,0822559,Tribunal Regional Federal da 1a. Região,"2017-04-11 00:00:00,000","2024-10-23 00:00:00,000",21,Sim,33909100,1008822,1040623.8121171019,Não Fundef,7,De 5 até 10 anos,OCC,Acima de R$ 1 milhão e até R$ 10 milhões,MATCH_VALOR_0.4%
12103,TRF - 2a. Região,32265,ANP,2026,50014992820254000000,Espécies de títulos de crédito,1011704,NAO_IDENTIFICADO,PENDENTE,,,5001499-28.2025.4.00.9198,,,Entidade nao mapeada para extracao TRF1,NAO_TESTADO,,,,,,,,,,,,,,,SEM_MATCH_VALOR_6_cand
12103,TRF - 2a. Região,33904,F. Regime Geral Prev. Social,2026,50014118720254000000,Aposentadoria Especial (Art. 57/8),1011538,NAO_IDENTIFICADO,PENDENTE,,,5001411-87.2025.4.00.9198,,,Entidade nao mapeada para extracao TRF1,NAO_TESTADO,0846387,Tribunal Regional Federal da 3a. Região,"2006-09-28 00:00:00,000","2025-03-07 00:00:00,000",12,Não,33909100,1045242,1078191.9056334058,Não Fundef,18,De 15 até 20 anos,Previdência,Acima de R$ 1 milhão e até R$ 10 milhões,MATCH_VALOR_-1.7%
12102,TRF - 1a. Região,33201,INSS,2026,1475180620254010000,"Índice de 28,86% Lei 8.622/1993 e 8.627/1993 - Reajuste de Vencimentos - Servidor",1010591,NAO_IDENTIFICADO,PENDENTE,,,0147518-06.2025.4.01.9198,,29979036000140,Entidade sem PRC extraido no TRF1 (CNPJ pode estar incorreto),TRF1,0808077,Tribunal Regional Federal da 1a. Região,"1993-07-26 00:00:00,000","2025-03-31 00:00:00,000",11,Não,31909100,1042661,1075529.54293803,Não Fundef,31,20 anos ou mais,Pessoal,Acima de R$ 1 milhão e até R$ 10 milhões,MATCH_VALOR_-1.8%
12102,TRF - 1a. Região,33201,INSS,2026,1547714520254010000,"Índice de 28,86% Lei 8.622/1993 e 8.627/1993 - Reajuste de Vencimentos - Servidor",1010249,NAO_IDENTIFICADO,PENDENTE,,,0154771-45.2025.4.01.9198,,29979036000140,Entidade sem PRC extraido no TRF1 (CNPJ pode estar incorreto),TRF1,0808077,Tribunal Regional Federal da 1a. Região,"1993-07-26 00:00:00,000","2025-03-31 00:00:00,000",11,Não,31909100,1042661,1075529.54293803,Não Fundef,31,20 anos ou mais,Pessoal,Acima de R$ 1 milhão e até R$ 10 milhões,MATCH_VALOR_-1.8%
12102,TRF - 1a. Região,71103,EFU - Sentenças Judiciais,2026,1673745320254010000,INCLUSÃO DE DEPENDENTE - SISTEMA REMUNERATÓRIO E BENEFÍCIOS,1010079,NAO_IDENTIFICADO,PENDENTE,,,0167374-53.2025.4.01.9198,,,UO generica EFU - sem CNPJ especifico para busca,NAO_TESTADO,0822559,Tribunal Regional Federal da 1a. Região,"2017-04-11 00:00:00,000","2024-10-23 00:00:00,000",21,Sim,33909100,1008822,1040623.8121171019,Não Fundef,7,De 5 até 10 anos,OCC,Acima de R$ 1 milhão e até R$ 10 milhões,MATCH_VALOR_0.1%
12102,TRF - 1a. Região,33904,F. Regime Geral Prev. Social,2026,4777575120244010000,Auxílio-Doença Previdenciário - Benefícios em Espécie - Direito Previdenciário,1009631,NAO_IDENTIFICADO,PENDENTE,,,0477757-51.2024.4.01.9198,,,Entidade nao mapeada para extracao TRF1,NAO_TESTADO,0851631,Tribunal Regional Federal da 3a. Região,"2005-01-18 00:00:00,000","2025-03-25 00:00:00,000",12,Não,33909100,1010096,1041937.9733235755,Não Fundef,20,20 anos ou mais,Previdência,Acima de R$ 1 milhão e até R$ 10 milhões,MATCH_VALOR_0.0%
12102,TRF - 1a. Região,33201,INSS,2026,1545921420254010000,"Índice de 28,86% Lei 8.622/1993 e 8.627/1993 - Reajuste de Vencimentos - Servidor",1009513,NAO_IDENTIFICADO,PENDENTE,,,0154592-14.2025.4.01.9198,,29979036000140,Entidade sem PRC extraido no TRF1 (CNPJ pode estar incorreto),TRF1,0808077,Tribunal Regional Federal da 1a. Região,"1993-07-26 00:00:00,000","2025-03-31 00:00:00,000",11,Não,31909100,1042661,1075529.54293803,Não Fundef,31,20 anos ou mais,Pessoal,Acima de R$ 1 milhão e até R$ 10 milhões,MATCH_VALOR_-1.7%
12102,TRF - 1a. Região,71103,EFU - Sentenças Judiciais,2026,1463203120254010000,"Índice de 28,86% Lei 8.622/1993 e 8.627/1993 - Reajuste de Vencimentos - Servidor",1009333,NAO_IDENTIFICADO,PENDENTE,,,0146320-31.2025.4.01.9198,,,UO generica EFU - sem CNPJ especifico para busca,NAO_TESTADO,0822559,Tribunal Regional Federal da 1a. Região,"2017-04-11 00:00:00,000","2024-10-23 00:00:00,000",21,Sim,33909100,1008822,1040623.8121171019,Não Fundef,7,De 5 até 10 anos,OCC,Acima de R$ 1 milhão e até R$ 10 milhões,MATCH_VALOR_0.1%
12102,TRF - 1a. Região,71103,EFU - Sentenças Judiciais,2026,1599757020254010000,Reforma - Sistema Remuneratório - Servidor Público Militar - Administrativo,1008992,NAO_IDENTIFICADO,PENDENTE,,,0159975-70.2025.4.01.9198,,,UO generica EFU - sem CNPJ especifico para busca,NAO_TESTADO,0822559,Tribunal Regional Federal da 1a. Região,"2017-04-11 00:00:00,000","2024-10-23 00:00:00,000",21,Sim,33909100,1008822,1040623.8121171019,Não Fundef,7,De 5 até 10 anos,OCC,Acima de R$ 1 milhão e até R$ 10 milhões,MATCH_VALOR_0.0%
12102,TRF - 1a. Região,71103,EFU - Sentenças Judiciais,2026,6361299820244010000,Compensação - Extinção do Crédito Tributário - Crédito Tributário - Direito Tributário,1008822,NAO_IDENTIFICADO,PENDENTE,,,0636129-98.2024.4.01.9198,,,UO generica EFU - sem CNPJ especifico para busca,NAO_TESTADO,0822559,Tribunal Regional Federal da 1a. Região,"2017-04-11 00:00:00,000","2024-10-23 00:00:00,000",21,Sim,33909100,1008822,1040623.8121171019,Não Fundef,7,De 5 até 10 anos,OCC,Acima de R$ 1 milhão e até R$ 10 milhões,MATCH_VALOR_-5.0%
12103,TRF - 2a. Região,24204,CNEN,2026,50001119020254000000,Salário / Diferença Salarial,1008451,NAO_IDENTIFICADO,PENDENTE,,,5000111-90.2025.4.00.9198,,,Entidade nao mapeada para extracao TRF1,NAO_TESTADO,,,,,,,,,,,,,,,SEM_MATCH_VALOR_41_cand
11101,Superior Tribunal de Justiça,52101,M. da Defesa,2025,12901,Administrativo - Militar - Regime - Anistia Política,1007784,NAO_IDENTIFICADO,PENDENTE,,,,,,Entidade nao mapeada para extracao TRF1,NAO_TESTADO,,,,,,,,,,,,,,,SEM_UO_NO_SIOP
12102,TRF - 1a. Região,33201,INSS,2026,1475691720254010000,"Índice de 28,86% Lei 8.622/1993 e 8.627/1993 - Reajuste de Vencimentos - Servidor",1007743,NAO_IDENTIFICADO,PENDENTE,,,0147569-17.2025.4.01.9198,,29979036000140,Entidade sem PRC extraido no TRF1 (CNPJ pode estar incorreto),TRF1,0808077,Tribunal Regional Federal da 1a. Região,"1993-07-26 00:00:00,000","2025-03-31 00:00:00,000",11,Não,31909100,1042661,1075529.54293803,Não Fundef,31,20 anos ou mais,Pessoal,Acima de R$ 1 milhão e até R$ 10 milhões,MATCH_VALOR_-1.5%
12103,TRF - 2a. Região,33904,F. Regime Geral Prev. Social,2026,50118673320244000000,Parcelas de benefício não pagas,1007702,NAO_IDENTIFICADO,PENDENTE,,,5011867-33.2024.4.00.9198,,,Entidade nao mapeada para extracao TRF1,NAO_TESTADO,0851631,Tribunal Regional Federal da 3a. Região,"2005-01-18 00:00:00,000","2025-03-25 00:00:00,000",12,Não,33909100,1010096,1041937.9733235755,Não Fundef,20,20 anos ou mais,Previdência,Acima de R$ 1 milhão e até R$ 10 milhões,MATCH_VALOR_0.2%
12102,TRF - 1a. Região,33201,INSS,2026,1543972920254010000,"Índice de 28,86% Lei 8.622/1993 e 8.627/1993 - Reajuste de Vencimentos - Servidor",1007269,NAO_IDENTIFICADO,PENDENTE,,,0154397-29.2025.4.01.9198,,29979036000140,Entidade sem PRC extraido no TRF1 (CNPJ pode estar incorreto),TRF1,0808077,Tribunal Regional Federal da 1a. Região,"1993-07-26 00:00:00,000","2025-03-31 00:00:00,000",11,Não,31909100,1042661,1075529.54293803,Não Fundef,31,20 anos ou mais,Pessoal,Acima de R$ 1 milhão e até R$ 10 milhões,MATCH_VALOR_-1.5%
12102,TRF - 1a. Região,71103,EFU - Sentenças Judiciais,2026,1164390920254010000,REINTEGRAÇÃO - REGIME - SERVIDOR PÚBLICO MILITAR - ADMINISTRATIVO,1007072,NAO_IDENTIFICADO,PENDENTE,,,0116439-09.2025.4.01.9198,,,UO generica EFU - sem CNPJ especifico para busca,NAO_TESTADO,0822559,Tribunal Regional Federal da 1a. Região,"2017-04-11 00:00:00,000","2024-10-23 00:00:00,000",21,Sim,33909100,1008822,1040623.8121171019,Não Fundef,7,De 5 até 10 anos,OCC,Acima de R$ 1 milhão e até R$ 10 milhões,MATCH_VALOR_0.2%
12103,TRF - 2a. Região,33904,F. Regime Geral Prev. Social,2026,50109005120254000000,Honorários Advocatícios,1006936,NAO_IDENTIFICADO,PENDENTE,,,5010900-51.2025.4.00.9198,,,Entidade nao mapeada para extracao TRF1,NAO_TESTADO,0851631,Tribunal Regional Federal da 3a. Região,"2005-01-18 00:00:00,000","2025-03-25 00:00:00,000",12,Não,33909100,1010096,1041937.9733235755,Não Fundef,20,20 anos ou mais,Previdência,Acima de R$ 1 milhão e até R$ 10 milhões,MATCH_VALOR_0.3%
12102,TRF - 1a. Região,33201,INSS,2026,1657558820254010000,"Índice de 28,86% Lei 8.622/1993 e 8.627/1993 - Reajuste de Vencimentos - Servidor",1006431,NAO_IDENTIFICADO,PENDENTE,,,0165755-88.2025.4.01.9198,,29979036000140,Entidade sem PRC extraido no TRF1 (CNPJ pode estar incorreto),TRF1,0808077,Tribunal Regional Federal da 1a. Região,"1993-07-26 00:00:00,000","2025-03-31 00:00:00,000",11,Não,31909100,1042661,1075529.54293803,Não Fundef,31,20 anos ou mais,Pessoal,Acima de R$ 1 milhão e até R$ 10 milhões,MATCH_VALOR_-1.4%
12102,TRF - 1a. Região,33201,INSS,2026,1475492620254010000,"Índice de 28,86% Lei 8.622/1993 e 8.627/1993 - Reajuste de Vencimentos - Servidor",1006205,NAO_IDENTIFICADO,PENDENTE,,,0147549-26.2025.4.01.9198,,29979036000140,Entidade sem PRC extraido no TRF1 (CNPJ pode estar incorreto),TRF1,0808077,Tribunal Regional Federal da 1a. Região,"1993-07-26 00:00:00,000","2025-03-31 00:00:00,000",11,Não,31909100,1042661,1075529.54293803,Não Fundef,31,20 anos ou mais,Pessoal,Acima de R$ 1 milhão e até R$ 10 milhões,MATCH_VALOR_-1.4%
12102,TRF - 1a. Região,33201,INSS,2026,1359543020254010000,Gratificação Incorporada/Quintos e Décimos/VPNI - Sistema Remuneratório e,1005846,NAO_IDENTIFICADO,PENDENTE,,,0135954-30.2025.4.01.9198,,29979036000140,Entidade sem PRC extraido no TRF1 (CNPJ pode estar incorreto),TRF1,0808077,Tribunal Regional Federal da 1a. Região,"1993-07-26 00:00:00,000","2025-03-31 00:00:00,000",11,Não,31909100,1042661,1075529.54293803,Não Fundef,31,20 anos ou mais,Pessoal,Acima de R$ 1 milhão e até R$ 10 milhões,MATCH_VALOR_3.7%
12102,TRF - 1a. Região,33904,F. Regime Geral Prev. Social,2026,7203528120244010000,RMI sem incidência de Teto Limitador - Renda Mensal Inicial - Revisão de Benefícios,1005380,NAO_IDENTIFICADO,PENDENTE,,,0720352-81.2024.4.01.9198,,,Entidade nao mapeada para extracao TRF1,NAO_TESTADO,0851631,Tribunal Regional Federal da 3a. Região,"2005-01-18 00:00:00,000","2025-03-25 00:00:00,000",12,Não,33909100,1010096,1041937.9733235755,Não Fundef,20,20 anos ou mais,Previdência,Acima de R$ 1 milhão e até R$ 10 milhões,MATCH_VALOR_0.5%
12102,TRF - 1a. Região,33201,INSS,2026,1543826020254010000,"Índice de 28,86% Lei 8.622/1993 e 8.627/1993 - Reajuste de Vencimentos - Servidor",1004863,NAO_IDENTIFICADO,PENDENTE,,,0154382-60.2025.4.01.9198,,29979036000140,Entidade sem PRC extraido no TRF1 (CNPJ pode estar incorreto),TRF1,0808077,Tribunal Regional Federal da 1a. Região,"1993-07-26 00:00:00,000","2025-03-31 00:00:00,000",11,Não,31909100,1042661,1075529.54293803,Não Fundef,31,20 anos ou mais,Pessoal,Acima de R$ 1 milhão e até R$ 10 milhões,MATCH_VALOR_-1.2%
12102,TRF - 1a. Região,33201,INSS,2026,1548546120254010000,"Índice de 28,86% Lei 8.622/1993 e 8.627/1993 - Reajuste de Vencimentos - Servidor",1004773,NAO_IDENTIFICADO,PENDENTE,,,0154854-61.2025.4.01.9198,,29979036000140,Entidade sem PRC extraido no TRF1 (CNPJ pode estar incorreto),TRF1,0808077,Tribunal Regional Federal da 1a. Região,"1993-07-26 00:00:00,000","2025-03-31 00:00:00,000",11,Não,31909100,1042661,1075529.54293803,Não Fundef,31,20 anos ou mais,Pessoal,Acima de R$ 1 milhão e até R$ 10 milhões,MATCH_VALOR_-1.2%
12102,TRF - 1a. Região,33201,INSS,2026,1549819620254010000,"Índice de 28,86% Lei 8.622/1993 e 8.627/1993 - Reajuste de Vencimentos - Servidor",1004717,NAO_IDENTIFICADO,PENDENTE,,,0154981-96.2025.4.01.9198,,29979036000140,Entidade sem PRC extraido no TRF1 (CNPJ pode estar incorreto),TRF1,0808077,Tribunal Regional Federal da 1a. Região,"1993-07-26 00:00:00,000","2025-03-31 00:00:00,000",11,Não,31909100,1042661,1075529.54293803,Não Fundef,31,20 anos ou mais,Pessoal,Acima de R$ 1 milhão e até R$ 10 milhões,MATCH_VALOR_-1.2%
12102,TRF - 1a. Região,33201,INSS,2026,1552832820254010000,"Índice de 28,86% Lei 8.622/1993 e 8.627/1993 - Reajuste de Vencimentos - Servidor",1004611,NAO_IDENTIFICADO,PENDENTE,,,0155283-28.2025.4.01.9198,,29979036000140,Entidade sem PRC extraido no TRF1 (CNPJ pode estar incorreto),TRF1,0808077,Tribunal Regional Federal da 1a. Região,"1993-07-26 00:00:00,000","2025-03-31 00:00:00,000",11,Não,31909100,1042661,1075529.54293803,Não Fundef,31,20 anos ou mais,Pessoal,Acima de R$ 1 milhão e até R$ 10 milhões,MATCH_VALOR_-1.2%
12102,TRF - 1a. Região,71103,EFU - Sentenças Judiciais,2026,1463177620254010000,"Índice de 28,86% Lei 8.622/1993 e 8.627/1993 - Reajuste de Vencimentos - Servidor",1004394,NAO_IDENTIFICADO,PENDENTE,,,0146317-76.2025.4.01.9198,,,UO generica EFU - sem CNPJ especifico para busca,NAO_TESTADO,0822559,Tribunal Regional Federal da 1a. Região,"2017-04-11 00:00:00,000","2024-10-23 00:00:00,000",21,Sim,33909100,1008822,1040623.8121171019,Não Fundef,7,De 5 até 10 anos,OCC,Acima de R$ 1 milhão e até R$ 10 milhões,MATCH_VALOR_0.4%
12102,TRF - 1a. Região,33201,INSS,2026,1478368620254010000,"Índice de 28,86% Lei 8.622/1993 e 8.627/1993 - Reajuste de Vencimentos - Servidor",1004004,NAO_IDENTIFICADO,PENDENTE,,,0147836-86.2025.4.01.9198,,29979036000140,Entidade sem PRC extraido no TRF1 (CNPJ pode estar incorreto),TRF1,0808077,Tribunal Regional Federal da 1a. Região,"1993-07-26 00:00:00,000","2025-03-31 00:00:00,000",11,Não,31909100,1042661,1075529.54293803,Não Fundef,31,20 anos ou mais,Pessoal,Acima de R$ 1 milhão e até R$ 10 milhões,MATCH_VALOR_-1.1%
12102,TRF - 1a. Região,71103,EFU - Sentenças Judiciais,2026,1645303320254010000,Reajuste da Tabela do SUS - Saúde - Serviços - Administrativo,1003998,NAO_IDENTIFICADO,PENDENTE,,,0164530-33.2025.4.01.9198,,,UO generica EFU - sem CNPJ especifico para busca,NAO_TESTADO,0822559,Tribunal Regional Federal da 1a. Região,"2017-04-11 00:00:00,000","2024-10-23 00:00:00,000",21,Sim,33909100,1008822,1040623.8121171019,Não Fundef,7,De 5 até 10 anos,OCC,Acima de R$ 1 milhão e até R$ 10 milhões,MATCH_VALOR_0.5%
12102,TRF - 1a. Região,33904,F. Regime Geral Prev. Social,2026,956291320254019000,Aposentadoria Especial (Art. 57/8) - Benefícios em Espécie - Direito Previdenciário,1003402,NAO_IDENTIFICADO,PENDENTE,,,0095629-13.2025.4.01.9198,,,Entidade nao mapeada para extracao TRF1,NAO_TESTADO,0846387,Tribunal Regional Federal da 3a. Região,"2006-09-28 00:00:00,000","2025-03-07 00:00:00,000",12,Não,33909100,1045242,1078191.9056334058,Não Fundef,18,De 15 até 20 anos,Previdência,Acima de R$ 1 milhão e até R$ 10 milhões,MATCH_VALOR_-0.8%
12102,TRF - 1a. Região,33201,INSS,2026,1545730820254010000,"Índice de 28,86% Lei 8.622/1993 e 8.627/1993 - Reajuste de Vencimentos - Servidor",1003092,NAO_IDENTIFICADO,PENDENTE,,,0154573-08.2025.4.01.9198,,29979036000140,Entidade sem PRC extraido no TRF1 (CNPJ pode estar incorreto),TRF1,0808077,Tribunal Regional Federal da 1a. Região,"1993-07-26 00:00:00,000","2025-03-31 00:00:00,000",11,Não,31909100,1042661,1075529.54293803,Não Fundef,31,20 anos ou mais,Pessoal,Acima de R$ 1 milhão e até R$ 10 milhões,MATCH_VALOR_-1.1%
12102,TRF - 1a. Região,71103,EFU - Sentenças Judiciais,2026,1449606120254010000,Sistema Remuneratório e Benefícios - Servidor Público Civil - Administrativo,1002979,NAO_IDENTIFICADO,PENDENTE,,,0144960-61.2025.4.01.9198,,,UO generica EFU - sem CNPJ especifico para busca,NAO_TESTADO,0822559,Tribunal Regional Federal da 1a. Região,"2017-04-11 00:00:00,000","2024-10-23 00:00:00,000",21,Sim,33909100,1008822,1040623.8121171019,Não Fundef,7,De 5 até 10 anos,OCC,Acima de R$ 1 milhão e até R$ 10 milhões,MATCH_VALOR_0.6%
12102,TRF - 1a. Região,33904,F. Regime Geral Prev. Social,2026,1322397720254010000,Averbação/cômputo/conversão de tempo de serviço especial - Tempo de Serviço - Direito,1002328,NAO_IDENTIFICADO,PENDENTE,,,0132239-77.2025.4.01.9198,,,Entidade nao mapeada para extracao TRF1,NAO_TESTADO,0851631,Tribunal Regional Federal da 3a. Região,"2005-01-18 00:00:00,000","2025-03-25 00:00:00,000",12,Não,33909100,1010096,1041937.9733235755,Não Fundef,20,20 anos ou mais,Previdência,Acima de R$ 1 milhão e até R$ 10 milhões,MATCH_VALOR_0.8%
12102,TRF - 1a. Região,71103,EFU - Sentenças Judiciais,2026,1463169120254010000,"Índice de 28,86% Lei 8.622/1993 e 8.627/1993 - Reajuste de Vencimentos - Servidor",1002290,NAO_IDENTIFICADO,PENDENTE,,,0146316-91.2025.4.01.9198,,,UO generica EFU - sem CNPJ especifico para busca,NAO_TESTADO,0822559,Tribunal Regional Federal da 1a. Região,"2017-04-11 00:00:00,000","2024-10-23 00:00:00,000",21,Sim,33909100,1008822,1040623.8121171019,Não Fundef,7,De 5 até 10 anos,OCC,Acima de R$ 1 milhão e até R$ 10 milhões,MATCH_VALOR_0.7%
12102,TRF - 1a. Região,33201,INSS,2026,1553274720254010000,"Índice de 28,86% Lei 8.622/1993 e 8.627/1993 - Reajuste de Vencimentos - Servidor",1001433,NAO_IDENTIFICADO,PENDENTE,,,0155327-47.2025.4.01.9198,,29979036000140,Entidade sem PRC extraido no TRF1 (CNPJ pode estar incorreto),TRF1,0808077,Tribunal Regional Federal da 1a. Região,"1993-07-26 00:00:00,000","2025-03-31 00:00:00,000",11,Não,31909100,1042661,1075529.54293803,Não Fundef,31,20 anos ou mais,Pessoal,Acima de R$ 1 milhão e até R$ 10 milhões,MATCH_VALOR_-0.9%
12102,TRF - 1a. Região,33201,INSS,2026,1550702220254010000,"Índice de 28,86% Lei 8.622/1993 e 8.627/1993 - Reajuste de Vencimentos - Servidor",1001321,NAO_IDENTIFICADO,PENDENTE,,,0155070-22.2025.4.01.9198,,29979036000140,Entidade sem PRC extraido no TRF1 (CNPJ pode estar incorreto),TRF1,0808077,Tribunal Regional Federal da 1a. Região,"1993-07-26 00:00:00,000","2025-03-31 00:00:00,000",11,Não,31909100,1042661,1075529.54293803,Não Fundef,31,20 anos ou mais,Pessoal,Acima de R$ 1 milhão e até R$ 10 milhões,MATCH_VALOR_-0.9%
12102,TRF - 1a. Região,71103,EFU - Sentenças Judiciais,2026,4045250620244010000,"Índice da URP - 26,05% (1989)",1001225,NAO_IDENTIFICADO,PENDENTE,,,0404525-06.2024.4.01.9198,,,UO generica EFU - sem CNPJ especifico para busca,NAO_TESTADO,0822559,Tribunal Regional Federal da 1a. Região,"2017-04-11 00:00:00,000","2024-10-23 00:00:00,000",21,Sim,33909100,1008822,1040623.8121171019,Não Fundef,7,De 5 até 10 anos,OCC,Acima de R$ 1 milhão e até R$ 10 milhões,MATCH_VALOR_0.8%
12102,TRF - 1a. Região,71103,EFU - Sentenças Judiciais,2026,4045268820244010000,"Índice da URP - 26,05% (1989)",1001225,NAO_IDENTIFICADO,PENDENTE,,,0404526-88.2024.4.01.9198,,,UO generica EFU - sem CNPJ especifico para busca,NAO_TESTADO,0822559,Tribunal Regional Federal da 1a. Região,"2017-04-11 00:00:00,000","2024-10-23 00:00:00,000",21,Sim,33909100,1008822,1040623.8121171019,Não Fundef,7,De 5 até 10 anos,OCC,Acima de R$ 1 milhão e até R$ 10 milhões,MATCH_VALOR_0.8%
12102,TRF - 1a. Região,33201,INSS,2026,1547852920254010000,"Índice de 28,86% Lei 8.622/1993 e 8.627/1993 - Reajuste de Vencimentos - Servidor",1000747,NAO_IDENTIFICADO,PENDENTE,,,0154785-29.2025.4.01.9198,,29979036000140,Entidade sem PRC extraido no TRF1 (CNPJ pode estar incorreto),TRF1,0808077,Tribunal Regional Federal da 1a. Região,"1993-07-26 00:00:00,000","2025-03-31 00:00:00,000",11,Não,31909100,1042661,1075529.54293803,Não Fundef,31,20 anos ou mais,Pessoal,Acima de R$ 1 milhão e até R$ 10 milhões,MATCH_VALOR_-0.8%
12102,TRF - 1a. Região,33904,F. Regime Geral Prev. Social,2026,6735485520244010000,Alteração do teto máximo para o valor do benefício previdenciário do RGPS (EC 20 e,1000715,NAO_IDENTIFICADO,PENDENTE,,,0673548-55.2024.4.01.9198,,,Entidade nao mapeada para extracao TRF1,NAO_TESTADO,0851631,Tribunal Regional Federal da 3a. Região,"2005-01-18 00:00:00,000","2025-03-25 00:00:00,000",12,Não,33909100,1010096,1041937.9733235755,Não Fundef,20,20 anos ou mais,Previdência,Acima de R$ 1 milhão e até R$ 10 milhões,MATCH_VALOR_0.9%
12102,TRF - 1a. Região,24204,CNEN,2026,532618620254019000,Adicional de horas extras - Sistema Remuneratório - Servidor Público Civil,1000425,NAO_IDENTIFICADO,PENDENTE,,,0053261-86.2025.4.01.9198,,,Entidade nao mapeada para extracao TRF1,NAO_TESTADO,,,,,,,,,,,,,,,SEM_MATCH_VALOR_41_cand
12102,TRF - 1a. Região,33201,INSS,2026,1549922820254010000,"Índice de 28,86% Lei 8.622/1993 e 8.627/1993 - Reajuste de Vencimentos - Servidor",1000395,NAO_IDENTIFICADO,PENDENTE,,,0154992-28.2025.4.01.9198,,29979036000140,Entidade sem PRC extraido no TRF1 (CNPJ pode estar incorreto),TRF1,0808077,Tribunal Regional Federal da 1a. Região,"1993-07-26 00:00:00,000","2025-03-31 00:00:00,000",11,Não,31909100,1042661,1075529.54293803,Não Fundef,31,20 anos ou mais,Pessoal,Acima de R$ 1 milhão e até R$ 10 milhões,MATCH_VALOR_-0.8%
12102,TRF - 1a. Região,33201,INSS,2026,1475561820254010000,"Índice de 28,86% Lei 8.622/1993 e 8.627/1993 - Reajuste de Vencimentos - Servidor",1000264,NAO_IDENTIFICADO,PENDENTE,,,0147556-18.2025.4.01.9198,,29979036000140,Entidade sem PRC extraido no TRF1 (CNPJ pode estar incorreto),TRF1,0808077,Tribunal Regional Federal da 1a. Região,"1993-07-26 00:00:00,000","2025-03-31 00:00:00,000",11,Não,31909100,1042661,1075529.54293803,Não Fundef,31,20 anos ou mais,Pessoal,Acima de R$ 1 milhão e até R$ 10 milhões,MATCH_VALOR_-0.8%
12102,TRF - 1a. Região,33201,INSS,2026,1544008120254010000,"Índice de 28,86% Lei 8.622/1993 e 8.627/1993 - Reajuste de Vencimentos - Servidor",1000130,NAO_IDENTIFICADO,PENDENTE,,,0154400-81.2025.4.01.9198,,29979036000140,Entidade sem PRC extraido no TRF1 (CNPJ pode estar incorreto),TRF1,0808077,Tribunal Regional Federal da 1a. Região,"1993-07-26 00:00:00,000","2025-03-31 00:00:00,000",11,Não,31909100,1042661,1075529.54293803,Não Fundef,31,20 anos ou mais,Pessoal,Acima de R$ 1 milhão e até R$ 10 milhões,MATCH_VALOR_-0.7%
